provider_symbol,start,end,sessions,price
A.MX,2023-01-02,2023-12-04,233,2660.0
A.MX,2024-12-09,2025-07-04,141,2907.110107421875
A.MX,2023-12-05,2024-06-20,134,2201.2900390625
A.MX,2025-07-07,2025-11-11,90,2272.949951171875
A.MX,2024-09-06,2024-11-22,52,2774.0
A.MX,2025-11-25,2026-01-26,41,2880.0
A.MX,2024-06-21,2024-07-31,28,2421.8701171875
A.MX,2024-08-01,2024-09-05,25,2652.719970703125
A.MX,2026-04-08,2026-05-13,23,2033.0
A.MX,2026-06-01,2026-06-30,21,2350.0
A.MX,2026-03-11,2026-04-07,16,2100.0
A.MX,2026-02-06,2026-02-24,12,2252.260009765625
A.MX,2026-05-14,2026-05-29,11,1955.5400390625
A.MX,2026-02-25,2026-03-10,9,2135.0
A.MX,2026-01-27,2026-02-04,5,2345.0
ABBV.MX,2023-08-02,2023-08-11,7,2530.030029296875
ABBV.MX,2024-05-02,2024-05-13,7,2713.56005859375
ABBV.MX,2025-06-24,2025-07-02,6,3534.0
ABBV.MX,2023-11-16,2023-11-24,5,2399.0
ABBV.MX,2024-10-22,2024-10-29,5,3758.2099609375
ABBV.MX,2025-03-14,2025-03-24,5,4160.0
ABBV.MX,2025-12-03,2025-12-10,5,4219.0
ABT.MX,2023-11-27,2023-12-29,22,1759.989990234375
ABT.MX,2023-05-05,2023-05-29,16,1983.0
ABT.MX,2024-02-23,2024-03-14,14,2049.0
ABT.MX,2024-05-17,2024-06-05,13,1736.0
ABT.MX,2024-08-09,2024-08-27,12,2047.0999755859375
ABT.MX,2025-11-24,2025-12-09,11,2364.60009765625
ABT.MX,2025-12-17,2026-01-05,11,2270.0
ABT.MX,2024-02-06,2024-02-20,10,1990.0
ABT.MX,2024-06-28,2024-07-12,10,1910.0
ABT.MX,2024-01-08,2024-01-19,9,1888.2099609375
ABT.MX,2024-04-03,2024-04-16,9,1848.0
ABT.MX,2024-04-19,2024-05-02,8,1845.25
ABT.MX,2026-01-09,2026-01-21,8,2254.0
ABT.MX,2023-06-23,2023-07-04,7,1852.510009765625
ABT.MX,2023-09-07,2023-09-18,7,1779.0
ABT.MX,2023-10-20,2023-10-31,7,1785.800048828125
ABT.MX,2025-05-05,2025-05-14,7,2603.0
ABT.MX,2025-09-15,2025-09-25,7,2413.0
ABT.MX,2025-10-02,2025-10-13,7,2427.340087890625
ABT.MX,2023-04-03,2023-04-12,5,1828.4300537109375
ABT.MX,2023-09-19,2023-09-26,5,1750.0
ABT.MX,2023-11-10,2023-11-17,5,1600.0
ABT.MX,2024-10-22,2024-10-29,5,2312.0
ABT.MX,2026-03-17,2026-03-24,5,1970.0
ADI.MX,2023-12-07,2024-02-19,48,3169.0
ADI.MX,2024-03-26,2024-05-13,31,3167.169921875
ADI.MX,2023-01-05,2023-01-31,18,3173.14990234375
ADI.MX,2023-11-09,2023-12-06,18,2890.0
ADI.MX,2025-03-07,2025-04-02,17,4540.35986328125
ADI.MX,2023-03-02,2023-03-24,15,3276.530029296875
ADI.MX,2025-09-05,2025-09-29,15,4604.169921875
ADI.MX,2023-08-23,2023-09-12,14,3016.0
ADI.MX,2023-08-03,2023-08-22,13,3292.030029296875
ADI.MX,2025-06-20,2025-07-09,13,4393.0
ADI.MX,2023-03-27,2023-04-14,12,3401.39990234375
ADI.MX,2023-09-26,2023-10-12,12,3014.050048828125
ADI.MX,2024-02-28,2024-03-15,12,3215.820068359375
ADI.MX,2024-06-21,2024-07-08,11,4188.89990234375
ADI.MX,2024-10-10,2024-10-24,10,4482.240234375
ADI.MX,2025-09-30,2025-10-14,10,4506.68017578125
ADI.MX,2023-06-12,2023-06-23,9,3239.449951171875
ADI.MX,2023-07-07,2023-07-20,9,3211.449951171875
ADI.MX,2023-10-13,2023-10-26,9,3095.489990234375
ADI.MX,2024-08-14,2024-08-27,9,4065.0
ADI.MX,2025-08-22,2025-09-04,9,4727.419921875
ADI.MX,2023-05-24,2023-06-05,8,3067.0
ADI.MX,2023-07-21,2023-08-02,8,3194.0
ADI.MX,2023-09-13,2023-09-25,8,3070.0
ADI.MX,2025-02-19,2025-03-03,8,4959.0
ADI.MX,2023-02-01,2023-02-13,7,3199.0
ADI.MX,2023-05-12,2023-05-23,7,3173.929931640625
ADI.MX,2023-10-27,2023-11-08,7,2899.8701171875
ADI.MX,2024-06-03,2024-06-12,7,4075.0
ADI.MX,2025-04-28,2025-05-08,7,3806.0
ADI.MX,2025-06-10,2025-06-19,7,4420.0
ADI.MX,2025-12-30,2026-01-09,7,4949.68017578125
ADI.MX,2026-06-10,2026-06-19,7,6934.990234375
ADI.MX,2024-11-20,2024-11-28,6,4253.9501953125
ADI.MX,2025-01-07,2025-01-15,6,4451.56005859375
ADI.MX,2025-07-10,2025-07-18,6,4547.0400390625
ADI.MX,2026-03-25,2026-04-06,6,5725.0
ADI.MX,2026-05-11,2026-05-19,6,7211.22998046875
ADI.MX,2023-02-14,2023-02-21,5,3375.02001953125
ADI.MX,2023-02-22,2023-03-01,5,3370.0
ADI.MX,2023-04-17,2023-04-24,5,3401.0
ADI.MX,2024-02-20,2024-02-27,5,3229.860107421875
ADI.MX,2024-05-24,2024-05-31,5,3890.0
ADI.MX,2024-06-13,2024-06-20,5,4309.580078125
ADI.MX,2024-07-18,2024-07-25,5,4228.89990234375
ADI.MX,2024-11-07,2024-11-14,5,4553.5400390625
ADI.MX,2025-01-16,2025-01-23,5,4442.0400390625
ADI.MX,2025-05-09,2025-05-16,5,4058.300048828125
ADI.MX,2025-08-14,2025-08-21,5,4394.77978515625
ADI.MX,2025-10-27,2025-11-03,5,4432.27978515625
ADI.MX,2025-11-04,2025-11-11,5,4292.8701171875
ADI.MX,2026-04-07,2026-04-14,5,5758.3798828125
ADM.MX,2025-04-09,2025-06-04,37,880.7100219726562
ADM.MX,2025-08-15,2025-10-01,32,1109.0
ADM.MX,2024-12-06,2025-01-14,24,1040.0
ADM.MX,2024-04-29,2024-05-31,23,1040.0
ADM.MX,2026-03-19,2026-04-20,20,1296.0
ADM.MX,2025-10-02,2025-10-29,19,1090.0
ADM.MX,2023-11-22,2023-12-14,15,1280.0
ADM.MX,2025-06-25,2025-07-15,14,986.0
ADM.MX,2024-07-08,2024-07-25,13,1130.0
ADM.MX,2025-07-16,2025-08-04,13,1012.0
ADM.MX,2024-06-03,2024-06-19,12,1010.0
ADM.MX,2023-02-16,2023-03-03,11,1513.0
ADM.MX,2023-05-17,2023-06-01,11,1287.0
ADM.MX,2023-10-16,2023-10-31,11,1330.0
ADM.MX,2024-04-02,2024-04-17,11,1041.0
ADM.MX,2024-10-02,2024-10-17,11,1179.4000244140625
ADM.MX,2025-06-05,2025-06-20,11,901.0
ADM.MX,2025-12-16,2026-01-02,11,1065.0
ADM.MX,2023-07-03,2023-07-17,10,1310.949951171875
ADM.MX,2024-08-14,2024-08-28,10,1100.0
ADM.MX,2024-11-06,2024-11-21,10,1067.219970703125
ADM.MX,2025-02-21,2025-03-07,10,985.0
ADM.MX,2026-01-20,2026-02-04,10,1162.0
ADM.MX,2026-02-19,2026-03-05,10,1170.4100341796875
ADM.MX,2026-05-27,2026-06-10,10,1389.0
ADM.MX,2024-08-29,2024-09-11,9,1185.0
ADM.MX,2024-11-22,2024-12-05,9,1072.0
ADM.MX,2025-11-24,2025-12-05,9,1085.0
ADM.MX,2026-02-05,2026-02-18,9,1140.0
ADM.MX,2023-03-06,2023-03-16,8,1459.8800048828125
ADM.MX,2023-04-10,2023-04-20,8,1451.0
ADM.MX,2023-08-15,2023-08-25,8,1430.0
ADM.MX,2023-09-11,2023-09-21,8,1367.780029296875
ADM.MX,2024-06-25,2024-07-05,8,1106.0
ADM.MX,2025-01-22,2025-02-04,8,1030.0
ADM.MX,2026-04-30,2026-05-13,8,1317.0
ADM.MX,2026-05-14,2026-05-26,8,1395.0
ADM.MX,2023-05-05,2023-05-16,7,1342.8800048828125
ADM.MX,2023-09-22,2023-10-03,7,1360.93994140625
ADM.MX,2025-02-06,2025-02-17,7,929.0
ADM.MX,2025-08-05,2025-08-14,7,1042.0
ADM.MX,2023-01-24,2023-02-01,6,1600.0
ADM.MX,2024-01-10,2024-01-18,6,1186.75
ADM.MX,2024-04-18,2024-04-26,6,1048.25
ADM.MX,2024-08-05,2024-08-13,6,1060.0
ADM.MX,2024-10-25,2024-11-04,6,1130.739990234375
ADM.MX,2026-01-05,2026-01-13,6,1062.0
ADM.MX,2026-06-11,2026-06-19,6,1410.989990234375
ADM.MX,2023-09-01,2023-09-08,5,1370.0
ADM.MX,2023-11-08,2023-11-15,5,1263.0
ADM.MX,2024-02-21,2024-02-28,5,912.0
ADM.MX,2025-11-13,2025-11-21,5,1086.0
ADM.MX,2026-06-22,2026-06-29,5,1307.8199462890625
ADSK.MX,2023-05-05,2023-06-01,19,3468.340087890625
ADSK.MX,2023-02-13,2023-03-09,18,4155.0
ADSK.MX,2023-10-20,2023-11-14,16,3714.889892578125
ADSK.MX,2023-08-08,2023-08-29,15,3400.0
ADSK.MX,2024-01-17,2024-02-02,12,4093.139892578125
ADSK.MX,2024-03-01,2024-03-20,12,4400.009765625
ADSK.MX,2023-06-23,2023-07-10,11,3549.31005859375
ADSK.MX,2023-11-22,2023-12-07,11,3580.0
ADSK.MX,2023-12-15,2024-01-03,11,4154.85009765625
ADSK.MX,2024-02-06,2024-02-21,11,4318.0
ADSK.MX,2024-07-31,2024-08-15,11,4592.0
ADSK.MX,2025-10-09,2025-10-24,11,5720.0
ADSK.MX,2025-12-01,2025-12-17,11,5540.0
ADSK.MX,2024-12-03,2024-12-18,10,6108.0
ADSK.MX,2023-07-14,2023-07-27,9,3566.300048828125
ADSK.MX,2024-07-02,2024-07-15,9,4525.0
ADSK.MX,2025-01-07,2025-01-20,9,5905.5
ADSK.MX,2025-05-09,2025-05-22,9,5620.7900390625
ADSK.MX,2025-08-14,2025-08-27,9,5600.0
ADSK.MX,2023-01-30,2023-02-10,8,3928.2900390625
ADSK.MX,2023-04-19,2023-05-02,8,3540.340087890625
ADSK.MX,2023-09-08,2023-09-20,8,3839.159912109375
ADSK.MX,2023-09-21,2023-10-03,8,3508.110107421875
ADSK.MX,2025-04-16,2025-04-30,8,5198.0
ADSK.MX,2025-06-24,2025-07-04,8,5766.8701171875
ADSK.MX,2023-10-04,2023-10-13,7,3697.550048828125
ADSK.MX,2024-12-24,2025-01-06,7,6050.0
ADSK.MX,2025-01-30,2025-02-11,7,6320.52978515625
ADSK.MX,2025-03-27,2025-04-07,7,5512.77978515625
ADSK.MX,2025-05-23,2025-06-03,7,5658.0400390625
ADSK.MX,2025-11-07,2025-11-19,7,5442.60009765625
ADSK.MX,2025-12-18,2025-12-30,7,5356.47998046875
ADSK.MX,2023-04-03,2023-04-13,6,3640.0
ADSK.MX,2023-07-28,2023-08-07,6,3498.949951171875
ADSK.MX,2023-08-30,2023-09-07,6,3624.409912109375
ADSK.MX,2024-05-15,2024-05-23,6,3690.0
ADSK.MX,2024-08-21,2024-08-29,6,4872.5
ADSK.MX,2024-09-19,2024-09-27,6,5200.0
ADSK.MX,2025-01-21,2025-01-29,6,6123.22021484375
ADSK.MX,2025-02-21,2025-03-03,6,5818.47021484375
ADSK.MX,2025-03-04,2025-03-12,6,5603.0
ADSK.MX,2025-07-16,2025-07-24,6,5430.0
ADSK.MX,2026-04-01,2026-04-13,6,4244.0
ADSK.MX,2023-01-03,2023-01-10,5,3589.0
ADSK.MX,2023-01-17,2023-01-24,5,3700.0
ADSK.MX,2023-03-10,2023-03-17,5,3601.429931640625
ADSK.MX,2023-03-24,2023-03-31,5,3673.0
ADSK.MX,2025-04-08,2025-04-15,5,5050.0
ADSK.MX,2025-09-09,2025-09-17,5,6035.7900390625
ADSK.MX,2025-10-27,2025-11-03,5,5735.990234375
ADSK.MX,2026-02-23,2026-03-02,5,3761.10009765625
ADSK.MX,2026-03-17,2026-03-24,5,4478.0
AEP.MX,2024-08-13,2026-02-16,377,1850.0
AEP.MX,2023-06-28,2024-08-12,283,1446.0
AEP.MX,2023-03-30,2023-06-02,43,1566.0
AEP.MX,2026-03-02,2026-05-06,42,2309.81005859375
AEP.MX,2023-06-05,2023-06-27,16,1460.0
AEP.MX,2026-06-01,2026-06-19,14,2175.0
AEP.MX,2026-05-07,2026-05-21,10,2290.0
AEP.MX,2023-01-26,2023-02-08,8,1684.0999755859375
AEP.MX,2023-03-16,2023-03-29,8,1664.0
AEP.MX,2026-02-17,2026-02-27,8,2227.0
AEP.MX,2026-06-22,2026-06-30,6,2255.0
AEP.MX,2023-02-09,2023-02-16,5,1660.760009765625
AFRM.MX,2025-05-15,2025-06-02,12,1009.0
AFRM.MX,2025-04-15,2025-04-28,7,831.6699829101562
AFRM.MX,2026-06-16,2026-06-25,7,1300.0
AFRM.MX,2025-04-29,2025-05-07,5,999.0
AFRM.MX,2025-06-17,2025-06-24,5,1139.0
AFRM.MX,2025-11-24,2025-12-01,5,1230.0
AGNC.MX,2023-02-20,2023-02-28,6,217.0
AGNC.MX,2023-09-25,2023-10-03,6,169.57000732421875
AGNC.MX,2024-03-26,2024-04-05,6,165.0
AGNC.MX,2023-09-06,2023-09-13,5,170.0
AGNC.MX,2023-11-03,2023-11-10,5,141.30999755859375
AGNC.MX,2023-11-17,2023-11-27,5,150.66000366210938
AGNC.MX,2024-08-27,2024-09-03,5,203.0
AGNC.MX,2024-10-29,2024-11-05,5,195.0
AIG.MX,2026-01-06,2026-04-27,74,1385.0
AIG.MX,2024-05-16,2024-08-26,72,1327.760009765625
AIG.MX,2025-01-07,2025-04-22,71,1468.0
AIG.MX,2025-05-02,2025-08-08,70,1635.0
AIG.MX,2024-09-26,2024-11-29,44,1441.0
AIG.MX,2025-08-11,2025-10-07,40,1470.0
AIG.MX,2025-10-08,2025-12-03,39,1471.8499755859375
AIG.MX,2024-01-23,2024-02-23,22,1189.0
AIG.MX,2024-03-06,2024-04-08,20,1250.050048828125
AIG.MX,2024-08-27,2024-09-25,20,1444.2099609375
AIG.MX,2023-06-12,2023-07-06,18,965.0
AIG.MX,2023-07-07,2023-08-01,17,995.2100219726562
AIG.MX,2023-11-03,2023-11-29,17,1150.0
AIG.MX,2024-12-09,2025-01-06,17,1513.5
AIG.MX,2026-04-28,2026-05-20,15,1286.6500244140625
AIG.MX,2023-12-08,2024-01-02,14,1138.199951171875
AIG.MX,2023-08-17,2023-09-05,13,997.75
AIG.MX,2024-01-03,2024-01-22,13,1164.6400146484375
AIG.MX,2023-01-02,2023-01-17,11,1220.0
AIG.MX,2023-05-25,2023-06-09,11,956.9600219726562
AIG.MX,2023-09-20,2023-10-05,11,1062.0
AIG.MX,2024-04-24,2024-05-10,11,1272.0
AIG.MX,2023-08-02,2023-08-16,10,1041.4000244140625
AIG.MX,2024-04-09,2024-04-23,10,1242.0
AIG.MX,2026-05-21,2026-06-04,10,1362.0
AIG.MX,2023-04-19,2023-05-03,9,959.8400268554688
AIG.MX,2026-06-05,2026-06-17,8,1250.0
AIG.MX,2026-06-18,2026-06-30,8,1224.0
AIG.MX,2023-02-09,2023-02-20,7,1161.0
AIG.MX,2023-01-18,2023-01-26,6,1184.0
AIG.MX,2023-02-21,2023-03-01,6,1110.8599853515625
AIG.MX,2023-10-23,2023-10-31,6,1078.8800048828125
AIG.MX,2024-02-26,2024-03-05,6,1228.219970703125
AIG.MX,2023-04-11,2023-04-18,5,935.0
AIG.MX,2023-09-11,2023-09-18,5,1048.0
AIG.MX,2023-10-09,2023-10-16,5,1105.6300048828125
AIG.MX,2023-11-30,2023-12-07,5,1135.8800048828125
AIG.MX,2025-04-23,2025-04-30,5,1611.0
AIG.MX,2025-12-18,2025-12-26,5,1554.0
AIZ.MX,2024-09-06,2026-06-01,429,3918.0
AIZ.MX,2026-06-02,2026-06-30,20,4292.81982421875
AJG.MX,2023-01-02,2023-12-14,240,3715.0
AJG.MX,2024-02-20,2024-10-10,161,4080.1298828125
AJG.MX,2025-08-21,2025-10-14,37,5735.2900390625
AJG.MX,2025-06-11,2025-07-21,28,5900.0
AJG.MX,2026-04-17,2026-05-25,24,3836.159912109375
AJG.MX,2024-01-16,2024-02-19,23,4024.0
AJG.MX,2024-11-21,2024-12-24,22,6091.0
AJG.MX,2026-02-18,2026-03-23,22,3615.070068359375
AJG.MX,2023-12-15,2024-01-15,19,3838.0
AJG.MX,2025-01-06,2025-01-31,19,5648.31982421875
AJG.MX,2025-05-16,2025-06-10,17,6655.0
AJG.MX,2025-12-22,2026-01-14,15,4567.0
AJG.MX,2026-05-26,2026-06-16,15,3539.340087890625
AJG.MX,2026-01-27,2026-02-17,14,4150.18994140625
AJG.MX,2025-12-01,2025-12-19,13,4530.10009765625
AJG.MX,2026-03-26,2026-04-16,13,3724.169921875
AJG.MX,2025-02-07,2025-02-24,11,6620.0
AJG.MX,2025-11-07,2025-11-25,11,4596.10009765625
AJG.MX,2024-10-23,2024-11-06,10,5741.5
AJG.MX,2025-04-10,2025-04-28,10,6657.39990234375
AJG.MX,2025-10-15,2025-10-29,10,5504.7998046875
AJG.MX,2026-06-17,2026-06-30,9,3762.25
AJG.MX,2024-11-07,2024-11-20,8,5785.60009765625
AJG.MX,2025-04-30,2025-05-13,8,6194.10986328125
AJG.MX,2026-01-15,2026-01-26,7,4516.31982421875
AJG.MX,2025-03-10,2025-03-19,6,6520.97998046875
AJG.MX,2024-10-11,2024-10-18,5,5570.5
AJG.MX,2024-12-26,2025-01-03,5,5809.22998046875
AJG.MX,2025-03-27,2025-04-03,5,6850.0
AJG.MX,2025-10-30,2025-11-06,5,4890.10009765625
AKAM.MX,2023-05-22,2024-02-20,190,1571.0
AKAM.MX,2025-01-16,2025-08-06,139,1885.6300048828125
AKAM.MX,2025-08-08,2026-02-18,132,1405.0
AKAM.MX,2024-02-21,2024-08-07,116,1827.06005859375
AKAM.MX,2024-08-09,2025-01-10,104,1875.0
AKAM.MX,2023-01-02,2023-05-19,94,1946.8800048828125
AKAM.MX,2026-03-02,2026-04-09,25,1699.3800048828125
AKAM.MX,2026-05-08,2026-06-01,16,2409.77001953125
AKAM.MX,2026-04-10,2026-04-28,11,1670.0
AKAM.MX,2026-06-10,2026-06-25,11,2322.139892578125
ALAB.MX,2024-08-21,2024-11-01,50,785.1900024414062
ALAB.MX,2024-07-01,2024-08-20,36,1071.72998046875
ALAB.MX,2025-01-07,2025-01-23,12,2755.0
ALAB.MX,2024-11-04,2024-11-19,10,1422.0
ALAB.MX,2025-03-24,2025-04-04,9,1476.0
ALAB.MX,2025-04-15,2025-04-30,9,1204.6300048828125
ALAB.MX,2025-06-25,2025-07-08,9,1650.0
ALAB.MX,2025-01-27,2025-02-07,8,1723.9599609375
ALAB.MX,2025-05-07,2025-05-19,8,1345.0
ALAB.MX,2024-11-22,2024-12-03,7,2151.22998046875
ALAB.MX,2024-12-16,2024-12-26,7,2610.0
ALAB.MX,2025-06-10,2025-06-19,7,1740.0
ALAB.MX,2024-12-04,2024-12-13,6,2451.9599609375
ALAB.MX,2025-05-30,2025-06-09,6,1718.0
ALAB.MX,2025-02-21,2025-02-28,5,1827.0
ALAB.MX,2025-03-06,2025-03-13,5,1282.0
ALAB.MX,2025-04-07,2025-04-14,5,1120.0
ALAB.MX,2025-05-20,2025-05-27,5,1764.0
ALB.MX,2024-12-13,2025-01-03,13,1985.0
ALB.MX,2023-05-16,2023-05-31,11,3574.3798828125
ALB.MX,2025-01-17,2025-01-30,9,2010.0
ALB.MX,2025-08-13,2025-08-26,9,1520.0
ALB.MX,2025-08-27,2025-09-09,9,1560.0
ALB.MX,2026-03-09,2026-03-23,9,2946.0
ALB.MX,2024-05-21,2024-05-31,8,2115.0
ALB.MX,2023-02-07,2023-02-16,7,5255.0
ALB.MX,2023-06-14,2023-06-23,7,3900.0
ALB.MX,2023-07-25,2023-08-03,7,3595.0
ALB.MX,2025-03-19,2025-03-28,7,1550.0
ALB.MX,2026-05-19,2026-05-28,7,2950.0
ALB.MX,2023-09-28,2023-10-06,6,3000.389892578125
ALB.MX,2025-01-06,2025-01-14,6,1850.0
ALB.MX,2025-04-25,2025-05-06,6,1120.6400146484375
ALB.MX,2025-06-11,2025-06-19,6,1225.0
ALB.MX,2023-02-23,2023-03-02,5,4578.0
ALB.MX,2023-06-27,2023-07-04,5,3960.0
ALB.MX,2025-07-02,2025-07-09,5,1268.0
ALGN.MX,2025-04-15,2025-07-17,64,3300.0
ALGN.MX,2024-08-07,2024-10-23,53,3900.0
ALGN.MX,2025-02-14,2025-04-14,40,4235.0
ALGN.MX,2024-11-14,2025-01-03,32,4408.0
ALGN.MX,2026-05-15,2026-06-30,32,2752.39990234375
ALGN.MX,2026-02-10,2026-03-19,26,3340.0
ALGN.MX,2026-01-06,2026-02-09,23,2950.0
ALGN.MX,2024-05-08,2024-06-04,19,4523.52001953125
ALGN.MX,2026-04-01,2026-05-04,19,3000.0
ALGN.MX,2024-06-27,2024-07-23,18,4417.0
ALGN.MX,2023-12-27,2024-01-22,17,4638.5
ALGN.MX,2024-04-11,2024-05-06,16,5336.60009765625
ALGN.MX,2023-07-20,2023-08-10,15,5655.0
ALGN.MX,2024-10-24,2024-11-13,14,4320.0
ALGN.MX,2023-06-16,2023-07-05,13,5580.0
ALGN.MX,2023-10-10,2023-10-27,13,5176.02978515625
ALGN.MX,2025-08-13,2025-09-01,13,2680.0
ALGN.MX,2024-02-22,2024-03-11,12,5370.0
ALGN.MX,2025-01-06,2025-01-21,11,4468.0
ALGN.MX,2023-01-02,2023-01-16,10,3915.0
ALGN.MX,2023-03-07,2023-03-22,10,6070.0
ALGN.MX,2023-05-11,2023-05-25,10,5230.0
ALGN.MX,2023-08-29,2023-09-12,10,6174.0
ALGN.MX,2023-11-06,2023-11-21,10,3458.449951171875
ALGN.MX,2023-04-11,2023-04-24,9,6190.0
ALGN.MX,2024-03-19,2024-04-03,9,5355.0
ALGN.MX,2025-01-22,2025-02-05,9,4820.0
ALGN.MX,2023-08-11,2023-08-23,8,5900.47021484375
ALGN.MX,2023-09-13,2023-09-25,8,5523.0
ALGN.MX,2025-12-22,2026-01-05,8,2860.0
ALGN.MX,2023-02-17,2023-02-28,7,5767.0
ALGN.MX,2023-03-28,2023-04-10,7,5650.0
ALGN.MX,2023-06-06,2023-06-15,7,5334.0
ALGN.MX,2024-02-08,2024-02-19,7,5020.5
ALGN.MX,2024-06-17,2024-06-26,7,4620.0
ALGN.MX,2025-09-02,2025-09-11,7,2545.0
ALGN.MX,2026-05-05,2026-05-14,7,2939.22998046875
ALGN.MX,2023-01-17,2023-01-25,6,4623.0
ALGN.MX,2024-07-29,2024-08-06,6,4184.0
ALGN.MX,2025-07-18,2025-07-28,6,3610.0
ALGN.MX,2025-09-12,2025-09-23,6,2470.0
ALGN.MX,2025-11-11,2025-11-20,6,2636.0
ALGN.MX,2025-11-21,2025-12-01,6,2628.0
ALGN.MX,2025-12-10,2025-12-19,6,3000.0
ALGN.MX,2023-01-26,2023-02-02,5,4858.080078125
ALGN.MX,2025-02-06,2025-02-13,5,4634.5400390625
ALGN.MX,2025-10-21,2025-10-28,5,2509.0
ALGN.MX,2025-12-02,2025-12-09,5,2738.0
ALNY.MX,2024-11-15,2025-08-01,176,4900.0
ALNY.MX,2025-09-02,2026-04-30,162,8380.0
ALNY.MX,2024-03-22,2024-06-11,54,2453.0
ALNY.MX,2024-08-05,2024-10-21,53,5030.0
ALNY.MX,2023-10-18,2023-12-13,37,3027.699951171875
ALNY.MX,2023-09-01,2023-10-17,32,3449.02001953125
ALNY.MX,2023-06-01,2023-07-11,28,3289.139892578125
ALNY.MX,2023-12-14,2024-01-25,28,3227.449951171875
ALNY.MX,2023-04-21,2023-05-31,27,3700.0
ALNY.MX,2024-06-27,2024-08-02,26,4537.14990234375
ALNY.MX,2026-05-04,2026-06-09,26,5420.0
ALNY.MX,2023-01-18,2023-02-20,22,4421.8798828125
ALNY.MX,2024-10-22,2024-11-14,17,5899.68994140625
ALNY.MX,2023-07-18,2023-08-08,15,3393.219970703125
ALNY.MX,2024-01-30,2024-02-20,14,3113.550048828125
ALNY.MX,2026-06-10,2026-06-30,14,5150.16015625
ALNY.MX,2023-02-21,2023-03-09,12,3753.5400390625
ALNY.MX,2023-03-15,2023-03-31,11,3499.679931640625
ALNY.MX,2023-04-03,2023-04-20,11,3650.81005859375
ALNY.MX,2023-08-17,2023-08-31,10,3128.10009765625
ALNY.MX,2024-06-12,2024-06-26,10,3008.0
ALNY.MX,2025-08-18,2025-09-01,10,8560.0
ALNY.MX,2025-08-04,2025-08-15,9,7965.0
ALNY.MX,2024-03-04,2024-03-14,8,2620.0
ALNY.MX,2023-01-06,2023-01-17,7,4305.2001953125
ALNY.MX,2023-08-09,2023-08-16,5,3185.2900390625
ALNY.MX,2024-02-23,2024-03-01,5,2682.0
AMAT.MX,2023-03-22,2023-04-03,8,2267.1201171875
AMAT.MX,2023-04-20,2023-05-03,8,2086.60009765625
AMAT.MX,2023-12-28,2024-01-09,7,2765.0
AMAT.MX,2025-12-18,2025-12-29,6,4591.0
AMAT.MX,2023-08-23,2023-08-30,5,2482.0
AMAT.MX,2023-09-05,2023-09-12,5,2650.0
AMAT.MX,2023-10-10,2023-10-17,5,2544.409912109375
AME.MX,2025-10-16,2026-03-12,100,3405.0
AME.MX,2024-12-10,2025-04-30,94,3780.0
AME.MX,2023-12-13,2024-04-03,74,2768.8798828125
AME.MX,2025-05-05,2025-08-01,64,3355.0
AME.MX,2025-08-04,2025-10-15,51,3464.47998046875
AME.MX,2023-05-03,2023-07-11,49,2609.0
AME.MX,2023-01-03,2023-03-13,48,2716.449951171875
AME.MX,2023-07-12,2023-08-28,33,2662.0
AME.MX,2023-10-23,2023-12-11,33,2665.0
AME.MX,2023-03-14,2023-05-02,31,2548.0
AME.MX,2023-08-29,2023-10-10,30,2679.0
AME.MX,2026-04-09,2026-05-19,26,4022.64990234375
AME.MX,2024-04-19,2024-05-15,17,3049.050048828125
AME.MX,2024-08-29,2024-09-20,15,3160.0
AME.MX,2026-03-13,2026-04-08,15,3802.820068359375
AME.MX,2024-10-11,2024-10-31,14,3350.0
AME.MX,2024-11-04,2024-11-20,11,3625.0
AME.MX,2026-05-26,2026-06-10,11,3928.10009765625
AME.MX,2024-04-04,2024-04-18,10,3002.489990234375
AME.MX,2024-07-24,2024-08-07,10,3088.06005859375
AME.MX,2026-06-11,2026-06-24,9,3883.97998046875
AME.MX,2023-10-11,2023-10-20,7,2704.5
AME.MX,2024-08-19,2024-08-28,7,3080.0
AME.MX,2024-10-02,2024-10-10,6,3271.5400390625
AME.MX,2024-07-16,2024-07-23,5,3107.699951171875
AME.MX,2024-08-08,2024-08-15,5,3010.0
AMGN.MX,2023-10-02,2023-11-21,34,4699.740234375
AMGN.MX,2024-06-20,2024-08-06,33,5680.85009765625
AMGN.MX,2024-01-25,2024-02-28,23,5334.2001953125
AMGN.MX,2023-11-22,2023-12-26,22,4549.0498046875
AMGN.MX,2024-05-20,2024-06-19,22,5185.0
AMGN.MX,2025-03-12,2025-04-14,22,6430.0
AMGN.MX,2023-08-22,2023-09-19,20,4360.0
AMGN.MX,2023-07-17,2023-08-04,14,3825.449951171875
AMGN.MX,2025-12-04,2025-12-24,13,6200.009765625
AMGN.MX,2026-03-02,2026-03-20,13,6718.0
AMGN.MX,2023-03-10,2023-03-29,12,4200.52001953125
AMGN.MX,2023-12-28,2024-01-16,12,4876.0
AMGN.MX,2023-01-02,2023-01-17,11,5106.7001953125
AMGN.MX,2023-06-08,2023-06-23,11,3852.830078125
AMGN.MX,2026-02-12,2026-02-27,11,6355.0
AMGN.MX,2026-03-26,2026-04-14,11,6321.0
AMGN.MX,2024-09-03,2024-09-18,10,6612.0
AMGN.MX,2024-12-18,2025-01-03,10,5330.0
AMGN.MX,2025-02-06,2025-02-20,10,6169.0
AMGN.MX,2024-04-22,2024-05-06,9,4651.0400390625
AMGN.MX,2024-08-07,2024-08-20,9,5927.0
AMGN.MX,2025-02-21,2025-03-06,9,6032.0
AMGN.MX,2026-05-22,2026-06-04,9,5858.0
AMGN.MX,2024-10-08,2024-10-18,8,6171.10009765625
AMGN.MX,2025-05-05,2025-05-15,8,5453.7998046875
AMGN.MX,2026-06-05,2026-06-17,8,6170.0
AMGN.MX,2024-02-29,2024-03-11,7,4705.0
AMGN.MX,2024-05-08,2024-05-17,7,4993.81005859375
AMGN.MX,2024-11-06,2024-11-15,7,6560.0
AMGN.MX,2025-05-16,2025-05-27,7,5300.0
AMGN.MX,2025-08-19,2025-08-28,7,5552.759765625
AMGN.MX,2023-04-05,2023-04-17,6,4644.0
AMGN.MX,2023-06-26,2023-07-04,6,3800.0
AMGN.MX,2024-03-26,2024-04-05,6,4732.0
AMGN.MX,2024-09-26,2024-10-07,6,6328.0
AMGN.MX,2025-05-28,2025-06-05,6,5429.5
AMGN.MX,2026-01-22,2026-01-30,6,6100.0
AMGN.MX,2023-02-07,2023-02-14,5,4611.77001953125
AMGN.MX,2023-02-15,2023-02-22,5,4457.419921875
AMGN.MX,2023-05-09,2023-05-16,5,4163.7998046875
AMGN.MX,2023-07-07,2023-07-14,5,3800.0
AMGN.MX,2024-04-12,2024-04-19,5,4449.5
AMGN.MX,2024-08-21,2024-08-28,5,6285.0
AMGN.MX,2025-01-17,2025-01-24,5,5660.0
AMGN.MX,2025-07-28,2025-08-04,5,5667.0
AMGN.MX,2025-10-17,2025-10-24,5,5500.0
AMGN.MX,2025-11-05,2025-11-12,5,5990.0
AMGN.MX,2026-04-17,2026-04-27,5,6147.10009765625
AMGN.MX,2026-05-07,2026-05-14,5,5658.64990234375
AMKR.MX,2026-02-05,2026-04-10,43,780.0
AMKR.MX,2026-05-12,2026-05-25,9,1266.0
AMKR.MX,2026-05-26,2026-06-05,8,1270.0
AMKR.MX,2026-04-21,2026-04-30,6,1231.5999755859375
AMKR.MX,2026-04-13,2026-04-20,5,1035.0
AMP.MX,2026-05-06,2026-06-30,39,8160.0
AMP.MX,2024-10-07,2024-11-22,33,9288.8896484375
AMP.MX,2023-09-12,2023-10-26,32,5983.27978515625
AMP.MX,2025-12-15,2026-01-30,32,8850.0
AMP.MX,2023-07-31,2023-09-11,30,5813.35009765625
AMP.MX,2023-03-07,2023-04-19,28,6201.06005859375
AMP.MX,2023-06-06,2023-07-05,21,5430.0
AMP.MX,2025-10-20,2025-11-19,21,8723.83984375
AMP.MX,2023-12-01,2024-01-03,20,6122.0
AMP.MX,2026-03-23,2026-04-20,18,7977.18017578125
AMP.MX,2023-02-13,2023-03-06,15,6575.0
AMP.MX,2025-11-20,2025-12-11,15,8163.509765625
AMP.MX,2025-08-19,2025-09-08,14,9495.8603515625
AMP.MX,2024-08-08,2024-08-27,13,7530.4501953125
AMP.MX,2025-01-06,2025-01-23,13,10829.4296875
AMP.MX,2025-06-06,2025-06-25,13,9932.669921875
AMP.MX,2024-02-23,2024-03-12,12,6973.9501953125
AMP.MX,2026-02-12,2026-03-02,12,8055.0
AMP.MX,2023-11-14,2023-11-30,11,5966.669921875
AMP.MX,2024-07-23,2024-08-07,11,7350.0
AMP.MX,2025-09-25,2025-10-10,11,9000.0
AMP.MX,2023-10-27,2023-11-13,10,5603.22021484375
AMP.MX,2024-01-10,2024-01-24,10,6387.02978515625
AMP.MX,2024-04-16,2024-04-30,10,6996.68994140625
AMP.MX,2024-11-25,2024-12-09,10,11581.5302734375
AMP.MX,2025-01-29,2025-02-13,10,11779.5
AMP.MX,2024-04-02,2024-04-15,9,7300.0
AMP.MX,2024-05-16,2024-05-29,9,7290.0
AMP.MX,2024-06-07,2024-06-20,9,7619.41015625
AMP.MX,2025-07-14,2025-07-25,9,10110.0
AMP.MX,2023-01-04,2023-01-16,8,6056.0
AMP.MX,2023-05-05,2023-05-17,8,5215.0
AMP.MX,2024-05-03,2024-05-15,8,7050.0
AMP.MX,2024-07-01,2024-07-11,8,7796.0
AMP.MX,2025-05-14,2025-05-26,8,10114.48046875
AMP.MX,2026-03-03,2026-03-13,8,8200.0
AMP.MX,2024-09-12,2024-09-24,7,8447.5
AMP.MX,2025-07-28,2025-08-06,7,9735.0
AMP.MX,2023-04-20,2023-04-28,6,5672.5
AMP.MX,2024-09-25,2024-10-04,6,9097.7099609375
AMP.MX,2023-05-25,2023-06-01,5,5441.259765625
AMP.MX,2024-06-21,2024-06-28,5,7990.0
AMP.MX,2024-12-26,2025-01-03,5,10957.0
AMP.MX,2025-03-04,2025-03-11,5,10474.740234375
AMP.MX,2025-03-12,2025-03-20,5,9660.0
AMP.MX,2025-04-23,2025-04-30,5,9524.66015625
AMP.MX,2025-07-01,2025-07-08,5,10112.669921875
AMP.MX,2025-09-17,2025-09-24,5,8910.1904296875
AMT.MX,2025-03-14,2025-05-05,32,4198.10009765625
AMT.MX,2024-11-07,2024-12-20,29,3970.0
AMT.MX,2023-09-11,2023-10-17,26,3126.0
AMT.MX,2025-05-15,2025-06-19,25,4060.0
AMT.MX,2023-12-15,2024-01-17,21,3600.0
AMT.MX,2024-03-20,2024-04-17,18,3247.0
AMT.MX,2025-01-14,2025-02-10,18,3700.0
AMT.MX,2024-06-07,2024-07-02,17,3582.25
AMT.MX,2024-01-18,2024-02-08,14,3590.0
AMT.MX,2023-08-08,2023-08-25,13,3195.989990234375
AMT.MX,2024-08-05,2024-08-22,13,4445.0
AMT.MX,2025-07-31,2025-08-15,11,3937.0
AMT.MX,2025-02-27,2025-03-13,10,4147.0
AMT.MX,2023-11-30,2023-12-14,9,3617.0
AMT.MX,2025-07-08,2025-07-21,9,4103.0
AMT.MX,2025-09-18,2025-10-01,9,3547.080078125
AMT.MX,2026-02-13,2026-02-26,9,3289.10009765625
AMT.MX,2023-11-03,2023-11-15,8,3357.64990234375
AMT.MX,2024-05-21,2024-05-31,8,3193.0
AMT.MX,2024-10-17,2024-10-29,8,4439.43017578125
AMT.MX,2025-02-11,2025-02-21,8,3922.489990234375
AMT.MX,2023-04-28,2023-05-10,7,3702.110107421875
AMT.MX,2024-07-17,2024-07-26,7,3750.0
AMT.MX,2025-11-18,2025-11-27,7,3337.02001953125
AMT.MX,2025-12-23,2026-01-05,7,3089.0
AMT.MX,2023-01-03,2023-01-11,6,4121.31005859375
AMT.MX,2023-07-17,2023-07-25,6,3100.0
AMT.MX,2023-08-28,2023-09-05,6,2966.030029296875
AMT.MX,2023-11-16,2023-11-27,6,3439.1298828125
AMT.MX,2024-07-03,2024-07-11,6,3505.0
AMT.MX,2024-09-13,2024-09-24,6,4629.5
AMT.MX,2024-12-23,2025-01-02,6,3698.0
AMT.MX,2025-01-03,2025-01-13,6,3780.0
AMT.MX,2025-07-22,2025-07-30,6,4322.0
AMT.MX,2025-09-08,2025-09-17,6,3567.1298828125
AMT.MX,2026-03-25,2026-04-06,6,2981.840087890625
AMT.MX,2026-04-16,2026-04-27,6,3060.0
AMT.MX,2023-01-17,2023-01-24,5,4385.0
AMT.MX,2023-02-14,2023-02-21,5,3993.110107421875
AMT.MX,2023-04-20,2023-04-27,5,3710.0
AMT.MX,2024-02-15,2024-02-22,5,3245.0
AMT.MX,2024-02-28,2024-03-06,5,3314.199951171875
AMT.MX,2024-05-07,2024-05-14,5,3012.0
AMT.MX,2024-08-27,2024-09-03,5,4440.0
AMT.MX,2026-05-19,2026-05-26,5,3180.0
AMXB.MX,2023-03-15,2023-08-31,117,19.5
AMXB.MX,2023-01-13,2023-02-02,14,19.100000381469727
AMXB.MX,2023-03-01,2023-03-14,9,19.0
AMXB.MX,2023-02-20,2023-02-27,5,18.600000381469727
ANB.MX,2023-09-11,2023-11-30,56,921.0
ANB.MX,2023-07-04,2023-09-08,48,920.0
ANB.MX,2026-04-28,2026-06-25,41,1299.9000244140625
ANB.MX,2023-12-13,2024-01-26,30,951.239990234375
ANB.MX,2024-06-10,2024-07-19,29,1127.260009765625
ANB.MX,2024-12-18,2025-01-28,27,1033.68994140625
ANB.MX,2023-02-13,2023-03-21,25,1060.0
ANB.MX,2025-10-21,2025-11-26,25,1128.8599853515625
ANB.MX,2026-02-24,2026-04-01,25,1400.0
ANB.MX,2024-02-29,2024-04-02,20,1029.1099853515625
ANB.MX,2025-08-01,2025-08-29,20,1090.77001953125
ANB.MX,2023-03-22,2023-04-20,19,1090.0
ANB.MX,2023-01-13,2023-02-09,18,1202.02001953125
ANB.MX,2023-05-16,2023-06-09,18,1040.0
ANB.MX,2025-09-24,2025-10-20,18,1085.0999755859375
ANB.MX,2025-04-09,2025-05-06,16,1231.9599609375
ANB.MX,2023-04-21,2023-05-15,15,1053.0
ANB.MX,2024-07-25,2024-08-15,15,1113.18994140625
ANB.MX,2024-09-05,2024-09-27,15,1271.27001953125
ANB.MX,2025-06-03,2025-06-24,15,1355.9200439453125
ANB.MX,2025-07-11,2025-07-31,14,1250.3399658203125
ANB.MX,2026-04-06,2026-04-27,14,1173.0
ANB.MX,2023-06-12,2023-06-29,13,971.0
ANB.MX,2024-10-21,2024-11-07,13,1247.0
ANB.MX,2024-11-27,2024-12-17,13,1100.0
ANB.MX,2025-11-27,2025-12-17,13,1120.7099609375
ANB.MX,2024-05-13,2024-05-29,12,1083.0
ANB.MX,2024-08-16,2024-09-03,12,1121.02001953125
ANB.MX,2025-02-10,2025-02-26,12,1009.0
ANB.MX,2025-03-20,2025-04-07,12,1263.1800537109375
ANB.MX,2025-05-13,2025-05-29,12,1270.0
ANB.MX,2025-12-18,2026-01-07,12,1165.8499755859375
ANB.MX,2024-11-08,2024-11-26,11,1154.6600341796875
ANB.MX,2025-06-25,2025-07-10,11,1291.0
ANB.MX,2024-01-29,2024-02-13,10,1050.0
ANB.MX,2024-04-17,2024-05-02,10,970.0
ANB.MX,2024-10-02,2024-10-15,9,1277.8900146484375
ANB.MX,2023-01-02,2023-01-12,8,1167.010009765625
ANB.MX,2024-04-03,2024-04-15,8,997.1400146484375
ANB.MX,2025-03-07,2025-03-19,7,1261.0
ANB.MX,2023-12-01,2023-12-11,6,988.2999877929688
ANB.MX,2025-01-29,2025-02-07,6,1009.7100219726562
ANB.MX,2025-09-12,2025-09-23,6,1085.0899658203125
ANB.MX,2026-01-16,2026-01-26,6,1211.6400146484375
ANB.MX,2026-01-28,2026-02-06,6,1158.0
ANB.MX,2026-02-12,2026-02-20,6,1327.0
ANB.MX,2024-02-14,2024-02-21,5,1059.989990234375
ANB.MX,2026-01-08,2026-01-15,5,1172.5
ANET.MX,2023-08-18,2023-09-29,30,773.5
ANET.MX,2023-12-04,2024-01-15,27,928.25
ANET.MX,2023-02-13,2023-03-15,22,628.75
ANET.MX,2023-01-17,2023-02-10,17,547.0
ANET.MX,2024-04-12,2024-05-06,15,1130.0
ANET.MX,2023-05-04,2023-05-22,12,606.3099975585938
ANET.MX,2023-04-03,2023-04-20,11,760.0
ANET.MX,2023-08-04,2023-08-17,9,776.8574829101562
ANET.MX,2024-01-19,2024-02-01,9,1125.0
ANET.MX,2024-08-05,2024-08-15,8,1512.5
ANET.MX,2024-08-29,2024-09-10,8,1721.68994140625
ANET.MX,2023-01-03,2023-01-12,7,583.7725219726562
ANET.MX,2023-10-02,2023-10-10,6,827.75
ANET.MX,2023-11-06,2023-11-14,6,922.5
ANET.MX,2023-11-16,2023-11-27,6,920.0
ANET.MX,2024-03-12,2024-03-21,6,1178.7900390625
ANET.MX,2024-07-16,2024-07-24,6,1596.25
ANET.MX,2023-03-24,2023-03-31,5,775.75
APA.MX,2025-06-05,2025-07-08,23,347.0
APA.MX,2023-09-01,2023-10-03,22,756.02001953125
APA.MX,2023-10-10,2023-11-06,18,699.2000122070312
APA.MX,2025-02-05,2025-03-03,18,459.0
APA.MX,2025-09-12,2025-10-06,15,425.0
APA.MX,2023-12-18,2024-01-08,13,615.0
APA.MX,2025-12-23,2026-01-13,13,434.20001220703125
APA.MX,2025-04-08,2025-04-28,12,299.44000244140625
APA.MX,2025-08-08,2025-08-26,12,370.0
APA.MX,2024-08-07,2024-08-22,11,525.010009765625
APA.MX,2026-05-25,2026-06-09,11,724.0
APA.MX,2026-02-17,2026-03-03,10,466.9100036621094
APA.MX,2024-04-26,2024-05-10,9,557.0
APA.MX,2025-03-25,2025-04-07,9,420.0
APA.MX,2025-10-07,2025-10-20,9,449.0
APA.MX,2025-11-14,2025-11-28,9,436.0
APA.MX,2024-07-02,2024-07-12,8,525.0
APA.MX,2025-07-21,2025-07-31,8,342.0
APA.MX,2023-02-21,2023-03-02,7,699.0
APA.MX,2024-08-26,2024-09-04,7,556.77001953125
APA.MX,2024-12-17,2024-12-27,7,430.0
APA.MX,2025-05-21,2025-05-30,7,327.3299865722656
APA.MX,2025-10-28,2025-11-06,7,417.29998779296875
APA.MX,2026-06-10,2026-06-19,7,660.0
APA.MX,2023-05-23,2023-05-31,6,613.0
APA.MX,2023-11-21,2023-11-29,6,620.0
APA.MX,2025-07-09,2025-07-17,6,381.0
APA.MX,2026-01-20,2026-01-28,6,452.0
APA.MX,2026-04-13,2026-04-21,6,667.8099975585938
APA.MX,2024-04-11,2024-04-18,5,556.6099853515625
APA.MX,2024-05-20,2024-05-27,5,512.0
APA.MX,2024-07-18,2024-07-25,5,575.010009765625
APA.MX,2025-04-29,2025-05-07,5,321.0
APA.MX,2025-12-05,2025-12-15,5,489.0
APA.MX,2026-05-07,2026-05-14,5,616.5999755859375
APD.MX,2023-02-24,2024-02-02,236,5158.0
APD.MX,2025-06-17,2025-11-14,107,5266.580078125
APD.MX,2025-11-18,2026-02-17,61,4632.47021484375
APD.MX,2026-04-07,2026-06-30,58,5185.97021484375
APD.MX,2024-03-20,2024-06-06,53,3787.699951171875
APD.MX,2024-10-02,2024-12-04,44,5623.1298828125
APD.MX,2023-01-02,2023-02-23,37,6170.77978515625
APD.MX,2024-08-02,2024-09-23,35,5317.85009765625
APD.MX,2024-12-30,2025-02-06,26,5958.0
APD.MX,2026-02-18,2026-03-25,24,4823.330078125
APD.MX,2025-03-12,2025-04-14,22,5973.66015625
APD.MX,2024-06-07,2024-07-04,19,5162.68994140625
APD.MX,2024-02-21,2024-03-19,18,3890.0
APD.MX,2024-12-05,2024-12-26,13,6511.1298828125
APD.MX,2024-07-16,2024-08-01,12,4717.64990234375
APD.MX,2025-02-11,2025-02-27,12,6361.8798828125
APD.MX,2025-05-19,2025-06-03,11,5347.83984375
APD.MX,2025-04-23,2025-05-06,8,5178.52978515625
APD.MX,2024-02-12,2024-02-20,6,3803.0
APD.MX,2024-07-05,2024-07-15,6,4575.8701171875
APD.MX,2025-05-07,2025-05-14,5,5163.2001953125
APD.MX,2026-03-26,2026-04-06,5,5242.2001953125
APH.MX,2024-07-24,2024-10-31,69,1146.27001953125
APH.MX,2023-07-07,2023-09-29,60,721.4000244140625
APH.MX,2023-10-02,2023-12-19,53,727.5
APH.MX,2023-01-02,2023-02-28,40,744.60498046875
APH.MX,2023-12-20,2024-02-14,37,838.4400024414062
APH.MX,2025-01-22,2025-03-18,37,1582.0
APH.MX,2023-05-03,2023-06-12,28,671.5
APH.MX,2024-02-15,2024-03-20,23,896.969970703125
APH.MX,2024-06-21,2024-07-23,22,1245.9300537109375
APH.MX,2024-05-22,2024-06-17,18,1107.5
APH.MX,2025-06-12,2025-07-08,18,1785.0999755859375
APH.MX,2023-03-13,2023-04-10,17,723.0
APH.MX,2024-12-04,2024-12-31,17,1503.0400390625
APH.MX,2024-04-26,2024-05-21,16,1034.4150390625
APH.MX,2024-04-04,2024-04-25,15,969.3499755859375
APH.MX,2025-03-19,2025-04-09,15,1348.969970703125
APH.MX,2025-01-02,2025-01-21,13,1435.0
APH.MX,2025-05-09,2025-05-27,12,1575.0
APH.MX,2023-04-11,2023-04-26,11,712.5
APH.MX,2023-06-21,2023-07-06,11,693.9249877929688
APH.MX,2025-04-22,2025-05-08,11,1280.0
APH.MX,2025-07-10,2025-07-23,9,1835.1500244140625
APH.MX,2024-11-21,2024-12-03,8,1425.550048828125
APH.MX,2025-09-24,2025-10-03,7,2250.0
APH.MX,2023-03-02,2023-03-10,6,703.6300048828125
APH.MX,2024-11-06,2024-11-14,6,1440.8699951171875
APH.MX,2025-09-02,2025-09-10,6,2038.0
APH.MX,2025-12-02,2025-12-10,6,2597.89990234375
APH.MX,2023-06-13,2023-06-20,5,692.4099731445312
APH.MX,2025-04-10,2025-04-21,5,1312.0
APH.MX,2026-03-17,2026-03-24,5,2510.0
APP.MX,2024-10-03,2024-10-11,6,2615.0
APP.MX,2024-10-22,2024-10-30,6,3175.0
APP.MX,2024-11-11,2024-11-19,5,5810.5400390625
APP.MX,2024-11-21,2024-11-28,5,6547.0
APP.MX,2024-12-20,2024-12-30,5,6840.0
APP.MX,2025-01-08,2025-01-15,5,6680.0
ARMK.MX,2024-09-23,2026-03-17,369,716.8099975585938
ARMK.MX,2024-03-12,2024-08-21,112,540.75
ARMK.MX,2023-09-07,2024-02-14,108,472.0522766113281
ARMK.MX,2026-03-18,2026-06-30,70,719.8300170898438
ARMK.MX,2023-06-21,2023-07-14,17,511.1441345214844
ARMK.MX,2024-02-15,2024-03-11,17,529.0
ARMK.MX,2023-08-15,2023-09-06,16,472.1334228515625
ARMK.MX,2023-07-17,2023-08-07,15,545.721923828125
ARMK.MX,2024-08-29,2024-09-20,15,699.8699951171875
ARMK.MX,2023-05-15,2023-05-25,8,486.8039245605469
ARMK.MX,2023-03-02,2023-03-13,7,496.26708984375
ARMK.MX,2023-04-28,2023-05-10,7,457.3227844238281
ARMK.MX,2023-01-13,2023-01-23,6,627.4755249023438
ARMK.MX,2023-01-24,2023-02-01,6,622.216552734375
ARMK.MX,2023-04-11,2023-04-19,6,477.9750671386719
ARMK.MX,2023-02-02,2023-02-10,5,613.7638549804688
ARMK.MX,2023-02-14,2023-02-21,5,532.98388671875
ARMK.MX,2023-02-22,2023-03-01,5,508.9461364746094
ARMK.MX,2023-03-30,2023-04-10,5,471.41058349609375
ARMK.MX,2023-04-20,2023-04-27,5,463.2013244628906
ARMK.MX,2023-06-05,2023-06-12,5,518.5936889648438
ARMK.MX,2023-06-13,2023-06-20,5,517.4356689453125
ASTS.MX,2024-10-23,2024-11-13,15,530.0
ASTS.MX,2024-11-14,2024-12-06,15,591.0
ASTS.MX,2024-10-02,2024-10-16,10,475.0
ASTS.MX,2024-12-27,2025-01-10,9,499.1499938964844
ASTS.MX,2025-01-13,2025-01-22,7,450.0
ASTS.MX,2025-04-09,2025-04-16,5,485.0
ATI.MX,2025-11-12,2026-01-09,38,1814.0
ATI.MX,2026-06-09,2026-06-30,15,3202.64990234375
ATI.MX,2026-02-20,2026-03-11,13,2680.0
ATI.MX,2026-04-24,2026-05-12,11,2644.39990234375
ATI.MX,2026-03-23,2026-04-08,10,2661.81005859375
ATI.MX,2026-05-13,2026-05-27,10,2835.85009765625
ATI.MX,2025-10-29,2025-11-06,6,1867.7900390625
ATO.MX,2025-08-07,2026-06-30,222,3033.0
ATO.MX,2025-07-16,2025-08-06,15,2925.0
AVB.MX,2023-11-16,2025-03-13,329,2920.0
AVB.MX,2025-07-02,2026-06-30,248,3763.610107421875
AVB.MX,2023-04-12,2023-11-15,153,3042.8701171875
AVB.MX,2025-03-14,2025-07-01,73,4169.5498046875
AVB.MX,2023-01-02,2023-03-01,41,3271.179931640625
AVB.MX,2023-03-02,2023-04-11,25,3200.6201171875
AWK.MX,2024-07-12,2025-09-01,285,2444.030029296875
AWK.MX,2023-09-07,2024-03-04,121,2370.0
AWK.MX,2025-09-05,2025-12-08,64,2640.909912109375
AWK.MX,2024-05-13,2024-07-11,43,2271.0
AWK.MX,2023-07-17,2023-09-06,37,2413.06005859375
AWK.MX,2024-03-26,2024-05-10,30,1961.6500244140625
AWK.MX,2026-01-14,2026-02-24,28,2362.989990234375
AWK.MX,2026-03-10,2026-04-10,20,2355.7099609375
AWK.MX,2026-04-15,2026-05-14,19,2239.3798828125
AWK.MX,2025-12-22,2026-01-13,14,2373.9599609375
AWK.MX,2023-01-02,2023-01-16,10,2952.830078125
AWK.MX,2026-05-15,2026-05-29,10,2167.0
AWK.MX,2026-06-01,2026-06-15,10,2120.0
AWK.MX,2026-06-16,2026-06-30,10,2250.0
AWK.MX,2024-03-12,2024-03-25,8,1995.199951171875
AWK.MX,2026-02-25,2026-03-09,8,2288.0
AWK.MX,2023-03-02,2023-03-13,7,2505.110107421875
AWK.MX,2023-04-28,2023-05-10,7,2670.110107421875
AWK.MX,2025-12-09,2025-12-19,7,2341.219970703125
AWK.MX,2023-01-17,2023-01-25,6,2975.0
AWK.MX,2023-02-02,2023-02-13,6,2980.110107421875
AWK.MX,2023-02-22,2023-03-01,5,2711.0
AWK.MX,2023-05-12,2023-05-19,5,2600.0
AWK.MX,2023-06-05,2023-06-12,5,2542.0
AWK.MX,2023-06-13,2023-06-20,5,2507.169921875
AWK.MX,2023-06-29,2023-07-06,5,2415.110107421875
AXON.MX,2025-03-31,2025-05-05,22,10763.0
AXON.MX,2025-05-08,2025-05-27,13,13170.0
AXON.MX,2025-06-16,2025-07-01,11,14930.7802734375
AXON.MX,2025-08-28,2025-09-11,10,14673.5498046875
AXON.MX,2025-10-21,2025-11-03,9,13005.0
AXON.MX,2026-03-09,2026-03-23,9,9820.0
AXON.MX,2026-01-09,2026-01-21,8,11373.169921875
AXON.MX,2025-09-12,2025-09-23,6,14049.0
AXON.MX,2025-10-01,2025-10-09,6,13000.0
AXON.MX,2025-06-06,2025-06-13,5,15250.2900390625
AXON.MX,2025-07-16,2025-07-23,5,13570.0
AXON.MX,2025-11-25,2025-12-02,5,9660.0
AZO.MX,2024-12-19,2025-01-28,26,65132.30859375
AZO.MX,2025-04-21,2025-05-26,24,70359.8828125
AZO.MX,2025-08-14,2025-09-09,18,75183.6171875
AZO.MX,2024-08-05,2024-08-21,12,59235.30859375
AZO.MX,2025-02-13,2025-03-03,12,70900.0
AZO.MX,2025-10-16,2025-11-03,12,73820.0
AZO.MX,2025-11-18,2025-12-04,12,70099.84375
AZO.MX,2023-10-18,2023-11-01,10,48075.0
AZO.MX,2024-11-07,2024-11-22,10,63060.87109375
AZO.MX,2025-12-24,2026-01-09,10,62120.0
AZO.MX,2025-09-15,2025-09-29,9,77545.609375
AZO.MX,2026-06-03,2026-06-16,9,52950.0
AZO.MX,2023-01-12,2023-01-24,8,44782.75
AZO.MX,2024-04-05,2024-04-17,8,51330.0
AZO.MX,2024-12-05,2024-12-18,8,64420.0
AZO.MX,2025-06-09,2025-06-19,8,70205.0
AZO.MX,2025-12-10,2025-12-23,8,62300.0
AZO.MX,2026-03-11,2026-03-24,8,65632.6171875
AZO.MX,2023-07-24,2023-08-02,7,41962.2890625
AZO.MX,2023-08-11,2023-08-22,7,42192.55859375
AZO.MX,2023-09-12,2023-09-21,7,43898.0
AZO.MX,2023-12-27,2024-01-08,7,43430.0
AZO.MX,2024-08-29,2024-09-09,7,63789.859375
AZO.MX,2024-10-02,2024-10-11,7,60295.0
AZO.MX,2025-03-13,2025-03-25,7,71310.0
AZO.MX,2025-11-04,2025-11-13,7,68678.4609375
AZO.MX,2026-05-07,2026-05-18,7,61219.0
AZO.MX,2025-01-31,2025-02-11,6,69382.7109375
AZO.MX,2025-07-17,2025-07-25,6,68720.0
AZO.MX,2025-08-05,2025-08-13,6,74950.0
AZO.MX,2026-01-29,2026-02-09,6,63842.66015625
AZO.MX,2026-02-18,2026-02-26,6,64375.0
AZO.MX,2026-03-25,2026-04-06,6,60147.73046875
AZO.MX,2026-04-21,2026-04-30,6,62105.0
AZO.MX,2023-03-02,2023-03-09,5,45200.0
AZO.MX,2023-03-31,2023-04-11,5,43865.0
AZO.MX,2023-08-03,2023-08-10,5,42870.0
AZO.MX,2023-08-29,2023-09-05,5,42447.109375
AZO.MX,2024-01-09,2024-01-16,5,42630.0
AZO.MX,2024-02-28,2024-03-06,5,51222.828125
AZO.MX,2024-03-15,2024-03-25,5,52190.0
AZO.MX,2024-04-18,2024-04-25,5,50553.37109375
AZO.MX,2024-07-18,2024-07-25,5,52762.0
AZO.MX,2024-07-26,2024-08-02,5,57086.0
AZO.MX,2025-03-05,2025-03-12,5,72525.0
AZO.MX,2025-04-01,2025-04-08,5,77337.7734375
AZO.MX,2025-04-09,2025-04-16,5,72500.0
AZO.MX,2025-05-30,2025-06-06,5,72601.1875
AZO.MX,2025-07-03,2025-07-10,5,69996.40625
AZO.MX,2025-10-01,2025-10-08,5,78030.0
AZO.MX,2026-04-07,2026-04-14,5,60266.80859375
AZO.MX,2026-05-19,2026-05-26,5,58499.0
BAX.MX,2023-07-28,2024-02-08,133,750.0
BAX.MX,2024-08-13,2024-11-04,57,701.0
BAX.MX,2025-05-09,2025-07-17,49,604.5499877929688
BAX.MX,2023-05-16,2023-07-21,48,752.0
BAX.MX,2025-02-25,2025-05-02,44,720.0
BAX.MX,2024-02-09,2024-04-09,39,698.489990234375
BAX.MX,2026-04-30,2026-06-22,36,286.30999755859375
BAX.MX,2023-01-12,2023-02-27,31,850.0
BAX.MX,2026-03-17,2026-04-29,28,310.0
BAX.MX,2025-08-22,2025-10-01,27,464.3900146484375
BAX.MX,2023-03-09,2023-04-14,23,717.5
BAX.MX,2025-12-23,2026-01-27,23,335.6199951171875
BAX.MX,2024-04-10,2024-05-09,20,687.3099975585938
BAX.MX,2023-04-17,2023-05-15,19,775.0
BAX.MX,2024-07-17,2024-08-12,18,628.0
BAX.MX,2026-02-12,2026-03-10,18,323.8800048828125
BAX.MX,2024-11-15,2024-12-09,15,646.4099731445312
BAX.MX,2025-11-18,2025-12-05,13,325.7799987792969
BAX.MX,2025-08-05,2025-08-21,12,428.70001220703125
BAX.MX,2025-10-10,2025-10-28,12,410.57000732421875
BAX.MX,2025-02-06,2025-02-21,11,648.5
BAX.MX,2024-05-14,2024-05-27,9,596.75
BAX.MX,2026-01-28,2026-02-11,9,339.5
BAX.MX,2024-06-14,2024-06-26,8,621.0999755859375
BAX.MX,2023-01-02,2023-01-11,7,983.72998046875
BAX.MX,2024-12-19,2024-12-31,7,588.6099853515625
BAX.MX,2025-07-23,2025-08-01,7,530.1900024414062
BAX.MX,2023-02-28,2023-03-08,6,725.0
BAX.MX,2024-06-27,2024-07-05,6,613.8099975585938
BAX.MX,2024-07-08,2024-07-16,6,608.8800048828125
BAX.MX,2025-01-02,2025-01-10,6,605.0
BAX.MX,2024-06-04,2024-06-11,5,596.0700073242188
BAX.MX,2025-10-02,2025-10-09,5,430.0
BAX.MX,2025-11-07,2025-11-14,5,330.8999938964844
BAX.MX,2025-12-15,2025-12-22,5,350.0
BBY.MX,2023-10-10,2024-01-15,64,1287.0
BBY.MX,2023-07-21,2023-10-03,52,1410.0
BBY.MX,2023-04-20,2023-05-30,27,1328.0
BBY.MX,2024-03-01,2024-04-08,23,1335.0
BBY.MX,2025-01-21,2025-02-21,22,1740.0
BBY.MX,2024-04-30,2024-05-27,18,1265.0
BBY.MX,2024-01-16,2024-02-07,15,1200.0
BBY.MX,2024-12-05,2024-12-30,15,1837.0
BBY.MX,2023-01-11,2023-01-30,13,1637.0
BBY.MX,2024-02-08,2024-02-27,13,1280.0
BBY.MX,2024-06-17,2024-07-04,13,1618.0
BBY.MX,2025-04-28,2025-05-16,13,1304.6500244140625
BBY.MX,2025-11-04,2025-11-24,13,1480.0
BBY.MX,2024-07-08,2024-07-24,12,1545.0
BBY.MX,2024-07-31,2024-08-16,12,1620.0
BBY.MX,2026-02-06,2026-02-24,12,1180.0
BBY.MX,2023-03-03,2023-03-21,11,1509.2900390625
BBY.MX,2023-07-03,2023-07-18,11,1404.27001953125
BBY.MX,2025-03-18,2025-04-02,11,1486.5
BBY.MX,2025-04-08,2025-04-25,11,1269.0
BBY.MX,2025-09-03,2025-09-19,11,1392.0
BBY.MX,2026-01-07,2026-01-22,11,1244.0
BBY.MX,2023-03-22,2023-04-05,10,1427.52001953125
BBY.MX,2023-06-01,2023-06-15,10,1275.0
BBY.MX,2023-06-16,2023-06-30,10,1360.0
BBY.MX,2024-09-04,2024-09-19,10,1991.97998046875
BBY.MX,2025-01-06,2025-01-20,10,1730.0
BBY.MX,2026-03-25,2026-04-10,10,1070.6199951171875
BBY.MX,2025-02-24,2025-03-07,9,1800.0
BBY.MX,2026-06-18,2026-06-30,8,1260.010009765625
BBY.MX,2023-02-21,2023-03-02,7,1536.0
BBY.MX,2023-04-10,2023-04-19,7,1370.0
BBY.MX,2024-06-05,2024-06-14,7,1539.0
BBY.MX,2024-09-20,2024-10-02,7,1882.0
BBY.MX,2025-06-17,2025-06-26,7,1326.0
BBY.MX,2025-07-28,2025-08-06,7,1260.0
BBY.MX,2025-08-18,2025-08-27,7,1349.0
BBY.MX,2025-10-22,2025-10-31,7,1515.0
BBY.MX,2024-04-15,2024-04-23,6,1285.0
BBY.MX,2025-05-20,2025-05-28,6,1392.0
BBY.MX,2025-07-10,2025-07-18,6,1380.0
BBY.MX,2023-01-02,2023-01-09,5,1550.0
BBY.MX,2024-05-28,2024-06-04,5,1170.0
BBY.MX,2026-03-06,2026-03-13,5,1160.050048828125
BBY.MX,2026-03-17,2026-03-24,5,1109.5
BBY.MX,2026-04-14,2026-04-21,5,1062.5
BDX.MX,2025-08-04,2025-11-05,66,3389.39990234375
BDX.MX,2024-11-27,2025-02-05,46,4709.0
BDX.MX,2025-06-05,2025-08-01,41,3275.0
BDX.MX,2025-12-05,2026-01-30,37,3535.2099609375
BDX.MX,2023-10-31,2023-12-15,30,4542.10986328125
BDX.MX,2026-03-11,2026-04-21,26,2800.0
BDX.MX,2026-05-29,2026-06-30,22,2573.0
BDX.MX,2025-03-13,2025-04-10,19,4391.0
BDX.MX,2025-04-11,2025-05-13,19,4047.860107421875
BDX.MX,2025-11-06,2025-12-04,19,3353.590087890625
BDX.MX,2024-01-02,2024-01-26,18,4218.0
BDX.MX,2024-08-28,2024-09-24,18,4675.0
BDX.MX,2026-02-13,2026-03-10,17,3038.030029296875
BDX.MX,2025-05-14,2025-06-04,15,3319.199951171875
BDX.MX,2025-02-06,2025-02-26,14,4815.0
BDX.MX,2024-04-01,2024-04-18,13,4074.300048828125
BDX.MX,2024-06-28,2024-07-16,12,4182.7998046875
BDX.MX,2024-01-29,2024-02-14,11,4154.75
BDX.MX,2024-04-24,2024-05-10,11,3992.989990234375
BDX.MX,2023-09-25,2023-10-09,10,4595.02978515625
BDX.MX,2023-05-12,2023-05-25,9,4417.0
BDX.MX,2024-10-08,2024-10-21,9,4456.5
BDX.MX,2024-11-08,2024-11-22,9,4400.0
BDX.MX,2025-02-27,2025-03-12,9,4587.0
BDX.MX,2023-12-18,2023-12-29,8,4080.97998046875
BDX.MX,2024-05-16,2024-05-28,8,3806.39990234375
BDX.MX,2024-06-14,2024-06-26,8,4308.0
BDX.MX,2023-04-28,2023-05-10,7,4716.10986328125
BDX.MX,2023-08-02,2023-08-11,7,4704.10986328125
BDX.MX,2023-09-06,2023-09-15,7,4618.35986328125
BDX.MX,2024-09-25,2024-10-07,7,4532.75
BDX.MX,2026-05-05,2026-05-14,7,2516.0
BDX.MX,2023-01-24,2023-02-01,6,4629.009765625
BDX.MX,2023-02-02,2023-02-13,6,4673.06982421875
BDX.MX,2023-03-02,2023-03-10,6,4221.02978515625
BDX.MX,2023-04-11,2023-04-19,6,4611.1298828125
BDX.MX,2023-06-29,2023-07-07,6,4438.10986328125
BDX.MX,2023-08-18,2023-08-28,6,4675.02978515625
BDX.MX,2023-10-16,2023-10-24,6,4675.0
BDX.MX,2024-10-30,2024-11-07,6,4642.5
BDX.MX,2026-04-23,2026-05-04,6,2700.0
BDX.MX,2023-03-30,2023-04-10,5,4411.1298828125
BDX.MX,2023-04-20,2023-04-27,5,4684.5
BDX.MX,2023-06-05,2023-06-12,5,4445.5
BDX.MX,2023-08-29,2023-09-05,5,4733.02978515625
BDX.MX,2024-02-27,2024-03-05,5,4241.5498046875
BDX.MX,2024-05-29,2024-06-05,5,3764.14990234375
BDX.MX,2024-06-06,2024-06-13,5,4143.89990234375
BDX.MX,2024-07-29,2024-08-05,5,4298.0
BDX.MX,2024-08-07,2024-08-14,5,4597.2998046875
BDX.MX,2024-10-22,2024-10-29,5,4775.68017578125
BDX.MX,2026-02-03,2026-02-10,5,2638.27734375
BDX.MX,2026-05-21,2026-05-28,5,2526.199951171875
BE.MX,2023-09-06,2024-01-09,84,267.0
BE.MX,2024-08-08,2024-12-04,81,199.0
BE.MX,2024-04-16,2024-08-07,80,163.0
BE.MX,2024-01-10,2024-02-19,27,226.60000610351562
BE.MX,2023-05-24,2023-06-28,25,250.0
BE.MX,2024-12-18,2025-01-24,25,528.0
BE.MX,2023-08-03,2023-09-05,23,290.0
BE.MX,2025-05-02,2025-06-03,22,327.54998779296875
BE.MX,2023-07-05,2023-08-02,20,273.0
BE.MX,2025-01-29,2025-02-26,19,464.0
BE.MX,2025-06-04,2025-06-23,13,390.7099914550781
BE.MX,2024-03-06,2024-03-25,12,150.0
BE.MX,2025-03-26,2025-04-11,12,450.0
BE.MX,2024-02-20,2024-03-05,10,169.0
BE.MX,2025-07-22,2025-08-05,10,465.0
BE.MX,2024-03-26,2024-04-09,8,159.0
BE.MX,2024-12-05,2024-12-17,7,520.7100219726562
BE.MX,2025-08-06,2025-08-15,7,731.8300170898438
BE.MX,2025-07-02,2025-07-10,6,430.0
BE.MX,2025-08-19,2025-08-27,6,805.0
BE.MX,2025-03-10,2025-03-18,5,453.0
BEN.MX,2023-01-02,2024-09-09,425,732.0
BEN.MX,2024-09-10,2025-05-19,168,388.8399963378906
BEN.MX,2025-05-20,2025-10-15,105,426.05999755859375
BEN.MX,2025-10-16,2026-01-21,65,423.2799987792969
BEN.MX,2026-01-22,2026-04-13,53,438.5
BEN.MX,2026-04-14,2026-06-30,53,437.0
BIIB.MX,2025-12-16,2026-02-19,44,3125.0
BIIB.MX,2025-03-20,2025-05-15,37,2854.0
BIIB.MX,2023-10-04,2023-10-30,18,4447.0
BIIB.MX,2023-08-17,2023-09-11,17,4489.68994140625
BIIB.MX,2024-01-09,2024-02-01,17,4316.02001953125
BIIB.MX,2026-02-20,2026-03-18,17,3267.14990234375
BIIB.MX,2026-06-01,2026-06-24,17,3335.5
BIIB.MX,2025-02-18,2025-03-12,16,2785.0
BIIB.MX,2025-06-03,2025-06-25,16,2550.0
BIIB.MX,2023-09-12,2023-10-03,15,4464.759765625
BIIB.MX,2023-02-08,2023-02-28,14,5579.990234375
BIIB.MX,2024-03-26,2024-04-17,14,3523.0
BIIB.MX,2023-05-02,2023-05-19,13,5557.9501953125
BIIB.MX,2023-11-09,2023-11-29,13,3900.0
BIIB.MX,2026-03-23,2026-04-10,12,3249.0
BIIB.MX,2023-01-20,2023-02-07,11,5375.009765625
BIIB.MX,2023-04-03,2023-04-20,11,5005.0
BIIB.MX,2023-06-13,2023-06-28,11,5210.64990234375
BIIB.MX,2024-06-27,2024-07-12,11,4250.0
BIIB.MX,2024-07-15,2024-07-30,11,4026.6298828125
BIIB.MX,2024-08-01,2024-08-16,11,3940.0
BIIB.MX,2025-05-16,2025-06-02,11,2445.0
BIIB.MX,2024-02-02,2024-02-19,10,4100.0
BIIB.MX,2024-08-20,2024-09-03,10,3960.0
BIIB.MX,2023-05-25,2023-06-07,9,5300.0
BIIB.MX,2023-06-29,2023-07-12,9,4815.0
BIIB.MX,2026-04-29,2026-05-13,9,3400.0
BIIB.MX,2023-03-01,2023-03-13,8,4961.5
BIIB.MX,2023-03-16,2023-03-29,8,4991.7099609375
BIIB.MX,2023-12-13,2023-12-26,8,4378.0400390625
BIIB.MX,2024-06-10,2024-06-20,8,4148.06982421875
BIIB.MX,2025-11-03,2025-11-13,8,2790.0
BIIB.MX,2023-11-30,2023-12-11,7,4017.0
BIIB.MX,2024-09-04,2024-09-13,7,4050.0
BIIB.MX,2024-11-20,2024-11-29,7,3250.0
BIIB.MX,2024-12-11,2024-12-23,7,3110.0
BIIB.MX,2024-12-24,2025-01-06,7,3014.0
BIIB.MX,2025-07-30,2025-08-08,7,2415.0
BIIB.MX,2023-01-06,2023-01-16,6,5410.0
BIIB.MX,2024-03-11,2024-03-20,6,3850.02001953125
BIIB.MX,2024-05-21,2024-05-29,6,3836.0
BIIB.MX,2024-05-30,2024-06-07,6,3714.530029296875
BIIB.MX,2025-07-15,2025-07-23,6,2508.0
BIIB.MX,2023-10-31,2023-11-08,5,4315.0
BIIB.MX,2024-03-01,2024-03-08,5,3762.4599609375
BIIB.MX,2024-09-19,2024-09-26,5,3928.0
BIIB.MX,2024-10-21,2024-10-28,5,3711.0
BIIB.MX,2025-01-27,2025-02-04,5,3080.030029296875
BIIB.MX,2025-08-11,2025-08-18,5,2395.0
BIIB.MX,2025-10-10,2025-10-17,5,2720.0
BIIB.MX,2026-05-22,2026-05-29,5,3350.0
BKNG.MX,2024-01-08,2024-02-23,33,2328.450439453125
BKNG.MX,2023-04-20,2023-05-24,23,1943.345947265625
BKNG.MX,2023-11-15,2023-12-11,17,2166.74755859375
BKNG.MX,2024-07-05,2024-07-30,17,2843.018310546875
BKNG.MX,2023-09-07,2023-09-29,16,2190.27880859375
BKNG.MX,2025-08-28,2025-09-22,16,4201.7626953125
BKNG.MX,2024-04-03,2024-04-24,15,2401.631591796875
BKNG.MX,2025-06-17,2025-07-08,15,4028.764404296875
BKNG.MX,2024-08-19,2024-09-03,11,2738.763916015625
BKNG.MX,2023-01-02,2023-01-16,10,1554.5611572265625
BKNG.MX,2024-12-10,2024-12-26,10,4174.56005859375
BKNG.MX,2023-03-09,2023-03-23,9,1860.800048828125
BKNG.MX,2023-03-28,2023-04-12,9,1838.9188232421875
BKNG.MX,2023-10-23,2023-11-06,9,2046.0
BKNG.MX,2024-02-29,2024-03-13,9,2385.0
BKNG.MX,2024-08-05,2024-08-16,9,2603.0
BKNG.MX,2025-03-11,2025-03-25,9,3540.80126953125
BKNG.MX,2025-10-02,2025-10-15,9,3968.828857421875
BKNG.MX,2025-12-15,2025-12-29,9,3938.018310546875
BKNG.MX,2025-05-07,2025-05-19,8,4082.0
BKNG.MX,2025-07-31,2025-08-12,8,4180.4306640625
BKNG.MX,2026-01-14,2026-01-26,8,3724.0
BKNG.MX,2023-02-01,2023-02-13,7,1796.5760498046875
BKNG.MX,2023-06-14,2023-06-23,7,1788.0823974609375
BKNG.MX,2023-07-07,2023-07-18,7,1816.7879638671875
BKNG.MX,2024-09-06,2024-09-18,7,3022.018310546875
BKNG.MX,2024-10-04,2024-10-15,7,3215.50244140625
BKNG.MX,2025-04-09,2025-04-22,7,3665.8671875
BKNG.MX,2023-01-23,2023-01-31,6,1799.248046875
BKNG.MX,2023-10-10,2023-10-18,6,2210.76123046875
BKNG.MX,2024-05-03,2024-05-13,6,2471.17236328125
BKNG.MX,2024-10-21,2024-10-29,6,3482.95849609375
BKNG.MX,2025-06-06,2025-06-16,6,4291.0283203125
BKNG.MX,2025-08-13,2025-08-21,6,4057.22509765625
BKNG.MX,2025-09-23,2025-10-01,6,3960.0
BKNG.MX,2023-11-07,2023-11-14,5,2112.88916015625
BKNG.MX,2023-12-14,2023-12-21,5,2371.753662109375
BKNG.MX,2025-11-11,2025-11-19,5,3652.39990234375
BKNG.MX,2026-01-06,2026-01-13,5,3793.320068359375
BKNG.MX,2026-03-10,2026-03-18,5,3076.800048828125
BKNG.MX,2026-03-25,2026-04-01,5,3000.0
BKR.MX,2023-04-11,2023-06-12,43,530.3599853515625
BKR.MX,2023-07-11,2023-08-29,35,579.0
BKR.MX,2024-11-05,2024-12-17,28,785.5900268554688
BKR.MX,2025-09-09,2025-10-13,23,852.8300170898438
BKR.MX,2025-10-24,2025-11-27,23,869.0700073242188
BKR.MX,2024-05-02,2024-06-03,22,545.4600219726562
BKR.MX,2023-01-02,2023-01-30,20,569.7000122070312
BKR.MX,2024-07-16,2024-08-12,19,642.7999877929688
BKR.MX,2023-11-16,2023-12-13,17,572.0900268554688
BKR.MX,2026-02-19,2026-03-13,16,1075.0
BKR.MX,2025-01-21,2025-02-12,15,965.1900024414062
BKR.MX,2025-05-16,2025-06-06,15,730.0
BKR.MX,2026-01-27,2026-02-18,15,970.0
BKR.MX,2024-06-21,2024-07-10,13,598.530029296875
BKR.MX,2025-04-22,2025-05-12,13,751.780029296875
BKR.MX,2023-10-10,2023-10-26,12,628.5
BKR.MX,2023-10-27,2023-11-15,12,629.3400268554688
BKR.MX,2024-01-04,2024-01-22,12,566.9299926757812
BKR.MX,2024-04-01,2024-04-17,12,560.030029296875
BKR.MX,2023-06-23,2023-07-10,11,508.29998779296875
BKR.MX,2024-02-01,2024-02-19,11,492.0
BKR.MX,2024-12-18,2025-01-03,10,825.4299926757812
BKR.MX,2025-02-13,2025-02-27,10,942.0999755859375
BKR.MX,2025-07-08,2025-07-22,10,749.0
BKR.MX,2025-08-07,2025-08-21,10,812.0
BKR.MX,2025-12-17,2026-01-02,10,816.02001953125
BKR.MX,2023-09-12,2023-09-25,9,638.47998046875
BKR.MX,2023-09-26,2023-10-09,9,625.6699829101562
BKR.MX,2024-03-13,2024-03-27,9,525.0
BKR.MX,2023-02-09,2023-02-21,8,605.6900024414062
BKR.MX,2024-04-18,2024-04-30,8,549.5499877929688
BKR.MX,2024-10-07,2024-10-17,8,734.3200073242188
BKR.MX,2025-01-06,2025-01-16,8,872.0599975585938
BKR.MX,2025-08-22,2025-09-03,8,834.2000122070312
BKR.MX,2026-01-12,2026-01-22,8,863.5
BKR.MX,2026-03-27,2026-04-10,8,1140.0
BKR.MX,2026-06-01,2026-06-11,8,1079.0
BKR.MX,2023-03-02,2023-03-13,7,577.0
BKR.MX,2023-06-13,2023-06-22,7,522.27001953125
BKR.MX,2023-08-30,2023-09-08,7,606.4299926757812
BKR.MX,2024-10-18,2024-10-29,7,716.1900024414062
BKR.MX,2025-03-03,2025-03-12,7,902.3099975585938
BKR.MX,2025-06-25,2025-07-04,7,720.0
BKR.MX,2023-03-14,2023-03-23,6,539.0
BKR.MX,2024-08-13,2024-08-21,6,664.0
BKR.MX,2025-04-09,2025-04-21,6,777.8499755859375
BKR.MX,2026-06-12,2026-06-22,6,1096.0999755859375
BKR.MX,2023-01-31,2023-02-08,5,592.1699829101562
BKR.MX,2023-02-22,2023-03-01,5,552.4299926757812
BKR.MX,2023-03-30,2023-04-10,5,520.780029296875
BKR.MX,2024-02-27,2024-03-05,5,507.3500061035156
BKR.MX,2026-05-21,2026-05-28,5,1145.0
BKR.MX,2026-06-23,2026-06-30,5,1027.0
BLK.MX,2023-10-25,2023-11-14,13,11132.1298828125
BLK.MX,2024-04-02,2024-04-18,12,13489.0
BLK.MX,2023-12-28,2024-01-11,9,13635.009765625
BLK.MX,2024-09-13,2024-09-27,9,16734.310546875
BLK.MX,2023-04-20,2023-05-03,8,12522.0498046875
BLK.MX,2023-08-18,2023-08-29,7,11598.259765625
BLK.MX,2023-11-16,2023-11-28,7,12256.0
BLK.MX,2025-05-28,2025-06-06,7,18912.0
BLK.MX,2026-02-10,2026-02-19,7,18946.5
BLK.MX,2023-12-13,2023-12-21,6,13120.0
BLK.MX,2024-05-17,2024-05-27,6,13505.0
BLK.MX,2025-07-30,2025-08-07,6,21000.0
BLK.MX,2023-02-28,2023-03-07,5,12590.0
BLK.MX,2023-09-06,2023-09-13,5,12000.0
BLK.MX,2024-07-01,2024-07-08,5,14655.7802734375
BLK.MX,2024-09-04,2024-09-11,5,17570.0
BLK.MX,2025-10-01,2025-10-08,5,21010.26953125
BLK.MX,2025-10-21,2025-10-28,5,21273.859375
BLK.MX,2025-11-12,2025-11-20,5,20000.0
BMRN.MX,2024-08-12,2025-02-18,129,1700.0
BMRN.MX,2025-03-07,2025-06-16,67,1480.0
BMRN.MX,2025-11-18,2026-02-18,62,980.0
BMRN.MX,2024-01-25,2024-04-17,55,1575.0
BMRN.MX,2023-11-06,2024-01-24,53,1375.0
BMRN.MX,2024-06-10,2024-08-09,44,1565.0
BMRN.MX,2023-06-01,2023-07-31,42,1543.1700439453125
BMRN.MX,2024-04-24,2024-06-07,31,1557.8699951171875
BMRN.MX,2025-08-20,2025-09-26,26,1077.3199462890625
BMRN.MX,2026-03-27,2026-04-30,21,984.0900268554688
BMRN.MX,2026-02-26,2026-03-26,19,1043.030029296875
BMRN.MX,2023-04-03,2023-05-02,18,1756.31005859375
BMRN.MX,2023-09-21,2023-10-17,18,1480.0
BMRN.MX,2026-05-04,2026-05-28,18,959.0
BMRN.MX,2026-06-05,2026-06-30,17,959.0
BMRN.MX,2023-08-29,2023-09-20,16,1586.0
BMRN.MX,2025-07-11,2025-08-04,16,1100.0
BMRN.MX,2023-01-18,2023-02-07,13,2081.0
BMRN.MX,2025-10-28,2025-11-14,13,989.0
BMRN.MX,2023-02-09,2023-02-27,12,2114.699951171875
BMRN.MX,2023-03-15,2023-03-31,11,1669.9000244140625
BMRN.MX,2023-10-18,2023-11-03,11,1559.3499755859375
BMRN.MX,2023-05-03,2023-05-17,10,1675.0
BMRN.MX,2025-02-20,2025-03-06,10,1399.989990234375
BMRN.MX,2025-09-29,2025-10-13,10,992.0999755859375
BMRN.MX,2025-06-17,2025-06-30,9,1059.0
BMRN.MX,2025-10-14,2025-10-27,9,992.0
BMRN.MX,2023-01-05,2023-01-17,8,2066.8798828125
BMRN.MX,2023-08-17,2023-08-28,7,1538.8299560546875
BMRN.MX,2025-07-01,2025-07-10,7,1053.0
BMRN.MX,2025-08-05,2025-08-13,6,1200.0
BMRN.MX,2023-05-24,2023-05-31,5,1620.0
BMY.MX,2025-07-17,2025-07-28,7,900.0
BMY.MX,2023-03-29,2023-04-10,6,1236.219970703125
BMY.MX,2023-04-11,2023-04-19,6,1274.31005859375
BMY.MX,2026-03-23,2026-03-31,6,1019.0
BMY.MX,2026-05-26,2026-06-02,5,1005.0
BMY.MX,2026-06-10,2026-06-17,5,969.9000244140625
BNS.MX,2026-01-23,2026-06-10,92,1297.3900146484375
BNS.MX,2025-02-18,2025-05-27,66,1035.0
BNS.MX,2023-03-13,2023-05-19,45,909.75
BNS.MX,2024-01-18,2024-03-20,42,781.0
BNS.MX,2024-12-17,2025-02-17,41,1100.0
BNS.MX,2024-10-07,2024-11-25,34,1018.0
BNS.MX,2024-08-27,2024-10-04,26,970.0
BNS.MX,2024-05-30,2024-07-04,25,806.0
BNS.MX,2023-06-14,2023-07-18,24,860.0
BNS.MX,2024-04-01,2024-05-06,24,836.8499755859375
BNS.MX,2023-10-04,2023-11-07,23,768.7999877929688
BNS.MX,2025-10-09,2025-11-10,22,1166.030029296875
BNS.MX,2025-07-24,2025-08-22,21,1052.300048828125
BNS.MX,2025-09-09,2025-10-08,20,1200.0
BNS.MX,2023-01-25,2023-02-20,17,974.530029296875
BNS.MX,2023-07-24,2023-08-16,17,861.0
BNS.MX,2023-09-01,2023-09-26,17,820.0
BNS.MX,2023-05-22,2023-06-13,16,883.0
BNS.MX,2025-07-02,2025-07-23,15,1031.8499755859375
BNS.MX,2023-02-21,2023-03-10,13,985.0
BNS.MX,2023-12-05,2023-12-26,13,770.0
BNS.MX,2026-06-11,2026-06-30,13,1421.0
BNS.MX,2025-06-13,2025-07-01,12,1010.0
BNS.MX,2023-12-28,2024-01-15,11,817.0
BNS.MX,2024-05-14,2024-05-29,11,806.5999755859375
BNS.MX,2024-07-23,2024-08-07,11,836.1699829101562
BNS.MX,2025-12-24,2026-01-12,11,1331.43994140625
BNS.MX,2024-08-08,2024-08-22,10,870.2000122070312
BNS.MX,2025-05-29,2025-06-12,10,1020.0
BNS.MX,2023-11-13,2023-11-27,9,756.75
BNS.MX,2025-08-26,2025-09-08,9,1130.0
BNS.MX,2023-01-02,2023-01-12,8,955.0
BNS.MX,2023-08-21,2023-08-31,8,779.0
BNS.MX,2025-11-20,2025-12-01,7,1216.030029296875
BNS.MX,2024-12-02,2024-12-10,6,1158.0
BNS.MX,2025-11-11,2025-11-19,5,1230.0
BRO.MX,2023-06-06,2023-07-28,38,1115.0
BRO.MX,2026-04-29,2026-06-11,30,1091.0
BRO.MX,2023-09-27,2023-11-01,25,1260.0
BRO.MX,2026-02-10,2026-03-06,18,1178.0
BRO.MX,2023-05-03,2023-05-25,16,1174.5
BRO.MX,2024-11-06,2024-11-29,16,2260.5
BRO.MX,2023-07-31,2023-08-21,15,1184.5
BRO.MX,2025-10-07,2025-10-27,14,1752.0
BRO.MX,2024-09-06,2024-09-26,13,2094.0
BRO.MX,2025-01-31,2025-02-18,11,2190.0
BRO.MX,2025-06-06,2025-06-23,11,2118.9599609375
BRO.MX,2023-12-15,2024-01-02,10,1198.0
BRO.MX,2024-01-09,2024-01-23,10,1215.6500244140625
BRO.MX,2024-10-02,2024-10-16,10,2070.0
BRO.MX,2024-12-05,2024-12-20,10,2168.5
BRO.MX,2025-11-21,2025-12-05,10,1503.0
BRO.MX,2025-12-24,2026-01-09,10,1446.5999755859375
BRO.MX,2024-02-28,2024-03-12,9,1457.0
BRO.MX,2024-05-28,2024-06-07,8,1473.8499755859375
BRO.MX,2024-07-09,2024-07-19,8,1621.800048828125
BRO.MX,2025-08-06,2025-08-18,8,1708.0
BRO.MX,2026-06-17,2026-06-29,8,1016.0999755859375
BRO.MX,2023-09-15,2023-09-26,7,1247.5999755859375
BRO.MX,2024-04-02,2024-04-11,7,1421.699951171875
BRO.MX,2024-04-23,2024-05-03,7,1431.800048828125
BRO.MX,2024-08-01,2024-08-12,7,1873.0999755859375
BRO.MX,2024-08-13,2024-08-22,7,1900.0
BRO.MX,2025-01-07,2025-01-16,7,2065.0
BRO.MX,2025-05-22,2025-06-02,7,2155.030029296875
BRO.MX,2025-07-17,2025-07-28,7,1963.030029296875
BRO.MX,2023-09-06,2023-09-14,6,1274.949951171875
BRO.MX,2023-11-03,2023-11-13,6,1242.199951171875
BRO.MX,2023-11-22,2023-11-30,6,1305.5999755859375
BRO.MX,2024-02-02,2024-02-13,6,1338.75
BRO.MX,2024-12-23,2025-01-02,6,2083.0
BRO.MX,2025-01-17,2025-01-27,6,2241.0
BRO.MX,2025-03-06,2025-03-14,6,2407.0
BRO.MX,2025-11-04,2025-11-12,6,1453.81005859375
BRO.MX,2023-08-29,2023-09-05,5,1241.0
BRO.MX,2024-02-20,2024-02-27,5,1493.449951171875
BRO.MX,2024-07-01,2024-07-08,5,1652.0
BRO.MX,2024-10-17,2024-10-24,5,2129.0
BRO.MX,2024-10-25,2024-11-01,5,2078.0
BRO.MX,2025-04-22,2025-04-29,5,2265.27001953125
BRO.MX,2025-07-02,2025-07-09,5,2019.0
BRO.MX,2025-08-19,2025-08-26,5,1806.8800048828125
BRO.MX,2025-09-02,2025-09-09,5,1788.0
BRO.MX,2025-12-11,2025-12-19,5,1436.0
BRO.MX,2026-01-26,2026-02-03,5,1368.5
BSX.MX,2023-08-18,2023-09-26,27,855.8900146484375
BSX.MX,2023-07-05,2023-08-08,24,905.0499877929688
BSX.MX,2023-04-03,2023-05-09,23,894.0
BSX.MX,2023-05-30,2023-06-19,14,893.239990234375
BSX.MX,2023-03-16,2023-03-31,10,904.6599731445312
BSX.MX,2024-09-25,2024-10-10,10,1563.6700439453125
BSX.MX,2024-08-26,2024-09-06,9,1529.0
BSX.MX,2023-01-20,2023-02-01,8,856.3400268554688
BSX.MX,2023-05-11,2023-05-23,8,937.489990234375
BSX.MX,2023-12-14,2023-12-27,8,969.3400268554688
BSX.MX,2024-01-09,2024-01-19,8,999.7100219726562
BSX.MX,2025-01-08,2025-01-20,8,1969.0
BSX.MX,2023-01-02,2023-01-11,7,924.4500122070312
BSX.MX,2023-06-23,2023-07-04,7,931.5900268554688
BSX.MX,2023-10-06,2023-10-17,7,900.0
BSX.MX,2023-11-27,2023-12-06,7,951.9000244140625
BSX.MX,2024-02-16,2024-02-27,7,1124.22998046875
BSX.MX,2024-08-07,2024-08-16,7,1425.949951171875
BSX.MX,2024-12-16,2024-12-26,7,1809.1600341796875
BSX.MX,2025-03-20,2025-03-31,7,2060.469970703125
BSX.MX,2023-10-25,2023-11-03,6,930.75
BSX.MX,2024-07-18,2024-07-26,6,1348.0
BSX.MX,2024-07-29,2024-08-06,6,1400.25
BSX.MX,2024-12-27,2025-01-07,6,1840.0
BSX.MX,2023-03-01,2023-03-08,5,844.5
BSX.MX,2023-11-09,2023-11-16,5,919.030029296875
BSX.MX,2024-01-30,2024-02-07,5,1050.22998046875
BSX.MX,2024-05-03,2024-05-10,5,1236.030029296875
BSX.MX,2024-05-20,2024-05-27,5,1244.030029296875
BSX.MX,2024-10-22,2024-10-29,5,1752.760009765625
BSX.MX,2024-11-08,2024-11-15,5,1770.75
BSX.MX,2024-11-19,2024-11-26,5,1808.6500244140625
BSX.MX,2025-02-25,2025-03-04,5,2047.0
BSX.MX,2025-07-09,2025-07-16,5,1915.449951171875
BSX.MX,2025-09-09,2025-09-17,5,2020.0
BURL.MX,2023-12-07,2024-07-15,149,3060.0
BURL.MX,2023-02-01,2023-08-22,139,4340.0
BURL.MX,2024-07-16,2024-11-22,90,4253.0
BURL.MX,2025-02-07,2025-05-27,73,5550.0
BURL.MX,2025-09-22,2026-01-02,70,4750.0
BURL.MX,2026-01-05,2026-04-08,63,5250.0
BURL.MX,2024-11-26,2025-02-06,48,5942.0
BURL.MX,2023-09-01,2023-10-20,35,2790.0
BURL.MX,2025-08-14,2025-09-19,25,5313.0
BURL.MX,2026-04-21,2026-05-28,25,6040.0
BURL.MX,2026-06-02,2026-06-30,20,5539.22021484375
BURL.MX,2023-01-09,2023-01-31,16,4294.0
BURL.MX,2023-11-13,2023-12-06,16,2230.0
BURL.MX,2025-05-28,2025-06-19,16,4666.22998046875
BURL.MX,2025-06-26,2025-07-17,15,4330.0
BURL.MX,2023-10-23,2023-11-10,13,2165.0
BURL.MX,2025-07-28,2025-08-13,12,5278.0
BURL.MX,2026-04-09,2026-04-20,7,5912.10986328125
BURL.MX,2023-08-23,2023-08-31,6,2865.0
BURL.MX,2025-07-18,2025-07-25,5,4892.5
BWA.MX,2023-11-13,2024-06-12,143,575.0
BWA.MX,2025-01-21,2025-07-30,131,660.0
BWA.MX,2023-05-04,2023-09-08,91,658.0473022460938
BWA.MX,2026-02-20,2026-06-30,87,1001.7999877929688
BWA.MX,2023-01-02,2023-05-03,82,578.0086669921875
BWA.MX,2024-06-13,2024-10-03,78,616.0
BWA.MX,2024-10-04,2025-01-20,72,677.2000122070312
BWA.MX,2025-08-05,2025-11-03,63,700.0
BWA.MX,2025-11-24,2026-02-19,59,793.7999877929688
BWA.MX,2023-09-12,2023-11-10,42,714.0
BWA.MX,2025-11-04,2025-11-12,6,822.0
BWA.MX,2025-11-13,2025-11-21,5,834.1099853515625
BWXT.MX,2025-05-06,2025-12-03,149,2035.0
BWXT.MX,2024-11-25,2025-01-10,31,2689.89990234375
BWXT.MX,2025-01-13,2025-02-20,27,2400.0
BWXT.MX,2025-03-28,2025-05-02,22,1990.0
BWXT.MX,2026-06-03,2026-06-30,19,3200.0
BWXT.MX,2026-04-09,2026-05-07,18,3815.0
BWXT.MX,2025-12-10,2026-01-02,14,3300.830078125
BWXT.MX,2025-03-11,2025-03-27,11,2030.0
BWXT.MX,2026-02-03,2026-02-18,11,3632.0
BWXT.MX,2026-02-19,2026-03-06,11,3572.010009765625
BWXT.MX,2026-03-18,2026-04-06,11,3735.0
BWXT.MX,2026-05-08,2026-05-20,8,3600.0
BWXT.MX,2025-02-27,2025-03-10,7,2095.0
BWXT.MX,2026-01-07,2026-01-15,6,3467.0
BWXT.MX,2026-03-09,2026-03-17,5,3572.0
BX.MX,2024-10-24,2024-11-12,13,3352.669921875
BX.MX,2024-09-13,2024-10-02,11,2945.85009765625
BX.MX,2023-11-08,2023-11-23,10,1703.199951171875
BX.MX,2024-08-22,2024-09-05,10,2579.2099609375
BX.MX,2024-12-20,2025-01-07,10,3408.330078125
BX.MX,2025-06-11,2025-06-23,8,2668.0
BX.MX,2025-08-22,2025-09-03,8,3199.820068359375
BX.MX,2024-03-12,2024-03-22,7,2087.0
BX.MX,2024-10-14,2024-10-23,7,3012.0
BX.MX,2023-08-03,2023-08-11,6,1771.739990234375
BX.MX,2024-04-08,2024-04-16,6,2114.27001953125
BX.MX,2024-05-31,2024-06-10,6,1944.010009765625
BX.MX,2025-04-23,2025-05-02,6,2578.0
BX.MX,2025-05-16,2025-05-26,6,2865.0
BX.MX,2026-05-06,2026-05-14,6,2146.0
BX.MX,2026-06-22,2026-06-30,6,2141.8701171875
BX.MX,2023-02-14,2023-02-21,5,1784.5999755859375
BX.MX,2023-08-21,2023-08-28,5,1682.0
BX.MX,2024-06-27,2024-07-04,5,2271.0
BX.MX,2024-07-31,2024-08-07,5,2607.610107421875
BX.MX,2025-02-14,2025-02-21,5,3354.5
BX.MX,2025-06-03,2025-06-10,5,2670.0
BX.MX,2025-07-24,2025-07-31,5,3317.0
BX.MX,2025-08-05,2025-08-12,5,3146.0
BXP.MX,2025-06-27,2026-06-30,251,1280.0
BXP.MX,2024-07-03,2025-06-26,245,1108.0
BXP.MX,2023-05-16,2023-12-27,157,843.3900146484375
BXP.MX,2023-12-28,2024-07-02,127,1203.27001953125
BXP.MX,2023-01-02,2023-05-15,90,2436.300048828125
CAH.MX,2024-05-16,2024-09-30,96,1640.989990234375
CAH.MX,2023-12-01,2024-02-20,53,1847.8800048828125
CAH.MX,2024-03-04,2024-05-14,47,1926.0
CAH.MX,2024-12-30,2025-02-27,41,2437.0
CAH.MX,2023-05-26,2023-07-13,34,1466.0
CAH.MX,2024-10-02,2024-11-13,30,2136.260009765625
CAH.MX,2025-08-12,2025-09-24,30,2686.0
CAH.MX,2023-02-10,2023-03-23,28,1482.3499755859375
CAH.MX,2023-07-14,2023-08-23,28,1562.510009765625
CAH.MX,2023-10-16,2023-11-27,28,1663.0
CAH.MX,2024-11-19,2024-12-27,26,2431.280029296875
CAH.MX,2025-12-03,2026-01-06,21,3860.0
CAH.MX,2026-01-07,2026-02-04,19,3765.0
CAH.MX,2025-03-05,2025-04-01,18,2600.550048828125
CAH.MX,2023-05-02,2023-05-25,17,1475.0400390625
CAH.MX,2025-05-21,2025-06-13,17,2973.090087890625
CAH.MX,2025-10-22,2025-11-13,16,2940.0
CAH.MX,2026-05-18,2026-06-09,16,3478.1298828125
CAH.MX,2023-08-24,2023-09-12,13,1448.0
CAH.MX,2023-01-09,2023-01-25,12,1504.2900390625
CAH.MX,2023-04-12,2023-04-28,12,1430.550048828125
CAH.MX,2023-09-13,2023-09-29,12,1510.6300048828125
CAH.MX,2025-10-03,2025-10-21,12,2886.0
CAH.MX,2025-07-07,2025-07-22,11,3105.93994140625
CAH.MX,2026-03-23,2026-04-08,10,3680.760009765625
CAH.MX,2023-10-02,2023-10-13,9,1522.6500244140625
CAH.MX,2025-05-07,2025-05-20,9,2998.6298828125
CAH.MX,2026-04-09,2026-04-23,9,3759.0
CAH.MX,2025-07-28,2025-08-07,8,2902.0
CAH.MX,2024-02-21,2024-03-01,7,1789.5400390625
CAH.MX,2026-02-17,2026-02-26,7,3858.0
CAH.MX,2026-04-27,2026-05-07,7,3507.0
CAH.MX,2026-06-15,2026-06-24,7,3830.0
CAH.MX,2023-01-27,2023-02-07,6,1468.56005859375
CAH.MX,2025-06-17,2025-06-25,6,3124.639892578125
CAH.MX,2026-03-02,2026-03-10,6,4028.0
CAH.MX,2025-04-07,2025-04-14,5,2573.300048828125
CAH.MX,2025-09-25,2025-10-02,5,2729.0
CAH.MX,2026-02-09,2026-02-16,5,3960.0
CARR.MX,2023-01-02,2023-07-13,133,870.0
CARR.MX,2023-09-08,2024-01-17,88,1031.0999755859375
CARR.MX,2024-02-06,2024-04-25,54,940.280029296875
CARR.MX,2023-07-14,2023-09-07,39,895.0
CARR.MX,2024-07-15,2024-09-03,36,1200.4300537109375
CARR.MX,2025-02-05,2025-03-26,34,1335.8499755859375
CARR.MX,2026-03-10,2026-04-29,32,1029.8599853515625
CARR.MX,2024-05-27,2024-07-09,31,1101.22998046875
CARR.MX,2024-11-15,2025-01-03,31,1510.0
CARR.MX,2026-05-18,2026-06-17,22,1112.0
CARR.MX,2025-01-06,2025-02-04,20,1401.8499755859375
CARR.MX,2024-04-26,2024-05-24,19,1039.06005859375
CARR.MX,2025-09-08,2025-10-03,18,1224.0
CARR.MX,2026-01-07,2026-02-03,18,980.0
CARR.MX,2025-12-09,2026-01-06,17,981.0
CARR.MX,2025-06-17,2025-07-09,16,1325.1199951171875
CARR.MX,2025-05-06,2025-05-22,12,1392.0
CARR.MX,2024-01-18,2024-02-02,11,943.489990234375
CARR.MX,2025-07-10,2025-07-25,11,1420.0
CARR.MX,2025-08-04,2025-08-18,10,1245.0
CARR.MX,2026-02-23,2026-03-09,10,1101.6300048828125
CARR.MX,2024-10-18,2024-10-31,9,1545.0
CARR.MX,2025-11-20,2025-12-03,9,933.0
CARR.MX,2025-06-04,2025-06-16,8,1364.0
CARR.MX,2025-10-28,2025-11-07,8,1100.0
CARR.MX,2024-09-04,2024-09-13,7,1372.22998046875
CARR.MX,2024-09-26,2024-10-08,7,1561.43994140625
CARR.MX,2025-04-08,2025-04-21,7,1143.77001953125
CARR.MX,2025-05-23,2025-06-03,7,1365.260009765625
CARR.MX,2025-08-27,2025-09-05,7,1267.6600341796875
CARR.MX,2025-10-06,2025-10-15,7,1104.0
CARR.MX,2025-08-19,2025-08-26,5,1257.5699462890625
CARR.MX,2025-10-16,2025-10-23,5,998.0
CARR.MX,2026-05-08,2026-05-15,5,1165.0
CASY.MX,2024-09-05,2025-09-04,249,7450.0
CASY.MX,2025-12-30,2026-06-01,102,10150.0
CASY.MX,2025-09-08,2025-12-29,76,9505.0
CASY.MX,2026-06-10,2026-06-30,14,15614.0
CASY.MX,2026-06-02,2026-06-09,5,12971.919921875
CAT.MX,2024-03-08,2024-03-20,7,5710.0
CAT.MX,2023-10-19,2023-10-27,6,4730.0
CAT.MX,2024-08-06,2024-08-14,6,6235.72021484375
CAT.MX,2024-07-05,2024-07-12,5,6083.27978515625
CAT.MX,2025-05-29,2025-06-05,5,6800.0
CBOE.MX,2023-10-12,2024-08-05,202,2879.5
CBOE.MX,2023-01-02,2023-04-19,73,2468.0
CBOE.MX,2023-04-20,2023-07-21,65,2475.0
CBOE.MX,2023-08-08,2023-10-11,46,2515.0
CBOE.MX,2025-01-31,2025-04-09,46,4248.7900390625
CBOE.MX,2024-08-06,2024-10-10,45,3804.320068359375
CBOE.MX,2025-06-05,2025-07-29,38,4269.669921875
CBOE.MX,2025-11-25,2026-01-19,36,4700.0
CBOE.MX,2026-01-20,2026-03-03,29,4740.0
CBOE.MX,2025-09-04,2025-10-15,28,4404.7900390625
CBOE.MX,2024-12-04,2025-01-14,26,4327.740234375
CBOE.MX,2026-05-12,2026-06-16,25,6055.0
CBOE.MX,2025-05-02,2025-06-04,23,4476.39990234375
CBOE.MX,2026-04-06,2026-04-30,17,5202.0
CBOE.MX,2025-10-23,2025-11-14,16,4385.0
CBOE.MX,2024-10-11,2024-10-31,14,3950.8701171875
CBOE.MX,2025-08-01,2025-08-19,12,4622.83984375
CBOE.MX,2025-01-15,2025-01-30,11,3919.10009765625
CBOE.MX,2023-07-24,2023-08-07,10,2400.0
CBOE.MX,2025-04-15,2025-04-30,9,4379.18017578125
CBOE.MX,2024-11-07,2024-11-19,7,4033.31005859375
CBOE.MX,2026-03-11,2026-03-23,7,5028.669921875
CBOE.MX,2026-03-24,2026-04-01,6,4999.330078125
CBOE.MX,2025-08-27,2025-09-03,5,4469.0
CBOE.MX,2026-06-17,2026-06-24,5,4284.43994140625
CBRE.MX,2024-02-14,2024-06-27,92,1485.969970703125
CBRE.MX,2024-10-16,2025-02-11,79,2425.0
CBRE.MX,2023-09-11,2023-11-15,46,1494.0
CBRE.MX,2025-02-12,2025-04-22,46,2863.9599609375
CBRE.MX,2025-10-06,2025-12-08,44,2832.8701171875
CBRE.MX,2025-04-23,2025-06-24,43,2433.6201171875
CBRE.MX,2025-07-01,2025-08-20,36,2665.35009765625
CBRE.MX,2023-11-16,2024-01-09,34,1339.0799560546875
CBRE.MX,2025-08-21,2025-10-03,30,3001.340087890625
CBRE.MX,2026-03-12,2026-04-24,27,2350.0
CBRE.MX,2024-08-05,2024-09-06,24,2104.0
CBRE.MX,2024-09-09,2024-10-15,24,2288.0
CBRE.MX,2026-05-26,2026-06-24,21,2240.0
CBRE.MX,2023-08-11,2023-09-08,20,1435.0
CBRE.MX,2024-01-19,2024-02-13,16,1461.0899658203125
CBRE.MX,2024-06-28,2024-07-22,16,1614.469970703125
CBRE.MX,2025-12-18,2026-01-13,16,2908.52001953125
CBRE.MX,2023-07-20,2023-08-10,15,1485.9200439453125
CBRE.MX,2023-06-12,2023-06-30,14,1335.0
CBRE.MX,2023-05-11,2023-05-29,12,1291.949951171875
CBRE.MX,2023-07-03,2023-07-19,12,1392.0
CBRE.MX,2023-03-29,2023-04-14,10,1251.199951171875
CBRE.MX,2023-04-25,2023-05-10,10,1274.0400390625
CBRE.MX,2026-04-27,2026-05-12,10,2555.669921875
CBRE.MX,2026-01-29,2026-02-12,9,2950.0
CBRE.MX,2023-01-17,2023-01-27,8,1587.0
CBRE.MX,2023-03-10,2023-03-23,8,1446.0
CBRE.MX,2024-07-23,2024-08-02,8,1814.18994140625
CBRE.MX,2023-02-22,2023-03-03,7,1577.3900146484375
CBRE.MX,2026-02-24,2026-03-05,7,2514.8701171875
CBRE.MX,2023-02-14,2023-02-21,5,1647.5400390625
CBRE.MX,2023-05-30,2023-06-06,5,1323.0
CBRE.MX,2026-01-21,2026-01-28,5,2943.3798828125
CDE.MX,2023-01-02,2024-08-26,415,74.44999694824219
CDE.MX,2025-03-04,2025-06-04,62,107.0
CDE.MX,2025-08-14,2025-09-10,19,218.0
CDE.MX,2025-06-12,2025-07-04,16,176.1999969482422
CDE.MX,2024-08-27,2024-09-12,12,124.5999984741211
CDE.MX,2025-01-27,2025-02-13,12,125.0
CDE.MX,2024-12-19,2025-01-07,11,118.0
CDE.MX,2025-01-08,2025-01-23,11,129.6699981689453
CDE.MX,2025-07-08,2025-07-22,10,167.0
CDE.MX,2024-10-07,2024-10-18,9,126.0
CDE.MX,2025-12-05,2025-12-19,9,299.0
CDE.MX,2024-11-20,2024-12-02,8,133.8000030517578
CDE.MX,2025-08-01,2025-08-13,8,160.0
CDE.MX,2024-09-24,2024-10-04,7,134.0
CDE.MX,2024-10-21,2024-10-30,7,140.0
CDE.MX,2024-09-13,2024-09-23,5,120.0
CDE.MX,2025-11-21,2025-11-28,5,257.5199890136719
CDNS.MX,2023-09-05,2023-10-06,23,4150.0
CDNS.MX,2023-12-22,2024-01-15,14,4666.08984375
CDNS.MX,2023-05-08,2023-05-19,9,3656.0
CDNS.MX,2023-08-21,2023-08-31,8,3804.0
CDNS.MX,2023-10-17,2023-10-26,7,4485.0
CDNS.MX,2024-11-21,2024-12-02,7,6270.43994140625
CDNS.MX,2023-11-03,2023-11-13,6,4373.02978515625
CDNS.MX,2023-12-01,2023-12-11,6,4635.419921875
CDNS.MX,2023-01-05,2023-01-12,5,3048.5
CDNS.MX,2023-03-16,2023-03-24,5,3917.639892578125
CDNS.MX,2023-05-23,2023-05-30,5,3704.43994140625
CDNS.MX,2023-10-09,2023-10-16,5,4479.22998046875
CDNS.MX,2024-01-22,2024-01-29,5,5082.43017578125
CDNS.MX,2024-02-15,2024-02-22,5,5035.0
CDNS.MX,2024-02-27,2024-03-05,5,5197.0
CDNS.MX,2024-04-23,2024-04-30,5,4800.0
CDNS.MX,2024-05-21,2024-05-28,5,4823.9599609375
CDNS.MX,2024-06-13,2024-06-20,5,5685.31005859375
CDNS.MX,2024-10-03,2024-10-10,5,5152.56005859375
CDNS.MX,2024-11-12,2024-11-20,5,6153.8701171875
CDNS.MX,2025-01-13,2025-01-20,5,6089.8798828125
CDNS.MX,2025-03-28,2025-04-04,5,5335.0
CDNS.MX,2025-04-15,2025-04-24,5,5268.9599609375
CDW.MX,2025-03-10,2026-06-03,307,3400.0
CDW.MX,2023-07-11,2024-07-08,249,3192.0
CDW.MX,2023-01-02,2023-05-24,97,3907.5
CDW.MX,2024-07-09,2024-09-25,55,3867.5
CDW.MX,2024-11-14,2025-01-10,37,3691.5
CDW.MX,2025-01-13,2025-02-28,33,3732.300048828125
CDW.MX,2023-05-25,2023-06-29,25,3052.64990234375
CDW.MX,2026-06-04,2026-06-22,12,2413.0
CDW.MX,2024-10-22,2024-11-06,11,4355.83984375
CDW.MX,2024-09-26,2024-10-11,10,4450.0
CDW.MX,2023-06-30,2023-07-10,6,3170.0
CDW.MX,2024-10-14,2024-10-21,5,4342.52978515625
CEG.MX,2023-01-02,2023-03-27,58,1760.0
CEG.MX,2023-03-28,2023-06-19,56,1365.0
CEG.MX,2023-08-03,2023-09-26,38,1740.0
CEG.MX,2023-09-27,2023-11-06,27,1840.0
CEG.MX,2023-06-20,2023-07-17,19,1587.9000244140625
CEG.MX,2024-03-13,2024-04-04,13,2795.0
CEG.MX,2023-07-18,2023-08-02,11,1610.5
CEG.MX,2024-08-05,2024-08-20,11,3180.0
CEG.MX,2024-02-12,2024-02-23,9,2198.25
CEG.MX,2024-07-02,2024-07-15,9,3830.0
CEG.MX,2023-12-28,2024-01-09,7,1931.5
CEG.MX,2024-05-24,2024-06-04,7,3843.320068359375
CEG.MX,2023-12-05,2023-12-14,6,2060.159912109375
CEG.MX,2024-01-12,2024-01-19,5,1862.6500244140625
CEG.MX,2024-07-17,2024-07-24,5,3363.0
CEG.MX,2024-08-27,2024-09-03,5,3900.0
CEG.MX,2025-03-20,2025-03-27,5,4425.0
CF.MX,2023-11-21,2025-08-07,428,1278.5
CF.MX,2025-08-08,2026-01-22,114,1521.0
CF.MX,2023-07-18,2023-11-17,87,1283.0
CF.MX,2026-05-06,2026-06-30,39,2110.0
CF.MX,2023-03-17,2023-04-20,21,1355.8499755859375
CF.MX,2026-01-23,2026-02-17,16,1600.0
CF.MX,2023-02-16,2023-03-08,14,1603.0
CF.MX,2023-06-07,2023-06-22,11,1183.0799560546875
CF.MX,2023-01-02,2023-01-16,10,2019.0
CF.MX,2026-02-18,2026-03-02,8,1649.0
CF.MX,2026-04-08,2026-04-20,8,2195.0
CF.MX,2023-05-26,2023-06-06,7,1099.989990234375
CF.MX,2023-01-17,2023-01-25,6,1632.0
CF.MX,2023-01-26,2023-02-03,6,1576.3599853515625
CF.MX,2023-02-07,2023-02-15,6,1605.0
CF.MX,2023-07-10,2023-07-17,5,1208.22998046875
CF.MX,2026-03-03,2026-03-10,5,1859.0
CFG.MX,2023-01-23,2024-01-30,256,782.25
CFG.MX,2025-03-26,2025-10-23,147,854.739990234375
CFG.MX,2024-02-29,2024-07-26,102,537.5
CFG.MX,2024-10-16,2025-03-13,101,856.0
CFG.MX,2026-01-23,2026-06-12,94,1087.800048828125
CFG.MX,2024-07-29,2024-10-03,46,803.75
CFG.MX,2025-10-24,2025-12-09,31,964.0
CFG.MX,2025-12-10,2026-01-22,28,1029.25
CFG.MX,2024-01-31,2024-02-28,19,589.27001953125
CFG.MX,2023-01-02,2023-01-20,14,745.0
CFG.MX,2024-10-04,2024-10-15,7,793.0
CFG.MX,2026-06-22,2026-06-30,6,1169.989990234375
CG.MX,2024-08-21,2025-01-16,100,775.0
CG.MX,2025-04-03,2025-07-23,76,805.0999755859375
CG.MX,2023-07-07,2023-10-10,67,546.25
CG.MX,2024-04-16,2024-07-10,60,766.4000244140625
CG.MX,2023-05-04,2023-07-06,45,465.0
CG.MX,2023-10-11,2023-12-06,38,540.6500244140625
CG.MX,2024-01-16,2024-03-11,38,667.0
CG.MX,2025-08-22,2025-10-02,28,1215.0
CG.MX,2023-12-07,2024-01-15,24,630.5
CG.MX,2024-03-12,2024-04-15,21,780.0
CG.MX,2023-01-02,2023-01-27,19,748.6900024414062
CG.MX,2023-03-10,2023-04-11,19,575.9199829101562
CG.MX,2026-04-29,2026-05-26,18,824.0
CG.MX,2025-02-11,2025-03-06,17,1010.0
CG.MX,2025-03-07,2025-04-02,17,870.0
CG.MX,2026-05-27,2026-06-19,17,795.9000244140625
CG.MX,2025-12-17,2026-01-12,16,1050.0
CG.MX,2025-01-17,2025-02-10,15,1140.0
CG.MX,2026-03-23,2026-04-15,15,860.0
CG.MX,2024-07-11,2024-07-29,12,766.0
CG.MX,2025-10-03,2025-10-21,12,1172.0
CG.MX,2025-11-20,2025-12-08,12,972.0
CG.MX,2024-07-30,2024-08-14,11,901.0999755859375
CG.MX,2026-03-05,2026-03-20,10,900.0
CG.MX,2026-02-05,2026-02-18,9,967.5
CG.MX,2023-02-08,2023-02-20,8,675.9500122070312
CG.MX,2023-04-13,2023-04-25,8,555.0
CG.MX,2025-07-31,2025-08-12,8,1176.5
CG.MX,2026-01-22,2026-02-04,8,1094.0
CG.MX,2025-11-03,2025-11-12,7,957.0
CG.MX,2023-02-22,2023-03-02,6,630.4099731445312
CG.MX,2026-01-13,2026-01-21,6,1144.0
CG.MX,2026-02-24,2026-03-04,6,879.0
CG.MX,2026-04-17,2026-04-27,5,910.0
CHD.MX,2024-11-07,2025-01-03,37,2067.89990234375
CHD.MX,2025-10-22,2025-12-08,32,1636.9000244140625
CHD.MX,2023-07-21,2023-08-24,24,1660.5
CHD.MX,2026-03-23,2026-04-27,22,1694.8199462890625
CHD.MX,2023-01-02,2023-01-31,21,1585.0
CHD.MX,2023-10-03,2023-11-01,21,1650.0
CHD.MX,2026-04-28,2026-05-28,21,1696.8699951171875
CHD.MX,2023-06-23,2023-07-20,19,1681.780029296875
CHD.MX,2025-08-14,2025-09-09,18,1740.0
CHD.MX,2023-03-02,2023-03-23,14,1538.3199462890625
CHD.MX,2023-09-07,2023-09-27,14,1638.0799560546875
CHD.MX,2023-05-11,2023-05-29,12,1696.0
CHD.MX,2025-05-06,2025-05-22,12,1814.0
CHD.MX,2025-12-22,2026-01-09,12,1514.550048828125
CHD.MX,2024-09-12,2024-09-30,11,2010.25
CHD.MX,2024-10-21,2024-11-05,11,2070.89990234375
CHD.MX,2025-01-10,2025-01-27,11,2112.889892578125
CHD.MX,2025-01-28,2025-02-13,11,2234.0
CHD.MX,2025-03-06,2025-03-24,11,2247.030029296875
CHD.MX,2025-05-23,2025-06-09,11,1832.56005859375
CHD.MX,2025-07-09,2025-07-24,11,1828.699951171875
CHD.MX,2026-03-04,2026-03-20,11,1803.0999755859375
CHD.MX,2026-02-05,2026-02-19,10,1746.9000244140625
CHD.MX,2023-03-24,2023-04-10,9,1589.0
CHD.MX,2025-02-14,2025-02-27,9,2144.030029296875
CHD.MX,2025-04-11,2025-04-28,9,2092.47998046875
CHD.MX,2025-06-13,2025-06-26,9,1877.5
CHD.MX,2025-09-24,2025-10-07,9,1580.0
CHD.MX,2026-05-29,2026-06-11,9,1680.989990234375
CHD.MX,2023-02-17,2023-03-01,8,1535.25
CHD.MX,2023-04-18,2023-04-28,8,1631.43994140625
CHD.MX,2024-07-09,2024-07-19,8,1876.0
CHD.MX,2024-08-13,2024-08-23,8,1912.0
CHD.MX,2025-03-25,2025-04-04,8,2107.0
CHD.MX,2025-10-08,2025-10-20,8,1630.0
CHD.MX,2023-02-02,2023-02-14,7,1489.6500244140625
CHD.MX,2023-06-13,2023-06-22,7,1626.43994140625
CHD.MX,2025-06-27,2025-07-08,7,1793.1099853515625
CHD.MX,2025-12-09,2025-12-19,7,1503.5
CHD.MX,2026-01-20,2026-01-29,7,1597.9000244140625
CHD.MX,2023-05-02,2023-05-10,6,1737.0
CHD.MX,2023-08-29,2023-09-06,6,1604.0
CHD.MX,2024-05-06,2024-05-14,6,1784.5999755859375
CHD.MX,2024-10-02,2024-10-10,6,1995.0
CHD.MX,2025-07-25,2025-08-04,6,1790.1300048828125
CHD.MX,2025-08-05,2025-08-13,6,1734.0
CHD.MX,2026-02-20,2026-03-02,6,1767.0799560546875
CHD.MX,2026-06-12,2026-06-22,6,1640.0
CHD.MX,2023-06-05,2023-06-12,5,1650.0
CHD.MX,2023-12-27,2024-01-04,5,1570.0
CHD.MX,2024-01-12,2024-01-19,5,1636.43994140625
CHD.MX,2024-03-05,2024-03-12,5,1712.9000244140625
CHD.MX,2024-04-03,2024-04-10,5,1712.530029296875
CHD.MX,2024-10-11,2024-10-18,5,1912.0799560546875
CHD.MX,2026-01-12,2026-01-19,5,1510.0
CHRW.MX,2026-05-19,2026-06-26,28,2940.0
CHRW.MX,2026-03-09,2026-04-20,27,3162.6201171875
CHRW.MX,2026-02-17,2026-03-06,13,3090.0
CHRW.MX,2026-05-05,2026-05-18,9,2877.679931640625
CHTR.MX,2025-02-19,2025-06-17,80,7440.0
CHTR.MX,2024-03-19,2024-07-01,71,4915.0
CHTR.MX,2023-05-15,2023-08-16,67,5945.0
CHTR.MX,2023-01-24,2023-03-15,35,7430.0
CHTR.MX,2023-11-06,2023-12-26,33,7352.77001953125
CHTR.MX,2025-06-18,2025-07-30,30,7174.0
CHTR.MX,2024-11-08,2024-12-19,27,7870.0
CHTR.MX,2024-01-02,2024-02-01,22,6632.39990234375
CHTR.MX,2024-02-14,2024-03-15,22,4920.0
CHTR.MX,2023-10-02,2023-10-31,21,7720.0
CHTR.MX,2023-04-17,2023-05-12,18,6165.0
CHTR.MX,2024-08-05,2024-08-28,17,7215.6201171875
CHTR.MX,2025-01-23,2025-02-18,17,7321.0
CHTR.MX,2024-09-24,2024-10-15,14,6420.0
CHTR.MX,2025-01-02,2025-01-22,14,7160.7099609375
CHTR.MX,2023-08-17,2023-09-04,12,7300.0
CHTR.MX,2024-08-30,2024-09-18,12,6881.0
CHTR.MX,2026-03-27,2026-04-15,11,3915.0
CHTR.MX,2023-09-05,2023-09-19,10,7200.0
CHTR.MX,2024-10-16,2024-10-30,10,6605.0
CHTR.MX,2023-03-29,2023-04-13,9,6340.0
CHTR.MX,2025-09-26,2025-10-09,9,5040.0
CHTR.MX,2023-01-06,2023-01-18,8,7050.0
CHTR.MX,2026-02-09,2026-02-19,8,4065.0
CHTR.MX,2023-09-20,2023-09-29,7,7718.0
CHTR.MX,2025-08-28,2025-09-08,7,4932.0
CHTR.MX,2023-03-16,2023-03-27,6,6480.0
CHTR.MX,2024-07-02,2024-07-10,6,5526.93994140625
CHTR.MX,2024-12-20,2024-12-31,6,7128.0
CHTR.MX,2025-12-23,2026-01-02,6,3765.0
CHTR.MX,2025-08-12,2025-08-19,5,4887.2998046875
CHTR.MX,2026-01-05,2026-01-12,5,3768.0
CHTR.MX,2026-06-09,2026-06-16,5,2334.0
CI.MX,2023-05-09,2023-09-12,90,4716.4501953125
CI.MX,2023-12-19,2024-03-20,62,4960.0
CI.MX,2024-06-21,2024-09-02,51,6153.89013671875
CI.MX,2025-02-06,2025-04-14,46,6050.0
CI.MX,2023-02-22,2023-04-24,40,5409.2998046875
CI.MX,2025-06-03,2025-07-18,33,6165.0
CI.MX,2024-03-21,2024-05-03,28,5929.0
CI.MX,2023-10-19,2023-11-28,26,5615.0
CI.MX,2025-12-19,2026-01-28,26,4950.0
CI.MX,2026-03-17,2026-04-27,26,4700.0
CI.MX,2023-09-13,2023-10-18,25,4860.509765625
CI.MX,2024-05-16,2024-06-20,25,5696.4599609375
CI.MX,2024-09-11,2024-10-15,22,7257.58984375
CI.MX,2024-11-14,2024-12-16,20,6627.6298828125
CI.MX,2024-12-19,2025-01-14,16,5583.72021484375
CI.MX,2025-04-15,2025-05-09,15,6600.0
CI.MX,2025-05-12,2025-06-02,15,6160.0
CI.MX,2024-10-24,2024-11-13,14,6339.35986328125
CI.MX,2026-05-13,2026-06-01,13,5156.0
CI.MX,2026-01-29,2026-02-17,12,4670.0
CI.MX,2023-01-09,2023-01-24,11,5776.16015625
CI.MX,2025-07-31,2025-08-15,11,5333.39013671875
CI.MX,2025-12-03,2025-12-18,10,4995.0
CI.MX,2025-09-15,2025-09-29,9,5473.41015625
CI.MX,2026-02-18,2026-03-03,9,4962.66015625
CI.MX,2023-04-25,2023-05-08,8,4700.0
CI.MX,2024-05-06,2024-05-15,7,5915.990234375
CI.MX,2025-07-21,2025-07-30,7,5500.0
CI.MX,2025-08-22,2025-09-01,6,5700.0
CI.MX,2025-10-21,2025-10-29,6,5620.0
CI.MX,2025-11-24,2025-12-02,6,5020.0
CI.MX,2025-01-22,2025-01-29,5,5932.27978515625
CI.MX,2026-06-09,2026-06-16,5,5133.0
CIEN.MX,2024-01-29,2024-07-15,115,880.0
CIEN.MX,2023-07-20,2023-10-10,58,720.030029296875
CIEN.MX,2023-03-14,2023-05-31,52,941.5999755859375
CIEN.MX,2023-01-03,2023-03-13,48,990.8200073242188
CIEN.MX,2023-11-07,2024-01-17,47,754.3599853515625
CIEN.MX,2024-10-09,2024-11-13,25,1308.6099853515625
CIEN.MX,2024-08-02,2024-09-04,23,933.1599731445312
CIEN.MX,2025-03-12,2025-04-07,17,1341.5899658203125
CIEN.MX,2024-12-30,2025-01-21,15,1756.449951171875
CIEN.MX,2025-04-22,2025-05-14,15,1167.760009765625
CIEN.MX,2025-07-01,2025-07-22,15,1519.3699951171875
CIEN.MX,2023-06-15,2023-07-05,14,760.3400268554688
CIEN.MX,2024-11-14,2024-12-05,14,1432.1400146484375
CIEN.MX,2025-09-17,2025-10-06,13,2490.0
CIEN.MX,2024-07-16,2024-08-01,12,916.530029296875
CIEN.MX,2024-09-19,2024-10-08,12,1115.030029296875
CIEN.MX,2025-02-20,2025-03-10,12,1765.010009765625
CIEN.MX,2025-08-19,2025-09-03,11,1702.0
CIEN.MX,2025-01-31,2025-02-17,10,1799.199951171875
CIEN.MX,2023-06-01,2023-06-14,9,828.3300170898438
CIEN.MX,2023-07-06,2023-07-19,9,732.75
CIEN.MX,2023-10-23,2023-11-06,9,748.3300170898438
CIEN.MX,2023-10-11,2023-10-20,7,789.9500122070312
CIEN.MX,2025-10-24,2025-11-04,7,3306.0
CIEN.MX,2024-01-18,2024-01-26,6,882.510009765625
CIEN.MX,2024-09-05,2024-09-13,6,1051.1099853515625
CIEN.MX,2025-05-19,2025-05-27,6,1560.5400390625
CIEN.MX,2025-11-28,2025-12-08,6,3740.0
CIEN.MX,2024-12-19,2024-12-27,5,1739.2900390625
CIEN.MX,2025-08-01,2025-08-08,5,1686.7099609375
CIEN.MX,2025-08-11,2025-08-18,5,1751.0
CIEN.MX,2025-11-05,2025-11-12,5,3600.0
CL.MX,2023-04-12,2023-04-28,12,1376.0
CL.MX,2024-12-20,2025-01-09,12,1837.0
CL.MX,2023-06-07,2023-06-22,11,1300.0
CL.MX,2023-10-13,2023-10-30,11,1280.0
CL.MX,2023-03-14,2023-03-28,9,1339.300048828125
CL.MX,2023-06-23,2023-07-06,9,1329.9000244140625
CL.MX,2024-04-08,2024-04-19,9,1436.0
CL.MX,2023-03-01,2023-03-13,8,1310.0
CL.MX,2023-05-02,2023-05-12,8,1458.9599609375
CL.MX,2024-05-15,2024-05-27,8,1577.199951171875
CL.MX,2025-01-31,2025-02-13,8,1780.0
CL.MX,2025-04-22,2025-05-05,8,1853.0
CL.MX,2023-01-02,2023-01-11,7,1544.0999755859375
CL.MX,2023-11-27,2023-12-06,7,1324.9000244140625
CL.MX,2024-08-07,2024-08-16,7,1986.0
CL.MX,2024-09-30,2024-10-10,7,2038.06005859375
CL.MX,2025-01-10,2025-01-21,7,1786.0
CL.MX,2025-02-14,2025-02-25,7,1760.9100341796875
CL.MX,2025-12-09,2025-12-19,7,1406.800048828125
CL.MX,2024-01-05,2024-01-15,6,1344.5
CL.MX,2024-07-17,2024-07-25,6,1745.0
CL.MX,2024-10-11,2024-10-21,6,1926.43994140625
CL.MX,2024-11-21,2024-11-29,6,1905.0
CL.MX,2026-06-03,2026-06-11,6,1486.8299560546875
CL.MX,2023-02-14,2023-02-21,5,1365.9000244140625
CL.MX,2023-08-08,2023-08-15,5,1318.0
CL.MX,2024-01-17,2024-01-24,5,1395.22998046875
CL.MX,2024-03-21,2024-04-01,5,1485.030029296875
CL.MX,2024-09-13,2024-09-23,5,2030.5999755859375
CL.MX,2024-12-09,2024-12-17,5,1892.0
CL.MX,2025-05-15,2025-05-22,5,1765.0
CL.MX,2025-07-09,2025-07-16,5,1703.0999755859375
CL.MX,2026-02-12,2026-02-19,5,1680.0
CLX.MX,2024-02-06,2024-07-11,108,2620.800048828125
CLX.MX,2024-12-06,2025-04-30,96,3410.0
CLX.MX,2023-04-27,2023-06-27,42,2980.0
CLX.MX,2023-01-02,2023-02-23,37,2925.0
CLX.MX,2023-12-19,2024-02-02,31,2424.300048828125
CLX.MX,2024-09-10,2024-10-25,31,3343.0
CLX.MX,2025-07-08,2025-08-18,29,2368.080078125
CLX.MX,2023-07-21,2023-08-30,28,2620.0
CLX.MX,2023-08-31,2023-10-04,24,2657.0
CLX.MX,2023-10-27,2023-12-01,23,2135.1201171875
CLX.MX,2025-09-05,2025-10-03,19,2390.0
CLX.MX,2025-05-02,2025-05-28,18,2735.0
CLX.MX,2023-06-28,2023-07-20,16,2601.0
CLX.MX,2024-07-12,2024-08-02,15,2408.199951171875
CLX.MX,2025-06-06,2025-06-27,15,2437.820068359375
CLX.MX,2024-11-14,2024-12-05,14,3380.0
CLX.MX,2023-02-24,2023-03-15,13,2830.72998046875
CLX.MX,2025-11-21,2025-12-09,12,1934.0
CLX.MX,2026-03-26,2026-04-15,12,1833.5
CLX.MX,2023-03-21,2023-04-05,11,2900.0
CLX.MX,2026-06-09,2026-06-24,11,1700.0
CLX.MX,2024-08-05,2024-08-19,10,2825.0
CLX.MX,2024-08-20,2024-09-03,10,2708.800048828125
CLX.MX,2026-01-13,2026-01-27,10,1952.8299560546875
CLX.MX,2026-03-04,2026-03-19,10,2059.0
CLX.MX,2023-12-04,2023-12-18,9,2470.0
CLX.MX,2025-12-26,2026-01-08,8,1754.300048828125
CLX.MX,2023-04-10,2023-04-19,7,2843.64990234375
CLX.MX,2023-10-12,2023-10-23,7,2172.22998046875
CLX.MX,2024-10-28,2024-11-05,6,3152.800048828125
CLX.MX,2025-10-06,2025-10-14,6,2188.0
CLX.MX,2026-02-17,2026-02-25,6,2092.0
CLX.MX,2024-11-06,2024-11-13,5,3333.0
CMCSA.MX,2023-03-13,2023-03-29,11,648.0
CMCSA.MX,2023-08-02,2023-08-17,11,768.0
CMCSA.MX,2023-08-30,2023-09-12,9,784.0
CMCSA.MX,2023-06-28,2023-07-10,8,709.25
CMCSA.MX,2023-11-14,2023-11-27,8,736.0
CMCSA.MX,2024-02-14,2024-02-26,8,717.75
CMCSA.MX,2023-02-23,2023-03-06,7,687.0
CMCSA.MX,2023-04-05,2023-04-18,7,698.5
CMCSA.MX,2023-05-22,2023-05-31,7,720.9299926757812
CMCSA.MX,2023-06-01,2023-06-12,7,676.0
CMCSA.MX,2023-07-12,2023-07-21,7,709.97998046875
CMCSA.MX,2023-08-18,2023-08-29,7,789.0
CMCSA.MX,2023-11-28,2023-12-07,7,720.0
CMCSA.MX,2024-04-02,2024-04-11,7,694.4600219726562
CMCSA.MX,2023-01-03,2023-01-11,6,684.6199951171875
CMCSA.MX,2023-02-08,2023-02-16,6,730.75
CMCSA.MX,2023-06-13,2023-06-21,6,705.0
CMCSA.MX,2023-09-13,2023-09-21,6,771.25
CMCSA.MX,2023-10-27,2023-11-07,6,725.0
CMCSA.MX,2023-12-19,2023-12-28,6,765.8499755859375
CMCSA.MX,2024-01-03,2024-01-11,6,745.0
CMCSA.MX,2024-05-07,2024-05-15,6,652.2000122070312
CMCSA.MX,2023-05-12,2023-05-19,5,708.0
CMCSA.MX,2024-03-05,2024-03-12,5,711.5
CMCSA.MX,2024-04-26,2024-05-06,5,630.0
CMCSA.MX,2024-05-21,2024-05-28,5,645.0
CMCSA.MX,2024-11-11,2024-11-19,5,911.5999755859375
CME.MX,2023-02-07,2023-07-17,110,3345.0
CME.MX,2023-07-26,2023-09-04,28,3284.0
CME.MX,2023-09-05,2023-10-12,27,3515.06005859375
CME.MX,2023-01-02,2023-02-03,24,3270.300048828125
CME.MX,2024-01-31,2024-03-05,23,3548.0
CME.MX,2023-12-14,2024-01-17,22,3627.159912109375
CME.MX,2023-10-13,2023-11-09,18,3950.909912109375
CME.MX,2024-12-13,2025-01-09,17,4778.0
CME.MX,2025-04-14,2025-05-12,17,5311.5400390625
CME.MX,2024-06-06,2024-06-26,14,3524.97998046875
CME.MX,2024-10-08,2024-10-28,14,4203.0
CME.MX,2025-02-04,2025-02-24,14,4930.0
CME.MX,2023-11-10,2023-11-30,13,3819.1298828125
CME.MX,2024-07-26,2024-08-13,12,3710.800048828125
CME.MX,2024-08-28,2024-09-13,12,4180.5
CME.MX,2025-01-15,2025-01-31,12,4672.91015625
CME.MX,2025-12-26,2026-01-14,12,4947.10009765625
CME.MX,2026-03-13,2026-03-31,11,5619.39990234375
CME.MX,2024-04-05,2024-04-19,10,3485.659912109375
CME.MX,2024-07-02,2024-07-15,9,3579.5
CME.MX,2024-08-14,2024-08-27,9,3757.669921875
CME.MX,2025-05-13,2025-05-26,9,5245.10986328125
CME.MX,2025-10-07,2025-10-20,9,4820.0
CME.MX,2025-10-30,2025-11-12,9,4875.22021484375
CME.MX,2024-01-18,2024-01-30,8,3463.030029296875
CME.MX,2024-04-22,2024-05-03,8,3581.449951171875
CME.MX,2025-02-28,2025-03-12,8,5175.0
CME.MX,2025-03-20,2025-04-01,8,5364.0
CME.MX,2025-07-09,2025-07-21,8,5152.0
CME.MX,2025-11-26,2025-12-08,8,5150.0
CME.MX,2026-06-15,2026-06-25,8,4588.0
CME.MX,2024-10-29,2024-11-07,7,4565.0
CME.MX,2024-11-21,2024-12-02,7,4649.0
CME.MX,2025-11-13,2025-11-25,7,5258.5
CME.MX,2026-01-20,2026-01-29,7,4959.27001953125
CME.MX,2026-04-09,2026-04-20,7,5227.0
CME.MX,2023-12-04,2023-12-13,6,3836.489990234375
CME.MX,2024-11-11,2024-11-20,6,4615.10986328125
CME.MX,2025-06-17,2025-06-25,6,5130.0
CME.MX,2025-06-26,2025-07-04,6,5162.0
CME.MX,2025-09-23,2025-10-01,6,4780.0
CME.MX,2025-10-21,2025-10-29,6,4960.0
CME.MX,2025-12-09,2025-12-18,6,4919.39013671875
CME.MX,2026-03-02,2026-03-10,6,5660.0
CME.MX,2023-07-18,2023-07-25,5,3121.0
CME.MX,2024-05-16,2024-05-23,5,3511.35009765625
CME.MX,2024-05-24,2024-05-31,5,3605.0
CME.MX,2024-09-17,2024-09-24,5,4151.0
CME.MX,2025-04-03,2025-04-10,5,5365.0
CME.MX,2025-08-21,2025-08-28,5,5200.0
CME.MX,2025-09-10,2025-09-18,5,4800.0
CME.MX,2026-02-20,2026-02-27,5,5269.259765625
CME.MX,2026-06-05,2026-06-12,5,4497.0
CMG.MX,2024-01-02,2024-01-30,20,765.0706176757812
CMG.MX,2024-02-08,2024-03-06,19,907.5999755859375
CMG.MX,2024-03-25,2024-04-22,18,968.2227783203125
CMG.MX,2023-07-03,2023-07-25,16,720.0
CMG.MX,2023-11-14,2023-12-07,16,755.0
CMG.MX,2023-03-27,2023-04-19,15,607.739990234375
CMG.MX,2023-08-17,2023-09-05,13,640.239990234375
CMG.MX,2023-12-11,2023-12-29,12,800.4000244140625
CMG.MX,2024-05-09,2024-05-27,12,1081.874755859375
CMG.MX,2023-09-12,2023-09-26,10,663.7000122070312
CMG.MX,2023-06-07,2023-06-20,9,700.5447998046875
CMG.MX,2023-05-25,2023-06-06,8,738.7194213867188
CMG.MX,2023-10-04,2023-10-16,8,666.8400268554688
CMG.MX,2023-02-21,2023-03-02,7,577.4000244140625
CMG.MX,2023-11-01,2023-11-13,7,706.827392578125
CMG.MX,2023-01-12,2023-01-20,6,565.2222290039062
CMG.MX,2023-05-02,2023-05-10,6,738.1400146484375
CMG.MX,2023-02-07,2023-02-14,5,645.9442138671875
CMG.MX,2023-03-13,2023-03-21,5,590.2000122070312
CMG.MX,2023-05-11,2023-05-18,5,724.340576171875
CMG.MX,2023-07-28,2023-08-04,5,635.0
CMG.MX,2024-06-17,2024-06-24,5,1238.199951171875
CMI.MX,2024-08-26,2025-11-05,300,5951.0
CMI.MX,2024-05-16,2024-07-26,51,4770.0
CMI.MX,2023-11-17,2024-02-01,50,3870.0
CMI.MX,2024-03-12,2024-05-07,36,4516.7900390625
CMI.MX,2026-02-12,2026-04-08,36,10000.0
CMI.MX,2025-12-01,2026-01-14,29,9550.0
CMI.MX,2026-04-10,2026-05-11,19,11091.0
CMI.MX,2024-07-31,2024-08-23,17,5400.0
CMI.MX,2026-01-15,2026-02-09,16,10260.0
CMI.MX,2025-11-06,2025-11-27,14,8554.3095703125
CMI.MX,2023-08-30,2023-09-15,12,3878.030029296875
CMI.MX,2023-10-30,2023-11-16,12,3900.110107421875
CMI.MX,2024-02-26,2024-03-11,10,4543.35009765625
CMI.MX,2026-05-29,2026-06-10,8,11220.0
CMI.MX,2023-04-28,2023-05-10,7,4195.6298828125
CMI.MX,2023-05-12,2023-05-23,7,3780.0
CMI.MX,2023-08-02,2023-08-11,7,4450.10986328125
CMI.MX,2024-02-02,2024-02-14,7,4100.0
CMI.MX,2023-01-03,2023-01-11,6,4667.52978515625
CMI.MX,2023-01-13,2023-01-23,6,4695.10986328125
CMI.MX,2023-01-24,2023-02-01,6,4672.97998046875
CMI.MX,2023-02-02,2023-02-13,6,4800.18994140625
CMI.MX,2023-04-11,2023-04-19,6,4207.10986328125
CMI.MX,2023-06-29,2023-07-07,6,4155.41015625
CMI.MX,2023-08-18,2023-08-28,6,3982.030029296875
CMI.MX,2023-09-25,2023-10-03,6,4022.030029296875
CMI.MX,2023-10-16,2023-10-24,6,4081.5
CMI.MX,2024-02-15,2024-02-23,6,4452.0
CMI.MX,2026-05-20,2026-05-28,6,11554.7802734375
CMI.MX,2023-03-06,2023-03-13,5,4644.7900390625
CMI.MX,2023-03-30,2023-04-10,5,4228.10986328125
CMI.MX,2023-04-20,2023-04-27,5,4224.0
CMI.MX,2023-06-05,2023-06-12,5,3780.110107421875
CMI.MX,2023-06-13,2023-06-20,5,4087.110107421875
CMI.MX,2023-06-21,2023-06-28,5,4002.429931640625
CMI.MX,2023-07-25,2023-08-01,5,4355.02978515625
CMI.MX,2024-05-08,2024-05-15,5,4844.02978515625
CMI.MX,2026-05-12,2026-05-19,5,12060.0
CNC.MX,2023-04-24,2023-08-16,81,1200.0
CNC.MX,2024-04-29,2024-07-25,62,1245.0
CNC.MX,2024-03-01,2024-04-24,35,1321.3499755859375
CNC.MX,2024-08-09,2024-09-26,33,1402.2099609375
CNC.MX,2024-12-03,2025-01-14,27,1240.0
CNC.MX,2023-10-23,2023-11-28,24,1283.010009765625
CNC.MX,2025-01-15,2025-02-17,22,1260.0
CNC.MX,2023-09-21,2023-10-20,21,1176.0
CNC.MX,2025-04-28,2025-05-27,20,1154.989990234375
CNC.MX,2024-09-27,2024-10-23,17,1450.0
CNC.MX,2024-01-03,2024-01-24,15,1313.0
CNC.MX,2025-03-14,2025-04-07,15,1144.0
CNC.MX,2023-02-13,2023-03-03,14,1347.0
CNC.MX,2023-09-01,2023-09-20,13,1041.0699462890625
CNC.MX,2023-12-11,2024-01-02,13,1285.0
CNC.MX,2023-03-21,2023-04-10,12,1215.0
CNC.MX,2025-06-09,2025-06-25,12,1059.18994140625
CNC.MX,2025-04-08,2025-04-25,11,1313.0
CNC.MX,2023-08-17,2023-08-31,10,1100.0
CNC.MX,2023-01-20,2023-02-02,9,1426.0
CNC.MX,2024-07-26,2024-08-08,9,1298.0
CNC.MX,2025-02-18,2025-03-03,9,1139.18994140625
CNC.MX,2023-04-11,2023-04-21,8,1220.0
CNC.MX,2024-11-05,2024-11-15,8,1290.0
CNC.MX,2024-02-20,2024-02-29,7,1343.0
CNC.MX,2025-03-04,2025-03-13,7,1233.800048828125
CNC.MX,2023-11-30,2023-12-08,6,1270.699951171875
CNC.MX,2026-06-22,2026-06-30,6,1100.0
CNC.MX,2023-03-06,2023-03-13,5,1239.4000244140625
CNC.MX,2024-02-01,2024-02-09,5,1287.9599609375
CNC.MX,2026-04-09,2026-04-16,5,647.0
CNC.MX,2026-05-19,2026-05-26,5,1026.0
CNC.MX,2026-06-04,2026-06-11,5,1083.0
COF.MX,2023-02-16,2023-04-14,38,2065.110107421875
COF.MX,2024-01-11,2024-02-26,31,2180.0
COF.MX,2023-06-06,2023-07-10,24,1939.0
COF.MX,2023-10-17,2023-11-16,21,1775.0
COF.MX,2024-07-05,2024-08-05,21,2468.8798828125
COF.MX,2023-09-13,2023-10-10,19,1720.0
COF.MX,2024-12-06,2025-01-06,18,3794.52001953125
COF.MX,2023-04-17,2023-05-10,16,1755.510009765625
COF.MX,2023-11-17,2023-12-13,16,1810.0
COF.MX,2024-05-07,2024-05-29,16,2404.820068359375
COF.MX,2025-02-13,2025-03-06,15,4044.030029296875
COF.MX,2023-01-10,2023-01-30,14,1832.0
COF.MX,2023-05-16,2023-06-05,14,1650.0
COF.MX,2024-03-22,2024-04-15,14,2370.0
COF.MX,2025-04-25,2025-05-16,14,3583.68994140625
COF.MX,2024-03-04,2024-03-21,12,2321.31005859375
COF.MX,2023-07-21,2023-08-07,11,1960.0
COF.MX,2023-12-22,2024-01-10,11,2205.0
COF.MX,2024-08-21,2024-09-05,11,2680.0
COF.MX,2025-06-06,2025-06-23,11,3771.75
COF.MX,2025-12-08,2025-12-24,11,4205.0
COF.MX,2023-08-29,2023-09-12,10,1753.8800048828125
COF.MX,2024-04-19,2024-05-06,10,2467.47998046875
COF.MX,2024-06-20,2024-07-04,10,2537.889892578125
COF.MX,2024-10-10,2024-10-24,10,2932.47998046875
COF.MX,2025-05-19,2025-06-02,10,3855.010009765625
COF.MX,2025-09-08,2025-09-23,10,4107.5
COF.MX,2026-03-20,2026-04-07,10,3236.60009765625
COF.MX,2024-06-06,2024-06-19,9,2452.760009765625
COF.MX,2025-06-26,2025-07-09,9,3990.0
COF.MX,2023-08-08,2023-08-18,8,1941.0
COF.MX,2024-09-06,2024-09-19,8,2871.530029296875
COF.MX,2025-10-31,2025-11-12,8,4090.929931640625
COF.MX,2023-07-11,2023-07-20,7,1923.0
COF.MX,2024-08-09,2024-08-20,7,2542.989990234375
COF.MX,2025-01-16,2025-01-27,7,3945.0
COF.MX,2026-04-09,2026-04-20,7,3372.909912109375
COF.MX,2026-06-16,2026-06-25,7,3394.10009765625
COF.MX,2023-01-31,2023-02-09,6,2216.0
COF.MX,2024-09-30,2024-10-09,6,2931.5
COF.MX,2025-01-07,2025-01-15,6,3730.8798828125
COF.MX,2025-02-04,2025-02-12,6,4138.66015625
COF.MX,2025-09-25,2025-10-03,6,4122.0
COF.MX,2026-03-04,2026-03-12,6,3448.010009765625
COF.MX,2023-01-02,2023-01-09,5,1745.030029296875
COF.MX,2023-08-21,2023-08-28,5,1740.0
COF.MX,2023-12-14,2023-12-21,5,2235.0
COF.MX,2024-09-20,2024-09-27,5,2940.610107421875
COF.MX,2024-11-07,2024-11-14,5,3737.090087890625
COF.MX,2025-03-27,2025-04-03,5,3630.0
COF.MX,2025-04-10,2025-04-21,5,3381.0
COF.MX,2025-07-14,2025-07-21,5,4116.0
COF.MX,2025-10-06,2025-10-13,5,3949.52001953125
COF.MX,2026-01-29,2026-02-06,5,3768.409912109375
COF.MX,2026-05-07,2026-05-14,5,3317.0
COF.MX,2026-05-20,2026-05-27,5,3199.22998046875
COHR.MX,2026-02-13,2026-03-17,21,3786.0
COO.MX,2023-02-16,2023-11-03,181,1609.239990234375
COO.MX,2025-07-09,2025-08-26,34,1394.300048828125
COO.MX,2025-10-14,2025-11-12,21,1285.0
COO.MX,2025-04-09,2025-05-08,18,1476.0
COO.MX,2023-12-19,2024-01-15,17,1580.0
COO.MX,2024-11-07,2024-12-03,17,2040.0
COO.MX,2023-01-17,2023-02-09,16,1637.5
COO.MX,2025-01-02,2025-01-24,16,1873.0
COO.MX,2026-05-06,2026-05-28,16,1051.989990234375
COO.MX,2024-01-16,2024-02-07,15,1627.625
COO.MX,2026-01-13,2026-02-04,15,1479.5999755859375
COO.MX,2024-02-16,2024-03-07,14,1594.0775146484375
COO.MX,2024-03-08,2024-04-02,14,1710.6700439453125
COO.MX,2024-07-17,2024-08-06,14,1591.0
COO.MX,2025-05-09,2025-05-29,14,1600.1300048828125
COO.MX,2026-03-20,2026-04-13,14,1251.0
COO.MX,2025-09-18,2025-10-07,13,1222.81005859375
COO.MX,2026-02-05,2026-02-24,13,1406.5
COO.MX,2024-08-07,2024-08-23,12,1769.0
COO.MX,2024-09-24,2024-10-10,11,2121.5
COO.MX,2025-02-12,2025-02-27,11,1890.0
COO.MX,2025-12-15,2025-12-31,11,1459.5999755859375
COO.MX,2026-05-29,2026-06-15,11,1069.0
COO.MX,2023-01-02,2023-01-16,10,1937.25
COO.MX,2024-10-23,2024-11-06,10,2096.0
COO.MX,2025-03-06,2025-03-21,10,1840.0
COO.MX,2025-09-02,2025-09-17,10,1227.0
COO.MX,2026-02-25,2026-03-11,10,1415.949951171875
COO.MX,2026-04-17,2026-05-05,10,1221.0
COO.MX,2026-06-16,2026-06-30,10,1162.199951171875
COO.MX,2025-01-28,2025-02-11,9,2046.0
COO.MX,2025-11-25,2025-12-08,9,1425.5
COO.MX,2024-05-15,2024-05-27,8,1619.0
COO.MX,2024-06-18,2024-06-28,8,1696.0
COO.MX,2024-12-05,2024-12-18,8,2092.0
COO.MX,2024-07-05,2024-07-16,7,1540.0
COO.MX,2024-10-11,2024-10-22,7,2030.030029296875
COO.MX,2023-11-09,2023-11-17,6,1450.0074462890625
COO.MX,2023-12-07,2023-12-18,6,1493.0274658203125
COO.MX,2024-09-12,2024-09-23,6,2139.0
COO.MX,2025-06-13,2025-06-23,6,1331.5
COO.MX,2025-11-13,2025-11-24,6,1312.300048828125
COO.MX,2023-11-21,2023-11-28,5,1450.699951171875
COO.MX,2023-11-29,2023-12-06,5,1429.0274658203125
COO.MX,2024-02-08,2024-02-15,5,1581.5574951171875
COO.MX,2024-06-03,2024-06-10,5,1657.1099853515625
COO.MX,2024-08-26,2024-09-02,5,1823.0
COO.MX,2025-03-27,2025-04-03,5,1723.0
COP.MX,2024-05-16,2024-06-05,14,1998.0
COP.MX,2024-12-13,2025-01-06,14,2050.0
COP.MX,2024-09-11,2024-09-27,11,2046.6600341796875
COP.MX,2024-06-06,2024-06-19,9,1949.260009765625
COP.MX,2024-08-01,2024-08-14,9,2036.0
COP.MX,2024-10-15,2024-10-28,9,2086.10009765625
COP.MX,2023-12-01,2023-12-14,8,2005.7099609375
COP.MX,2023-12-19,2024-01-02,8,1979.0
COP.MX,2024-04-23,2024-05-06,8,2206.070068359375
COP.MX,2025-11-10,2025-11-21,8,1606.8199462890625
COP.MX,2023-09-06,2023-09-15,7,2149.030029296875
COP.MX,2024-04-11,2024-04-22,7,2169.0
COP.MX,2024-08-28,2024-09-06,7,2125.0
COP.MX,2025-11-24,2025-12-03,7,1620.0
COP.MX,2023-04-11,2023-04-19,6,1930.0699462890625
COP.MX,2023-08-03,2023-08-11,6,1995.0
COP.MX,2023-08-18,2023-08-28,6,1989.030029296875
COP.MX,2023-10-16,2023-10-24,6,2247.219970703125
COP.MX,2024-02-15,2024-02-23,6,1881.0
COP.MX,2024-05-07,2024-05-15,6,2088.280029296875
COP.MX,2024-11-21,2024-11-29,6,2360.0
COP.MX,2025-04-11,2025-04-23,6,1705.1500244140625
COP.MX,2023-06-05,2023-06-12,5,1780.030029296875
COP.MX,2023-06-13,2023-06-20,5,1795.1099853515625
COP.MX,2023-06-21,2023-06-28,5,1784.030029296875
COP.MX,2023-08-29,2023-09-05,5,1966.5
COP.MX,2023-11-10,2023-11-17,5,2045.0
COP.MX,2024-01-03,2024-01-10,5,2041.0
COP.MX,2024-01-29,2024-02-06,5,1906.300048828125
COP.MX,2024-07-02,2024-07-09,5,2059.0
COP.MX,2024-12-04,2024-12-11,5,2097.0
COP.MX,2025-03-04,2025-03-11,5,1879.0
COP.MX,2025-12-05,2025-12-15,5,1750.0
COP.MX,2025-12-18,2025-12-26,5,1673.0
COR.MX,2025-01-31,2025-04-14,49,5310.35986328125
COR.MX,2024-11-19,2025-01-29,48,4924.22021484375
COR.MX,2026-02-27,2026-05-13,48,6372.52978515625
COR.MX,2025-12-18,2026-02-24,45,6122.75
COR.MX,2026-05-14,2026-06-30,33,4471.10009765625
COR.MX,2025-09-23,2025-11-05,31,5500.0
COR.MX,2025-06-09,2025-07-14,25,5410.0
COR.MX,2025-11-18,2025-12-17,20,6733.22021484375
COR.MX,2025-05-15,2025-06-06,16,5440.0
COR.MX,2025-07-29,2025-08-20,16,5545.77001953125
COR.MX,2024-10-16,2024-11-06,15,4706.60986328125
COR.MX,2025-08-21,2025-09-11,15,5725.0
COR.MX,2025-07-15,2025-07-28,9,5558.97998046875
COR.MX,2024-11-07,2024-11-15,6,4959.919921875
COR.MX,2025-04-15,2025-04-25,6,5723.39013671875
COR.MX,2025-05-02,2025-05-12,6,5718.830078125
COR.MX,2025-11-06,2025-11-14,6,6560.1298828125
COR.MX,2025-09-12,2025-09-22,5,5613.22021484375
CPNG.MX,2023-05-08,2023-09-12,91,310.5
CPNG.MX,2023-02-02,2023-05-05,61,328.0
CPNG.MX,2024-07-01,2024-08-23,39,385.0
CPNG.MX,2023-12-08,2024-01-17,25,270.0
CPNG.MX,2024-11-26,2025-01-03,25,525.0
CPNG.MX,2025-04-07,2025-05-15,25,430.0
CPNG.MX,2024-05-28,2024-06-28,23,378.92999267578125
CPNG.MX,2024-04-15,2024-05-14,20,362.0
CPNG.MX,2025-01-30,2025-02-27,19,481.0
CPNG.MX,2025-05-19,2025-06-11,17,545.0
CPNG.MX,2023-10-02,2023-10-24,16,300.0
CPNG.MX,2025-01-06,2025-01-28,16,456.8800048828125
CPNG.MX,2025-06-20,2025-07-14,16,560.0
CPNG.MX,2023-11-15,2023-12-07,15,280.0
CPNG.MX,2024-03-14,2024-04-05,13,308.80999755859375
CPNG.MX,2024-09-09,2024-09-25,11,442.75
CPNG.MX,2024-11-07,2024-11-25,11,491.0
CPNG.MX,2025-07-22,2025-08-06,11,590.0
CPNG.MX,2024-09-26,2024-10-11,10,483.0
CPNG.MX,2024-10-22,2024-11-05,10,492.5
CPNG.MX,2023-09-18,2023-09-29,9,323.0
CPNG.MX,2024-08-26,2024-09-06,9,445.0
CPNG.MX,2025-03-24,2025-04-04,9,476.70001220703125
CPNG.MX,2023-01-10,2023-01-20,8,342.0
CPNG.MX,2023-10-25,2023-11-06,7,324.0
CPNG.MX,2025-03-11,2025-03-21,7,440.0
CPNG.MX,2023-01-02,2023-01-09,5,362.0
CPNG.MX,2024-01-18,2024-01-25,5,259.0
CPNG.MX,2024-02-16,2024-02-23,5,266.4800109863281
CPNG.MX,2024-10-14,2024-10-21,5,499.0
CPNG.MX,2025-03-03,2025-03-10,5,489.0
CPNG.MX,2025-06-12,2025-06-19,5,535.7999877929688
CPRT.MX,2026-01-23,2026-02-18,17,718.0
CPRT.MX,2023-01-03,2023-01-25,16,594.5
CPRT.MX,2023-12-13,2024-01-05,15,857.239990234375
CPRT.MX,2024-09-06,2024-09-30,15,990.0
CPRT.MX,2025-01-03,2025-01-23,14,1181.0
CPRT.MX,2023-09-27,2023-10-16,13,765.0
CPRT.MX,2025-02-26,2025-03-14,12,1157.0
CPRT.MX,2023-06-28,2023-07-13,11,766.7150268554688
CPRT.MX,2024-12-16,2025-01-02,11,1235.0
CPRT.MX,2024-01-09,2024-01-23,10,800.5
CPRT.MX,2023-09-12,2023-09-25,9,786.5
CPRT.MX,2024-11-06,2024-11-20,9,1111.989990234375
CPRT.MX,2023-01-26,2023-02-08,8,625.0
CPRT.MX,2023-03-03,2023-03-15,8,642.0
CPRT.MX,2023-05-11,2023-05-23,8,714.0
CPRT.MX,2023-10-17,2023-10-27,8,838.7999877929688
CPRT.MX,2023-04-28,2023-05-10,7,708.0
CPRT.MX,2023-07-31,2023-08-09,7,744.5
CPRT.MX,2023-08-10,2023-08-21,7,740.4149780273438
CPRT.MX,2024-05-28,2024-06-06,7,891.6599731445312
CPRT.MX,2025-05-02,2025-05-13,7,1195.18994140625
CPRT.MX,2025-11-24,2025-12-03,7,720.0
CPRT.MX,2023-06-06,2023-06-14,6,775.0
CPRT.MX,2023-11-03,2023-11-13,6,811.5
CPRT.MX,2024-02-02,2024-02-13,6,847.2999877929688
CPRT.MX,2024-06-28,2024-07-08,6,997.1099853515625
CPRT.MX,2024-07-09,2024-07-17,6,981.4000244140625
CPRT.MX,2025-02-05,2025-02-13,6,1181.8900146484375
CPRT.MX,2023-02-21,2023-02-28,5,636.385009765625
CPRT.MX,2023-03-30,2023-04-10,5,666.780029296875
CPRT.MX,2023-08-29,2023-09-05,5,750.0
CPRT.MX,2024-02-29,2024-03-07,5,908.0
CPRT.MX,2024-04-02,2024-04-09,5,953.0
CPRT.MX,2024-04-24,2024-05-02,5,933.0
CPRT.MX,2024-10-09,2024-10-16,5,1091.0999755859375
CPRT.MX,2024-11-25,2024-12-02,5,1303.0
CPRT.MX,2024-12-05,2024-12-13,5,1261.8499755859375
CPRT.MX,2025-03-27,2025-04-03,5,1134.8499755859375
CPRT.MX,2025-06-13,2025-06-20,5,930.0
CPRT.MX,2026-01-13,2026-01-20,5,707.0
CPRT.MX,2026-05-12,2026-05-19,5,579.0
CRL.MX,2024-12-10,2025-11-28,243,4066.919921875
CRL.MX,2025-12-01,2026-06-30,142,3282.9599609375
CRL.MX,2023-12-19,2024-04-11,76,3909.419921875
CRL.MX,2024-09-06,2024-12-09,63,3800.0
CRL.MX,2023-02-24,2023-05-25,60,3987.14990234375
CRL.MX,2024-07-05,2024-09-05,44,3590.070068359375
CRL.MX,2023-05-26,2023-07-11,32,3431.0
CRL.MX,2024-04-24,2024-06-07,31,4048.969970703125
CRL.MX,2023-09-12,2023-10-13,23,3510.77001953125
CRL.MX,2023-01-02,2023-01-30,20,4344.25
CRL.MX,2023-10-18,2023-11-14,18,3378.93994140625
CRL.MX,2024-06-10,2024-07-04,18,3917.070068359375
CRL.MX,2023-07-18,2023-08-08,15,3446.139892578125
CRL.MX,2023-08-16,2023-08-31,11,3494.070068359375
CRL.MX,2023-02-10,2023-02-23,9,4541.6201171875
CRL.MX,2023-11-15,2023-11-27,7,3249.1201171875
CRL.MX,2023-01-31,2023-02-09,6,4543.0
CRL.MX,2023-09-01,2023-09-11,6,3579.489990234375
CRL.MX,2023-12-07,2023-12-18,6,3557.780029296875
CRL.MX,2024-04-12,2024-04-19,5,4008.35009765625
CSCO.MX,2023-04-03,2023-04-12,5,945.8499755859375
CSCO.MX,2023-10-10,2023-10-17,5,971.0
CSCO.MX,2025-05-28,2025-06-04,5,1236.0
CSX.MX,2023-01-02,2023-10-05,193,602.4000244140625
CSX.MX,2025-08-27,2026-05-08,171,606.0999755859375
CSX.MX,2025-05-20,2025-07-22,45,599.5599975585938
CSX.MX,2024-02-27,2024-04-25,39,647.2000122070312
CSX.MX,2025-01-06,2025-02-28,38,652.0800170898438
CSX.MX,2026-05-11,2026-06-30,36,769.0
CSX.MX,2025-03-19,2025-05-09,34,604.1199951171875
CSX.MX,2024-05-30,2024-07-10,29,566.4099731445312
CSX.MX,2024-07-17,2024-08-27,29,628.5
CSX.MX,2023-10-06,2023-11-08,22,564.3200073242188
CSX.MX,2024-04-26,2024-05-29,22,585.489990234375
CSX.MX,2025-07-23,2025-08-22,22,652.530029296875
CSX.MX,2024-01-04,2024-01-26,16,593.5599975585938
CSX.MX,2024-08-29,2024-09-20,15,673.0
CSX.MX,2024-11-05,2024-11-22,12,685.0
CSX.MX,2023-11-27,2023-12-13,11,549.6400146484375
CSX.MX,2023-12-18,2024-01-03,10,591.72998046875
CSX.MX,2025-03-03,2025-03-18,10,660.5999755859375
CSX.MX,2024-01-29,2024-02-09,8,611.8800048828125
CSX.MX,2024-09-23,2024-10-04,8,660.3200073242188
CSX.MX,2024-10-21,2024-10-31,8,674.6099853515625
CSX.MX,2024-12-04,2024-12-16,7,713.8499755859375
CSX.MX,2023-11-09,2023-11-17,6,538.47998046875
CSX.MX,2024-11-25,2024-12-03,6,743.0999755859375
CSX.MX,2024-02-12,2024-02-19,5,629.7999877929688
CSX.MX,2024-10-09,2024-10-16,5,665.010009765625
CSX.MX,2024-12-18,2024-12-26,5,661.9199829101562
CSX.MX,2025-05-12,2025-05-19,5,591.510009765625
CTAS.MX,2023-03-22,2023-11-06,159,2047.9449462890625
CTAS.MX,2024-01-08,2024-05-02,78,2455.492431640625
CTAS.MX,2024-06-21,2024-09-25,67,3227.882568359375
CTAS.MX,2026-02-04,2026-05-05,59,3291.60009765625
CTAS.MX,2023-01-02,2023-03-21,54,2195.6474609375
CTAS.MX,2025-12-05,2026-02-03,38,3393.659912109375
CTAS.MX,2024-05-03,2024-06-20,34,2856.33740234375
CTAS.MX,2026-05-14,2026-06-30,33,2853.0
CTAS.MX,2025-02-04,2025-03-14,28,4100.0
CTAS.MX,2025-04-24,2025-05-29,24,4089.0
CTAS.MX,2023-11-07,2023-12-11,23,2298.889892578125
CTAS.MX,2024-10-02,2024-11-04,23,4071.0
CTAS.MX,2025-03-18,2025-04-22,23,3830.0
CTAS.MX,2025-05-30,2025-06-30,21,4215.0
CTAS.MX,2024-12-20,2025-01-21,20,3750.0
CTAS.MX,2023-12-13,2024-01-05,15,2477.7900390625
CTAS.MX,2024-11-26,2024-12-18,15,4659.740234375
CTAS.MX,2025-08-29,2025-09-17,12,3909.909912109375
CTAS.MX,2025-07-01,2025-07-16,11,4219.85009765625
CTAS.MX,2025-07-29,2025-08-13,11,4162.77001953125
CTAS.MX,2025-08-14,2025-08-28,10,4160.39990234375
CTAS.MX,2024-11-05,2024-11-15,8,4155.0
CTAS.MX,2025-11-03,2025-11-13,8,3264.010009765625
CTAS.MX,2025-11-24,2025-12-04,8,3390.219970703125
CTAS.MX,2025-10-09,2025-10-20,7,3551.0
CTAS.MX,2025-10-21,2025-10-30,7,3617.0
CTAS.MX,2025-01-22,2025-01-30,6,4096.580078125
CTAS.MX,2025-09-24,2025-10-02,6,3715.050048828125
CTAS.MX,2025-07-17,2025-07-24,5,4025.699951171875
CTSH.MX,2024-10-16,2025-09-29,238,1400.0
CTSH.MX,2023-12-19,2024-04-17,80,1290.0
CTSH.MX,2024-07-19,2024-10-15,60,1342.02001953125
CTSH.MX,2023-07-05,2023-09-12,49,1115.72998046875
CTSH.MX,2025-11-20,2026-01-22,42,1319.239990234375
CTSH.MX,2023-01-27,2023-03-22,36,1213.25
CTSH.MX,2023-10-25,2023-12-18,35,1177.0
CTSH.MX,2026-01-26,2026-03-11,31,1461.969970703125
CTSH.MX,2023-09-13,2023-10-24,29,1210.5699462890625
CTSH.MX,2026-03-12,2026-04-24,27,1095.0
CTSH.MX,2024-05-16,2024-06-19,24,1171.280029296875
CTSH.MX,2023-04-03,2023-05-04,20,1095.0
CTSH.MX,2024-06-20,2024-07-18,20,1253.0
CTSH.MX,2023-01-02,2023-01-26,18,1165.5799560546875
CTSH.MX,2025-10-30,2025-11-19,13,1345.4300537109375
CTSH.MX,2025-10-15,2025-10-29,10,1237.8699951171875
CTSH.MX,2026-06-01,2026-06-15,10,961.7999877929688
CTSH.MX,2023-05-18,2023-05-31,9,1114.3599853515625
CTSH.MX,2023-06-01,2023-06-14,9,1097.3299560546875
CTSH.MX,2023-05-05,2023-05-17,8,1113.0
CTSH.MX,2024-05-06,2024-05-15,7,1118.550048828125
CTSH.MX,2025-10-03,2025-10-14,7,1250.0
CTSH.MX,2023-03-23,2023-03-31,6,1090.0
CTSH.MX,2023-06-15,2023-06-23,6,1104.0
CTSH.MX,2023-06-27,2023-07-04,5,1100.0
CTSH.MX,2024-04-25,2024-05-03,5,1105.0
CTSH.MX,2026-05-18,2026-05-25,5,875.0
CTSH.MX,2026-06-23,2026-06-30,5,722.030029296875
CTVA.MX,2025-01-17,2025-10-01,177,1323.0
CTVA.MX,2025-12-19,2026-03-27,66,1205.0
CTVA.MX,2023-06-02,2023-08-22,57,967.0
CTVA.MX,2023-08-23,2023-11-10,56,825.0
CTVA.MX,2024-09-25,2024-11-25,41,1112.0799560546875
CTVA.MX,2026-05-06,2026-06-30,39,1420.0
CTVA.MX,2023-03-27,2023-05-22,37,1065.3299560546875
CTVA.MX,2023-12-15,2024-01-26,28,798.0
CTVA.MX,2024-03-26,2024-05-02,24,935.0
CTVA.MX,2024-11-26,2024-12-31,23,1290.0
CTVA.MX,2023-11-13,2023-12-14,21,784.5900268554688
CTVA.MX,2024-01-29,2024-02-28,21,790.0
CTVA.MX,2024-05-29,2024-06-27,21,920.219970703125
CTVA.MX,2026-03-30,2026-05-04,21,1499.9000244140625
CTVA.MX,2023-01-25,2023-02-21,18,1200.0
CTVA.MX,2024-08-28,2024-09-24,18,1137.449951171875
CTVA.MX,2024-07-05,2024-07-26,15,950.2000122070312
CTVA.MX,2025-11-11,2025-12-03,15,1207.0
CTVA.MX,2024-08-07,2024-08-27,14,983.5
CTVA.MX,2025-10-02,2025-10-22,14,1167.6600341796875
CTVA.MX,2023-03-07,2023-03-24,12,1125.0
CTVA.MX,2024-02-29,2024-03-14,10,913.489990234375
CTVA.MX,2025-01-02,2025-01-16,10,1180.280029296875
CTVA.MX,2025-10-23,2025-11-05,9,1165.0
CTVA.MX,2024-05-03,2024-05-15,8,968.0
CTVA.MX,2023-05-23,2023-06-01,7,1040.0
CTVA.MX,2024-07-29,2024-08-06,6,1103.550048828125
CTVA.MX,2025-12-04,2025-12-15,6,1208.0
CTVA.MX,2023-01-04,2023-01-11,5,1185.56005859375
CTVA.MX,2023-01-13,2023-01-20,5,1180.0
CTVA.MX,2023-02-22,2023-03-01,5,1130.719970703125
CTVA.MX,2024-03-15,2024-03-25,5,923.0
CVNA.MX,2025-08-28,2025-09-17,13,1400.0
CVNA.MX,2025-06-23,2025-07-04,9,1236.0
CVNA.MX,2025-12-24,2026-01-08,9,1576.0
CVNA.MX,2026-04-06,2026-04-17,9,1120.56005859375
CVNA.MX,2025-05-22,2025-06-03,8,1169.0
CVNA.MX,2025-11-10,2025-11-19,6,1172.0
CVNA.MX,2026-03-23,2026-03-31,6,1062.0
CVNA.MX,2023-03-23,2023-03-30,5,33.0
CVNA.MX,2026-02-03,2026-02-10,5,1390.0
CVNA.MX,2026-04-30,2026-05-08,5,1395.199951171875
CVS.MX,2025-11-21,2025-12-01,6,1437.300048828125
CVS.MX,2025-12-18,2025-12-26,5,1406.0
D.MX,2023-01-02,2024-03-15,303,1195.4000244140625
D.MX,2024-04-30,2024-09-02,88,877.0
D.MX,2025-03-10,2025-07-08,82,1145.0
D.MX,2024-11-04,2025-01-20,51,1135.0
D.MX,2026-02-27,2026-05-14,49,1087.260009765625
D.MX,2024-09-03,2024-11-01,41,1140.0
D.MX,2025-01-21,2025-03-07,32,1160.0
D.MX,2024-03-27,2024-04-25,19,815.0
D.MX,2025-10-31,2025-11-27,18,1092.0
D.MX,2026-01-14,2026-02-10,18,1065.43994140625
D.MX,2026-06-08,2026-06-30,16,1170.8800048828125
D.MX,2026-05-18,2026-06-05,14,1180.0
D.MX,2025-08-26,2025-09-11,12,1133.0
D.MX,2026-02-11,2026-02-26,11,1111.0699462890625
D.MX,2025-10-15,2025-10-29,10,1139.5999755859375
D.MX,2025-07-09,2025-07-22,9,1055.0
D.MX,2025-08-14,2025-08-25,7,1154.800048828125
D.MX,2025-09-23,2025-10-01,6,1116.300048828125
D.MX,2025-10-02,2025-10-10,6,1123.0
D.MX,2024-03-19,2024-03-26,5,822.5
D.MX,2025-07-24,2025-07-31,5,1087.3299560546875
D.MX,2025-09-12,2025-09-22,5,1117.0
DASH.MX,2023-01-02,2023-06-29,123,923.0
DASH.MX,2024-05-06,2024-08-21,77,1978.5699462890625
DASH.MX,2023-07-14,2023-09-26,52,1411.0
DASH.MX,2023-12-20,2024-02-13,36,1735.0
DASH.MX,2023-09-27,2023-11-03,26,1381.2099609375
DASH.MX,2024-08-22,2024-09-27,25,2509.030029296875
DASH.MX,2024-02-26,2024-03-21,17,2070.0
DASH.MX,2023-11-10,2023-12-01,14,1538.030029296875
DASH.MX,2025-05-27,2025-06-16,14,3906.77001953125
DASH.MX,2025-07-09,2025-07-28,13,4620.0
DASH.MX,2024-10-14,2024-10-30,12,2907.110107421875
DASH.MX,2026-01-15,2026-02-03,12,3701.89990234375
DASH.MX,2024-04-05,2024-04-19,10,2291.550048828125
DASH.MX,2023-06-30,2023-07-13,9,1309.0999755859375
DASH.MX,2024-04-22,2024-05-03,8,2170.0
DASH.MX,2024-12-17,2024-12-30,8,3650.0
DASH.MX,2025-06-17,2025-06-27,8,4161.0
DASH.MX,2025-08-13,2025-08-25,8,4714.669921875
DASH.MX,2024-03-22,2024-04-04,7,2285.0
DASH.MX,2025-01-10,2025-01-21,7,3527.7099609375
DASH.MX,2025-01-22,2025-01-31,7,3661.56005859375
DASH.MX,2025-02-25,2025-03-06,7,3855.0
DASH.MX,2025-04-22,2025-05-02,7,3480.0
DASH.MX,2025-05-13,2025-05-22,7,3834.530029296875
DASH.MX,2023-12-04,2023-12-13,6,1717.219970703125
DASH.MX,2024-10-02,2024-10-10,6,2787.22998046875
DASH.MX,2024-11-05,2024-11-13,6,3206.949951171875
DASH.MX,2025-03-28,2025-04-07,6,3805.0
DASH.MX,2025-12-15,2025-12-23,6,4100.0
DASH.MX,2024-02-14,2024-02-21,5,2053.0
DASH.MX,2024-11-21,2024-11-28,5,3546.0
DASH.MX,2024-12-06,2024-12-16,5,3568.090087890625
DASH.MX,2025-07-01,2025-07-08,5,4430.0
DASH.MX,2025-11-24,2025-12-01,5,3507.489990234375
DASH.MX,2025-12-26,2026-01-05,5,4184.64990234375
DD.MX,2023-01-27,2023-06-01,84,1735.3138427734375
DD.MX,2024-11-27,2025-02-27,62,2144.361083984375
DD.MX,2023-11-30,2024-02-02,43,1558.5201416015625
DD.MX,2026-02-27,2026-05-04,42,2610.0
DD.MX,2025-02-28,2025-04-28,38,2095.426025390625
DD.MX,2024-06-17,2024-08-05,35,1818.1270751953125
DD.MX,2026-05-06,2026-06-22,33,2553.81005859375
DD.MX,2023-07-05,2023-08-17,31,1503.08544921875
DD.MX,2024-03-22,2024-05-07,29,1543.337646484375
DD.MX,2024-10-21,2024-11-26,25,2128.024169921875
DD.MX,2023-10-24,2023-11-29,24,1631.169921875
DD.MX,2024-02-15,2024-03-21,24,1461.7791748046875
DD.MX,2023-06-02,2023-07-04,22,1575.9610595703125
DD.MX,2025-11-28,2026-01-02,22,2145.0
DD.MX,2023-09-01,2023-09-29,20,1672.1123046875
DD.MX,2025-05-14,2025-06-11,20,1678.8502197265625
DD.MX,2025-08-11,2025-09-03,17,1636.1888427734375
DD.MX,2024-05-24,2024-06-14,15,1693.0916748046875
DD.MX,2024-09-26,2024-10-18,15,2195.5546875
DD.MX,2023-01-06,2023-01-26,14,1739.0780029296875
DD.MX,2025-09-23,2025-10-13,14,1794.286865234375
DD.MX,2024-09-05,2024-09-25,13,2013.867431640625
DD.MX,2025-07-07,2025-07-23,12,1706.4547119140625
DD.MX,2025-10-17,2025-11-04,12,1835.6934814453125
DD.MX,2025-07-24,2025-08-08,11,1756.293212890625
DD.MX,2026-02-11,2026-02-26,11,2640.0
DD.MX,2024-05-08,2024-05-22,10,1656.2647705078125
DD.MX,2025-06-20,2025-07-04,10,1602.310791015625
DD.MX,2023-08-18,2023-08-31,9,1616.21337890625
DD.MX,2025-04-29,2025-05-13,9,1618.86083984375
DD.MX,2023-10-02,2023-10-11,7,1609.8392333984375
DD.MX,2023-10-12,2023-10-23,7,1711.4736328125
DD.MX,2024-08-15,2024-08-26,7,1880.8643798828125
DD.MX,2026-01-05,2026-01-14,7,2175.0
DD.MX,2024-02-06,2024-02-14,6,1411.58935546875
DD.MX,2025-11-19,2025-11-27,6,2100.0
DD.MX,2026-01-23,2026-02-03,6,2304.0
DD.MX,2024-08-07,2024-08-14,5,1907.2139892578125
DD.MX,2024-08-28,2024-09-04,5,2020.1412353515625
DD.MX,2025-09-12,2025-09-22,5,1806.8343505859375
DD.MX,2025-11-05,2025-11-12,5,2193.0
DD.MX,2026-01-15,2026-01-22,5,2280.0
DD.MX,2026-06-23,2026-06-30,5,2550.0
DDOG.MX,2024-09-26,2024-10-18,15,2230.0
DDOG.MX,2023-03-30,2023-04-20,13,1232.9599609375
DDOG.MX,2024-07-18,2024-08-06,13,2149.840087890625
DDOG.MX,2023-06-14,2023-06-28,10,1674.7900390625
DDOG.MX,2024-01-29,2024-02-12,9,2180.0
DDOG.MX,2024-10-21,2024-11-01,9,2510.0
DDOG.MX,2024-06-18,2024-06-28,8,2145.0
DDOG.MX,2024-08-21,2024-09-02,8,2262.030029296875
DDOG.MX,2023-12-20,2024-01-02,7,2063.199951171875
DDOG.MX,2024-04-05,2024-04-16,7,1984.0
DDOG.MX,2025-01-29,2025-02-10,7,3123.889892578125
DDOG.MX,2026-03-17,2026-03-26,7,2285.0
DDOG.MX,2023-12-04,2023-12-13,6,2038.0
DDOG.MX,2024-01-08,2024-01-16,6,1926.0
DDOG.MX,2024-05-20,2024-05-28,6,1995.0
DDOG.MX,2023-04-21,2023-04-28,5,1215.0
DDOG.MX,2023-05-02,2023-05-09,5,1165.0
DDOG.MX,2023-06-06,2023-06-13,5,1773.4599609375
DDOG.MX,2023-08-22,2023-08-29,5,1580.0
DDOG.MX,2023-10-16,2023-10-23,5,1640.0
DDOG.MX,2024-02-20,2024-02-27,5,2160.0
DDOG.MX,2024-09-09,2024-09-17,5,2145.840087890625
DDOG.MX,2024-12-02,2024-12-09,5,3100.0
DDOG.MX,2024-12-19,2024-12-27,5,2998.0
DDOG.MX,2025-05-21,2025-05-28,5,2240.0
DDOG.MX,2025-05-29,2025-06-05,5,2267.0
DDOG.MX,2025-06-18,2025-06-25,5,2473.0
DDOG.MX,2025-12-02,2025-12-09,5,2888.02001953125
DDOG.MX,2025-12-23,2025-12-31,5,2500.89990234375
DE.MX,2025-10-28,2025-11-18,14,8690.0
DE.MX,2026-03-17,2026-04-07,13,10180.0
DE.MX,2025-04-11,2025-05-02,12,9371.9697265625
DE.MX,2025-08-05,2025-08-20,11,9515.0
DE.MX,2025-06-06,2025-06-19,9,9929.0
DE.MX,2025-07-15,2025-07-28,9,9556.9697265625
DE.MX,2025-10-14,2025-10-27,9,8290.0
DE.MX,2026-04-20,2026-05-05,9,10250.0
DE.MX,2026-06-17,2026-06-30,9,10210.0
DE.MX,2025-08-28,2025-09-09,8,9185.3701171875
DE.MX,2025-11-20,2025-12-02,8,8734.0
DE.MX,2026-02-27,2026-03-11,8,10765.150390625
DE.MX,2025-09-15,2025-09-25,7,8572.599609375
DE.MX,2025-12-08,2025-12-18,7,8680.0
DE.MX,2025-10-03,2025-10-13,6,8550.0
DE.MX,2024-11-14,2024-11-22,5,8053.0
DE.MX,2025-02-20,2025-02-27,5,10053.1103515625
DE.MX,2026-01-14,2026-01-21,5,9079.1396484375
DE.MX,2026-06-05,2026-06-12,5,10280.0
DELLC.MX,2023-01-05,2023-04-04,61,792.0
DELLC.MX,2023-04-17,2023-05-05,13,792.0
DELLC.MX,2024-01-16,2024-02-02,13,1356.0
DELLC.MX,2023-07-10,2023-07-26,12,919.989990234375
DELLC.MX,2023-10-17,2023-11-03,12,1220.0
DELLC.MX,2023-08-18,2023-08-30,8,939.0
DELLC.MX,2024-01-03,2024-01-15,8,1307.0
DELLC.MX,2023-05-08,2023-05-17,7,819.0
DELLC.MX,2023-06-15,2023-06-26,7,855.0
DELLC.MX,2023-07-27,2023-08-07,7,915.989990234375
DELLC.MX,2023-06-06,2023-06-14,6,794.0
DELLC.MX,2023-04-05,2023-04-14,5,774.0
DELLC.MX,2023-05-18,2023-05-25,5,830.0
DELLC.MX,2023-06-29,2023-07-06,5,894.0
DELLC.MX,2023-12-15,2023-12-22,5,1252.969970703125
DGG.MX,2023-12-28,2024-02-29,43,2299.43994140625
DGG.MX,2025-07-23,2025-09-17,39,1995.0
DGG.MX,2025-10-13,2025-12-04,37,1863.25
DGG.MX,2024-06-20,2024-08-01,30,2320.5
DGG.MX,2023-10-18,2023-11-29,28,2114.0
DGG.MX,2024-09-05,2024-10-15,26,1585.0
DGG.MX,2024-03-27,2024-05-06,25,2520.0
DGG.MX,2023-06-23,2023-07-19,18,2900.0
DGG.MX,2024-05-07,2024-05-29,16,2391.0
DGG.MX,2023-03-29,2023-04-21,15,3722.35009765625
DGG.MX,2023-05-03,2023-05-24,15,3909.0
DGG.MX,2025-04-08,2025-05-02,15,1805.25
DGG.MX,2026-06-05,2026-06-26,15,1808.0
DGG.MX,2023-07-20,2023-08-08,13,2864.0
DGG.MX,2025-06-17,2025-07-04,13,2155.0
DGG.MX,2026-04-23,2026-05-12,12,2104.860107421875
DGG.MX,2026-03-25,2026-04-13,11,2098.39990234375
DGG.MX,2025-03-10,2025-03-25,10,1710.0
DGG.MX,2025-05-05,2025-05-19,10,1810.0
DGG.MX,2025-09-18,2025-10-02,10,1930.0
DGG.MX,2026-01-13,2026-01-27,10,2680.0
DGG.MX,2026-01-28,2026-02-12,10,2498.0
DGG.MX,2025-05-20,2025-06-02,9,1950.0
DGG.MX,2025-12-17,2025-12-31,9,2450.0
DGG.MX,2026-02-17,2026-03-02,9,2562.0
DGG.MX,2023-12-14,2023-12-27,8,2268.0
DGG.MX,2024-03-13,2024-03-26,8,2600.0
DGG.MX,2024-08-08,2024-08-20,8,2215.0
DGG.MX,2023-03-01,2023-03-10,7,3881.139892578125
DGG.MX,2023-08-17,2023-08-28,7,2746.81005859375
DGG.MX,2023-10-06,2023-10-17,7,1876.0
DGG.MX,2024-06-10,2024-06-19,7,2326.0
DGG.MX,2025-01-21,2025-01-30,7,1440.0
DGG.MX,2025-01-31,2025-02-12,7,1474.0
DGG.MX,2023-01-26,2023-02-03,6,4455.0
DGG.MX,2023-02-13,2023-02-21,6,4319.0
DGG.MX,2023-11-30,2023-12-08,6,2250.0
DGG.MX,2023-01-09,2023-01-16,5,4679.0
DGG.MX,2023-05-25,2023-06-01,5,3634.969970703125
DGG.MX,2023-06-15,2023-06-22,5,2800.0
DGG.MX,2023-08-09,2023-08-16,5,2825.0
DGG.MX,2024-10-30,2024-11-06,5,1605.0
DGG.MX,2024-11-11,2024-11-19,5,1555.0
DGG.MX,2024-12-30,2025-01-07,5,1550.0
DGG.MX,2025-03-26,2025-04-02,5,1700.0
DGG.MX,2025-06-09,2025-06-16,5,2170.0
DGG.MX,2026-03-03,2026-03-10,5,2716.840087890625
DGX.MX,2023-03-08,2024-10-04,396,2458.050048828125
DGX.MX,2024-10-07,2025-04-08,125,2844.14990234375
DGX.MX,2023-01-02,2023-03-07,45,2520.0
DGX.MX,2026-03-04,2026-05-11,43,3657.0
DGX.MX,2025-07-11,2025-08-28,34,3132.5
DGX.MX,2026-01-20,2026-03-03,29,3330.0
DGX.MX,2025-05-13,2025-06-17,25,3395.60009765625
DGX.MX,2025-04-09,2025-05-12,20,3370.949951171875
DGX.MX,2025-11-20,2025-12-18,19,3440.0
DGX.MX,2025-12-19,2026-01-19,19,3200.0
DGX.MX,2026-05-12,2026-06-08,19,3284.1201171875
DGX.MX,2025-10-15,2025-11-06,16,3450.0
DGX.MX,2025-06-18,2025-07-09,15,3355.0
DGX.MX,2026-06-09,2026-06-30,15,3470.0
DGX.MX,2025-08-29,2025-09-19,14,3386.35009765625
DGX.MX,2025-09-23,2025-10-06,9,3430.0
DGX.MX,2025-11-07,2025-11-19,7,3324.4599609375
DGX.MX,2025-10-07,2025-10-14,5,3350.0
DHI.MX,2023-03-21,2023-07-14,80,1700.0
DHI.MX,2023-10-18,2024-01-23,64,1988.3499755859375
DHI.MX,2024-04-02,2024-06-21,57,2579.050048828125
DHI.MX,2023-01-02,2023-03-17,53,1561.81005859375
DHI.MX,2025-03-25,2025-06-05,49,2620.0
DHI.MX,2024-11-25,2025-01-31,46,3549.0
DHI.MX,2026-02-12,2026-04-21,45,2853.0
DHI.MX,2026-04-23,2026-06-22,41,2854.0
DHI.MX,2025-02-04,2025-03-19,30,2871.14990234375
DHI.MX,2025-06-11,2025-07-22,29,2373.0
DHI.MX,2025-08-05,2025-09-10,26,2850.0
DHI.MX,2025-11-11,2025-12-19,26,2665.0
DHI.MX,2025-12-26,2026-01-30,24,2605.0
DHI.MX,2023-09-14,2023-10-17,23,1868.530029296875
DHI.MX,2025-09-15,2025-10-14,20,3170.5
DHI.MX,2024-06-24,2024-07-19,19,2585.0
DHI.MX,2024-09-06,2024-10-04,18,3753.800048828125
DHI.MX,2024-08-14,2024-09-05,16,3286.300048828125
DHI.MX,2024-02-07,2024-02-28,15,2483.8701171875
DHI.MX,2024-03-11,2024-04-01,12,2558.449951171875
DHI.MX,2024-07-29,2024-08-13,11,3340.110107421875
DHI.MX,2023-07-17,2023-07-31,10,2152.0
DHI.MX,2025-10-27,2025-11-10,10,2926.0
DHI.MX,2024-10-07,2024-10-18,9,3550.0
DHI.MX,2024-11-08,2024-11-22,9,3410.8798828125
DHI.MX,2024-10-28,2024-11-07,8,3702.2900390625
DHI.MX,2024-01-24,2024-02-02,7,2405.0
DHI.MX,2023-08-01,2023-08-09,6,2157.0
DHI.MX,2023-08-10,2023-08-18,6,2150.0
DHI.MX,2023-08-25,2023-09-04,6,1892.0
DHI.MX,2026-02-03,2026-02-11,6,2657.0
DHI.MX,2026-06-23,2026-06-30,5,2756.0
DHR.MX,2023-09-11,2023-09-21,8,3871.61669921875
DHR.MX,2025-06-12,2025-06-23,7,3880.0
DHR.MX,2024-09-06,2024-09-17,6,5382.0
DHR.MX,2026-06-17,2026-06-25,6,3069.0
DHR.MX,2024-04-03,2024-04-10,5,4088.5
DHR.MX,2024-04-24,2024-05-02,5,4262.830078125
DHR.MX,2024-10-09,2024-10-16,5,5175.0
DHR.MX,2024-11-12,2024-11-20,5,4966.0
DHR.MX,2024-11-22,2024-11-29,5,4836.0
DHR.MX,2025-01-31,2025-02-10,5,4611.2998046875
DHR.MX,2025-05-23,2025-05-30,5,3550.0
DHR.MX,2025-11-21,2025-11-28,5,4125.0
DHR.MX,2026-01-13,2026-01-20,5,4197.0
DKS.MX,2026-03-26,2026-06-30,64,3450.27001953125
DLR.MX,2023-01-02,2023-12-27,248,2000.0
DLR.MX,2023-12-28,2024-03-25,59,2293.219970703125
DLR.MX,2025-03-14,2025-05-29,50,2923.1201171875
DLR.MX,2026-03-12,2026-05-13,39,3211.0
DLR.MX,2024-07-03,2024-08-26,38,2776.0
DLR.MX,2024-11-08,2025-01-07,38,3657.179931640625
DLR.MX,2025-10-17,2025-12-11,38,3171.0
DLR.MX,2026-01-29,2026-03-11,28,2891.0
DLR.MX,2024-03-27,2024-04-30,22,2318.909912109375
DLR.MX,2025-05-30,2025-06-30,21,3286.0
DLR.MX,2025-07-01,2025-07-30,21,3214.47998046875
DLR.MX,2025-07-31,2025-08-28,20,3214.0
DLR.MX,2024-06-05,2024-07-02,19,2586.0
DLR.MX,2025-02-04,2025-02-27,17,3318.0
DLR.MX,2026-05-14,2026-06-05,16,3320.0
DLR.MX,2024-08-27,2024-09-13,13,2966.5400390625
DLR.MX,2025-01-08,2025-01-27,13,3671.0
DLR.MX,2024-10-14,2024-10-29,11,3135.0
DLR.MX,2025-12-18,2026-01-06,11,2689.320068359375
DLR.MX,2024-09-17,2024-09-30,9,3051.0
DLR.MX,2025-09-12,2025-09-26,9,3250.0
DLR.MX,2026-01-07,2026-01-20,9,2820.0
DLR.MX,2024-10-02,2024-10-11,7,3088.0
DLR.MX,2025-09-02,2025-09-11,7,3022.75
DLR.MX,2026-06-18,2026-06-29,7,3280.0
DLR.MX,2024-05-24,2024-06-03,6,2395.0
DLR.MX,2024-10-30,2024-11-07,6,3701.739990234375
DLR.MX,2025-09-29,2025-10-07,6,3103.419921875
DLR.MX,2025-10-08,2025-10-16,6,3190.0
DLR.MX,2026-01-21,2026-01-28,5,2790.25
DLTR.MX,2026-04-23,2026-06-04,29,1720.0
DLTR.MX,2026-02-12,2026-03-25,28,2158.0
DLTR.MX,2026-01-09,2026-02-11,22,2380.0
DLTR.MX,2025-10-24,2025-11-25,21,1842.989990234375
DLTR.MX,2024-12-30,2025-01-27,19,1549.0
DLTR.MX,2026-06-05,2026-06-30,17,1910.280029296875
DLTR.MX,2023-01-31,2023-02-23,16,2808.110107421875
DLTR.MX,2025-02-10,2025-03-03,15,1450.0
DLTR.MX,2025-06-06,2025-06-26,14,1810.0
DLTR.MX,2025-03-04,2025-03-24,13,1384.0
DLTR.MX,2025-05-12,2025-05-29,13,1706.27001953125
DLTR.MX,2025-09-11,2025-09-30,12,1832.0
DLTR.MX,2023-07-06,2023-07-19,9,2372.050048828125
DLTR.MX,2024-05-09,2024-05-22,9,1900.0
DLTR.MX,2024-10-07,2024-10-18,9,1340.0
DLTR.MX,2026-03-27,2026-04-13,9,1920.0
DLTR.MX,2023-01-04,2023-01-16,8,2726.0
DLTR.MX,2023-05-23,2023-06-02,8,2818.0
DLTR.MX,2025-12-17,2025-12-30,8,2300.0
DLTR.MX,2023-12-29,2024-01-10,7,2360.0
DLTR.MX,2025-01-28,2025-02-07,7,1520.0
DLTR.MX,2025-07-23,2025-08-01,7,2125.0
DLTR.MX,2023-03-03,2023-03-13,6,2640.0
DLTR.MX,2023-08-08,2023-08-16,6,2541.0
DLTR.MX,2023-10-27,2023-11-07,6,1956.0
DLTR.MX,2023-12-07,2023-12-18,6,2200.0
DLTR.MX,2025-04-09,2025-04-21,6,1457.0
DLTR.MX,2025-08-20,2025-08-28,6,2089.0
DLTR.MX,2025-12-05,2025-12-16,6,2270.0
DLTR.MX,2023-07-31,2023-08-07,5,2584.0
DLTR.MX,2023-11-17,2023-11-27,5,1970.0
DLTR.MX,2024-02-16,2024-02-23,5,2430.0
DLTR.MX,2025-03-28,2025-04-04,5,1508.0
DLTR.MX,2025-12-31,2026-01-08,5,2180.5
DPZ.MX,2023-10-12,2023-11-01,14,6127.06982421875
DPZ.MX,2023-09-12,2023-09-26,10,6749.0
DPZ.MX,2023-12-18,2024-01-02,9,6910.0
DPZ.MX,2025-06-10,2025-06-23,9,8675.0
DPZ.MX,2023-08-03,2023-08-15,8,6860.0
DPZ.MX,2024-04-02,2024-04-12,8,8226.0
DPZ.MX,2024-04-22,2024-05-03,8,8070.0
DPZ.MX,2024-05-08,2024-05-20,8,8835.0
DPZ.MX,2024-03-01,2024-03-12,7,7606.0
DPZ.MX,2024-01-09,2024-01-17,6,6978.0
DPZ.MX,2024-02-09,2024-02-19,6,7320.0
DPZ.MX,2025-01-21,2025-01-29,6,9090.0
DPZ.MX,2024-05-28,2024-06-04,5,8479.98046875
DPZ.MX,2024-06-28,2024-07-05,5,9433.48046875
DPZ.MX,2024-09-18,2024-09-25,5,7920.0
DPZ.MX,2024-10-17,2024-10-24,5,8530.0
DPZ.MX,2024-12-24,2025-01-02,5,8570.0
DPZ.MX,2025-07-02,2025-07-09,5,8438.2099609375
DPZ.MX,2025-08-19,2025-08-26,5,8471.849609375
DPZ.MX,2025-09-02,2025-09-09,5,8731.0
DPZ.MX,2025-11-26,2025-12-03,5,7715.0
DPZ.MX,2025-12-16,2025-12-23,5,7780.0
DUK.MX,2025-04-28,2025-08-05,70,2362.75
DUK.MX,2024-02-21,2024-05-31,68,1572.0
DUK.MX,2023-11-09,2024-02-08,60,1552.719970703125
DUK.MX,2024-08-01,2024-10-24,58,2054.0
DUK.MX,2023-07-05,2023-09-07,46,1565.0
DUK.MX,2025-10-27,2025-12-26,41,2368.7900390625
DUK.MX,2023-05-11,2023-06-30,36,1713.449951171875
DUK.MX,2025-03-07,2025-04-25,32,2324.179931640625
DUK.MX,2023-01-02,2023-02-13,29,1916.0
DUK.MX,2023-09-28,2023-11-08,28,1575.0
DUK.MX,2024-06-03,2024-07-11,28,1830.0
DUK.MX,2024-10-25,2024-12-05,28,2300.0
DUK.MX,2024-12-30,2025-02-06,26,2195.330078125
DUK.MX,2025-08-06,2025-09-11,26,2350.0
DUK.MX,2026-03-26,2026-05-04,23,2300.580078125
DUK.MX,2026-02-04,2026-03-03,19,2143.0
DUK.MX,2025-09-19,2025-10-14,17,2181.6298828125
DUK.MX,2023-02-14,2023-03-06,14,1850.199951171875
DUK.MX,2025-12-29,2026-01-19,14,2125.0
DUK.MX,2023-03-29,2023-04-19,13,1745.6099853515625
DUK.MX,2023-09-08,2023-09-27,13,1591.5
DUK.MX,2024-07-12,2024-07-31,13,1857.949951171875
DUK.MX,2025-02-13,2025-03-03,12,2325.0
DUK.MX,2026-05-11,2026-05-27,12,2165.0
DUK.MX,2026-06-16,2026-06-30,10,2154.300048828125
DUK.MX,2023-03-07,2023-03-17,8,1690.0
DUK.MX,2024-02-09,2024-02-20,7,1582.0
DUK.MX,2024-12-06,2024-12-18,7,2288.0
DUK.MX,2025-10-15,2025-10-24,7,2390.0
DUK.MX,2026-05-28,2026-06-05,6,2160.0
DUK.MX,2024-12-19,2024-12-27,5,2192.0
DUK.MX,2026-03-11,2026-03-19,5,2296.139892578125
DVA.MX,2024-10-28,2026-01-07,298,3113.2099609375
DVA.MX,2023-05-19,2024-04-12,226,1776.0
DVA.MX,2026-01-08,2026-06-05,100,1993.5899658203125
DVA.MX,2024-06-24,2024-10-25,87,2535.0
DVA.MX,2023-01-02,2023-04-13,69,1415.0
DVA.MX,2024-05-03,2024-06-21,35,2250.0
DVA.MX,2023-04-14,2023-05-09,16,1512.75
DVA.MX,2026-06-08,2026-06-30,16,3358.090087890625
DVA.MX,2024-04-15,2024-05-02,12,2195.0
DVA.MX,2023-05-10,2023-05-18,6,1747.0
DVN.MX,2025-05-22,2025-06-06,11,616.1900024414062
DVN.MX,2025-04-23,2025-05-05,7,606.0
DVN.MX,2026-06-16,2026-06-25,7,737.0999755859375
DVN.MX,2024-05-02,2024-05-10,6,850.0
DVN.MX,2024-07-05,2024-07-15,6,854.25
DVN.MX,2025-01-17,2025-01-27,6,789.6699829101562
DVN.MX,2025-03-07,2025-03-18,6,732.0
DVN.MX,2025-03-26,2025-04-03,6,746.489990234375
DVN.MX,2025-05-07,2025-05-15,6,595.7999877929688
DVN.MX,2024-03-21,2024-04-01,5,810.0
DVN.MX,2024-05-13,2024-05-20,5,858.489990234375
DVN.MX,2025-08-19,2025-08-26,5,635.0
DVN.MX,2025-11-20,2025-11-27,5,671.0
DXCM.MX,2026-03-17,2026-05-14,38,1209.6700439453125
DXCM.MX,2023-11-15,2024-01-05,33,1743.0
DXCM.MX,2025-02-14,2025-04-03,33,1788.699951171875
DXCM.MX,2024-03-13,2024-04-25,28,2260.0
DXCM.MX,2026-05-26,2026-06-30,25,1241.719970703125
DXCM.MX,2025-04-08,2025-05-12,21,1213.489990234375
DXCM.MX,2025-06-11,2025-07-09,20,1590.0
DXCM.MX,2024-08-09,2024-09-04,18,1353.9000244140625
DXCM.MX,2023-09-13,2023-10-06,17,1796.0
DXCM.MX,2023-10-18,2023-11-10,16,1541.5899658203125
DXCM.MX,2025-05-20,2025-06-10,15,1625.0
DXCM.MX,2025-07-28,2025-08-18,15,1579.0
DXCM.MX,2023-05-11,2023-05-31,14,2115.669921875
DXCM.MX,2024-07-05,2024-07-25,14,2051.47998046875
DXCM.MX,2023-02-10,2023-03-01,13,2138.409912109375
DXCM.MX,2024-04-26,2024-05-15,12,2200.0
DXCM.MX,2024-01-09,2024-01-24,11,2216.31005859375
DXCM.MX,2024-12-17,2025-01-03,11,1590.0
DXCM.MX,2025-07-10,2025-07-25,11,1579.4000244140625
DXCM.MX,2024-09-17,2024-10-02,10,1340.0
DXCM.MX,2023-08-17,2023-08-30,9,1877.0
DXCM.MX,2024-06-10,2024-06-21,9,2118.530029296875
DXCM.MX,2024-12-02,2024-12-16,9,1612.0
DXCM.MX,2023-01-20,2023-02-01,8,2015.5899658203125
DXCM.MX,2023-06-05,2023-06-15,8,2177.3701171875
DXCM.MX,2023-08-31,2023-09-12,8,1727.5
DXCM.MX,2024-06-24,2024-07-04,8,1980.0
DXCM.MX,2026-02-19,2026-03-03,8,1243.0
DXCM.MX,2023-03-03,2023-03-14,7,2201.0
DXCM.MX,2023-03-22,2023-03-31,7,2184.85009765625
DXCM.MX,2023-06-16,2023-06-27,7,2238.02001953125
DXCM.MX,2024-02-12,2024-02-21,7,2032.0
DXCM.MX,2025-01-06,2025-01-15,7,1658.0
DXCM.MX,2025-01-16,2025-01-27,7,1753.0
DXCM.MX,2025-11-18,2025-11-27,7,1100.0
DXCM.MX,2026-02-03,2026-02-12,7,1230.0
DXCM.MX,2026-03-04,2026-03-13,7,1284.0
DXCM.MX,2023-05-02,2023-05-10,6,2107.010009765625
DXCM.MX,2023-06-28,2023-07-06,6,2175.0
DXCM.MX,2023-07-18,2023-07-26,6,2298.889892578125
DXCM.MX,2024-10-08,2024-10-16,6,1349.989990234375
DXCM.MX,2025-02-05,2025-02-13,6,1777.5999755859375
DXCM.MX,2025-09-11,2025-09-22,6,1409.0
DXCM.MX,2025-12-22,2025-12-31,6,1213.0
DXCM.MX,2026-01-22,2026-01-30,6,1310.0
DXCM.MX,2026-05-15,2026-05-25,6,1064.6500244140625
DXCM.MX,2023-01-12,2023-01-19,5,2023.0
DXCM.MX,2023-04-03,2023-04-12,5,2095.60009765625
DXCM.MX,2024-09-05,2024-09-12,5,1379.43994140625
DXCM.MX,2024-11-04,2024-11-11,5,1408.22998046875
DXCM.MX,2024-11-22,2024-11-29,5,1485.0
DXCM.MX,2025-10-17,2025-10-24,5,1218.0
EBAY.MX,2025-09-24,2025-10-14,14,1725.0
EBAY.MX,2023-01-11,2023-01-26,11,875.6699829101562
EBAY.MX,2023-05-03,2023-05-17,10,810.0
EBAY.MX,2024-12-11,2024-12-27,10,1282.0
EBAY.MX,2026-06-16,2026-06-30,10,1878.0
EBAY.MX,2026-03-18,2026-03-31,9,1634.449951171875
EBAY.MX,2023-10-13,2023-10-25,8,750.0
EBAY.MX,2023-06-27,2023-07-06,7,753.280029296875
EBAY.MX,2023-08-03,2023-08-14,7,756.6199951171875
EBAY.MX,2024-01-05,2024-01-16,7,722.1099853515625
EBAY.MX,2024-01-17,2024-01-26,7,699.6799926757812
EBAY.MX,2024-12-30,2025-01-09,7,1260.0
EBAY.MX,2025-07-07,2025-07-16,7,1420.0
EBAY.MX,2026-06-04,2026-06-15,7,1878.0699462890625
EBAY.MX,2023-04-18,2023-04-26,6,799.0
EBAY.MX,2023-08-22,2023-08-30,6,729.2100219726562
EBAY.MX,2025-06-17,2025-06-25,6,1468.0
EBAY.MX,2026-01-02,2026-01-12,6,1573.0
EBAY.MX,2026-01-22,2026-01-30,6,1643.0
EBAY.MX,2026-04-21,2026-04-30,6,1836.300048828125
EBAY.MX,2023-01-03,2023-01-10,5,816.0
EBAY.MX,2023-06-05,2023-06-12,5,789.5499877929688
EBAY.MX,2023-06-13,2023-06-20,5,785.0
EBAY.MX,2023-09-08,2023-09-15,5,764.010009765625
EBAY.MX,2023-10-04,2023-10-11,5,772.8800048828125
EBAY.MX,2024-02-13,2024-02-20,5,715.5499877929688
EBAY.MX,2024-03-15,2024-03-25,5,872.0
EBAY.MX,2024-05-24,2024-05-31,5,905.5
EBAY.MX,2024-07-03,2024-07-10,5,940.0
EBAY.MX,2024-08-30,2024-09-06,5,1164.81005859375
EBAY.MX,2025-03-28,2025-04-04,5,1365.949951171875
EBAY.MX,2025-11-24,2025-12-01,5,1500.0
EBAY.MX,2026-02-25,2026-03-04,5,1453.47998046875
ECL.MX,2024-09-23,2025-02-17,99,4944.52978515625
ECL.MX,2025-05-21,2025-08-26,69,4948.27001953125
ECL.MX,2023-07-31,2023-11-03,68,3135.989990234375
ECL.MX,2023-01-26,2023-04-13,51,2839.0
ECL.MX,2023-05-03,2023-07-06,46,3200.0
ECL.MX,2025-09-29,2025-11-21,38,5007.2099609375
ECL.MX,2025-02-18,2025-04-08,34,5370.0
ECL.MX,2023-12-07,2024-01-26,33,3323.22998046875
ECL.MX,2025-12-23,2026-01-28,24,4762.919921875
ECL.MX,2026-03-26,2026-04-24,18,4743.490234375
ECL.MX,2023-01-02,2023-01-25,17,2806.110107421875
ECL.MX,2026-05-14,2026-06-08,17,4302.58984375
ECL.MX,2023-07-07,2023-07-28,15,3151.679931640625
ECL.MX,2025-04-28,2025-05-20,15,4654.0
ECL.MX,2024-07-17,2024-08-06,14,4270.0
ECL.MX,2025-09-05,2025-09-26,14,5076.97998046875
ECL.MX,2025-04-09,2025-04-25,10,4775.6201171875
ECL.MX,2026-04-28,2026-05-13,10,4660.0
ECL.MX,2024-04-08,2024-04-19,9,3688.110107421875
ECL.MX,2023-11-06,2023-11-16,8,3053.320068359375
ECL.MX,2024-08-27,2024-09-06,8,4900.0
ECL.MX,2024-09-09,2024-09-20,8,4897.0
ECL.MX,2025-11-28,2025-12-10,8,5027.31982421875
ECL.MX,2026-03-05,2026-03-18,8,5252.0
ECL.MX,2024-05-16,2024-05-27,7,3880.179931640625
ECL.MX,2024-07-05,2024-07-16,7,4274.0
ECL.MX,2026-02-09,2026-02-18,7,4926.06982421875
ECL.MX,2023-04-14,2023-04-24,6,2998.469970703125
ECL.MX,2023-11-17,2023-11-28,6,3172.0
ECL.MX,2024-03-20,2024-04-01,6,3832.1298828125
ECL.MX,2024-05-03,2024-05-13,6,3855.030029296875
ECL.MX,2025-08-27,2025-09-04,6,5190.9501953125
ECL.MX,2023-11-29,2023-12-06,5,3210.110107421875
ECL.MX,2024-01-30,2024-02-07,5,3440.030029296875
ECL.MX,2024-02-20,2024-02-27,5,3686.580078125
ECL.MX,2024-06-03,2024-06-10,5,4079.0
ECL.MX,2024-06-21,2024-06-28,5,4406.0
ECL.MX,2026-01-29,2026-02-06,5,4839.52001953125
ECL.MX,2026-06-15,2026-06-22,5,4565.0
ECL.MX,2026-06-23,2026-06-30,5,4723.990234375
EFX.MX,2023-06-22,2024-09-09,307,3883.0
EFX.MX,2023-01-02,2023-06-21,117,4309.64990234375
EFX.MX,2024-10-16,2025-03-03,93,5850.0
EFX.MX,2026-01-20,2026-04-20,60,3783.85009765625
EFX.MX,2025-11-10,2026-01-19,46,3855.139892578125
EFX.MX,2025-09-04,2025-11-07,45,4495.39990234375
EFX.MX,2025-04-23,2025-06-17,38,4910.43017578125
EFX.MX,2025-06-18,2025-08-01,32,4857.7998046875
EFX.MX,2026-05-15,2026-06-19,25,2755.60009765625
EFX.MX,2024-09-10,2024-10-15,23,5962.58984375
EFX.MX,2025-08-04,2025-09-03,22,4584.33984375
EFX.MX,2025-03-04,2025-03-27,16,5099.68994140625
EFX.MX,2025-03-28,2025-04-22,15,4933.22021484375
EFX.MX,2026-04-24,2026-05-14,13,2984.0
EFX.MX,2026-06-22,2026-06-30,6,2672.0
EHC.MX,2023-01-02,2026-06-30,514,1280.0751953125
EL.MX,2024-02-12,2024-03-08,19,2440.2099609375
EL.MX,2024-05-14,2024-05-30,12,2262.0
EL.MX,2023-11-14,2023-11-30,11,2125.580078125
EL.MX,2024-04-05,2024-04-18,9,2452.0
EL.MX,2024-10-11,2024-10-24,9,1944.3499755859375
EL.MX,2025-04-24,2025-05-07,8,1050.010009765625
EL.MX,2026-02-17,2026-02-26,7,1890.0
EL.MX,2023-10-20,2023-10-30,6,2517.0
EL.MX,2024-05-31,2024-06-10,6,2083.0
EL.MX,2025-01-16,2025-01-24,6,1619.989990234375
EL.MX,2026-01-21,2026-01-29,6,2056.0
EL.MX,2026-06-09,2026-06-17,6,1486.81005859375
EL.MX,2023-06-22,2023-06-29,5,3370.0
EL.MX,2023-09-01,2023-09-08,5,2756.260009765625
EL.MX,2023-09-13,2023-09-20,5,2603.0
EL.MX,2023-11-03,2023-11-10,5,1952.0
EL.MX,2024-04-24,2024-05-02,5,2500.0
EL.MX,2024-07-18,2024-07-25,5,1784.0
EL.MX,2025-11-14,2025-11-24,5,1643.0
EL.MX,2026-06-01,2026-06-08,5,1484.0
ELAN.MX,2023-01-02,2024-05-08,337,479.2799987792969
ELAN.MX,2024-06-06,2025-02-05,167,321.6199951171875
ELAN.MX,2025-05-30,2025-12-15,138,262.0
ELAN.MX,2025-12-16,2026-06-30,132,392.0
ELAN.MX,2025-02-06,2025-05-29,76,246.5
ELAN.MX,2024-05-09,2024-06-05,19,292.30999755859375
ELV.MX,2023-12-05,2024-02-14,47,8402.9697265625
ELV.MX,2025-12-09,2026-01-26,31,5995.91015625
ELV.MX,2023-10-25,2023-12-04,26,8275.0
ELV.MX,2024-05-16,2024-06-21,26,9074.1103515625
ELV.MX,2025-04-28,2025-06-02,24,8000.0
ELV.MX,2024-03-12,2024-04-17,23,8442.1103515625
ELV.MX,2024-06-24,2024-07-19,19,9729.6298828125
ELV.MX,2025-06-05,2025-07-01,18,7330.0
ELV.MX,2025-02-28,2025-03-25,16,8031.1298828125
ELV.MX,2024-10-18,2024-11-08,15,8678.990234375
ELV.MX,2026-01-30,2026-02-23,15,6037.0
ELV.MX,2025-08-18,2025-09-05,14,5840.0
ELV.MX,2024-04-18,2024-05-08,13,9098.0
ELV.MX,2024-11-21,2024-12-10,13,8084.0
ELV.MX,2025-01-02,2025-01-21,13,7580.0
ELV.MX,2026-03-27,2026-04-17,13,5190.0
ELV.MX,2025-11-20,2025-12-08,12,5767.0498046875
ELV.MX,2026-05-12,2026-05-28,12,6592.0
ELV.MX,2024-02-16,2024-03-04,11,8691.740234375
ELV.MX,2023-08-03,2023-08-17,10,8032.10986328125
ELV.MX,2026-03-10,2026-03-25,10,4980.0
ELV.MX,2026-06-10,2026-06-24,10,7050.0
ELV.MX,2023-03-02,2023-03-15,9,8511.01953125
ELV.MX,2023-09-20,2023-10-03,9,7494.580078125
ELV.MX,2025-07-02,2025-07-15,9,7446.43994140625
ELV.MX,2025-07-28,2025-08-08,9,5349.97998046875
ELV.MX,2025-10-07,2025-10-20,9,6550.0
ELV.MX,2025-10-21,2025-11-03,9,6310.0
ELV.MX,2023-05-17,2023-05-29,8,7832.0
ELV.MX,2024-12-18,2024-12-31,8,7700.0
ELV.MX,2023-04-28,2023-05-10,7,8425.1298828125
ELV.MX,2025-09-24,2025-10-03,7,6040.0
ELV.MX,2025-11-04,2025-11-13,7,5885.0
ELV.MX,2026-02-24,2026-03-05,7,5620.009765625
ELV.MX,2026-04-20,2026-04-30,7,5524.2900390625
ELV.MX,2023-01-26,2023-02-03,6,9409.0703125
ELV.MX,2023-04-11,2023-04-19,6,8895.1103515625
ELV.MX,2023-06-29,2023-07-07,6,7519.52978515625
ELV.MX,2023-07-25,2023-08-02,6,7977.08984375
ELV.MX,2024-09-24,2024-10-03,6,10245.0
ELV.MX,2025-04-15,2025-04-25,6,8803.0
ELV.MX,2023-01-02,2023-01-09,5,9980.3701171875
ELV.MX,2023-03-30,2023-04-10,5,8135.10986328125
ELV.MX,2023-04-20,2023-04-27,5,8131.0
ELV.MX,2023-06-13,2023-06-20,5,8096.10986328125
ELV.MX,2023-06-21,2023-06-28,5,7639.10986328125
ELV.MX,2023-10-17,2023-10-24,5,8354.0
ELV.MX,2024-10-04,2024-10-11,5,9490.0
ELV.MX,2024-11-11,2024-11-19,5,8678.98046875
ELV.MX,2025-01-29,2025-02-06,5,8248.5498046875
ELV.MX,2025-02-11,2025-02-18,5,8037.0
ELV.MX,2025-03-26,2025-04-02,5,8590.0
ELV.MX,2026-05-04,2026-05-11,5,6505.60986328125
EMR.MX,2024-07-12,2025-01-28,136,2042.0
EMR.MX,2024-05-16,2024-07-11,40,1892.18994140625
EMR.MX,2025-03-07,2025-05-05,37,2333.360107421875
EMR.MX,2024-03-21,2024-05-10,33,1895.0
EMR.MX,2025-06-10,2025-07-18,28,2400.0
EMR.MX,2023-07-24,2023-08-30,27,1553.5
EMR.MX,2025-10-01,2025-11-06,26,2420.0
EMR.MX,2026-04-29,2026-06-05,26,2417.0
EMR.MX,2025-05-06,2025-06-09,24,2110.0
EMR.MX,2026-02-18,2026-03-25,24,2603.0
EMR.MX,2023-12-13,2024-01-17,23,1590.75
EMR.MX,2023-11-09,2023-12-11,21,1490.0
EMR.MX,2025-12-09,2026-01-09,20,2480.0
EMR.MX,2026-03-26,2026-04-28,20,2250.919921875
EMR.MX,2025-01-29,2025-02-25,18,2646.510009765625
EMR.MX,2023-10-11,2023-11-06,17,1721.050048828125
EMR.MX,2024-02-16,2024-03-11,16,1819.8499755859375
EMR.MX,2025-08-28,2025-09-22,16,2528.0
EMR.MX,2026-06-08,2026-06-30,16,2439.0
EMR.MX,2023-09-25,2023-10-10,11,1692.6500244140625
EMR.MX,2024-01-18,2024-02-02,11,1590.0
EMR.MX,2023-05-12,2023-05-25,9,1440.0
EMR.MX,2025-08-14,2025-08-27,9,2528.699951171875
EMR.MX,2025-11-25,2025-12-08,9,2430.0
EMR.MX,2026-02-04,2026-02-17,9,2750.0
EMR.MX,2023-02-02,2023-02-15,8,1705.1099853515625
EMR.MX,2026-01-12,2026-01-22,8,2608.0
EMR.MX,2023-04-28,2023-05-10,7,1497.22998046875
EMR.MX,2023-09-01,2023-09-12,7,1692.0
EMR.MX,2023-01-03,2023-01-11,6,1856.6700439453125
EMR.MX,2023-06-29,2023-07-07,6,1524.030029296875
EMR.MX,2023-09-14,2023-09-22,6,1682.6099853515625
EMR.MX,2024-02-07,2024-02-15,6,1754.0
EMR.MX,2025-02-26,2025-03-06,6,2485.0
EMR.MX,2023-02-22,2023-03-01,5,1514.1300048828125
EMR.MX,2023-03-08,2023-03-15,5,1530.0
EMR.MX,2023-03-30,2023-04-10,5,1548.0
EMR.MX,2023-04-20,2023-04-27,5,1553.010009765625
EMR.MX,2023-06-05,2023-06-12,5,1440.5
EMR.MX,2023-06-13,2023-06-20,5,1486.25
EMR.MX,2023-06-21,2023-06-28,5,1493.1099853515625
EMR.MX,2025-07-23,2025-07-30,5,2710.0
EMR.MX,2025-09-23,2025-09-30,5,2457.570068359375
EMR.MX,2025-11-14,2025-11-24,5,2340.0
ENTG.MX,2024-12-10,2025-07-29,157,2159.050048828125
ENTG.MX,2025-10-22,2026-02-27,87,1625.0
ENTG.MX,2026-03-02,2026-06-19,74,2280.0
ENTG.MX,2023-08-01,2023-10-30,64,1827.0
ENTG.MX,2023-12-13,2024-02-27,51,1939.4200439453125
ENTG.MX,2024-09-19,2024-11-20,42,2216.580078125
ENTG.MX,2023-03-02,2023-05-02,39,1496.6600341796875
ENTG.MX,2023-01-10,2023-03-01,35,1426.43994140625
ENTG.MX,2024-08-06,2024-09-18,30,2002.6600341796875
ENTG.MX,2023-10-31,2023-12-11,27,1590.0
ENTG.MX,2024-06-20,2024-07-23,23,2447.889892578125
ENTG.MX,2024-02-28,2024-04-03,22,2267.81005859375
ENTG.MX,2023-05-03,2023-05-31,20,1334.0
ENTG.MX,2024-04-04,2024-04-29,17,2334.5400390625
ENTG.MX,2023-07-07,2023-07-31,16,1831.6500244140625
ENTG.MX,2023-06-14,2023-07-05,15,1944.969970703125
ENTG.MX,2024-05-29,2024-06-19,15,2176.610107421875
ENTG.MX,2025-09-18,2025-10-09,15,1762.6600341796875
ENTG.MX,2024-11-21,2024-12-09,12,2155.77001953125
ENTG.MX,2025-07-30,2025-08-15,12,1550.0
ENTG.MX,2023-06-01,2023-06-13,8,1929.4200439453125
ENTG.MX,2024-05-16,2024-05-28,8,2216.159912109375
ENTG.MX,2024-07-24,2024-08-05,8,2323.60009765625
ENTG.MX,2025-09-04,2025-09-17,8,1520.0
ENTG.MX,2026-06-22,2026-06-30,6,3150.0
ENTG.MX,2024-04-30,2024-05-08,5,2316.199951171875
ENTG.MX,2025-08-27,2025-09-03,5,1590.0
ENTG.MX,2025-10-10,2025-10-17,5,1715.0
EOG.MX,2023-11-08,2023-12-21,29,2131.0
EOG.MX,2024-03-12,2024-04-25,29,2040.0
EOG.MX,2024-01-12,2024-02-20,26,1970.0
EOG.MX,2025-10-27,2025-12-01,24,1976.1500244140625
EOG.MX,2023-05-22,2023-06-15,18,2045.0
EOG.MX,2026-05-07,2026-06-02,18,2237.0
EOG.MX,2024-05-07,2024-05-29,16,2205.14990234375
EOG.MX,2026-06-03,2026-06-24,15,2474.300048828125
EOG.MX,2023-05-02,2023-05-19,13,2040.0
EOG.MX,2023-03-21,2023-04-10,12,2032.1099853515625
EOG.MX,2023-04-12,2023-04-28,12,2218.840087890625
EOG.MX,2023-09-19,2023-10-05,12,2188.590087890625
EOG.MX,2026-03-10,2026-03-27,12,2245.0
EOG.MX,2023-10-12,2023-10-26,10,2290.89990234375
EOG.MX,2024-08-09,2024-08-23,10,2393.25
EOG.MX,2024-10-10,2024-10-24,10,2576.659912109375
EOG.MX,2025-02-13,2025-02-27,10,2637.89990234375
EOG.MX,2025-09-05,2025-09-22,10,2221.570068359375
EOG.MX,2023-01-04,2023-01-17,9,2400.0
EOG.MX,2024-02-27,2024-03-11,9,1940.0699462890625
EOG.MX,2023-01-18,2023-01-30,8,2473.5
EOG.MX,2025-06-27,2025-07-09,8,2271.199951171875
EOG.MX,2025-08-11,2025-08-21,8,2180.0
EOG.MX,2025-10-06,2025-10-16,8,2041.4100341796875
EOG.MX,2023-02-09,2023-02-20,7,2386.97998046875
EOG.MX,2023-06-23,2023-07-04,7,1834.9000244140625
EOG.MX,2023-07-25,2023-08-03,7,2164.909912109375
EOG.MX,2024-07-19,2024-07-30,7,2335.570068359375
EOG.MX,2025-12-05,2025-12-17,7,2065.89990234375
EOG.MX,2026-04-01,2026-04-14,7,2498.0
EOG.MX,2023-03-03,2023-03-13,6,2191.820068359375
EOG.MX,2023-08-04,2023-08-14,6,2196.010009765625
EOG.MX,2023-08-25,2023-09-04,6,2128.030029296875
EOG.MX,2023-10-27,2023-11-07,6,2274.75
EOG.MX,2024-08-28,2024-09-05,6,2520.610107421875
EOG.MX,2024-12-18,2024-12-27,6,2470.39990234375
EOG.MX,2025-07-10,2025-07-18,6,2257.300048828125
EOG.MX,2025-07-22,2025-07-30,6,2182.0
EOG.MX,2023-12-26,2024-01-03,5,2111.14990234375
EOG.MX,2024-01-04,2024-01-11,5,2069.52001953125
EOG.MX,2024-04-26,2024-05-06,5,2332.72998046875
EOG.MX,2024-06-24,2024-07-01,5,2258.949951171875
EOG.MX,2024-07-05,2024-07-12,5,2260.239990234375
EOG.MX,2025-01-07,2025-01-14,5,2584.360107421875
EOG.MX,2025-05-06,2025-05-13,5,2141.330078125
EOG.MX,2025-09-24,2025-10-01,5,2167.0
EOG.MX,2025-10-17,2025-10-24,5,1944.8399658203125
EOG.MX,2026-02-03,2026-02-10,5,1892.199951171875
EOG.MX,2026-04-15,2026-04-23,5,2288.800048828125
EQIX.MX,2024-07-31,2025-01-30,125,14643.7197265625
EQIX.MX,2023-11-16,2024-02-14,59,13420.0
EQIX.MX,2024-05-15,2024-07-30,54,13401.0
EQIX.MX,2024-02-15,2024-04-03,31,14850.0
EQIX.MX,2026-02-12,2026-03-30,31,16527.98046875
EQIX.MX,2025-01-31,2025-03-13,28,19062.890625
EQIX.MX,2025-05-20,2025-06-26,27,16819.0
EQIX.MX,2025-03-14,2025-04-22,24,16642.400390625
EQIX.MX,2023-08-03,2023-09-05,23,13383.3896484375
EQIX.MX,2025-06-27,2025-07-30,23,14699.0
EQIX.MX,2025-12-19,2026-01-22,22,13630.0
EQIX.MX,2023-02-01,2023-03-01,19,13691.919921875
EQIX.MX,2026-05-19,2026-06-15,19,18251.029296875
EQIX.MX,2023-05-04,2023-05-29,17,12990.1103515625
EQIX.MX,2023-10-20,2023-11-15,17,12897.5
EQIX.MX,2025-04-23,2025-05-16,16,16006.759765625
EQIX.MX,2024-04-04,2024-04-25,15,13085.73046875
EQIX.MX,2023-07-12,2023-08-01,14,13228.1103515625
EQIX.MX,2023-01-12,2023-01-31,13,13480.3701171875
EQIX.MX,2023-04-13,2023-05-03,13,12756.4296875
EQIX.MX,2026-04-07,2026-04-27,13,17958.44921875
EQIX.MX,2023-09-25,2023-10-10,11,12711.0400390625
EQIX.MX,2023-09-06,2023-09-20,10,13410.0
EQIX.MX,2025-08-26,2025-09-09,10,14616.5400390625
EQIX.MX,2025-11-07,2025-11-24,10,15178.650390625
EQIX.MX,2025-08-01,2025-08-14,9,14564.0498046875
EQIX.MX,2023-03-02,2023-03-14,8,12158.5
EQIX.MX,2026-01-23,2026-02-04,7,13745.0
EQIX.MX,2023-06-29,2023-07-07,6,13168.0302734375
EQIX.MX,2023-10-11,2023-10-19,6,13287.0
EQIX.MX,2025-08-15,2025-08-25,6,14746.23046875
EQIX.MX,2025-09-11,2025-09-22,6,14626.0
EQIX.MX,2025-09-23,2025-10-01,6,14719.0
EQIX.MX,2025-10-06,2025-10-14,6,14396.669921875
EQIX.MX,2025-12-08,2025-12-17,6,13480.0
EQIX.MX,2023-03-30,2023-04-10,5,12592.0
EQIX.MX,2023-06-05,2023-06-12,5,13137.58984375
EQIX.MX,2023-06-21,2023-06-28,5,13300.0302734375
EQIX.MX,2024-04-26,2024-05-06,5,13085.0
EQIX.MX,2026-05-05,2026-05-12,5,18825.0
EQR.MX,2024-02-29,2025-03-13,259,1000.4099731445312
EQR.MX,2025-03-14,2026-03-20,254,1368.989990234375
EQR.MX,2023-02-22,2024-01-29,234,1185.8399658203125
EQR.MX,2023-01-02,2023-02-21,35,1402.8599853515625
EQR.MX,2026-05-13,2026-06-30,34,1126.0
EQR.MX,2026-03-23,2026-05-12,32,1054.8499755859375
EQR.MX,2024-01-30,2024-02-20,14,1000.0
EQR.MX,2024-02-21,2024-02-28,5,1057.7900390625
EQT.MX,2023-10-09,2024-07-08,185,808.8200073242188
EQT.MX,2023-08-03,2023-10-06,46,700.0
EQT.MX,2025-04-04,2025-06-03,39,1040.280029296875
EQT.MX,2024-07-26,2024-09-18,37,633.0
EQT.MX,2025-06-04,2025-07-25,37,1075.4100341796875
EQT.MX,2024-11-21,2025-01-10,33,965.0
EQT.MX,2023-02-10,2023-03-22,27,580.0
EQT.MX,2025-10-22,2025-11-28,26,988.7999877929688
EQT.MX,2026-01-27,2026-03-04,25,938.5
EQT.MX,2023-05-26,2023-06-29,24,640.3300170898438
EQT.MX,2023-06-30,2023-08-02,23,708.0
EQT.MX,2025-07-28,2025-08-26,21,964.239990234375
EQT.MX,2023-04-28,2023-05-25,18,599.4400024414062
EQT.MX,2023-01-02,2023-01-23,15,845.969970703125
EQT.MX,2025-01-27,2025-02-18,15,1092.72998046875
EQT.MX,2025-08-27,2025-09-18,15,969.0
EQT.MX,2026-05-12,2026-06-02,15,970.0
EQT.MX,2026-06-09,2026-06-30,15,914.0
EQT.MX,2023-03-23,2023-04-14,14,544.5
EQT.MX,2024-10-16,2024-11-05,14,723.0
EQT.MX,2026-03-05,2026-03-26,14,1093.0
EQT.MX,2024-07-09,2024-07-25,12,657.3099975585938
EQT.MX,2025-09-19,2025-10-07,12,904.0
EQT.MX,2025-12-15,2026-01-02,12,980.0
EQT.MX,2026-01-08,2026-01-26,12,990.0
EQT.MX,2026-03-27,2026-04-16,12,1230.0
EQT.MX,2026-04-21,2026-05-11,12,985.0
EQT.MX,2023-01-24,2023-02-07,9,634.0
EQT.MX,2025-10-08,2025-10-21,9,1050.0
EQT.MX,2024-10-03,2024-10-15,8,725.0
EQT.MX,2024-11-06,2024-11-19,8,755.0
EQT.MX,2025-03-24,2025-04-03,8,1085.0
EQT.MX,2023-04-18,2023-04-27,7,593.0700073242188
EQT.MX,2024-09-19,2024-09-30,7,652.3099975585938
EQT.MX,2025-12-02,2025-12-11,7,1082.0
EQT.MX,2025-01-14,2025-01-22,6,1038.0
EQT.MX,2025-02-20,2025-02-28,6,1129.3299560546875
ES.MX,2025-12-22,2026-06-30,128,1186.2900390625
ETR.MX,2024-04-01,2025-01-13,198,825.0
ETR.MX,2023-08-23,2024-01-18,101,814.5
ETR.MX,2024-01-19,2024-03-27,46,889.0
ETR.MX,2025-01-14,2025-03-21,46,1599.030029296875
ETR.MX,2026-02-27,2026-05-07,44,1839.0
ETR.MX,2025-07-09,2025-09-05,42,1522.6199951171875
ETR.MX,2025-10-22,2025-12-15,36,1770.0
ETR.MX,2026-05-12,2026-06-30,35,1940.0
ETR.MX,2025-06-06,2025-07-08,22,1566.300048828125
ETR.MX,2025-09-08,2025-10-06,19,1647.5699462890625
ETR.MX,2025-12-23,2026-01-13,13,1651.0
ETR.MX,2025-05-20,2025-06-05,12,1625.6700439453125
ETR.MX,2025-05-02,2025-05-19,11,1647.780029296875
ETR.MX,2025-10-07,2025-10-21,10,1776.8399658203125
ETR.MX,2026-01-27,2026-02-10,9,1630.0
ETR.MX,2025-04-14,2025-04-25,7,1669.300048828125
ETR.MX,2025-03-27,2025-04-03,5,1712.3699951171875
EVR.MX,2023-01-02,2025-07-22,640,1870.0
EVR.MX,2025-10-29,2026-04-27,119,5500.0
EVR.MX,2026-04-28,2026-06-30,44,5960.0
EVR.MX,2025-07-30,2025-09-10,30,5978.66015625
EVR.MX,2025-09-17,2025-10-28,29,6400.0
EW.MX,2026-03-06,2026-04-27,32,1440.27001953125
EW.MX,2025-09-23,2025-10-31,28,1372.0
EW.MX,2024-04-04,2024-05-10,25,1538.5699462890625
EW.MX,2025-07-30,2025-09-03,25,1525.22998046875
EW.MX,2023-10-02,2023-10-31,21,1216.5
EW.MX,2024-06-24,2024-07-23,21,1623.5
EW.MX,2025-01-16,2025-02-13,19,1448.0
EW.MX,2025-03-11,2025-04-04,17,1395.0
EW.MX,2025-11-13,2025-12-08,16,1585.5
EW.MX,2024-07-31,2024-08-21,15,1171.0
EW.MX,2023-12-27,2024-01-17,14,1286.75
EW.MX,2026-06-02,2026-06-22,14,1514.030029296875
EW.MX,2025-04-29,2025-05-19,13,1492.1300048828125
EW.MX,2024-08-29,2024-09-17,12,1396.81005859375
EW.MX,2024-03-08,2024-03-26,11,1595.989990234375
EW.MX,2025-02-14,2025-03-03,11,1544.0
EW.MX,2025-05-27,2025-06-10,10,1466.68994140625
EW.MX,2025-07-09,2025-07-23,10,1433.75
EW.MX,2023-09-01,2023-09-14,9,1299.97998046875
EW.MX,2023-11-28,2023-12-11,9,1134.75
EW.MX,2024-02-14,2024-02-27,9,1458.0
EW.MX,2024-11-19,2024-12-02,9,1406.0
EW.MX,2025-06-13,2025-06-26,9,1433.5
EW.MX,2026-02-20,2026-03-05,9,1365.22998046875
EW.MX,2026-05-15,2026-05-28,9,1410.0
EW.MX,2023-11-06,2023-11-16,8,1180.25
EW.MX,2025-09-04,2025-09-17,8,1513.800048828125
EW.MX,2025-12-22,2026-01-05,8,1562.050048828125
EW.MX,2023-01-03,2023-01-12,7,1442.0
EW.MX,2023-01-18,2023-01-27,7,1480.56005859375
EW.MX,2023-07-26,2023-08-04,7,1535.030029296875
EW.MX,2023-08-07,2023-08-16,7,1357.0
EW.MX,2023-09-15,2023-09-26,7,1257.3599853515625
EW.MX,2024-01-18,2024-01-29,7,1270.300048828125
EW.MX,2024-09-25,2024-10-07,7,1290.52001953125
EW.MX,2024-10-28,2024-11-06,7,1363.0999755859375
EW.MX,2025-04-14,2025-04-25,7,1404.0
EW.MX,2025-12-09,2025-12-19,7,1529.0
EW.MX,2026-02-10,2026-02-19,7,1340.699951171875
EW.MX,2026-05-05,2026-05-14,7,1440.800048828125
EW.MX,2024-11-07,2024-11-15,6,1308.5
EW.MX,2024-12-03,2024-12-11,6,1415.0
EW.MX,2025-06-30,2025-07-08,6,1456.0
EW.MX,2026-01-29,2026-02-09,6,1397.530029296875
EW.MX,2023-04-03,2023-04-12,5,1480.550048828125
EW.MX,2024-05-21,2024-05-28,5,1500.0
EW.MX,2024-06-13,2024-06-20,5,1486.1500244140625
EW.MX,2025-01-06,2025-01-13,5,1491.5899658203125
EW.MX,2026-06-23,2026-06-30,5,1518.550048828125
EXC.MX,2025-09-02,2026-06-30,204,865.0
EXC.MX,2023-02-01,2023-09-22,162,782.6500244140625
EXC.MX,2024-10-08,2025-02-12,86,759.1400146484375
EXC.MX,2023-09-25,2023-12-13,54,680.0
EXC.MX,2024-02-23,2024-04-19,37,625.0
EXC.MX,2025-06-20,2025-08-05,32,800.0
EXC.MX,2024-01-10,2024-02-20,28,618.9000244140625
EXC.MX,2024-08-28,2024-09-30,22,743.0
EXC.MX,2023-01-03,2023-01-31,20,827.530029296875
EXC.MX,2025-02-13,2025-03-12,19,880.02001953125
EXC.MX,2025-03-13,2025-04-10,19,793.8900146484375
EXC.MX,2025-04-11,2025-05-13,19,894.4000244140625
EXC.MX,2024-06-20,2024-07-16,18,639.0
EXC.MX,2024-08-01,2024-08-27,18,702.5
EXC.MX,2025-05-26,2025-06-19,18,870.0
EXC.MX,2025-08-06,2025-09-01,18,835.0
EXC.MX,2024-05-16,2024-06-07,16,648.1599731445312
EXC.MX,2023-12-15,2024-01-09,15,624.0
EXC.MX,2024-04-22,2024-05-08,11,630.6500244140625
EXC.MX,2025-05-14,2025-05-23,7,845.0
EXC.MX,2024-07-17,2024-07-25,6,630.010009765625
EXC.MX,2024-06-12,2024-06-19,5,665.0
EXE.MX,2023-01-26,2023-12-11,220,1639.469970703125
EXE.MX,2024-10-10,2025-07-28,198,1699.0
EXE.MX,2023-12-13,2024-05-06,96,1292.4599609375
EXE.MX,2024-05-07,2024-08-01,62,1510.0400390625
EXE.MX,2026-01-21,2026-04-15,56,1912.9100341796875
EXE.MX,2024-08-02,2024-10-09,46,1379.8499755859375
EXE.MX,2025-11-18,2026-01-20,42,2130.0
EXE.MX,2025-08-04,2025-09-22,34,1915.0
EXE.MX,2025-09-23,2025-11-03,29,1850.0
EXE.MX,2026-06-03,2026-06-30,19,1580.0
EXE.MX,2026-04-16,2026-04-29,9,1687.5
EXE.MX,2026-05-06,2026-05-19,9,1727.550048828125
EXE.MX,2025-11-04,2025-11-14,8,2068.949951171875
EXE.MX,2023-01-17,2023-01-25,6,1680.0
EXE.MX,2026-05-26,2026-06-02,5,1644.0
EXPD.MX,2025-01-17,2025-12-04,222,2285.0
EXPD.MX,2025-12-05,2026-06-30,138,2704.75
EXPD.MX,2023-12-26,2024-06-06,111,2179.919921875
EXPD.MX,2023-06-15,2023-09-29,76,2039.81005859375
EXPD.MX,2024-06-07,2024-09-18,72,2297.56005859375
EXPD.MX,2024-11-22,2025-01-16,36,2479.969970703125
EXPD.MX,2023-02-22,2023-03-31,26,1948.800048828125
EXPD.MX,2023-04-03,2023-05-12,26,1900.0
EXPD.MX,2024-09-19,2024-10-28,26,2419.89990234375
EXPD.MX,2023-10-16,2023-11-17,23,2105.530029296875
EXPD.MX,2023-05-15,2023-06-14,22,1962.6500244140625
EXPD.MX,2023-11-21,2023-12-22,22,1999.0
EXPD.MX,2023-01-09,2023-02-02,18,2000.0
EXPD.MX,2024-11-06,2024-11-21,10,2399.510009765625
EXPD.MX,2023-10-02,2023-10-13,9,2020.4100341796875
EXPD.MX,2023-02-13,2023-02-21,6,2070.0
EXPD.MX,2024-10-29,2024-11-05,5,2409.340087890625
EXPE.MX,2025-05-15,2025-06-19,25,3239.0
EXPE.MX,2024-12-13,2025-01-16,22,3669.0
EXPE.MX,2025-04-01,2025-04-30,19,3356.0
EXPE.MX,2026-01-13,2026-02-06,17,5220.0
EXPE.MX,2026-04-13,2026-05-07,16,3938.280029296875
EXPE.MX,2025-02-14,2025-03-04,12,4112.68994140625
EXPE.MX,2023-01-02,2023-01-17,11,1630.6700439453125
EXPE.MX,2025-12-17,2026-01-05,11,5125.0
EXPE.MX,2026-05-18,2026-06-01,10,3715.0
EXPE.MX,2026-03-05,2026-03-19,9,4300.0
EXPE.MX,2023-09-12,2023-09-22,8,1845.010009765625
EXPE.MX,2025-01-21,2025-01-31,8,3731.0
EXPE.MX,2023-10-06,2023-10-17,7,1830.0
EXPE.MX,2025-07-18,2025-07-29,7,3460.0
EXPE.MX,2023-04-24,2023-05-03,6,1687.27001953125
EXPE.MX,2023-08-29,2023-09-06,6,1856.199951171875
EXPE.MX,2024-01-24,2024-02-01,6,2513.2099609375
EXPE.MX,2024-10-09,2024-10-17,6,2965.419921875
EXPE.MX,2024-12-03,2024-12-11,6,3761.0
EXPE.MX,2025-09-19,2025-09-29,6,4076.800048828125
EXPE.MX,2025-10-23,2025-10-31,6,3975.0
EXPE.MX,2026-03-26,2026-04-07,6,4152.0
EXPE.MX,2023-08-15,2023-08-22,5,1900.68994140625
EXPE.MX,2023-09-27,2023-10-04,5,1771.0
EXPE.MX,2024-07-23,2024-07-30,5,2420.0
EXPE.MX,2024-09-10,2024-09-18,5,2630.0
EXPE.MX,2025-07-02,2025-07-09,5,3270.0
EXPE.MX,2026-06-16,2026-06-23,5,4116.0
EXR.MX,2023-03-07,2024-07-02,331,2989.0
EXR.MX,2025-08-21,2026-06-30,212,2607.330078125
EXR.MX,2024-07-03,2025-03-13,174,2784.0
EXR.MX,2025-03-14,2025-06-30,72,2878.3701171875
EXR.MX,2023-01-02,2023-03-06,44,3565.0
EXR.MX,2025-07-01,2025-08-20,36,2828.739990234375
FANG.MX,2023-10-18,2024-01-22,63,3000.0
FANG.MX,2025-06-12,2025-08-26,53,2790.0
FANG.MX,2025-12-15,2026-02-20,46,2750.0
FANG.MX,2024-04-17,2024-06-05,34,3460.0
FANG.MX,2023-08-08,2023-09-22,33,2521.0
FANG.MX,2024-07-02,2024-08-13,30,3770.050048828125
FANG.MX,2023-05-30,2023-06-28,21,2260.0
FANG.MX,2024-03-07,2024-04-09,20,3080.0
FANG.MX,2024-12-26,2025-01-24,20,3188.530029296875
FANG.MX,2023-04-13,2023-05-10,18,2630.0
FANG.MX,2026-06-04,2026-06-30,18,3529.0
FANG.MX,2025-05-02,2025-05-26,16,2690.0
FANG.MX,2023-02-15,2023-03-08,15,2701.0
FANG.MX,2024-11-07,2024-11-29,15,3589.0
FANG.MX,2026-04-08,2026-04-30,15,3245.0
FANG.MX,2023-07-17,2023-08-03,13,2270.0
FANG.MX,2024-10-15,2024-11-01,13,3574.5
FANG.MX,2025-01-27,2025-02-14,13,3474.0
FANG.MX,2025-11-24,2025-12-11,13,2600.0
FANG.MX,2023-05-11,2023-05-29,12,2247.0400390625
FANG.MX,2023-06-29,2023-07-14,11,2230.0
FANG.MX,2023-10-02,2023-10-17,11,2630.0
FANG.MX,2024-01-23,2024-02-08,11,2619.9599609375
FANG.MX,2024-08-14,2024-08-27,9,3709.669921875
FANG.MX,2025-08-27,2025-09-09,9,2720.0
FANG.MX,2026-03-04,2026-03-18,9,3063.0
FANG.MX,2023-01-02,2023-01-12,8,2633.0
FANG.MX,2024-06-10,2024-06-20,8,3551.679931640625
FANG.MX,2024-12-11,2024-12-24,8,3282.0
FANG.MX,2025-03-07,2025-03-20,8,2864.97998046875
FANG.MX,2025-11-03,2025-11-13,8,2600.0
FANG.MX,2026-05-20,2026-06-01,8,3560.0
FANG.MX,2023-03-30,2023-04-12,7,2343.0
FANG.MX,2025-03-27,2025-04-07,7,3273.110107421875
FANG.MX,2025-09-11,2025-09-23,7,2593.0
FANG.MX,2023-03-21,2023-03-29,6,2423.2099609375
FANG.MX,2024-02-27,2024-03-06,6,3015.090087890625
FANG.MX,2024-06-21,2024-07-01,6,3475.6298828125
FANG.MX,2024-08-28,2024-09-05,6,3787.7900390625
FANG.MX,2025-09-24,2025-10-02,6,2597.0
FANG.MX,2024-12-03,2024-12-10,5,3574.0
FANG.MX,2025-04-16,2025-04-25,5,2630.0
FANG.MX,2025-05-28,2025-06-04,5,2679.0
FANG.MX,2026-02-23,2026-03-02,5,3009.0
FANG.MX,2026-05-08,2026-05-15,5,3245.0
FAST.MX,2024-02-09,2024-11-28,202,1100.0
FAST.MX,2023-07-07,2024-02-08,148,1052.0
FAST.MX,2023-01-02,2023-07-06,128,1051.4000244140625
FAST.MX,2024-11-29,2025-05-12,108,1702.47998046875
FAST.MX,2025-10-20,2026-02-03,71,790.2000122070312
FAST.MX,2025-07-14,2025-10-09,62,850.489990234375
FAST.MX,2026-04-13,2026-06-30,54,832.0
FAST.MX,2025-05-13,2025-07-11,43,851.239990234375
FAST.MX,2026-03-09,2026-04-07,18,827.0
FAST.MX,2026-02-04,2026-02-27,17,800.0
FCX.MX,2025-05-13,2025-05-22,7,772.0
FCX.MX,2024-01-03,2024-01-10,5,705.5499877929688
FDX.MX,2026-03-23,2026-04-08,10,6378.740234375
FDX.MX,2023-10-27,2023-11-09,8,4131.6201171875
FDX.MX,2026-06-09,2026-06-19,8,5770.0
FDX.MX,2023-10-17,2023-10-26,7,4440.0
FDX.MX,2026-03-03,2026-03-12,7,6657.89990234375
FDX.MX,2024-04-22,2024-04-30,6,4500.0
FDX.MX,2026-04-10,2026-04-20,6,6483.0
FDX.MX,2024-11-22,2024-11-29,5,6169.5
FDX.MX,2025-04-28,2025-05-06,5,4170.0
FDX.MX,2025-05-27,2025-06-03,5,4230.5
FDX.MX,2025-11-26,2025-12-03,5,5045.0
FE.MX,2023-10-20,2025-10-15,496,655.5599975585938
FE.MX,2023-01-02,2023-10-19,203,793.27001953125
FE.MX,2025-10-16,2026-05-14,140,880.02001953125
FE.MX,2026-05-15,2026-06-30,32,769.8099975585938
FFIV.MX,2025-04-21,2025-10-27,133,4890.0
FFIV.MX,2023-09-18,2024-03-27,130,2686.669921875
FFIV.MX,2026-01-26,2026-06-30,105,4614.759765625
FFIV.MX,2024-04-01,2024-08-19,99,3168.919921875
FFIV.MX,2023-01-02,2023-04-24,76,2725.389892578125
FFIV.MX,2024-11-04,2025-02-17,70,4642.52978515625
FFIV.MX,2025-10-28,2026-01-23,59,4932.0
FFIV.MX,2024-08-20,2024-11-01,51,3650.0
FFIV.MX,2025-02-27,2025-04-10,29,5960.0
FFIV.MX,2023-04-26,2023-05-30,23,2371.27001953125
FFIV.MX,2023-06-27,2023-07-24,19,2491.919921875
FFIV.MX,2023-05-31,2023-06-20,14,2597.949951171875
FFIV.MX,2023-08-25,2023-09-07,9,2631.75
FFIV.MX,2023-07-25,2023-08-04,8,2695.27001953125
FFIV.MX,2025-02-18,2025-02-26,6,6215.0
FFIV.MX,2023-08-08,2023-08-15,5,2733.330078125
FFIV.MX,2023-08-16,2023-08-23,5,2681.14990234375
FIS.MX,2023-06-26,2023-09-11,55,950.0
FIS.MX,2023-09-12,2023-11-07,39,889.6400146484375
FIS.MX,2023-11-15,2023-12-26,26,940.0
FIS.MX,2024-05-24,2024-07-01,26,1297.0
FIS.MX,2024-12-30,2025-02-05,25,1658.0
FIS.MX,2024-02-23,2024-03-27,22,1081.0
FIS.MX,2025-08-14,2025-09-15,22,1360.0
FIS.MX,2023-02-15,2023-03-14,19,1244.530029296875
FIS.MX,2026-03-05,2026-04-06,19,905.0
FIS.MX,2024-08-09,2024-09-04,18,1450.0
FIS.MX,2023-03-15,2023-04-12,17,967.8400268554688
FIS.MX,2026-01-22,2026-02-17,17,1074.0
FIS.MX,2023-04-13,2023-05-08,16,1017.25
FIS.MX,2024-01-30,2024-02-22,16,1082.0
FIS.MX,2024-11-13,2024-12-06,16,1838.0
FIS.MX,2024-04-01,2024-04-22,15,1217.0
FIS.MX,2023-01-03,2023-01-23,14,1326.72998046875
FIS.MX,2025-12-31,2026-01-21,14,1201.0
FIS.MX,2023-12-27,2024-01-16,13,1018.0
FIS.MX,2024-12-09,2024-12-27,12,1695.0
FIS.MX,2024-07-19,2024-08-05,11,1360.0
FIS.MX,2025-05-14,2025-05-29,11,1501.199951171875
FIS.MX,2024-10-29,2024-11-12,10,1801.0
FIS.MX,2025-03-11,2025-03-26,10,1397.0
FIS.MX,2025-12-15,2025-12-30,10,1198.0
FIS.MX,2026-02-18,2026-03-04,10,802.3900146484375
FIS.MX,2024-04-23,2024-05-07,9,1227.0
FIS.MX,2025-06-11,2025-06-24,9,1547.0
FIS.MX,2025-10-27,2025-11-07,9,1232.0
FIS.MX,2025-11-24,2025-12-05,9,1195.0
FIS.MX,2026-05-26,2026-06-08,9,733.0
FIS.MX,2026-06-09,2026-06-22,9,694.5
FIS.MX,2023-02-01,2023-02-14,8,1428.77001953125
FIS.MX,2023-05-23,2023-06-02,8,1005.0
FIS.MX,2024-01-17,2024-01-29,8,1046.0
FIS.MX,2024-09-25,2024-10-08,8,1619.0
FIS.MX,2026-04-07,2026-04-17,8,823.0
FIS.MX,2023-05-11,2023-05-22,7,971.530029296875
FIS.MX,2023-06-14,2023-06-23,7,953.0800170898438
FIS.MX,2025-03-27,2025-04-07,7,1522.5
FIS.MX,2023-06-05,2023-06-13,6,1003.5
FIS.MX,2024-05-15,2024-05-23,6,1285.0
FIS.MX,2024-07-02,2024-07-10,6,1363.969970703125
FIS.MX,2024-10-09,2024-10-17,6,1674.0
FIS.MX,2024-10-18,2024-10-28,6,1811.0
FIS.MX,2025-02-14,2025-02-24,6,1420.0
FIS.MX,2025-04-23,2025-05-02,6,1518.0
FIS.MX,2025-05-05,2025-05-13,6,1546.0
FIS.MX,2025-06-02,2025-06-10,6,1512.5
FIS.MX,2025-07-08,2025-07-16,6,1497.0
FIS.MX,2023-01-24,2023-01-31,5,1404.3299560546875
FIS.MX,2024-07-11,2024-07-18,5,1339.719970703125
FIS.MX,2025-06-30,2025-07-07,5,1531.0
FIS.MX,2025-08-06,2025-08-13,5,1322.0
FIS.MX,2025-09-17,2025-09-24,5,1222.9200439453125
FIS.MX,2025-10-02,2025-10-09,5,1226.0
FIS.MX,2026-04-29,2026-05-07,5,805.0
FIS.MX,2026-06-23,2026-06-30,5,670.0
FISV.MX,2023-09-21,2023-11-28,46,2014.0
FISV.MX,2023-12-20,2024-01-29,26,2278.0
FISV.MX,2023-05-09,2023-06-12,24,2113.5
FISV.MX,2025-02-05,2025-03-10,23,4716.60009765625
FISV.MX,2025-01-08,2025-02-04,18,4155.5
FISV.MX,2024-05-29,2024-06-20,16,2525.0
FISV.MX,2023-08-14,2023-09-04,15,2140.300048828125
FISV.MX,2024-03-06,2024-03-27,14,2554.0
FISV.MX,2023-01-10,2023-01-26,12,1929.0
FISV.MX,2023-06-28,2023-07-14,12,2089.919921875
FISV.MX,2024-09-25,2024-10-14,12,3446.199951171875
FISV.MX,2024-04-05,2024-04-22,11,2600.0
FISV.MX,2024-08-16,2024-09-02,11,3109.659912109375
FISV.MX,2024-12-17,2025-01-03,11,4095.0
FISV.MX,2025-03-13,2025-03-31,11,4210.0
FISV.MX,2023-02-16,2023-03-02,10,2161.25
FISV.MX,2024-02-20,2024-03-05,10,2520.0
FISV.MX,2024-04-23,2024-05-08,10,2639.800048828125
FISV.MX,2024-02-06,2024-02-19,9,2417.5
FISV.MX,2024-08-05,2024-08-15,8,3004.4599609375
FISV.MX,2024-09-11,2024-09-24,8,3341.8701171875
FISV.MX,2025-06-11,2025-06-23,8,3151.429931640625
FISV.MX,2023-04-26,2023-05-08,7,2152.0
FISV.MX,2023-07-26,2023-08-04,7,2137.5400390625
FISV.MX,2023-11-30,2023-12-11,7,2260.0
FISV.MX,2024-06-21,2024-07-02,7,2726.0
FISV.MX,2023-03-10,2023-03-21,6,2061.0
FISV.MX,2023-03-29,2023-04-10,6,2020.0
FISV.MX,2023-04-11,2023-04-19,6,2073.0
FISV.MX,2023-06-13,2023-06-21,6,2039.4599609375
FISV.MX,2024-07-05,2024-07-15,6,2719.0
FISV.MX,2023-07-17,2023-07-24,5,2150.0
FISV.MX,2023-09-13,2023-09-20,5,2070.0
FISV.MX,2025-07-02,2025-07-09,5,3294.0
FIVE.MX,2023-01-02,2024-08-15,408,4280.0
FIVE.MX,2025-08-28,2026-01-28,104,2780.0
FIVE.MX,2024-12-04,2025-04-30,98,2135.0
FIVE.MX,2026-03-18,2026-06-02,50,3839.0
FIVE.MX,2024-09-25,2024-12-03,47,1780.0
FIVE.MX,2026-01-29,2026-03-17,31,3236.429931640625
FIVE.MX,2025-07-17,2025-08-27,29,2525.0
FIVE.MX,2025-05-02,2025-06-03,22,1488.0
FIVE.MX,2026-06-05,2026-06-30,17,3385.60009765625
FIVE.MX,2024-08-21,2024-09-11,15,1555.5400390625
FIVE.MX,2025-06-25,2025-07-16,15,2389.0
FIVE.MX,2025-06-05,2025-06-19,10,2498.0
FIVE.MX,2024-09-12,2024-09-20,5,1800.0
FIX.MX,2026-02-26,2026-04-06,24,24645.390625
FIX.MX,2025-12-03,2026-01-08,23,17180.0
FIX.MX,2026-01-20,2026-02-10,14,19870.109375
FIX.MX,2026-04-09,2026-04-20,7,27313.5703125
FIX.MX,2026-02-11,2026-02-19,6,23180.33984375
FIX.MX,2026-05-07,2026-05-15,6,33146.73828125
FIX.MX,2026-05-18,2026-05-26,6,32270.0
FIX.MX,2026-06-12,2026-06-22,6,32870.0
FRES.MX,2024-05-20,2024-08-07,57,130.0
FRES.MX,2023-01-30,2023-04-18,52,172.0
FRES.MX,2024-10-25,2024-12-04,27,181.10000610351562
FRES.MX,2023-12-05,2024-01-10,23,112.19999694824219
FRES.MX,2023-01-02,2023-01-27,19,173.0
FRES.MX,2025-01-07,2025-02-04,19,165.60000610351562
FRES.MX,2023-04-19,2023-05-16,18,167.0
FRES.MX,2025-02-06,2025-03-04,18,193.5500030517578
FRES.MX,2023-08-01,2023-08-23,16,129.5
FRES.MX,2023-10-19,2023-11-10,15,116.3499984741211
FRES.MX,2024-04-25,2024-05-17,15,123.94999694824219
FRES.MX,2024-09-03,2024-09-25,15,135.3800048828125
FRES.MX,2026-03-27,2026-04-21,15,766.8599853515625
FRES.MX,2023-11-13,2023-12-04,14,112.16000366210938
FRES.MX,2024-01-23,2024-02-13,14,106.19999694824219
FRES.MX,2024-08-14,2024-09-02,13,133.97000122070312
FRES.MX,2025-08-13,2025-09-01,13,370.0
FRES.MX,2025-10-03,2025-10-17,10,600.0
FRES.MX,2023-06-09,2023-06-22,9,148.3699951171875
FRES.MX,2023-09-20,2023-10-03,9,123.8499984741211
FRES.MX,2024-02-14,2024-02-27,9,102.0
FRES.MX,2024-04-10,2024-04-23,9,123.5
FRES.MX,2024-09-26,2024-10-10,9,164.75
FRES.MX,2025-05-20,2025-06-02,9,249.0
FRES.MX,2025-04-03,2025-04-15,8,264.0
FRES.MX,2025-05-07,2025-05-19,8,250.0
FRES.MX,2023-10-09,2023-10-18,7,119.94999694824219
FRES.MX,2024-01-11,2024-01-22,7,111.0
FRES.MX,2024-03-04,2024-03-13,7,105.0
FRES.MX,2024-12-05,2024-12-17,7,176.6300048828125
FRES.MX,2025-08-01,2025-08-12,7,365.0
FRES.MX,2023-05-17,2023-05-25,6,180.0
FRES.MX,2025-12-31,2026-01-09,6,788.0
FRES.MX,2026-06-09,2026-06-17,6,750.0
FRES.MX,2023-07-14,2023-07-21,5,132.0
FRES.MX,2025-04-23,2025-04-30,5,225.0
FRES.MX,2025-07-22,2025-07-29,5,366.0
FRES.MX,2026-05-18,2026-05-25,5,850.0
FSLR.MX,2023-03-21,2023-03-28,5,3915.0
FSLR.MX,2023-11-22,2023-11-29,5,2725.0
FTNT.MX,2026-02-12,2026-02-20,6,1441.0
GD.MX,2025-02-28,2025-07-17,95,5133.2900390625
GD.MX,2024-02-22,2024-05-22,60,4559.2099609375
GD.MX,2023-10-18,2024-01-05,52,4371.02001953125
GD.MX,2023-08-03,2023-09-29,41,3898.22998046875
GD.MX,2026-02-26,2026-04-17,33,6100.0
GD.MX,2023-02-01,2023-03-15,29,4294.1201171875
GD.MX,2025-08-28,2025-10-07,27,6113.64990234375
GD.MX,2025-11-19,2025-12-30,27,6277.0
GD.MX,2023-03-16,2023-04-25,25,4190.0
GD.MX,2024-09-12,2024-10-16,22,5861.0
GD.MX,2023-05-02,2023-05-31,21,3830.0
GD.MX,2024-06-24,2024-07-22,20,5435.0
GD.MX,2024-12-13,2025-01-14,20,5304.6201171875
GD.MX,2023-07-06,2023-08-02,19,3656.0
GD.MX,2024-01-08,2024-02-02,19,4370.0
GD.MX,2026-01-28,2026-02-25,19,6090.0
GD.MX,2024-08-05,2024-08-28,17,5535.0
GD.MX,2024-05-30,2024-06-21,16,5027.0
GD.MX,2023-06-14,2023-07-05,15,3688.669921875
GD.MX,2026-06-09,2026-06-30,15,5976.0
GD.MX,2024-10-17,2024-11-05,13,6090.0
GD.MX,2025-01-30,2025-02-18,12,5236.0
GD.MX,2023-10-02,2023-10-17,11,3942.7900390625
GD.MX,2024-02-06,2024-02-21,11,4400.0
GD.MX,2025-10-08,2025-10-23,11,6365.0
GD.MX,2026-05-11,2026-05-25,10,5890.0
GD.MX,2024-11-06,2024-11-20,9,6012.9501953125
GD.MX,2025-07-25,2025-08-07,9,5710.43994140625
GD.MX,2023-06-01,2023-06-13,8,3601.179931640625
GD.MX,2025-01-15,2025-01-27,8,5419.0
GD.MX,2026-05-28,2026-06-08,7,6050.0
GD.MX,2025-11-07,2025-11-18,6,6250.0
GD.MX,2023-01-02,2023-01-09,5,4600.0
GD.MX,2023-01-17,2023-01-24,5,4511.0
GD.MX,2024-07-23,2024-07-30,5,5445.0
GD.MX,2024-09-04,2024-09-11,5,5799.60009765625
GD.MX,2024-11-21,2024-11-28,5,5735.89990234375
GD.MX,2025-10-30,2025-11-06,5,6410.0
GD.MX,2026-01-13,2026-01-20,5,6530.0
GD.MX,2026-04-24,2026-05-04,5,5424.9501953125
GDDY.MX,2023-01-02,2023-11-21,224,1449.06005859375
GDDY.MX,2024-07-10,2025-02-10,146,2601.0
GDDY.MX,2024-02-22,2024-06-10,73,1928.0
GDDY.MX,2025-11-05,2026-02-03,59,2477.6298828125
GDDY.MX,2023-12-06,2024-02-21,51,1800.489990234375
GDDY.MX,2025-07-02,2025-07-24,16,3295.5
GDDY.MX,2025-03-24,2025-04-14,15,3680.0
GDDY.MX,2025-06-11,2025-07-01,14,3362.0
GDDY.MX,2025-09-11,2025-10-02,14,2750.489990234375
GDDY.MX,2026-04-09,2026-04-30,14,1383.0999755859375
GDDY.MX,2026-02-04,2026-02-23,13,1650.0
GDDY.MX,2026-03-18,2026-04-08,13,1477.0
GDDY.MX,2024-06-21,2024-07-09,12,2488.409912109375
GDDY.MX,2025-02-27,2025-03-18,12,3550.0
GDDY.MX,2025-08-22,2025-09-05,10,2738.60009765625
GDDY.MX,2023-11-22,2023-12-05,9,1598.1300048828125
GDDY.MX,2025-04-15,2025-04-30,9,3531.0
GDDY.MX,2025-10-21,2025-10-31,8,2468.0
GDDY.MX,2024-06-11,2024-06-20,7,2578.5
GDDY.MX,2025-05-15,2025-05-26,7,3706.949951171875
GDDY.MX,2026-03-05,2026-03-17,7,1646.5
GDDY.MX,2025-07-25,2025-08-04,6,3090.0
GDDY.MX,2025-08-13,2025-08-21,6,2679.0
GDDY.MX,2025-10-03,2025-10-13,6,2514.75
GDDY.MX,2026-05-21,2026-05-29,6,1582.1500244140625
GDDY.MX,2025-02-19,2025-02-26,5,3602.0
GDDY.MX,2026-05-07,2026-05-14,5,1550.0
GDDY.MX,2026-06-16,2026-06-23,5,1362.0
GE.MX,2025-02-14,2025-02-21,5,4200.0
GEHC.MX,2026-01-26,2026-03-04,26,1390.0
GEHC.MX,2026-03-13,2026-04-21,24,1268.0
GEHC.MX,2025-03-04,2025-04-07,23,1753.9000244140625
GEHC.MX,2024-11-06,2024-12-06,21,1729.0
GEHC.MX,2024-12-19,2025-01-15,17,1573.0
GEHC.MX,2025-08-11,2025-09-03,17,1365.0
GEHC.MX,2024-03-26,2024-04-19,16,1451.449951171875
GEHC.MX,2024-09-27,2024-10-22,16,1820.0
GEHC.MX,2023-11-06,2023-11-24,13,1257.0
GEHC.MX,2025-12-30,2026-01-19,13,1495.72998046875
GEHC.MX,2023-12-19,2024-01-08,12,1280.0
GEHC.MX,2023-04-28,2023-05-16,11,1461.4000244140625
GEHC.MX,2023-07-31,2023-08-15,11,1363.9100341796875
GEHC.MX,2024-01-16,2024-01-30,10,1245.550048828125
GEHC.MX,2024-05-15,2024-05-29,10,1360.8499755859375
GEHC.MX,2024-06-27,2024-07-10,9,1443.0
GEHC.MX,2023-02-28,2023-03-10,8,1350.0
GEHC.MX,2023-06-14,2023-06-26,8,1348.8499755859375
GEHC.MX,2023-10-06,2023-10-18,8,1198.0
GEHC.MX,2024-08-06,2024-08-16,8,1591.4100341796875
GEHC.MX,2025-01-30,2025-02-12,8,1803.7900390625
GEHC.MX,2025-09-12,2025-09-25,8,1421.0
GEHC.MX,2025-12-16,2025-12-29,8,1491.0899658203125
GEHC.MX,2026-05-18,2026-05-28,8,1074.5
GEHC.MX,2023-03-14,2023-03-24,7,1420.0
GEHC.MX,2023-06-28,2023-07-07,7,1315.0
GEHC.MX,2023-07-19,2023-07-28,7,1372.300048828125
GEHC.MX,2025-11-05,2025-11-14,7,1402.0
GEHC.MX,2026-06-17,2026-06-26,7,1058.1600341796875
GEHC.MX,2023-06-05,2023-06-13,6,1397.0
GEHC.MX,2023-12-04,2023-12-13,6,1198.8800048828125
GEHC.MX,2025-02-18,2025-02-26,6,1884.0
GEHC.MX,2025-12-02,2025-12-10,6,1460.0
GEHC.MX,2023-05-17,2023-05-24,5,1390.0
GEHC.MX,2023-07-10,2023-07-17,5,1350.0
GEHC.MX,2023-08-22,2023-08-29,5,1175.0
GEHC.MX,2024-02-08,2024-02-15,5,1377.0
GEHC.MX,2024-03-08,2024-03-15,5,1581.1400146484375
GEHC.MX,2024-04-22,2024-04-29,5,1451.0
GEHC.MX,2024-09-10,2024-09-18,5,1721.9300537109375
GEHC.MX,2024-09-19,2024-09-26,5,1732.0
GEHC.MX,2025-04-10,2025-04-21,5,1275.0
GEHC.MX,2025-05-09,2025-05-16,5,1373.239990234375
GEHC.MX,2025-05-28,2025-06-04,5,1373.0
GEHC.MX,2025-06-09,2025-06-16,5,1390.0
GEHC.MX,2025-09-04,2025-09-11,5,1374.0
GEHC.MX,2026-03-05,2026-03-12,5,1350.0
GEHC.MX,2026-06-09,2026-06-16,5,1154.1300048828125
GH.MX,2026-01-22,2026-06-25,104,2080.0
GH.MX,2025-05-12,2025-10-03,103,820.0
GH.MX,2023-10-20,2024-02-22,83,495.0
GH.MX,2023-01-20,2023-04-24,62,600.2100219726562
GH.MX,2024-05-03,2024-07-24,58,318.4100036621094
GH.MX,2023-07-26,2023-09-26,44,662.5
GH.MX,2024-08-15,2024-10-15,41,538.1199951171875
GH.MX,2024-12-02,2025-01-31,41,731.5
GH.MX,2025-11-06,2026-01-05,38,1810.0
GH.MX,2025-03-18,2025-05-09,35,843.0
GH.MX,2025-02-04,2025-03-14,28,968.1099853515625
GH.MX,2023-06-16,2023-07-25,27,638.2100219726562
GH.MX,2023-05-11,2023-06-15,25,485.8999938964844
GH.MX,2025-10-06,2025-11-04,21,1150.0
GH.MX,2024-10-23,2024-11-21,20,402.0
GH.MX,2023-09-27,2023-10-19,16,478.42999267578125
GH.MX,2024-03-26,2024-04-19,16,293.8299865722656
GH.MX,2024-07-25,2024-08-14,14,575.0
GH.MX,2024-03-06,2024-03-25,12,309.0
GH.MX,2023-01-02,2023-01-17,11,932.77001953125
GH.MX,2026-01-06,2026-01-21,11,1990.0
GH.MX,2023-04-25,2023-05-10,10,444.0
GH.MX,2024-04-22,2024-05-02,7,301.0
GH.MX,2024-02-23,2024-03-01,5,360.0
GH.MX,2024-11-22,2024-11-29,5,669.0
GILD.MX,2024-12-17,2025-01-24,26,1870.0
GILD.MX,2024-08-19,2024-09-09,15,1390.0
GILD.MX,2026-03-19,2026-04-13,15,2527.590087890625
GILD.MX,2024-03-06,2024-03-25,12,1230.699951171875
GILD.MX,2024-05-22,2024-06-07,12,1129.0
GILD.MX,2023-09-18,2023-10-03,11,1290.0
GILD.MX,2023-11-22,2023-12-06,10,1293.030029296875
GILD.MX,2025-04-11,2025-04-29,10,1971.2099609375
GILD.MX,2024-01-22,2024-02-02,9,1350.0
GILD.MX,2024-06-21,2024-07-04,9,1277.0
GILD.MX,2023-08-29,2023-09-08,8,1300.0
GILD.MX,2023-10-16,2023-10-26,8,1400.010009765625
GILD.MX,2024-02-08,2024-02-19,7,1261.0
GILD.MX,2024-02-20,2024-02-29,7,1232.0
GILD.MX,2024-04-12,2024-04-23,7,1129.8599853515625
GILD.MX,2024-07-25,2024-08-05,7,1341.6700439453125
GILD.MX,2024-10-09,2024-10-18,7,1670.0
GILD.MX,2025-03-12,2025-03-24,7,2313.0
GILD.MX,2025-06-20,2025-07-01,7,2100.0
GILD.MX,2025-07-16,2025-07-25,7,2058.139892578125
GILD.MX,2026-02-26,2026-03-09,7,2465.8701171875
GILD.MX,2026-04-27,2026-05-07,7,2228.0
GILD.MX,2026-06-10,2026-06-19,7,2117.14990234375
GILD.MX,2023-08-08,2023-08-16,6,1362.5999755859375
GILD.MX,2023-10-04,2023-10-12,6,1342.550048828125
GILD.MX,2025-02-28,2025-03-10,6,2347.0
GILD.MX,2025-05-16,2025-05-26,6,1982.0
GILD.MX,2025-06-11,2025-06-19,6,2086.919921875
GILD.MX,2025-08-20,2025-08-28,6,2249.5
GILD.MX,2025-09-05,2025-09-15,6,2152.0
GILD.MX,2025-10-07,2025-10-15,6,2075.010009765625
GILD.MX,2023-12-07,2023-12-15,5,1362.0
GILD.MX,2024-04-29,2024-05-07,5,1121.0
GILD.MX,2024-05-14,2024-05-21,5,1137.010009765625
GILD.MX,2025-05-08,2025-05-15,5,1910.6199951171875
GILD.MX,2025-09-24,2025-10-01,5,2081.75
GILD.MX,2025-12-18,2025-12-26,5,2190.6201171875
GILD.MX,2026-02-11,2026-02-18,5,2618.7099609375
GIS.MX,2024-04-19,2024-07-08,55,1140.0
GIS.MX,2023-09-25,2023-11-07,30,1090.0
GIS.MX,2023-12-21,2024-01-24,22,1093.0
GIS.MX,2023-11-16,2023-12-19,21,1125.0
GIS.MX,2024-03-21,2024-04-18,18,1150.0
GIS.MX,2024-01-25,2024-02-20,17,1106.02001953125
GIS.MX,2024-11-21,2024-12-16,16,1300.0
GIS.MX,2024-12-18,2025-01-09,14,1280.0
GIS.MX,2024-07-22,2024-08-08,13,1158.0
GIS.MX,2024-03-01,2024-03-20,12,1090.0
GIS.MX,2024-10-07,2024-10-23,12,1412.300048828125
GIS.MX,2025-03-12,2025-03-31,12,1180.0
GIS.MX,2025-07-31,2025-08-18,12,925.0
GIS.MX,2024-09-18,2024-10-04,11,1437.0
GIS.MX,2023-07-20,2023-08-03,10,1263.4000244140625
GIS.MX,2024-08-22,2024-09-04,9,1360.0
GIS.MX,2023-02-21,2023-03-03,8,1473.0
GIS.MX,2024-08-09,2024-08-21,8,1289.5
GIS.MX,2023-01-05,2023-01-16,7,1628.0
GIS.MX,2023-06-16,2023-06-27,7,1380.0699462890625
GIS.MX,2024-10-30,2024-11-08,7,1373.0
GIS.MX,2025-05-19,2025-05-28,7,1063.0
GIS.MX,2023-08-04,2023-08-14,6,1260.0
GIS.MX,2023-08-16,2023-08-24,6,1219.0
GIS.MX,2024-02-21,2024-02-29,6,1110.260009765625
GIS.MX,2024-09-05,2024-09-13,6,1476.0
GIS.MX,2023-05-30,2023-06-06,5,1472.0
GIS.MX,2023-07-05,2023-07-12,5,1307.199951171875
GIS.MX,2023-09-06,2023-09-13,5,1156.0
GIS.MX,2023-11-08,2023-11-15,5,1139.8800048828125
GIS.MX,2024-11-12,2024-11-20,5,1330.6099853515625
GIS.MX,2025-04-21,2025-04-28,5,1156.0
GIS.MX,2025-06-16,2025-06-23,5,1020.0
GLW.MX,2024-10-17,2025-01-20,63,920.0
GLW.MX,2023-10-31,2024-01-29,59,487.0
GLW.MX,2023-08-16,2023-10-18,45,540.0
GLW.MX,2025-04-21,2025-06-17,40,849.0
GLW.MX,2023-06-21,2023-08-11,37,591.0999755859375
GLW.MX,2023-04-12,2023-05-24,29,630.0
GLW.MX,2023-03-06,2023-04-11,23,636.5
GLW.MX,2024-02-22,2024-03-27,23,555.719970703125
GLW.MX,2024-09-09,2024-10-14,23,813.0399780273438
GLW.MX,2024-08-07,2024-09-06,22,733.0
GLW.MX,2023-02-01,2023-03-03,21,655.8599853515625
GLW.MX,2024-04-01,2024-04-26,19,545.5900268554688
GLW.MX,2023-05-25,2023-06-20,18,561.72998046875
GLW.MX,2025-01-31,2025-02-25,16,1079.0
GLW.MX,2024-01-30,2024-02-21,15,563.6599731445312
GLW.MX,2025-03-14,2025-04-07,15,915.0
GLW.MX,2025-06-18,2025-07-08,14,956.1300048828125
GLW.MX,2024-05-29,2024-06-12,10,602.0
GLW.MX,2024-06-26,2024-07-10,10,700.0
GLW.MX,2025-07-21,2025-08-04,10,1010.0
GLW.MX,2026-01-12,2026-01-26,10,1547.219970703125
GLW.MX,2024-04-29,2024-05-13,9,550.3900146484375
GLW.MX,2025-07-09,2025-07-18,7,983.0
GLW.MX,2023-01-02,2023-01-10,6,624.8900146484375
GLW.MX,2025-11-14,2025-11-25,6,1513.0
GLW.MX,2025-12-16,2025-12-24,6,1572.0
GLW.MX,2023-01-11,2023-01-18,5,675.0
GLW.MX,2024-05-15,2024-05-22,5,586.8599853515625
GLW.MX,2024-06-18,2024-06-25,5,734.4099731445312
GLW.MX,2025-01-22,2025-01-29,5,1108.1300048828125
GLW.MX,2025-03-05,2025-03-12,5,953.0
GLW.MX,2025-10-10,2025-10-17,5,1546.0400390625
GLW.MX,2025-12-30,2026-01-07,5,1594.8499755859375
GNRC.MX,2024-11-11,2025-03-03,75,3928.0
GNRC.MX,2023-12-19,2024-02-15,39,2228.5
GNRC.MX,2024-05-20,2024-07-08,35,2477.0
GNRC.MX,2024-09-17,2024-11-04,33,2723.56005859375
GNRC.MX,2023-10-31,2023-12-18,31,1500.0
GNRC.MX,2025-05-02,2025-06-13,30,2242.679931640625
GNRC.MX,2024-07-30,2024-09-05,27,2900.0
GNRC.MX,2024-04-04,2024-05-13,26,2273.89990234375
GNRC.MX,2025-03-24,2025-04-29,24,2765.0
GNRC.MX,2025-06-30,2025-08-01,24,2695.0
GNRC.MX,2025-09-24,2025-10-28,24,3173.0
GNRC.MX,2025-11-14,2025-12-17,21,2783.0
GNRC.MX,2025-08-05,2025-09-01,19,3690.0
GNRC.MX,2026-05-22,2026-06-17,18,4639.08984375
GNRC.MX,2023-08-03,2023-08-25,16,1991.1099853515625
GNRC.MX,2024-02-16,2024-03-08,15,1996.81005859375
GNRC.MX,2026-03-25,2026-04-17,15,3534.75
GNRC.MX,2026-04-20,2026-05-13,15,3776.25
GNRC.MX,2024-07-09,2024-07-29,14,2567.800048828125
GNRC.MX,2024-03-12,2024-04-03,13,1924.699951171875
GNRC.MX,2025-09-03,2025-09-23,13,3285.0
GNRC.MX,2025-03-04,2025-03-21,12,2698.14990234375
GNRC.MX,2026-01-05,2026-01-21,12,2658.0
GNRC.MX,2026-03-05,2026-03-24,12,3867.0
GNRC.MX,2023-09-25,2023-10-10,11,1868.5
GNRC.MX,2026-02-17,2026-03-04,11,3895.0
GNRC.MX,2023-05-15,2023-05-29,10,1978.0
GNRC.MX,2023-10-16,2023-10-30,10,1800.030029296875
GNRC.MX,2025-06-16,2025-06-27,9,2360.0
GNRC.MX,2026-01-22,2026-02-05,9,3060.0
GNRC.MX,2023-03-10,2023-03-22,7,2084.0
GNRC.MX,2023-07-19,2023-07-28,7,2430.25
GNRC.MX,2023-01-17,2023-01-25,6,2141.1298828125
GNRC.MX,2023-02-17,2023-02-27,6,2306.75
GNRC.MX,2023-05-02,2023-05-10,6,1780.1099853515625
GNRC.MX,2023-06-29,2023-07-07,6,2513.1298828125
GNRC.MX,2023-09-07,2023-09-15,6,2041.75
GNRC.MX,2023-04-12,2023-04-19,5,1833.1300048828125
GNRC.MX,2023-06-21,2023-06-28,5,2293.110107421875
GNRC.MX,2025-12-19,2025-12-29,5,2498.0
GNRC.MX,2026-05-14,2026-05-21,5,4617.7998046875
GNRC.MX,2026-06-23,2026-06-30,5,4789.0
GPC.MX,2023-08-18,2024-08-12,246,2657.0
GPC.MX,2025-08-14,2026-06-30,217,2550.0
GPC.MX,2024-11-25,2025-08-13,179,2556.0
GPC.MX,2024-08-13,2024-10-21,47,2535.0
GPC.MX,2024-10-23,2024-11-22,21,2300.0
GPC.MX,2023-07-28,2023-08-16,13,2580.0
GPC.MX,2023-01-27,2023-02-08,7,3105.0
GPN.MX,2023-08-31,2023-11-14,52,2139.909912109375
GPN.MX,2023-11-15,2024-01-15,39,1983.8599853515625
GPN.MX,2024-01-16,2024-03-06,35,2200.1201171875
GPN.MX,2023-05-04,2023-06-12,27,1828.0
GPN.MX,2025-09-23,2025-10-28,25,1600.0
GPN.MX,2025-04-23,2025-05-28,24,1415.0
GPN.MX,2023-01-02,2023-01-31,21,2466.239990234375
GPN.MX,2025-10-29,2025-11-27,20,1485.0
GPN.MX,2023-06-14,2023-07-11,19,1730.0
GPN.MX,2024-03-25,2024-04-23,19,2215.030029296875
GPN.MX,2023-07-12,2023-08-07,18,1828.68994140625
GPN.MX,2025-02-18,2025-03-14,18,2152.0
GPN.MX,2023-03-15,2023-04-12,17,1858.3399658203125
GPN.MX,2023-08-08,2023-08-30,16,2100.0
GPN.MX,2024-07-16,2024-08-06,15,1850.0
GPN.MX,2024-12-11,2025-01-06,15,2350.800048828125
GPN.MX,2025-12-09,2026-01-02,15,1400.0
GPN.MX,2026-01-05,2026-01-26,15,1385.0
GPN.MX,2025-08-26,2025-09-15,14,1643.8900146484375
GPN.MX,2023-04-13,2023-05-03,13,1933.3299560546875
GPN.MX,2024-04-24,2024-05-13,12,2130.0
GPN.MX,2025-06-10,2025-06-26,12,1500.0
GPN.MX,2026-04-29,2026-05-15,11,1200.0
GPN.MX,2024-08-08,2024-08-22,10,1980.0
GPN.MX,2026-04-13,2026-04-28,10,1180.0
GPN.MX,2026-06-12,2026-06-25,9,1154.0
GPN.MX,2023-02-08,2023-02-20,8,2139.89990234375
GPN.MX,2023-02-21,2023-03-03,8,2090.0
GPN.MX,2024-09-04,2024-09-17,8,2170.0
GPN.MX,2024-10-30,2024-11-11,8,2130.590087890625
GPN.MX,2025-01-08,2025-01-20,8,2257.0
GPN.MX,2025-01-29,2025-02-11,8,2272.0
GPN.MX,2026-03-13,2026-03-26,8,1235.0
GPN.MX,2025-07-09,2025-07-18,7,1520.469970703125
GPN.MX,2026-02-17,2026-02-26,7,1200.0
GPN.MX,2023-03-06,2023-03-14,6,2021.6300048828125
GPN.MX,2024-06-28,2024-07-08,6,1734.530029296875
GPN.MX,2026-05-20,2026-05-28,6,1208.0
GPN.MX,2024-03-14,2024-03-22,5,2189.699951171875
GPN.MX,2024-05-14,2024-05-21,5,1842.8199462890625
GPN.MX,2024-05-22,2024-05-29,5,1792.5699462890625
GPN.MX,2024-08-27,2024-09-03,5,2151.0
GPN.MX,2025-06-27,2025-07-04,5,1495.0
GS.MX,2023-11-17,2023-11-28,6,5840.0
GS.MX,2024-09-19,2024-09-26,5,9750.0
GWRE.MX,2023-01-02,2024-07-25,393,1503.719970703125
GWRE.MX,2026-03-05,2026-06-04,60,2826.0
GWRE.MX,2024-11-01,2025-01-28,58,3768.760009765625
GWRE.MX,2025-12-04,2026-02-17,49,3810.0
GWRE.MX,2025-01-29,2025-03-31,41,4100.0
GWRE.MX,2024-07-26,2024-09-18,37,2728.81005859375
GWRE.MX,2025-06-03,2025-07-23,36,4194.2001953125
GWRE.MX,2025-04-01,2025-05-16,30,3853.989990234375
GWRE.MX,2025-10-20,2025-12-02,30,4566.0498046875
GWRE.MX,2024-09-19,2024-10-31,29,3348.2099609375
GWRE.MX,2025-07-28,2025-09-03,27,4228.0
GWRE.MX,2025-09-25,2025-10-17,16,4323.14013671875
GWRE.MX,2025-09-05,2025-09-24,12,4800.0
GWRE.MX,2026-02-18,2026-03-04,10,2194.139892578125
GWRE.MX,2026-06-05,2026-06-17,8,2410.0
GWRE.MX,2026-06-18,2026-06-30,8,1865.0
GWRE.MX,2025-05-19,2025-05-28,7,4175.06982421875
GWW.MX,2024-11-19,2026-04-14,348,23652.419921875
GWW.MX,2023-03-23,2024-02-19,228,12506.0
GWW.MX,2024-08-05,2024-11-15,72,18441.0
GWW.MX,2024-02-20,2024-05-31,69,15888.83984375
GWW.MX,2024-06-03,2024-08-02,44,15887.5
GWW.MX,2026-05-14,2026-06-30,33,22029.9609375
GWW.MX,2023-01-02,2023-02-13,29,10329.0
GWW.MX,2026-04-15,2026-05-13,18,19591.0
GWW.MX,2023-02-14,2023-03-09,17,12434.6103515625
GWW.MX,2023-03-10,2023-03-22,7,12580.0
HAL.MX,2023-06-13,2023-06-28,11,571.0
HAL.MX,2023-03-03,2023-03-17,10,696.97998046875
HAL.MX,2025-11-11,2025-11-25,9,522.0
HAL.MX,2025-04-24,2025-05-07,8,415.0
HAL.MX,2023-08-08,2023-08-17,7,674.0
HAL.MX,2023-08-18,2023-08-29,7,669.0
HAL.MX,2024-07-26,2024-08-06,7,626.5
HAL.MX,2023-06-02,2023-06-12,6,560.0
HAL.MX,2023-09-14,2023-09-22,6,724.5499877929688
HAL.MX,2024-04-08,2024-04-16,6,673.8800048828125
HAL.MX,2025-03-21,2025-03-31,6,500.0
HAL.MX,2025-07-29,2025-08-06,6,423.29998779296875
HAL.MX,2025-09-10,2025-09-19,6,415.0
HAL.MX,2026-04-23,2026-05-04,6,694.0
HAL.MX,2026-06-05,2026-06-15,6,689.239990234375
HAL.MX,2023-06-29,2023-07-06,5,570.0
HAL.MX,2023-07-07,2023-07-14,5,600.0
HAL.MX,2023-09-25,2023-10-02,5,685.9000244140625
HAL.MX,2024-02-16,2024-02-23,5,590.0
HAL.MX,2024-05-21,2024-05-28,5,627.0
HAL.MX,2025-02-11,2025-02-18,5,547.7000122070312
HAL.MX,2025-08-14,2025-08-21,5,396.0
HAS.MX,2023-07-28,2023-10-26,64,1057.47998046875
HAS.MX,2026-03-09,2026-06-09,61,1885.72998046875
HAS.MX,2025-01-31,2025-04-22,53,1215.469970703125
HAS.MX,2025-04-24,2025-06-27,45,1115.0
HAS.MX,2023-12-27,2024-02-23,40,862.7999877929688
HAS.MX,2023-02-15,2023-04-13,38,1100.0
HAS.MX,2023-04-14,2023-06-08,38,930.0999755859375
HAS.MX,2023-10-27,2023-12-26,38,864.0
HAS.MX,2025-09-30,2025-11-24,38,1412.0
HAS.MX,2024-06-14,2024-08-06,37,1132.1199951171875
HAS.MX,2024-04-08,2024-05-28,35,930.3800048828125
HAS.MX,2023-06-09,2023-07-27,34,1061.699951171875
HAS.MX,2023-01-02,2023-02-14,30,1212.0
HAS.MX,2024-08-07,2024-09-13,27,1232.31005859375
HAS.MX,2025-12-30,2026-02-06,26,1485.3399658203125
HAS.MX,2025-06-30,2025-08-04,25,1383.5
HAS.MX,2024-11-04,2024-12-05,22,1342.0
HAS.MX,2025-11-25,2025-12-29,22,1499.72998046875
HAS.MX,2024-09-17,2024-10-16,20,1336.0
HAS.MX,2024-12-06,2025-01-06,18,1337.0
HAS.MX,2025-09-02,2025-09-29,18,1520.0
HAS.MX,2024-03-19,2024-04-05,11,900.0
HAS.MX,2025-08-15,2025-09-01,11,1517.25
HAS.MX,2026-06-10,2026-06-24,10,1441.22998046875
HAS.MX,2024-05-31,2024-06-13,9,1020.1099853515625
HAS.MX,2025-01-17,2025-01-29,8,1185.0
HAS.MX,2026-02-11,2026-02-23,8,1808.6099853515625
HAS.MX,2026-02-24,2026-03-06,8,1710.0
HAS.MX,2025-01-07,2025-01-16,7,1166.0
HAS.MX,2025-08-05,2025-08-14,7,1450.0
HAS.MX,2024-03-07,2024-03-15,6,869.6500244140625
HBAN.MX,2023-07-27,2024-06-24,227,200.0
HBAN.MX,2024-10-07,2025-03-24,114,284.3299865722656
HBAN.MX,2026-01-22,2026-06-30,107,315.0
HBAN.MX,2023-03-10,2023-07-26,94,254.0
HBAN.MX,2024-06-25,2024-10-04,71,221.0
HBAN.MX,2025-05-12,2025-08-11,65,290.0
HBAN.MX,2025-10-16,2025-12-09,37,284.20001220703125
HBAN.MX,2025-03-25,2025-05-09,30,310.0
HBAN.MX,2023-01-27,2023-03-09,28,278.510009765625
HBAN.MX,2025-12-10,2026-01-20,26,312.8299865722656
HBAN.MX,2025-08-12,2025-09-04,17,305.6000061035156
HBAN.MX,2025-09-23,2025-10-08,11,322.5
HBAN.MX,2023-01-12,2023-01-26,10,273.0
HBAN.MX,2025-09-05,2025-09-22,10,329.54998779296875
HBAN.MX,2023-01-04,2023-01-11,5,278.0
HCA.MX,2023-12-15,2024-02-09,37,4647.080078125
HCA.MX,2024-09-11,2024-10-25,30,7684.0
HCA.MX,2023-08-07,2023-09-06,22,4623.009765625
HCA.MX,2024-08-12,2024-09-10,21,6833.330078125
HCA.MX,2024-02-12,2024-03-11,20,5289.1298828125
HCA.MX,2026-03-19,2026-04-16,18,8965.66015625
HCA.MX,2023-11-01,2023-11-28,17,4032.820068359375
HCA.MX,2024-07-12,2024-08-06,17,5734.18994140625
HCA.MX,2023-01-06,2023-01-26,14,4881.43017578125
HCA.MX,2023-02-15,2023-03-07,14,4790.0
HCA.MX,2023-03-29,2023-04-19,13,4627.31005859375
HCA.MX,2023-09-07,2023-09-26,13,4841.60986328125
HCA.MX,2026-05-11,2026-05-28,13,7320.0
HCA.MX,2023-06-14,2023-06-30,12,4904.81005859375
HCA.MX,2023-10-13,2023-10-31,12,4260.0
HCA.MX,2024-06-25,2024-07-11,12,6147.31982421875
HCA.MX,2026-01-20,2026-02-06,12,8159.5
HCA.MX,2023-07-20,2023-08-04,11,4881.85009765625
HCA.MX,2023-09-27,2023-10-12,11,4371.02978515625
HCA.MX,2025-07-10,2025-07-25,11,7073.93017578125
HCA.MX,2025-02-13,2025-02-27,10,6462.669921875
HCA.MX,2025-05-27,2025-06-10,10,7291.97021484375
HCA.MX,2025-06-25,2025-07-09,10,7097.2099609375
HCA.MX,2026-02-10,2026-02-24,10,8579.1298828125
HCA.MX,2026-04-23,2026-05-08,10,8160.0
HCA.MX,2024-06-07,2024-06-20,9,6175.27978515625
HCA.MX,2024-11-21,2024-12-04,9,6776.0
HCA.MX,2025-06-11,2025-06-24,9,6958.490234375
HCA.MX,2023-05-24,2023-06-05,8,4721.0
HCA.MX,2024-03-12,2024-03-25,8,5444.169921875
HCA.MX,2024-10-29,2024-11-08,8,7184.0
HCA.MX,2024-12-06,2024-12-19,8,6402.39990234375
HCA.MX,2025-09-03,2025-09-15,8,7552.25
HCA.MX,2025-09-17,2025-09-29,8,7300.41015625
HCA.MX,2025-09-30,2025-10-10,8,7792.8798828125
HCA.MX,2025-11-12,2025-11-25,8,8578.6103515625
HCA.MX,2026-02-26,2026-03-10,8,9037.0
HCA.MX,2023-05-12,2023-05-23,7,4912.52001953125
HCA.MX,2023-12-04,2023-12-14,7,4476.0
HCA.MX,2024-04-12,2024-04-23,7,5377.60009765625
HCA.MX,2024-05-06,2024-05-15,7,5222.7001953125
HCA.MX,2025-03-25,2025-04-03,7,6782.5400390625
HCA.MX,2025-04-25,2025-05-07,7,6365.2998046875
HCA.MX,2026-01-08,2026-01-19,7,8544.66015625
HCA.MX,2024-11-11,2024-11-20,6,7302.52978515625
HCA.MX,2025-05-14,2025-05-22,6,7102.0
HCA.MX,2025-07-28,2025-08-05,6,6327.0
HCA.MX,2025-08-14,2025-08-22,6,7400.10009765625
HCA.MX,2023-02-07,2023-02-14,5,4845.759765625
HCA.MX,2023-03-15,2023-03-23,5,4600.0
HCA.MX,2023-07-03,2023-07-10,5,5059.0
HCA.MX,2024-03-26,2024-04-04,5,5475.919921875
HCA.MX,2024-05-16,2024-05-23,5,5451.10986328125
HCA.MX,2024-05-28,2024-06-04,5,5200.0
HCA.MX,2025-11-04,2025-11-11,5,8748.08984375
HCA.MX,2025-11-26,2025-12-03,5,9455.0
HCA.MX,2025-12-30,2026-01-07,5,8514.25
HD.MX,2025-04-25,2025-05-05,5,6970.7001953125
HIG.MX,2023-11-16,2026-05-13,618,1315.010009765625
HIG.MX,2026-05-14,2026-06-30,33,2306.5
HII.MX,2026-04-20,2026-06-30,49,6802.75
HII.MX,2026-02-25,2026-04-17,34,7471.0
HII.MX,2026-01-20,2026-02-24,24,7436.77001953125
HLT.MX,2025-11-13,2026-05-26,128,5024.259765625
HLT.MX,2024-07-16,2024-11-21,89,3980.0
HLT.MX,2023-09-07,2023-12-19,70,2594.300048828125
HLT.MX,2023-04-24,2023-06-28,46,2642.0
HLT.MX,2025-04-11,2025-06-19,46,4200.0
HLT.MX,2025-09-11,2025-11-12,43,5077.0
HLT.MX,2023-02-10,2023-04-12,40,2720.0
HLT.MX,2024-01-29,2024-03-26,39,3304.0
HLT.MX,2025-01-22,2025-03-18,37,5080.0
HLT.MX,2024-12-04,2025-01-21,31,4999.0
HLT.MX,2025-06-20,2025-07-31,29,4704.0
HLT.MX,2025-08-01,2025-09-10,28,4950.0
HLT.MX,2023-12-20,2024-01-26,25,3055.0
HLT.MX,2024-04-05,2024-05-08,22,3473.75
HLT.MX,2023-01-02,2023-01-25,17,2439.0
HLT.MX,2025-03-19,2025-04-10,16,4674.16015625
HLT.MX,2023-07-20,2023-08-09,14,2513.0
HLT.MX,2024-05-22,2024-06-11,14,3394.0
HLT.MX,2026-06-05,2026-06-25,14,5978.0
HLT.MX,2023-01-26,2023-02-08,8,2597.18994140625
HLT.MX,2024-06-12,2024-06-24,8,3866.0
HLT.MX,2024-06-25,2024-07-04,7,3860.0
HLT.MX,2023-04-13,2023-04-21,6,2500.0
HLT.MX,2023-08-14,2023-08-22,6,2648.0
HLT.MX,2023-06-29,2023-07-06,5,2455.0
HON.MX,2025-05-06,2025-05-22,12,4001.509765625
HON.MX,2024-01-02,2024-01-17,11,3433.74169921875
HON.MX,2025-07-10,2025-07-23,9,4256.1328125
HON.MX,2023-10-23,2023-11-03,8,3179.455810546875
HON.MX,2024-02-14,2024-02-26,8,3201.354248046875
HON.MX,2025-06-17,2025-06-27,8,4070.155517578125
HON.MX,2025-01-16,2025-01-27,7,4495.3955078125
HON.MX,2025-05-23,2025-06-03,7,4127.7607421875
HON.MX,2025-06-30,2025-07-09,7,4175.26025390625
HON.MX,2025-07-31,2025-08-11,7,4031.5849609375
HON.MX,2025-11-18,2025-11-27,7,3617.600830078125
HON.MX,2026-04-09,2026-04-20,7,4145.8076171875
HON.MX,2026-04-23,2026-05-05,7,3836.663330078125
HON.MX,2023-04-27,2023-05-08,6,3451.339599609375
HON.MX,2023-07-06,2023-07-14,6,3395.711181640625
HON.MX,2024-05-07,2024-05-15,6,3182.07861328125
HON.MX,2025-04-14,2025-04-24,6,3891.766845703125
HON.MX,2026-05-22,2026-06-01,6,4019.89794921875
HON.MX,2023-04-18,2023-04-25,5,3423.134765625
HON.MX,2023-09-20,2023-09-27,5,3201.83642578125
HON.MX,2023-10-03,2023-10-10,5,3129.03466796875
HON.MX,2024-03-01,2024-03-08,5,3249.5673828125
HON.MX,2024-07-09,2024-07-16,5,3615.987548828125
HON.MX,2025-03-26,2025-04-02,5,4140.04541015625
HON.MX,2025-12-19,2025-12-29,5,3687.20947265625
HON.MX,2025-12-30,2026-01-07,5,3626.568115234375
HON.MX,2026-03-05,2026-03-12,5,4309.59228515625
HON.MX,2026-03-30,2026-04-08,5,4146.8310546875
HON.MX,2026-06-23,2026-06-30,5,4042.520751953125
HOOD.MX,2023-02-13,2023-03-22,26,190.0
HOOD.MX,2023-01-02,2023-01-25,17,150.58999633789062
HOOD.MX,2023-04-13,2023-05-09,17,179.0
HOOD.MX,2023-08-17,2023-09-04,12,173.22999572753906
HOOD.MX,2023-09-27,2023-10-11,10,169.0
HOOD.MX,2023-05-23,2023-06-05,9,156.5
HOOD.MX,2023-08-03,2023-08-16,9,205.0
HOOD.MX,2023-09-12,2023-09-25,9,188.35000610351562
HOOD.MX,2024-01-04,2024-01-16,8,210.64999389648438
HOOD.MX,2024-01-26,2024-02-08,8,185.0
HOOD.MX,2023-03-31,2023-04-12,6,168.0
HOOD.MX,2023-06-30,2023-07-07,5,169.0
HOOD.MX,2023-07-20,2023-07-27,5,218.8000030517578
HOOD.MX,2024-01-18,2024-01-25,5,182.0
HOOD.MX,2024-05-22,2024-05-29,5,328.0
HPE.MX,2023-06-16,2023-09-25,71,300.0
HPE.MX,2023-02-28,2023-03-30,21,300.0
HPE.MX,2023-10-12,2023-11-06,16,304.20001220703125
HPE.MX,2025-07-14,2025-08-04,15,386.0
HPE.MX,2023-02-07,2023-02-27,14,306.989990234375
HPE.MX,2023-05-24,2023-06-08,11,252.1999969482422
HPE.MX,2026-01-19,2026-02-04,11,376.0
HPE.MX,2023-01-20,2023-02-03,10,300.2200012207031
HPE.MX,2023-09-27,2023-10-11,10,305.3900146484375
HPE.MX,2024-07-17,2024-07-30,9,376.989990234375
HPE.MX,2025-11-20,2025-12-03,9,368.1300048828125
HPE.MX,2023-03-31,2023-04-14,8,290.0
HPE.MX,2023-01-10,2023-01-19,7,315.0
HPE.MX,2024-10-30,2024-11-08,7,410.0
HPE.MX,2025-10-31,2025-11-11,7,455.0
HPE.MX,2026-02-25,2026-03-06,7,355.5199890136719
HPE.MX,2026-03-11,2026-03-23,7,376.6300048828125
HPE.MX,2023-04-17,2023-04-25,6,295.0
HPE.MX,2023-05-02,2023-05-10,6,256.4700012207031
HPE.MX,2023-05-11,2023-05-19,6,244.02999877929688
HPE.MX,2024-01-09,2024-01-17,6,279.0
HPE.MX,2024-02-13,2024-02-21,6,261.6499938964844
HPE.MX,2024-05-06,2024-05-14,6,289.1400146484375
HPE.MX,2024-05-17,2024-05-27,6,296.0
HPE.MX,2024-08-01,2024-08-09,6,361.5
HPE.MX,2025-08-13,2025-08-21,6,400.0
HPE.MX,2026-05-15,2026-05-25,6,572.5
HPE.MX,2023-01-02,2023-01-09,5,310.20001220703125
HPE.MX,2023-11-21,2023-11-28,5,271.20001220703125
HPE.MX,2023-12-06,2023-12-14,5,276.70001220703125
HPE.MX,2024-01-24,2024-01-31,5,272.19000244140625
HPE.MX,2024-03-20,2024-03-27,5,280.5
HPE.MX,2024-04-16,2024-04-23,5,291.0
HPE.MX,2024-12-23,2024-12-31,5,440.0
HPE.MX,2025-01-02,2025-01-09,5,435.0
HPE.MX,2025-05-19,2025-05-26,5,343.0
HPE.MX,2026-02-11,2026-02-18,5,400.0
HPQ.MX,2023-10-12,2023-11-14,22,480.0
HPQ.MX,2023-03-14,2023-04-17,21,522.0
HPQ.MX,2023-12-27,2024-01-22,17,500.0
HPQ.MX,2023-08-07,2023-08-29,16,560.0
HPQ.MX,2023-02-02,2023-02-23,14,570.0
HPQ.MX,2024-12-20,2025-01-10,13,661.0
HPQ.MX,2025-02-10,2025-02-26,12,675.0
HPQ.MX,2023-04-20,2023-05-04,9,536.0
HPQ.MX,2024-10-28,2024-11-08,9,731.0
HPQ.MX,2023-01-09,2023-01-19,8,555.0
HPQ.MX,2023-09-26,2023-10-06,8,450.4700012207031
HPQ.MX,2024-02-07,2024-02-19,8,476.5
HPQ.MX,2023-07-11,2023-07-20,7,567.0
HPQ.MX,2024-03-12,2024-03-22,7,513.0
HPQ.MX,2024-07-24,2024-08-02,7,694.0
HPQ.MX,2024-11-11,2024-11-21,7,755.0
HPQ.MX,2025-10-15,2025-10-24,7,531.260009765625
HPQ.MX,2023-12-01,2023-12-11,6,499.010009765625
HPQ.MX,2024-06-24,2024-07-02,6,658.0
HPQ.MX,2024-10-17,2024-10-25,6,731.010009765625
HPQ.MX,2025-01-21,2025-01-29,6,671.010009765625
HPQ.MX,2025-03-11,2025-03-20,6,592.010009765625
HPQ.MX,2023-03-02,2023-03-09,5,520.0
HPQ.MX,2023-07-21,2023-07-28,5,551.0
HPQ.MX,2023-09-06,2023-09-13,5,527.9299926757812
HPQ.MX,2023-09-15,2023-09-22,5,477.0
HPQ.MX,2024-04-16,2024-04-23,5,471.0299987792969
HPQ.MX,2024-12-06,2024-12-16,5,730.0
HPQ.MX,2025-09-03,2025-09-10,5,545.0
HPQ.MX,2025-10-07,2025-10-14,5,486.3999938964844
HRL.MX,2024-07-26,2025-09-15,285,588.0
HRL.MX,2023-12-20,2024-06-11,117,560.0
HRL.MX,2026-02-17,2026-05-08,53,405.0
HRL.MX,2023-10-18,2023-12-19,41,588.0
HRL.MX,2023-08-25,2023-10-12,34,700.0
HRL.MX,2025-11-14,2026-01-07,34,417.5
HRL.MX,2024-06-12,2024-07-25,31,577.2999877929688
HRL.MX,2025-09-17,2025-10-28,29,461.0
HRL.MX,2026-01-09,2026-02-16,25,412.5
HRL.MX,2026-05-11,2026-06-04,18,349.5400085449219
HRL.MX,2026-06-05,2026-06-30,17,407.0
HRL.MX,2025-10-30,2025-11-13,10,405.0
HST.MX,2025-05-12,2026-06-30,285,306.3399963378906
HST.MX,2024-07-03,2025-03-04,167,318.0
HST.MX,2025-03-14,2025-04-28,28,296.32000732421875
HST.MX,2025-04-29,2025-05-09,7,274.5199890136719
HST.MX,2025-03-05,2025-03-13,6,327.5199890136719
HSY.MX,2023-06-23,2023-08-24,44,4469.85986328125
HSY.MX,2023-08-25,2023-10-04,28,3770.0
HSY.MX,2025-12-19,2026-01-30,28,3485.0
HSY.MX,2024-05-14,2024-06-19,26,3490.0
HSY.MX,2024-09-13,2024-10-15,20,3856.590087890625
HSY.MX,2025-10-23,2025-11-21,20,3335.0
HSY.MX,2025-08-08,2025-09-03,18,3411.0
HSY.MX,2025-11-24,2025-12-18,17,3450.0
HSY.MX,2023-03-09,2023-04-03,16,4340.0
HSY.MX,2023-04-04,2023-04-26,14,4604.919921875
HSY.MX,2023-04-27,2023-05-18,14,4926.64990234375
HSY.MX,2024-08-23,2024-09-12,14,3630.14990234375
HSY.MX,2024-08-05,2024-08-22,13,3758.0
HSY.MX,2025-04-28,2025-05-15,12,3180.0
HSY.MX,2025-09-26,2025-10-14,12,3367.0
HSY.MX,2023-06-07,2023-06-22,11,4380.0
HSY.MX,2024-03-26,2024-04-12,11,3202.6298828125
HSY.MX,2026-03-09,2026-03-25,11,3941.0
HSY.MX,2024-02-14,2024-02-28,10,3350.0
HSY.MX,2025-03-13,2025-03-28,10,3435.0
HSY.MX,2025-07-10,2025-07-24,10,3065.0
HSY.MX,2026-06-08,2026-06-22,10,3080.010009765625
HSY.MX,2023-02-23,2023-03-08,9,4380.0
HSY.MX,2023-05-19,2023-06-01,9,4722.0
HSY.MX,2024-01-09,2024-01-22,9,3268.0
HSY.MX,2024-03-05,2024-03-19,9,3146.0
HSY.MX,2023-01-31,2023-02-13,8,4202.27001953125
HSY.MX,2024-10-24,2024-11-05,8,3636.14990234375
HSY.MX,2025-04-11,2025-04-25,8,3346.39990234375
HSY.MX,2026-02-24,2026-03-06,8,3918.0
HSY.MX,2026-05-06,2026-05-18,8,3217.639892578125
HSY.MX,2023-10-24,2023-11-03,7,3471.77001953125
HSY.MX,2024-06-27,2024-07-08,7,3355.0
HSY.MX,2024-11-27,2024-12-06,7,3590.0
HSY.MX,2024-12-23,2025-01-03,7,3380.0
HSY.MX,2025-05-27,2025-06-05,7,3050.860107421875
HSY.MX,2025-06-20,2025-07-01,7,3315.0
HSY.MX,2025-09-04,2025-09-15,7,3400.0
HSY.MX,2026-02-10,2026-02-19,7,3860.360107421875
HSY.MX,2026-05-27,2026-06-05,7,3440.0
HSY.MX,2023-02-14,2023-02-22,6,4453.919921875
HSY.MX,2023-10-13,2023-10-23,6,3444.89990234375
HSY.MX,2024-04-15,2024-04-23,6,3050.0
HSY.MX,2024-05-03,2024-05-13,6,3375.0
HSY.MX,2024-07-09,2024-07-17,6,3280.0
HSY.MX,2025-09-17,2025-09-25,6,3485.010009765625
HSY.MX,2026-04-17,2026-04-28,6,3344.7900390625
HSY.MX,2023-01-12,2023-01-19,5,4500.0
HSY.MX,2023-11-15,2023-11-23,5,3438.0
HSY.MX,2024-04-24,2024-05-02,5,3250.0
HSY.MX,2026-03-26,2026-04-06,5,3800.0
HSY.MX,2026-04-07,2026-04-14,5,3650.0
HSY.MX,2026-05-19,2026-05-26,5,3360.0
HSY.MX,2026-06-23,2026-06-30,5,3090.0
HUBB.MX,2024-02-28,2025-07-11,342,6269.0
HUBB.MX,2023-08-18,2024-02-27,131,5269.0
HUBB.MX,2023-01-02,2023-06-06,106,3899.93994140625
HUBB.MX,2025-07-14,2025-11-10,84,7774.47021484375
HUBB.MX,2025-11-11,2026-03-05,77,8271.490234375
HUBB.MX,2026-05-07,2026-06-19,31,8579.419921875
HUBB.MX,2023-07-05,2023-08-15,29,5607.35986328125
HUBB.MX,2023-06-07,2023-07-04,19,5298.60009765625
HUBB.MX,2026-03-26,2026-04-21,16,8750.150390625
HUBB.MX,2026-03-06,2026-03-25,12,8404.5
HUBB.MX,2026-04-23,2026-05-06,8,9652.98046875
HUBB.MX,2026-06-23,2026-06-30,5,9148.1796875
HUBS.MX,2023-03-08,2023-06-13,65,7207.06982421875
HUBS.MX,2023-07-07,2023-09-08,45,8878.41015625
HUBS.MX,2023-09-27,2023-11-28,42,8657.400390625
HUBS.MX,2025-05-23,2025-07-09,33,11857.7099609375
HUBS.MX,2024-05-29,2024-07-12,32,10930.2001953125
HUBS.MX,2023-12-21,2024-01-29,25,9670.0
HUBS.MX,2023-01-02,2023-02-03,24,5254.0400390625
HUBS.MX,2024-09-11,2024-10-16,23,9850.0
HUBS.MX,2024-04-04,2024-05-03,20,11205.0
HUBS.MX,2025-12-05,2026-01-06,19,6985.0
HUBS.MX,2024-08-15,2024-09-10,18,9226.0
HUBS.MX,2025-03-13,2025-04-09,18,11850.240234375
HUBS.MX,2023-02-08,2023-03-03,17,6930.0
HUBS.MX,2025-04-10,2025-05-08,17,10775.9697265625
HUBS.MX,2024-02-06,2024-02-26,14,10450.0
HUBS.MX,2024-03-12,2024-04-03,13,10295.080078125
HUBS.MX,2024-10-17,2024-11-05,13,10614.5
HUBS.MX,2026-03-04,2026-03-24,13,4895.0
HUBS.MX,2023-12-01,2023-12-20,12,8470.0
HUBS.MX,2026-04-16,2026-05-06,12,3823.0
HUBS.MX,2024-07-26,2024-08-12,11,9114.5
HUBS.MX,2025-02-19,2025-03-06,11,16195.849609375
HUBS.MX,2025-11-19,2025-12-04,11,6608.35009765625
HUBS.MX,2026-01-23,2026-02-10,11,5400.0
HUBS.MX,2023-06-22,2023-07-06,10,8850.0
HUBS.MX,2023-09-12,2023-09-26,10,9205.0
HUBS.MX,2025-08-13,2025-08-27,10,8082.02978515625
HUBS.MX,2025-09-03,2025-09-18,10,8793.5400390625
HUBS.MX,2024-02-27,2024-03-11,9,10440.2802734375
HUBS.MX,2024-05-16,2024-05-28,8,10344.2099609375
HUBS.MX,2024-07-15,2024-07-25,8,8465.0
HUBS.MX,2025-10-07,2025-10-16,7,8260.0
HUBS.MX,2026-03-25,2026-04-07,7,4266.27978515625
HUBS.MX,2026-05-20,2026-05-29,7,3517.0
HUBS.MX,2025-01-07,2025-01-15,6,14394.91015625
HUBS.MX,2025-07-28,2025-08-05,6,10540.0
HUBS.MX,2025-10-27,2025-11-04,6,8741.490234375
HUBS.MX,2026-06-12,2026-06-22,6,3210.0
HUBS.MX,2023-06-14,2023-06-21,5,8700.6298828125
HUBS.MX,2025-01-16,2025-01-23,5,14831.9501953125
HUBS.MX,2025-01-30,2025-02-07,5,15995.259765625
HUBS.MX,2025-07-11,2025-07-18,5,9917.0
HUBS.MX,2025-09-23,2025-09-30,5,9560.0
HUBS.MX,2026-01-15,2026-01-22,5,6400.0
HUBS.MX,2026-04-08,2026-04-15,5,4014.0
HUBS.MX,2026-05-07,2026-05-14,5,4225.0
HUM.MX,2024-06-14,2024-07-17,23,6600.0
HUM.MX,2024-07-31,2024-09-02,23,6700.0
HUM.MX,2023-04-27,2023-05-25,19,9502.4501953125
HUM.MX,2023-09-07,2023-09-27,14,8258.349609375
HUM.MX,2023-12-01,2023-12-22,14,8530.0
HUM.MX,2025-03-12,2025-04-02,14,5064.330078125
HUM.MX,2023-02-17,2023-03-08,13,9360.0
HUM.MX,2026-03-13,2026-04-06,13,2969.0
HUM.MX,2023-03-09,2023-03-27,11,8750.0
HUM.MX,2025-12-15,2025-12-31,11,4924.0
HUM.MX,2026-01-02,2026-01-19,11,4759.0
HUM.MX,2023-10-24,2023-11-08,10,9435.2001953125
HUM.MX,2025-06-05,2025-06-19,10,4400.0
HUM.MX,2024-12-27,2025-01-10,9,5186.0
HUM.MX,2025-07-01,2025-07-14,9,4725.4599609375
HUM.MX,2025-07-30,2025-08-12,9,4735.0
HUM.MX,2026-06-10,2026-06-23,9,6400.0
HUM.MX,2023-06-29,2023-07-11,8,7490.0
HUM.MX,2024-01-03,2024-01-15,8,8005.169921875
HUM.MX,2025-04-29,2025-05-12,8,5100.0
HUM.MX,2025-09-15,2025-09-26,8,5050.0
HUM.MX,2025-10-03,2025-10-15,8,5000.0
HUM.MX,2023-08-28,2023-09-06,7,8080.0
HUM.MX,2024-11-26,2024-12-05,7,6100.0
HUM.MX,2025-01-14,2025-01-23,7,5840.0
HUM.MX,2025-11-25,2025-12-04,7,4320.0
HUM.MX,2023-11-16,2023-11-27,6,8843.830078125
HUM.MX,2024-02-14,2024-02-22,6,6198.009765625
HUM.MX,2025-02-12,2025-02-20,6,5323.080078125
HUM.MX,2025-04-16,2025-04-28,6,5653.60986328125
HUM.MX,2025-11-05,2025-11-13,6,4830.0
HUM.MX,2024-03-08,2024-03-15,5,5765.0
HUM.MX,2024-05-08,2024-05-15,5,5461.0
HUM.MX,2024-06-06,2024-06-13,5,6209.0
HUM.MX,2024-12-06,2024-12-16,5,5657.0
HUM.MX,2025-06-20,2025-06-27,5,4645.0
HUM.MX,2025-08-20,2025-08-27,5,5370.0
HUM.MX,2026-02-19,2026-02-26,5,3250.0
HWM.MX,2023-01-02,2023-07-28,144,740.0
HWM.MX,2023-11-10,2024-02-13,62,852.75
HWM.MX,2023-09-05,2023-10-26,37,844.7999877929688
HWM.MX,2024-05-02,2024-06-06,25,1304.75
HWM.MX,2024-02-20,2024-03-22,22,1077.050048828125
HWM.MX,2024-06-13,2024-07-12,21,1517.0
HWM.MX,2024-12-30,2025-01-24,18,2278.0
HWM.MX,2024-04-08,2024-04-29,15,1089.0999755859375
HWM.MX,2024-07-15,2024-08-02,14,1421.9599609375
HWM.MX,2024-09-04,2024-09-25,14,1840.0
HWM.MX,2024-11-25,2024-12-13,13,2420.0
HWM.MX,2023-08-17,2023-09-04,12,835.5499877929688
HWM.MX,2024-10-18,2024-11-05,12,2090.0
HWM.MX,2025-06-09,2025-06-25,12,3308.179931640625
HWM.MX,2025-10-21,2025-11-04,10,3629.800048828125
HWM.MX,2024-11-06,2024-11-20,9,2265.0
HWM.MX,2025-12-05,2025-12-18,8,3500.0
HWM.MX,2026-01-02,2026-01-14,8,3687.179931640625
HWM.MX,2023-07-31,2023-08-09,7,852.5
HWM.MX,2024-03-25,2024-04-05,7,1150.0
HWM.MX,2026-03-24,2026-04-06,7,4221.0
HWM.MX,2024-08-13,2024-08-21,6,1777.0
HWM.MX,2024-10-07,2024-10-15,6,1975.449951171875
HWM.MX,2026-04-08,2026-04-16,6,4378.0
HWM.MX,2023-11-01,2023-11-09,5,795.0
IBKR.MX,2023-12-11,2024-07-01,137,363.75
IBKR.MX,2023-02-16,2023-06-29,91,405.25
IBKR.MX,2023-08-09,2023-12-08,85,383.75
IBKR.MX,2024-11-04,2025-02-05,62,723.5625
IBKR.MX,2025-04-16,2025-06-04,32,780.0
IBKR.MX,2024-08-02,2024-09-17,31,533.3150024414062
IBKR.MX,2024-09-19,2024-11-01,30,633.0
IBKR.MX,2023-01-02,2023-02-13,29,379.6000061035156
IBKR.MX,2023-06-30,2023-08-08,27,375.75
IBKR.MX,2025-02-06,2025-03-18,27,1206.75
IBKR.MX,2025-06-06,2025-07-10,24,1015.25
IBKR.MX,2026-04-30,2026-05-19,12,1382.9100341796875
IBKR.MX,2025-03-19,2025-04-03,11,890.7150268554688
IBKR.MX,2024-07-18,2024-08-01,10,541.8250122070312
IBKR.MX,2026-01-22,2026-02-06,10,1345.0
IBKR.MX,2024-07-02,2024-07-15,9,582.5125122070312
IBKR.MX,2025-12-11,2025-12-26,9,1171.199951171875
IBKR.MX,2026-02-27,2026-03-12,9,1200.0
IBKR.MX,2026-03-24,2026-04-08,9,1167.0
IBKR.MX,2026-04-16,2026-04-29,8,1350.0
IBKR.MX,2026-02-13,2026-02-24,7,1280.0
IBKR.MX,2025-04-04,2025-04-14,6,753.2150268554688
IBKR.MX,2025-07-17,2025-07-25,6,1125.0
IBKR.MX,2025-08-04,2025-08-11,5,1210.0
IBKR.MX,2025-09-09,2025-09-17,5,1155.9000244140625
IBKR.MX,2025-11-20,2025-11-27,5,1128.5
IBKR.MX,2025-12-03,2025-12-10,5,1188.0
IBKR.MX,2025-12-29,2026-01-06,5,1174.5
IBKR.MX,2026-01-07,2026-01-14,5,1284.0
IBKR.MX,2026-03-13,2026-03-23,5,1186.550048828125
IBM.MX,2024-08-06,2024-08-16,8,3650.0
IBM.MX,2023-12-05,2023-12-14,6,2807.0
IBM.MX,2024-02-14,2024-02-22,6,3187.7900390625
IBM.MX,2025-05-29,2025-06-06,6,5005.0
IBM.MX,2023-08-17,2023-08-24,5,2401.550048828125
IBM.MX,2023-12-27,2024-01-04,5,2768.0
IBM.MX,2024-03-08,2024-03-15,5,3276.010009765625
IBM.MX,2024-04-30,2024-05-08,5,2890.0
IBM.MX,2025-03-27,2025-04-03,5,5016.56005859375
IBM.MX,2025-11-25,2025-12-02,5,5597.0
ICE.MX,2024-03-21,2024-05-28,45,2309.75
ICE.MX,2024-09-05,2024-11-05,41,3218.7900390625
ICE.MX,2023-06-29,2023-08-16,34,1914.93994140625
ICE.MX,2023-08-17,2023-09-26,28,1946.1300048828125
ICE.MX,2024-01-05,2024-02-14,27,2121.800048828125
ICE.MX,2024-02-15,2024-03-20,23,2347.0
ICE.MX,2023-03-24,2023-04-27,22,1784.8499755859375
ICE.MX,2023-01-02,2023-01-30,20,1998.2900390625
ICE.MX,2023-02-14,2023-03-14,20,2011.06005859375
ICE.MX,2026-03-05,2026-04-01,18,2935.0
ICE.MX,2023-10-12,2023-11-06,16,1995.739990234375
ICE.MX,2024-11-11,2024-12-03,15,3198.22998046875
ICE.MX,2025-04-16,2025-05-12,15,3144.9599609375
ICE.MX,2025-10-16,2025-11-06,15,2836.0
ICE.MX,2026-01-16,2026-02-09,15,3082.489990234375
ICE.MX,2026-04-28,2026-05-20,15,2714.0
ICE.MX,2023-06-02,2023-06-22,14,1899.1099853515625
ICE.MX,2024-06-21,2024-07-10,13,2490.81005859375
ICE.MX,2024-06-04,2024-06-20,12,2413.030029296875
ICE.MX,2025-08-15,2025-09-02,12,3388.179931640625
ICE.MX,2025-09-12,2025-10-01,12,3222.5
ICE.MX,2025-12-09,2025-12-29,12,2882.02001953125
ICE.MX,2024-08-05,2024-08-20,11,2899.89990234375
ICE.MX,2023-04-28,2023-05-15,10,1955.3499755859375
ICE.MX,2023-09-27,2023-10-11,10,1910.8399658203125
ICE.MX,2023-11-10,2023-11-27,10,1935.1099853515625
ICE.MX,2023-12-04,2023-12-19,10,2009.1099853515625
ICE.MX,2025-07-18,2025-08-01,10,3384.260009765625
ICE.MX,2026-04-06,2026-04-20,10,2940.0
ICE.MX,2024-08-21,2024-09-03,9,3025.0
ICE.MX,2025-01-15,2025-01-28,9,3027.110107421875
ICE.MX,2024-07-18,2024-07-30,8,2660.0
ICE.MX,2025-06-04,2025-06-16,8,3444.419921875
ICE.MX,2025-06-17,2025-06-27,8,3444.320068359375
ICE.MX,2025-06-30,2025-07-10,8,3434.89990234375
ICE.MX,2025-08-04,2025-08-14,8,3509.550048828125
ICE.MX,2025-12-30,2026-01-12,8,2942.260009765625
ICE.MX,2024-12-06,2024-12-18,7,3152.47998046875
ICE.MX,2024-12-30,2025-01-09,7,3087.0
ICE.MX,2025-01-29,2025-02-10,7,3250.0
ICE.MX,2025-11-20,2025-12-01,7,2797.0
ICE.MX,2025-03-11,2025-03-20,6,3419.8798828125
ICE.MX,2025-10-02,2025-10-10,6,2993.989990234375
ICE.MX,2023-03-15,2023-03-23,5,1853.0999755859375
ICE.MX,2023-05-16,2023-05-23,5,1907.0
ICE.MX,2023-05-24,2023-05-31,5,1901.0
ICE.MX,2025-09-03,2025-09-10,5,3265.800048828125
IDXX.MX,2023-01-06,2023-02-08,22,8462.6396484375
IDXX.MX,2023-07-13,2023-08-09,19,8964.0
IDXX.MX,2023-05-03,2023-05-29,18,8518.0
IDXX.MX,2023-09-15,2023-10-11,18,7710.5
IDXX.MX,2025-05-20,2025-06-13,18,10143.400390625
IDXX.MX,2025-08-19,2025-09-09,15,12052.759765625
IDXX.MX,2023-06-01,2023-06-21,14,8302.349609375
IDXX.MX,2023-06-22,2023-07-12,14,8429.0
IDXX.MX,2024-02-12,2024-03-01,14,9640.0
IDXX.MX,2023-08-10,2023-08-28,12,8644.6201171875
IDXX.MX,2023-08-29,2023-09-14,12,8568.5498046875
IDXX.MX,2026-02-20,2026-03-10,12,10807.7998046875
IDXX.MX,2026-05-29,2026-06-16,12,9799.0
IDXX.MX,2025-12-24,2026-01-12,11,12352.25
IDXX.MX,2023-10-17,2023-10-31,10,7833.4599609375
IDXX.MX,2024-01-09,2024-01-23,10,9371.0
IDXX.MX,2024-09-04,2024-09-19,10,9340.0
IDXX.MX,2024-10-02,2024-10-16,10,9540.0
IDXX.MX,2026-02-05,2026-02-19,10,11170.0
IDXX.MX,2026-05-14,2026-05-28,10,9197.48046875
IDXX.MX,2023-03-02,2023-03-15,9,8635.990234375
IDXX.MX,2023-03-24,2023-04-10,9,8915.0
IDXX.MX,2023-04-13,2023-04-26,9,8370.0
IDXX.MX,2025-01-08,2025-01-21,9,8830.0
IDXX.MX,2023-02-17,2023-03-01,8,9090.4501953125
IDXX.MX,2024-05-15,2024-05-27,8,8990.0
IDXX.MX,2025-11-03,2025-11-13,8,13434.0
IDXX.MX,2025-11-25,2025-12-05,8,14130.0
IDXX.MX,2024-11-07,2024-11-19,7,8565.23046875
IDXX.MX,2025-10-22,2025-10-31,7,11670.0
IDXX.MX,2025-12-09,2025-12-19,7,12812.099609375
IDXX.MX,2024-04-04,2024-04-12,6,8722.76953125
IDXX.MX,2024-05-06,2024-05-14,6,8029.02978515625
IDXX.MX,2024-09-20,2024-09-30,6,9767.0
IDXX.MX,2024-12-23,2025-01-02,6,8310.0
IDXX.MX,2025-01-30,2025-02-10,6,8765.0
IDXX.MX,2025-03-27,2025-04-04,6,8555.0
IDXX.MX,2025-04-30,2025-05-09,6,8460.0
IDXX.MX,2025-10-03,2025-10-13,6,11558.0
IDXX.MX,2026-04-09,2026-04-17,6,10172.1904296875
IDXX.MX,2023-11-09,2023-11-16,5,7450.02978515625
IDXX.MX,2023-12-27,2024-01-04,5,9463.4501953125
IDXX.MX,2024-01-24,2024-01-31,5,9189.7001953125
IDXX.MX,2024-07-09,2024-07-16,5,8616.25
IDXX.MX,2024-12-10,2024-12-18,5,9002.0
IDXX.MX,2025-02-26,2025-03-05,5,9307.0
IDXX.MX,2025-07-17,2025-07-24,5,9759.0
IDXX.MX,2025-08-06,2025-08-13,5,11689.0
IDXX.MX,2025-10-14,2025-10-21,5,11725.0
IDXX.MX,2025-11-14,2025-11-24,5,12774.5595703125
IDXX.MX,2026-01-27,2026-02-04,5,12168.900390625
ILMN.MX,2024-06-17,2024-07-30,31,1993.68896484375
ILMN.MX,2024-04-12,2024-05-22,27,2136.0
ILMN.MX,2024-01-16,2024-02-20,24,2312.8798828125
ILMN.MX,2024-11-26,2024-12-30,22,2890.0
ILMN.MX,2025-09-11,2025-10-13,21,1800.0
ILMN.MX,2023-07-31,2023-08-28,20,3208.68994140625
ILMN.MX,2025-08-14,2025-09-10,19,1875.0
ILMN.MX,2023-08-29,2023-09-21,17,2676.300048828125
ILMN.MX,2024-10-11,2024-11-05,17,2805.320068359375
ILMN.MX,2025-01-14,2025-02-07,17,2847.0
ILMN.MX,2025-07-08,2025-07-31,17,1851.0
ILMN.MX,2026-01-13,2026-02-06,17,2597.0
ILMN.MX,2023-07-06,2023-07-28,16,3141.10009765625
ILMN.MX,2023-12-20,2024-01-15,16,2362.179931640625
ILMN.MX,2025-11-14,2025-12-08,15,2182.0
ILMN.MX,2026-06-09,2026-06-30,15,2800.0
ILMN.MX,2025-02-25,2025-03-18,14,1948.449951171875
ILMN.MX,2024-03-06,2024-03-26,13,2250.0
ILMN.MX,2023-02-14,2023-03-02,12,4043.659912109375
ILMN.MX,2024-08-30,2024-09-18,12,2609.3798828125
ILMN.MX,2023-10-30,2023-11-15,11,2041.0
ILMN.MX,2026-03-13,2026-03-30,10,2127.139892578125
ILMN.MX,2023-04-03,2023-04-18,9,4100.0
ILMN.MX,2023-06-06,2023-06-19,9,3585.719970703125
ILMN.MX,2023-09-22,2023-10-05,9,2266.0
ILMN.MX,2024-03-27,2024-04-11,9,2230.0
ILMN.MX,2025-06-24,2025-07-07,9,1719.77001953125
ILMN.MX,2025-10-31,2025-11-13,9,2250.0
ILMN.MX,2026-05-13,2026-05-26,9,2510.0
ILMN.MX,2023-04-19,2023-05-02,8,4162.830078125
ILMN.MX,2023-05-15,2023-05-25,8,3569.8798828125
ILMN.MX,2025-04-24,2025-05-07,8,1513.22998046875
ILMN.MX,2023-05-03,2023-05-12,7,3532.0
ILMN.MX,2023-06-20,2023-06-29,7,3450.0
ILMN.MX,2023-11-16,2023-11-28,7,1747.18994140625
ILMN.MX,2024-11-11,2024-11-21,7,3094.820068359375
ILMN.MX,2025-10-20,2025-10-29,7,1835.0
ILMN.MX,2025-12-15,2025-12-24,7,2468.0
ILMN.MX,2023-03-14,2023-03-23,6,4285.0
ILMN.MX,2023-12-01,2023-12-11,6,1839.969970703125
ILMN.MX,2025-01-03,2025-01-13,6,2777.0
ILMN.MX,2025-04-02,2025-04-10,6,1666.260009765625
ILMN.MX,2025-05-20,2025-05-28,6,1614.9599609375
ILMN.MX,2025-05-29,2025-06-06,6,1623.0
ILMN.MX,2025-06-09,2025-06-17,6,1620.0
ILMN.MX,2026-03-31,2026-04-10,6,2212.0
ILMN.MX,2026-04-13,2026-04-21,6,2180.0
ILMN.MX,2026-05-04,2026-05-12,6,2375.0
ILMN.MX,2026-05-29,2026-06-08,6,2805.0
ILMN.MX,2023-02-03,2023-02-13,5,4042.699951171875
ILMN.MX,2023-03-24,2023-03-31,5,3991.389892578125
ILMN.MX,2024-08-21,2024-08-28,5,2549.0
ILMN.MX,2025-03-19,2025-03-26,5,1699.93994140625
ILMN.MX,2026-01-05,2026-01-12,5,2360.0
ILMN.MX,2026-02-20,2026-02-27,5,2024.0
ILMN.MX,2026-03-02,2026-03-09,5,2281.300048828125
INCY.MX,2023-01-02,2024-01-31,272,1629.0
INCY.MX,2024-10-31,2025-03-03,82,1486.0
INCY.MX,2024-02-20,2024-06-10,75,986.0
INCY.MX,2025-03-06,2025-05-14,45,1430.489990234375
INCY.MX,2024-08-28,2024-10-30,43,1292.0
INCY.MX,2025-06-12,2025-08-11,42,1306.3199462890625
INCY.MX,2026-02-19,2026-04-24,42,1743.6800537109375
INCY.MX,2024-06-11,2024-07-22,29,1096.52001953125
INCY.MX,2025-09-08,2025-10-14,25,1619.0999755859375
INCY.MX,2026-05-26,2026-06-30,25,1676.030029296875
INCY.MX,2025-05-15,2025-06-11,19,1180.68994140625
INCY.MX,2026-04-28,2026-05-25,18,1642.0
INCY.MX,2025-08-12,2025-09-02,15,1500.0
INCY.MX,2024-02-01,2024-02-19,11,1020.5800170898438
INCY.MX,2025-12-18,2026-01-06,11,1754.43994140625
INCY.MX,2024-07-23,2024-08-06,10,1195.1199951171875
INCY.MX,2026-01-08,2026-01-21,9,1909.0
INCY.MX,2025-10-15,2025-10-27,8,1597.4000244140625
INCY.MX,2025-12-03,2025-12-16,8,1849.0899658203125
INCY.MX,2024-08-16,2024-08-27,7,1156.1600341796875
INCY.MX,2025-11-21,2025-12-02,7,1893.0
INCY.MX,2026-01-23,2026-02-04,7,1782.0
INCY.MX,2024-08-07,2024-08-15,6,1195.0
INCY.MX,2025-11-10,2025-11-19,6,1945.5
INSM.MX,2023-12-18,2025-06-16,372,488.510009765625
INSM.MX,2023-01-06,2023-12-15,237,352.29998779296875
INSM.MX,2025-12-04,2026-06-30,139,3760.0
INSM.MX,2025-08-18,2025-12-03,75,2407.919921875
INSM.MX,2025-06-17,2025-08-15,43,1915.0
INTU.MX,2023-01-02,2023-01-25,17,7306.0
INTU.MX,2023-05-04,2023-05-23,13,7593.10986328125
INTU.MX,2023-04-20,2023-05-03,8,8085.0
INTU.MX,2023-07-28,2023-08-09,8,8531.0
INTU.MX,2024-01-05,2024-01-17,8,9970.0
INTU.MX,2023-02-01,2023-02-13,7,7785.0
INTU.MX,2023-03-22,2023-03-31,7,7753.0
INTU.MX,2024-10-10,2024-10-21,7,12035.080078125
INTU.MX,2026-03-24,2026-04-06,7,7791.0
INTU.MX,2023-02-14,2023-02-22,6,7807.02978515625
INTU.MX,2023-08-15,2023-08-23,6,8660.0
INTU.MX,2023-08-29,2023-09-06,6,8987.73046875
INTU.MX,2023-09-15,2023-09-25,6,9183.0
INTU.MX,2024-03-14,2024-03-25,6,10866.6103515625
INTU.MX,2025-04-28,2025-05-07,6,12075.0
INTU.MX,2023-03-06,2023-03-13,5,7447.14990234375
INTU.MX,2023-09-07,2023-09-14,5,9764.6396484375
INTU.MX,2024-01-30,2024-02-07,5,11109.0
INTU.MX,2024-07-05,2024-07-12,5,12123.099609375
INTU.MX,2024-09-06,2024-09-13,5,12466.51953125
INTU.MX,2025-05-14,2025-05-21,5,12750.0
INTU.MX,2025-12-19,2025-12-29,5,12084.91015625
INVH.MX,2025-03-14,2026-06-30,322,665.22998046875
INVH.MX,2024-07-03,2025-01-30,145,652.0
INVH.MX,2023-12-28,2024-07-02,127,583.4400024414062
INVH.MX,2023-05-05,2023-09-26,102,612.0
INVH.MX,2023-01-02,2023-03-06,44,718.9600219726562
INVH.MX,2023-03-07,2023-05-04,38,566.5499877929688
INVH.MX,2023-09-27,2023-11-15,34,560.0
INVH.MX,2025-01-31,2025-03-13,28,643.3499755859375
INVH.MX,2023-11-16,2023-12-27,26,570.0
IOT.MX,2024-10-11,2025-01-03,56,978.510009765625
IOT.MX,2025-01-06,2025-03-05,41,910.280029296875
IOT.MX,2025-06-17,2025-07-29,30,727.530029296875
IOT.MX,2025-03-10,2025-04-22,28,700.0
IOT.MX,2025-04-23,2025-05-22,20,746.4299926757812
IOT.MX,2025-12-08,2026-01-06,18,790.0
IOT.MX,2026-02-06,2026-03-04,18,433.55999755859375
IOT.MX,2025-09-30,2025-10-23,17,662.0
IOT.MX,2025-11-07,2025-12-03,17,700.0
IOT.MX,2025-08-13,2025-09-03,15,607.9099731445312
IOT.MX,2026-05-06,2026-05-27,15,496.0
IOT.MX,2026-03-19,2026-04-09,13,606.489990234375
IOT.MX,2025-05-23,2025-06-05,9,884.3699951171875
IOT.MX,2025-07-30,2025-08-12,9,740.0
IOT.MX,2025-09-09,2025-09-23,9,707.0
IOT.MX,2025-10-24,2025-11-06,9,718.0
IOT.MX,2026-01-08,2026-01-19,7,609.0
IOT.MX,2026-04-14,2026-04-24,7,475.0
IOT.MX,2025-06-06,2025-06-16,6,865.0
IOT.MX,2026-05-28,2026-06-04,5,495.0
IOT.MX,2026-06-05,2026-06-12,5,620.0
IP.MX,2025-09-08,2026-05-19,170,872.75
IP.MX,2024-08-02,2025-02-27,142,883.0
IP.MX,2025-02-28,2025-09-05,131,1140.8800048828125
IP.MX,2023-10-17,2024-04-11,118,578.3699951171875
IP.MX,2023-06-02,2023-09-07,69,550.0
IP.MX,2023-03-09,2023-06-01,56,659.0
IP.MX,2023-01-10,2023-03-08,40,715.5499877929688
IP.MX,2024-04-25,2024-06-19,38,590.0
IP.MX,2024-06-20,2024-08-01,30,850.0
IP.MX,2026-05-20,2026-06-30,29,527.3300170898438
IP.MX,2023-09-18,2023-10-16,20,586.5
IP.MX,2024-04-12,2024-04-24,8,607.510009765625
IP.MX,2023-01-02,2023-01-09,5,692.739990234375
ISRG.MX,2024-07-08,2024-07-17,7,8000.0
ISRG.MX,2025-06-11,2025-06-20,7,9887.0
ISRG.MX,2023-01-24,2023-02-01,6,4837.56005859375
ISRG.MX,2023-11-22,2023-11-30,6,5450.0
ISRG.MX,2024-01-05,2024-01-15,6,5527.0
ISRG.MX,2024-04-01,2024-04-09,6,6575.10986328125
ISRG.MX,2025-01-07,2025-01-15,6,11085.6103515625
ISRG.MX,2025-01-31,2025-02-11,6,11850.75
ISRG.MX,2023-12-27,2024-01-04,5,5685.0
ISRG.MX,2024-06-28,2024-07-05,5,8125.02978515625
ISRG.MX,2025-03-12,2025-03-20,5,10110.2001953125
J.MX,2025-11-03,2026-05-29,139,3000.0
J.MX,2025-10-07,2025-10-31,18,2900.0
J.MX,2026-06-10,2026-06-30,14,2162.0
J.MX,2026-06-01,2026-06-09,6,2050.0
JBHT.MX,2025-07-16,2026-02-16,147,2832.320068359375
JBHT.MX,2026-03-04,2026-06-30,79,4092.340087890625
JBHT.MX,2025-04-10,2025-07-15,65,2750.56005859375
JBHT.MX,2025-03-07,2025-04-03,18,3273.27001953125
JBHT.MX,2025-02-13,2025-03-06,15,3390.719970703125
JBHT.MX,2024-07-05,2024-07-23,12,2871.56005859375
JBHT.MX,2024-09-20,2024-10-09,12,3297.2099609375
JBHT.MX,2024-07-24,2024-08-08,11,3010.080078125
JBHT.MX,2024-06-20,2024-07-04,10,2863.800048828125
JBHT.MX,2025-01-28,2025-02-12,10,3607.93994140625
JBHT.MX,2024-12-20,2025-01-06,9,3396.60009765625
JBHT.MX,2024-09-06,2024-09-19,8,3408.840087890625
JBHT.MX,2024-12-06,2024-12-19,8,3677.81005859375
JBHT.MX,2024-11-07,2024-11-19,7,3781.800048828125
JBHT.MX,2025-01-16,2025-01-27,7,3839.610107421875
JBHT.MX,2024-10-16,2024-10-24,6,3684.0
JBHT.MX,2025-01-07,2025-01-15,6,3597.75
JBHT.MX,2026-02-23,2026-03-03,6,3870.179931640625
JBHT.MX,2024-08-29,2024-09-05,5,3427.739990234375
JBL.MX,2025-02-12,2025-08-07,122,3425.469970703125
JBL.MX,2023-01-02,2023-06-13,111,1336.530029296875
JBL.MX,2024-06-11,2024-09-24,74,2165.0
JBL.MX,2023-07-14,2023-09-28,54,1900.0
JBL.MX,2025-09-26,2025-12-02,46,3940.0
JBL.MX,2024-09-25,2024-11-21,39,2215.0
JBL.MX,2024-12-23,2025-02-11,33,2940.0
JBL.MX,2023-09-29,2023-11-13,30,2100.0
JBL.MX,2026-03-20,2026-05-04,27,4600.0
JBL.MX,2024-03-20,2024-04-29,26,2127.429931640625
JBL.MX,2024-01-25,2024-02-27,22,2200.0
JBL.MX,2023-06-14,2023-07-06,16,1707.8800048828125
JBL.MX,2024-05-17,2024-06-10,16,1910.0
JBL.MX,2025-12-22,2026-01-15,16,4126.0
JBL.MX,2026-02-20,2026-03-17,16,4633.0
JBL.MX,2026-01-28,2026-02-18,14,4160.47998046875
JBL.MX,2026-05-20,2026-06-08,13,6010.0
JBL.MX,2024-01-09,2024-01-24,11,2151.3701171875
JBL.MX,2024-04-30,2024-05-16,11,2024.4100341796875
JBL.MX,2023-11-16,2023-12-01,10,2251.139892578125
JBL.MX,2024-11-22,2024-12-05,9,2675.0
JBL.MX,2025-08-19,2025-08-28,7,3881.0
JBL.MX,2025-12-03,2025-12-15,7,3914.840087890625
JBL.MX,2026-01-16,2026-01-27,7,4428.0
JBL.MX,2023-12-28,2024-01-08,6,2183.0
JBL.MX,2024-12-06,2024-12-16,5,2745.0
JBL.MX,2025-08-29,2025-09-05,5,3890.0
JBL.MX,2025-09-08,2025-09-15,5,3916.0
JBL.MX,2026-05-05,2026-05-12,5,5844.16015625
JBL.MX,2026-06-17,2026-06-24,5,6571.0
JNJ.MX,2023-08-21,2023-08-28,5,2849.030029296875
JNJ.MX,2024-03-05,2024-03-12,5,2706.199951171875
KEYS.MX,2023-08-29,2024-04-11,153,2162.969970703125
KEYS.MX,2023-01-02,2023-07-17,135,2860.0
KEYS.MX,2024-04-12,2024-08-20,91,2660.179931640625
KEYS.MX,2026-01-29,2026-04-23,55,3833.5
KEYS.MX,2025-12-02,2026-01-28,38,3649.320068359375
KEYS.MX,2024-08-21,2024-10-11,35,2975.0
KEYS.MX,2025-06-04,2025-07-23,35,3107.0
KEYS.MX,2024-12-05,2025-01-23,32,3501.949951171875
KEYS.MX,2025-10-15,2025-12-01,32,3056.889892578125
KEYS.MX,2025-04-10,2025-05-19,24,2790.1201171875
KEYS.MX,2023-07-18,2023-08-11,18,2863.0
KEYS.MX,2025-09-19,2025-10-14,17,3244.8798828125
KEYS.MX,2024-10-14,2024-11-05,16,3077.489990234375
KEYS.MX,2024-11-06,2024-11-26,13,3139.5400390625
KEYS.MX,2025-03-19,2025-04-07,13,3114.0
KEYS.MX,2026-06-12,2026-06-30,12,6022.0
KEYS.MX,2026-04-24,2026-05-12,11,6067.0
KEYS.MX,2023-08-14,2023-08-28,10,2661.0
KEYS.MX,2025-03-03,2025-03-18,10,3290.0
KEYS.MX,2025-05-20,2025-06-03,10,3140.0
KEYS.MX,2025-08-04,2025-08-18,10,3026.830078125
KEYS.MX,2025-09-04,2025-09-18,9,3090.0
KEYS.MX,2025-08-22,2025-09-03,8,3100.0
KEYS.MX,2025-01-29,2025-02-10,7,3467.0
KEYS.MX,2025-07-24,2025-08-01,6,3088.320068359375
KEYS.MX,2024-11-27,2024-12-04,5,3350.0
KEYS.MX,2025-02-21,2025-02-28,5,3647.5
KHC.MX,2024-10-03,2024-10-18,11,660.0
KHC.MX,2023-02-01,2023-02-15,9,758.010009765625
KHC.MX,2023-08-23,2023-09-04,8,564.0
KHC.MX,2023-10-16,2023-10-26,8,566.0
KHC.MX,2023-04-12,2023-04-21,7,711.0
KHC.MX,2023-03-13,2023-03-22,6,715.0
KHC.MX,2023-03-23,2023-03-31,6,695.0
KHC.MX,2023-09-13,2023-09-21,6,575.0
KHC.MX,2024-09-13,2024-09-24,6,686.0
KHC.MX,2025-04-07,2025-04-15,6,605.4299926757812
KHC.MX,2023-03-03,2023-03-10,5,696.6500244140625
KHC.MX,2023-04-24,2023-05-02,5,705.6099853515625
KHC.MX,2023-05-03,2023-05-10,5,718.219970703125
KHC.MX,2023-05-18,2023-05-25,5,712.7999877929688
KHC.MX,2023-09-25,2023-10-02,5,595.0
KHC.MX,2024-02-22,2024-02-29,5,607.6300048828125
KHC.MX,2024-03-06,2024-03-13,5,591.6300048828125
KHC.MX,2024-04-05,2024-04-12,5,612.1900024414062
KIM.MX,2023-03-03,2024-06-03,312,370.5199890136719
KIM.MX,2024-07-03,2025-03-13,174,348.5
KIM.MX,2025-03-14,2025-09-05,121,407.489990234375
KIM.MX,2026-02-06,2026-05-13,63,368.0
KIM.MX,2025-09-29,2025-11-20,37,402.0
KIM.MX,2025-12-03,2026-01-23,34,373.5
KIM.MX,2026-05-14,2026-06-30,33,401.0
KIM.MX,2023-01-02,2023-02-03,24,251.35000610351562
KIM.MX,2024-06-04,2024-07-02,20,345.94000244140625
KIM.MX,2023-02-07,2023-03-02,17,423.79998779296875
KIM.MX,2025-09-08,2025-09-26,13,420.0
KIM.MX,2025-11-21,2025-12-02,7,375.0
KIM.MX,2026-01-26,2026-02-05,7,355.0
KKRC.MX,2024-01-24,2024-05-15,75,1429.06005859375
KKRC.MX,2023-06-15,2023-09-08,61,993.0
KKRC.MX,2025-04-08,2025-06-05,39,1990.0
KKRC.MX,2023-04-27,2023-06-14,33,927.0
KKRC.MX,2023-03-10,2023-04-26,30,907.0
KKRC.MX,2024-06-13,2024-07-25,30,2055.0
KKRC.MX,2024-12-17,2025-01-21,23,3034.89990234375
KKRC.MX,2023-10-06,2023-11-03,19,1130.0
KKRC.MX,2023-09-11,2023-10-05,18,1090.0
KKRC.MX,2024-08-15,2024-09-10,18,2252.0
KKRC.MX,2025-07-02,2025-07-23,15,2513.0
KKRC.MX,2025-07-31,2025-08-20,14,2759.97998046875
KKRC.MX,2024-05-16,2024-06-04,13,1753.56005859375
KKRC.MX,2025-03-07,2025-03-27,13,2230.0
KKRC.MX,2023-02-21,2023-03-09,12,1030.0
KKRC.MX,2023-12-19,2024-01-08,12,1452.5
KKRC.MX,2023-11-30,2023-12-18,11,1306.0
KKRC.MX,2023-01-12,2023-01-26,10,1014.0
KKRC.MX,2025-06-11,2025-06-24,9,2381.0
KKRC.MX,2026-05-05,2026-05-18,9,1759.0
KKRC.MX,2024-09-27,2024-10-10,8,2612.0
KKRC.MX,2025-11-20,2025-12-02,8,2197.0
KKRC.MX,2023-11-16,2023-11-28,7,1150.0
KKRC.MX,2024-08-05,2024-08-14,7,2064.0
KKRC.MX,2025-12-17,2025-12-29,7,2392.0
KKRC.MX,2026-06-12,2026-06-23,7,1675.0
KKRC.MX,2024-09-17,2024-09-25,6,2467.0
KKRC.MX,2024-11-07,2024-11-15,6,2930.0
KKRC.MX,2024-11-20,2024-11-28,6,3086.0
KKRC.MX,2025-02-05,2025-02-13,6,3120.0
KKRC.MX,2025-09-04,2025-09-12,6,2567.570068359375
KKRC.MX,2026-03-23,2026-03-31,6,1640.0
KKRC.MX,2026-05-29,2026-06-08,6,1681.0
KKRC.MX,2023-11-08,2023-11-15,5,1090.0
KKRC.MX,2024-01-10,2024-01-17,5,1385.0
KKRC.MX,2024-06-05,2024-06-12,5,1820.0
KKRC.MX,2025-01-24,2025-01-31,5,3321.0
KKRC.MX,2025-02-14,2025-02-21,5,2880.0
KKRC.MX,2025-09-15,2025-09-23,5,2655.0
KLAC.MX,2023-02-09,2023-05-09,59,776.0999755859375
KLAC.MX,2023-08-17,2023-10-06,36,809.0
KLAC.MX,2025-03-05,2025-04-10,25,1457.72998046875
KLAC.MX,2023-07-11,2023-08-14,24,779.4000244140625
KLAC.MX,2025-10-13,2025-11-13,23,1896.5
KLAC.MX,2024-05-08,2024-06-06,21,1207.178955078125
KLAC.MX,2025-08-25,2025-09-23,20,1610.1939697265625
KLAC.MX,2023-11-17,2023-12-15,18,939.02099609375
KLAC.MX,2024-04-03,2024-04-25,16,1164.5
KLAC.MX,2025-06-05,2025-06-27,16,1513.5150146484375
KLAC.MX,2023-12-18,2024-01-09,14,984.0
KLAC.MX,2023-05-10,2023-05-29,13,681.5
KLAC.MX,2024-09-24,2024-10-14,13,1525.6390380859375
KLAC.MX,2024-07-16,2024-08-01,12,1523.885009765625
KLAC.MX,2024-08-05,2024-08-21,12,1360.5
KLAC.MX,2024-01-29,2024-02-14,11,1029.0
KLAC.MX,2024-12-19,2025-01-07,11,1270.2459716796875
KLAC.MX,2023-10-27,2023-11-13,10,830.0
KLAC.MX,2024-03-12,2024-03-27,10,1174.7459716796875
KLAC.MX,2025-04-11,2025-04-29,10,1319.699951171875
KLAC.MX,2025-07-10,2025-07-24,10,1729.6650390625
KLAC.MX,2025-12-05,2025-12-22,10,2212.6279296875
KLAC.MX,2024-11-20,2024-12-03,9,1249.0
KLAC.MX,2025-07-29,2025-08-11,9,1745.9840087890625
KLAC.MX,2023-01-04,2023-01-16,8,734.5
KLAC.MX,2024-06-07,2024-06-19,8,1405.2979736328125
KLAC.MX,2024-07-01,2024-07-11,8,1521.0
KLAC.MX,2025-04-30,2025-05-13,8,1333.4000244140625
KLAC.MX,2025-05-14,2025-05-26,8,1548.5
KLAC.MX,2023-06-23,2023-07-04,7,785.2119750976562
KLAC.MX,2023-10-17,2023-10-26,7,870.6500244140625
KLAC.MX,2025-06-30,2025-07-09,7,1677.199951171875
KLAC.MX,2025-12-26,2026-01-07,7,2280.0
KLAC.MX,2026-02-17,2026-02-26,7,2485.5
KLAC.MX,2026-02-27,2026-03-10,7,2641.277099609375
KLAC.MX,2026-05-15,2026-05-26,7,3172.0
KLAC.MX,2024-03-01,2024-03-11,6,1220.0
KLAC.MX,2024-10-28,2024-11-05,6,1315.64697265625
KLAC.MX,2024-12-04,2024-12-13,6,1348.0
KLAC.MX,2023-10-09,2023-10-16,5,844.3980102539062
KLAC.MX,2024-01-18,2024-01-25,5,999.89501953125
KLAC.MX,2024-02-15,2024-02-22,5,1117.199951171875
KLAC.MX,2025-02-13,2025-02-20,5,1562.0
KLAC.MX,2025-10-01,2025-10-08,5,2000.0
KLAC.MX,2026-03-17,2026-03-24,5,2610.0
KMB.MX,2024-06-12,2024-10-16,88,2440.0
KMB.MX,2023-05-12,2023-09-07,84,2539.0
KMB.MX,2023-09-15,2024-01-17,83,2145.0
KMB.MX,2024-02-14,2024-06-11,80,2057.989990234375
KMB.MX,2025-03-03,2025-06-06,65,2900.0
KMB.MX,2023-01-02,2023-03-07,45,2281.68994140625
KMB.MX,2023-03-21,2023-04-27,25,2397.0
KMB.MX,2024-11-26,2025-01-02,24,2883.0
KMB.MX,2025-07-24,2025-08-26,23,2363.39990234375
KMB.MX,2025-02-06,2025-02-27,15,2641.18994140625
KMB.MX,2025-08-28,2025-09-19,15,2398.0
KMB.MX,2025-01-17,2025-02-05,12,2627.5
KMB.MX,2025-06-09,2025-06-24,11,2530.0
KMB.MX,2024-10-23,2024-11-06,10,2730.0
KMB.MX,2024-11-08,2024-11-25,10,2674.0
KMB.MX,2025-07-01,2025-07-15,10,2471.800048828125
KMB.MX,2023-04-28,2023-05-11,8,2599.77001953125
KMB.MX,2025-01-03,2025-01-15,8,2680.0
KMB.MX,2023-03-08,2023-03-17,7,2280.0
KMB.MX,2024-01-24,2024-02-02,7,2055.0
KMB.MX,2025-10-07,2025-10-15,6,2251.0
KMB.MX,2025-12-22,2025-12-31,6,1792.0
KMB.MX,2024-02-06,2024-02-13,5,2054.330078125
KMB.MX,2026-05-14,2026-05-21,5,1666.0
KMI.MX,2023-06-30,2023-07-28,20,293.0
KMI.MX,2023-12-21,2024-01-18,18,303.0
KMI.MX,2023-05-05,2023-05-30,17,303.0
KMI.MX,2023-11-24,2023-12-20,17,294.0
KMI.MX,2024-05-13,2024-06-04,16,321.0
KMI.MX,2026-04-17,2026-05-13,16,535.97998046875
KMI.MX,2023-09-27,2023-10-18,15,298.0
KMI.MX,2023-02-17,2023-03-08,13,333.0
KMI.MX,2024-01-22,2024-02-08,12,300.0
KMI.MX,2023-08-24,2023-09-07,10,289.0
KMI.MX,2023-10-27,2023-11-13,10,302.3900146484375
KMI.MX,2024-03-08,2024-03-25,10,302.0
KMI.MX,2023-08-10,2023-08-23,9,287.0
KMI.MX,2024-02-21,2024-03-05,9,302.0
KMI.MX,2024-12-20,2025-01-06,9,540.0
KMI.MX,2025-11-14,2025-11-28,9,502.0
KMI.MX,2023-03-10,2023-03-23,8,312.0
KMI.MX,2023-09-14,2023-09-26,8,295.3599853515625
KMI.MX,2024-04-05,2024-04-17,8,316.8999938964844
KMI.MX,2024-07-24,2024-08-05,8,388.2099914550781
KMI.MX,2024-09-04,2024-09-17,8,430.0
KMI.MX,2025-04-10,2025-04-24,8,523.0
KMI.MX,2026-06-09,2026-06-19,8,541.5
KMI.MX,2023-01-16,2023-01-25,7,370.0
KMI.MX,2024-06-25,2024-07-04,7,358.0
KMI.MX,2025-02-25,2025-03-06,7,532.219970703125
KMI.MX,2025-03-12,2025-03-24,7,533.010009765625
KMI.MX,2025-09-10,2025-09-22,7,505.989990234375
KMI.MX,2025-12-04,2025-12-16,7,499.0
KMI.MX,2026-01-06,2026-01-15,7,494.0
KMI.MX,2026-03-06,2026-03-18,7,596.0
KMI.MX,2023-04-04,2023-04-14,6,320.0
KMI.MX,2023-04-17,2023-04-25,6,321.0
KMI.MX,2023-06-16,2023-06-26,6,289.3999938964844
KMI.MX,2024-02-09,2024-02-19,6,299.0
KMI.MX,2025-10-30,2025-11-07,6,486.1199951171875
KMI.MX,2025-12-18,2025-12-29,6,482.1000061035156
KMI.MX,2026-02-09,2026-02-17,6,525.8599853515625
KMI.MX,2026-03-19,2026-03-27,6,589.5
KMI.MX,2026-05-18,2026-05-26,6,587.0
KMI.MX,2023-01-30,2023-02-07,5,341.0
KMI.MX,2023-11-15,2023-11-23,5,295.3999938964844
KMI.MX,2024-03-26,2024-04-04,5,297.0
KMI.MX,2024-05-03,2024-05-10,5,311.0
KMI.MX,2024-08-09,2024-08-16,5,397.760009765625
KMI.MX,2024-10-02,2024-10-09,5,450.0
KMI.MX,2024-10-14,2024-10-21,5,482.0
KMI.MX,2025-02-05,2025-02-12,5,575.0
KMI.MX,2025-05-07,2025-05-14,5,532.0
KMI.MX,2025-06-09,2025-06-16,5,539.9000244140625
KMI.MX,2025-07-02,2025-07-09,5,530.0
KMI.MX,2025-08-20,2025-08-27,5,496.0
KMI.MX,2025-08-28,2025-09-04,5,500.8599853515625
KMI.MX,2026-01-29,2026-02-06,5,521.25
KMI.MX,2026-02-18,2026-02-25,5,555.5499877929688
KMI.MX,2026-03-30,2026-04-08,5,615.0
KMI.MX,2026-04-09,2026-04-16,5,583.2100219726562
KR.MX,2023-07-27,2023-08-31,25,815.0
KR.MX,2025-07-18,2025-08-22,25,1351.0
KR.MX,2023-01-05,2023-02-09,24,860.5
KR.MX,2026-01-30,2026-03-06,24,1045.0
KR.MX,2023-12-05,2024-01-05,20,779.280029296875
KR.MX,2025-04-23,2025-05-22,20,1420.0
KR.MX,2026-03-09,2026-04-09,20,1330.0
KR.MX,2024-09-26,2024-10-24,19,1100.0
KR.MX,2025-06-20,2025-07-17,19,1371.2099609375
KR.MX,2024-07-01,2024-07-25,18,917.0
KR.MX,2025-01-02,2025-01-28,18,1275.0
KR.MX,2023-05-05,2023-05-30,17,871.0499877929688
KR.MX,2024-10-28,2024-11-19,15,1160.0
KR.MX,2025-10-15,2025-11-04,14,1275.22998046875
KR.MX,2026-04-10,2026-05-04,14,1187.0699462890625
KR.MX,2023-03-13,2023-03-31,13,896.0
KR.MX,2024-11-20,2024-12-09,13,1162.0
KR.MX,2024-01-31,2024-02-19,12,735.7899780273438
KR.MX,2024-08-26,2024-09-11,12,995.0
KR.MX,2024-12-10,2024-12-30,12,1210.0
KR.MX,2025-02-21,2025-03-11,12,1310.0
KR.MX,2025-04-02,2025-04-22,12,1364.0
KR.MX,2025-08-25,2025-09-09,11,1290.0
KR.MX,2026-05-19,2026-06-03,11,1233.0
KR.MX,2026-06-04,2026-06-19,11,1076.75
KR.MX,2024-04-05,2024-04-19,10,942.0
KR.MX,2024-08-09,2024-08-23,10,1013.0
KR.MX,2025-05-23,2025-06-06,10,1330.0
KR.MX,2026-01-08,2026-01-22,10,1090.0
KR.MX,2023-09-01,2023-09-14,9,780.0
KR.MX,2024-07-26,2024-08-08,9,990.0
KR.MX,2025-02-07,2025-02-20,9,1340.0
KR.MX,2025-03-13,2025-03-27,9,1376.0
KR.MX,2026-05-05,2026-05-18,9,1169.0
KR.MX,2023-11-06,2023-11-16,8,780.0
KR.MX,2025-06-09,2025-06-19,8,1320.0
KR.MX,2023-07-17,2023-07-26,7,785.0
KR.MX,2024-04-24,2024-05-06,7,955.0
KR.MX,2025-09-29,2025-10-08,7,1215.0
KR.MX,2025-11-13,2025-11-25,7,1210.6300048828125
KR.MX,2023-04-05,2023-04-17,6,866.0
KR.MX,2023-04-20,2023-04-28,6,858.989990234375
KR.MX,2023-09-20,2023-09-28,6,789.4000244140625
KR.MX,2023-11-22,2023-11-30,6,750.0
KR.MX,2024-01-08,2024-01-16,6,750.0
KR.MX,2024-03-20,2024-04-01,6,946.0
KR.MX,2025-12-24,2026-01-05,6,1126.1099853515625
KR.MX,2023-06-28,2023-07-05,5,801.0
KR.MX,2023-10-10,2023-10-17,5,813.2999877929688
KR.MX,2024-05-07,2024-05-14,5,935.0
KR.MX,2025-01-29,2025-02-06,5,1202.0
KR.MX,2025-11-05,2025-11-12,5,1169.989990234375
KR.MX,2025-12-03,2025-12-10,5,1225.6300048828125
KVUE.MX,2025-01-24,2025-07-08,112,439.0
KVUE.MX,2024-09-03,2025-01-23,96,439.2300109863281
KVUE.MX,2024-01-29,2024-05-17,74,375.0
KVUE.MX,2026-04-21,2026-05-26,23,303.0
KVUE.MX,2024-08-06,2024-09-02,19,397.5
KVUE.MX,2024-07-11,2024-08-05,17,316.80999755859375
KVUE.MX,2024-05-21,2024-06-05,11,330.5400085449219
KVUE.MX,2025-08-08,2025-08-22,10,397.0
KVUE.MX,2025-07-09,2025-07-22,9,390.0
KVUE.MX,2026-03-03,2026-03-17,9,324.0
KVUE.MX,2025-07-23,2025-08-04,8,414.7300109863281
KVUE.MX,2026-03-24,2026-04-06,7,310.0
KVUE.MX,2026-04-09,2026-04-20,7,301.75
KVUE.MX,2025-12-29,2026-01-07,6,310.0
KVUE.MX,2024-06-12,2024-06-19,5,338.4100036621094
KVUE.MX,2024-07-02,2024-07-09,5,331.95001220703125
KVUE.MX,2025-08-28,2025-09-04,5,384.0
KVUE.MX,2026-01-23,2026-01-30,5,309.0
KVUE.MX,2026-06-15,2026-06-22,5,315.0
L.MX,2023-01-02,2024-05-31,354,1270.0
L.MX,2026-02-26,2026-06-01,62,1881.1500244140625
L.MX,2025-05-19,2025-06-24,26,1729.1800537109375
L.MX,2025-07-10,2025-08-08,21,1683.219970703125
L.MX,2025-09-23,2025-10-16,17,1792.4000244140625
L.MX,2025-11-14,2025-12-10,17,1890.0
L.MX,2026-06-05,2026-06-30,17,1836.97998046875
L.MX,2025-02-13,2025-03-06,15,1704.6600341796875
L.MX,2025-04-25,2025-05-16,14,1667.6400146484375
L.MX,2025-12-30,2026-01-19,13,1905.9200439453125
L.MX,2026-02-10,2026-02-25,11,1894.8199462890625
L.MX,2024-10-10,2024-10-24,10,1519.1400146484375
L.MX,2025-06-25,2025-07-09,10,1700.0
L.MX,2025-09-05,2025-09-22,10,1804.780029296875
L.MX,2024-07-05,2024-07-18,9,1331.6800537109375
L.MX,2024-08-09,2024-08-22,9,1471.0
L.MX,2024-12-20,2025-01-06,9,1668.510009765625
L.MX,2025-03-21,2025-04-03,9,1770.47998046875
L.MX,2024-06-07,2024-06-19,8,1395.97998046875
L.MX,2024-07-24,2024-08-05,8,1439.239990234375
L.MX,2024-09-06,2024-09-19,8,1614.2900390625
L.MX,2024-12-06,2024-12-19,8,1744.1800537109375
L.MX,2025-03-07,2025-03-20,8,1734.4100341796875
L.MX,2024-06-20,2024-07-01,7,1407.6500244140625
L.MX,2024-11-07,2024-11-19,7,1627.530029296875
L.MX,2025-01-16,2025-01-27,7,1768.510009765625
L.MX,2025-01-31,2025-02-12,7,1795.1600341796875
L.MX,2025-08-13,2025-08-22,7,1775.1099853515625
L.MX,2024-09-30,2024-10-09,6,1549.949951171875
L.MX,2025-01-07,2025-01-15,6,1684.02001953125
L.MX,2026-01-20,2026-01-28,6,1814.72998046875
L.MX,2024-08-29,2024-09-05,5,1621.27001953125
L.MX,2025-04-10,2025-04-21,5,1758.4200439453125
L.MX,2025-11-04,2025-11-11,5,1841.8699951171875
L.MX,2026-01-29,2026-02-06,5,1793.1500244140625
LDOS.MX,2023-09-11,2024-03-04,119,1613.0
LDOS.MX,2024-03-05,2024-06-17,70,2145.0
LDOS.MX,2025-10-02,2026-01-06,64,3564.4599609375
LDOS.MX,2023-01-03,2023-03-31,61,2006.31005859375
LDOS.MX,2024-08-14,2024-11-07,59,2758.530029296875
LDOS.MX,2025-02-11,2025-05-05,55,2760.0
LDOS.MX,2023-07-13,2023-09-07,40,1532.0
LDOS.MX,2024-06-20,2024-08-13,38,2649.889892578125
LDOS.MX,2023-05-23,2023-07-12,36,1460.0
LDOS.MX,2025-05-06,2025-06-16,29,3039.0
LDOS.MX,2024-12-13,2025-01-22,26,3080.0
LDOS.MX,2025-09-03,2025-10-01,19,3338.989990234375
LDOS.MX,2025-07-09,2025-08-04,18,3245.550048828125
LDOS.MX,2025-08-05,2025-08-27,16,3200.0
LDOS.MX,2023-04-03,2023-04-26,15,1692.699951171875
LDOS.MX,2026-01-23,2026-02-16,15,3295.0
LDOS.MX,2026-03-02,2026-03-24,15,3073.85009765625
LDOS.MX,2026-03-25,2026-04-14,12,2820.56005859375
LDOS.MX,2024-11-21,2024-12-06,11,3398.27001953125
LDOS.MX,2025-01-23,2025-02-10,11,3091.0
LDOS.MX,2026-01-07,2026-01-22,11,3555.0
LDOS.MX,2026-05-29,2026-06-15,11,2250.0
LDOS.MX,2025-06-24,2025-07-08,10,2837.0
LDOS.MX,2026-06-18,2026-06-30,8,1840.6600341796875
LDOS.MX,2023-05-08,2023-05-16,6,1412.25
LDOS.MX,2026-02-19,2026-02-27,6,2983.0
LDOS.MX,2026-04-15,2026-04-24,6,2741.469970703125
LDOS.MX,2023-04-27,2023-05-05,5,1653.9300537109375
LDOS.MX,2026-05-04,2026-05-11,5,2621.389892578125
LECO.MX,2025-06-24,2026-06-30,254,3965.330078125
LECO.MX,2025-01-29,2025-06-23,98,3994.10009765625
LECO.MX,2024-09-06,2025-01-09,83,3524.0
LECO.MX,2024-07-12,2024-09-05,39,3459.77001953125
LECO.MX,2024-06-06,2024-06-27,15,3358.89990234375
LECO.MX,2025-01-10,2025-01-28,12,3750.0
LECO.MX,2024-07-03,2024-07-11,6,3417.0
LEN.MX,2023-08-01,2023-09-05,25,2139.0
LEN.MX,2023-05-12,2023-06-15,24,1985.699951171875
LEN.MX,2024-01-30,2024-03-04,23,2604.5
LEN.MX,2023-02-07,2023-03-09,22,1941.3800048828125
LEN.MX,2023-11-07,2023-12-08,22,2104.0
LEN.MX,2024-04-29,2024-05-30,22,2639.2900390625
LEN.MX,2024-12-13,2025-01-13,19,3210.0
LEN.MX,2023-04-04,2023-04-28,16,1872.0
LEN.MX,2024-04-01,2024-04-23,16,2798.81005859375
LEN.MX,2023-09-15,2023-10-06,15,1950.0
LEN.MX,2025-04-14,2025-05-08,15,2144.6298828125
LEN.MX,2025-10-31,2025-11-21,14,2296.550048828125
LEN.MX,2025-03-24,2025-04-10,13,2340.0
LEN.MX,2025-06-18,2025-07-07,13,1955.3900146484375
LEN.MX,2023-01-02,2023-01-18,12,1804.7900390625
LEN.MX,2023-03-15,2023-04-03,12,1909.0
LEN.MX,2023-07-13,2023-07-31,12,2055.0
LEN.MX,2024-01-11,2024-01-29,12,2610.010009765625
LEN.MX,2025-05-13,2025-05-29,12,2183.0
LEN.MX,2026-06-05,2026-06-23,12,1575.0
LEN.MX,2023-06-27,2023-07-12,11,2100.0
LEN.MX,2025-01-14,2025-01-29,11,2766.97998046875
LEN.MX,2026-01-09,2026-01-23,10,2103.56005859375
LEN.MX,2024-03-13,2024-03-27,9,2767.0
LEN.MX,2024-09-26,2024-10-09,8,3595.699951171875
LEN.MX,2025-06-05,2025-06-17,8,2115.280029296875
LEN.MX,2025-07-22,2025-08-01,8,2203.0
LEN.MX,2023-10-19,2023-10-30,7,1920.0
LEN.MX,2023-12-14,2023-12-26,7,2651.0
LEN.MX,2024-06-05,2024-06-14,7,2779.0
LEN.MX,2024-06-26,2024-07-05,7,2729.0
LEN.MX,2024-08-22,2024-09-02,7,3484.27001953125
LEN.MX,2024-11-13,2024-11-25,7,3426.5
LEN.MX,2026-04-10,2026-04-21,7,1515.0699462890625
LEN.MX,2024-10-15,2024-10-23,6,3610.0
LEN.MX,2024-10-29,2024-11-06,6,3285.0
LEN.MX,2023-05-04,2023-05-11,5,2021.699951171875
LEN.MX,2024-01-02,2024-01-09,5,2500.800048828125
LEN.MX,2024-08-06,2024-08-13,5,3353.0
LEN.MX,2024-09-03,2024-09-10,5,3545.0
LEN.MX,2026-02-26,2026-03-05,5,1921.8599853515625
LH.MX,2026-02-04,2026-06-30,99,4705.14013671875
LH.MX,2024-10-07,2025-02-17,90,4101.0
LH.MX,2023-09-13,2024-01-08,78,3489.780029296875
LH.MX,2024-05-16,2024-07-30,53,3576.530029296875
LH.MX,2024-01-09,2024-03-21,50,3800.0
LH.MX,2023-04-25,2023-06-26,43,3472.141357421875
LH.MX,2025-06-11,2025-08-01,37,4905.72998046875
LH.MX,2024-03-22,2024-05-15,35,3524.010009765625
LH.MX,2025-10-01,2025-11-20,35,5245.60986328125
LH.MX,2023-01-27,2023-03-17,34,3942.558837890625
LH.MX,2024-07-31,2024-09-17,33,3985.0
LH.MX,2025-11-21,2026-01-12,33,4910.0
LH.MX,2025-08-15,2025-09-30,31,5071.759765625
LH.MX,2023-03-21,2023-04-24,22,3441.315673828125
LH.MX,2023-08-01,2023-08-31,22,3590.0
LH.MX,2025-03-28,2025-04-30,21,4703.5
LH.MX,2023-01-03,2023-01-26,17,3908.2587890625
LH.MX,2025-05-09,2025-06-03,17,4860.0
LH.MX,2023-07-05,2023-07-27,16,3559.219970703125
LH.MX,2025-03-04,2025-03-27,16,5336.43994140625
LH.MX,2026-01-13,2026-02-03,14,4509.759765625
LH.MX,2024-09-18,2024-10-04,11,4370.0
LH.MX,2025-02-18,2025-03-03,9,5005.0
LH.MX,2023-09-01,2023-09-12,7,3530.68994140625
LH.MX,2023-06-27,2023-07-04,5,3411.7021484375
LHX.MX,2023-01-02,2023-08-31,168,5217.75
LHX.MX,2025-09-12,2026-03-02,115,5178.0
LHX.MX,2024-08-05,2024-12-10,88,4400.0
LHX.MX,2024-03-20,2024-05-29,47,3376.5
LHX.MX,2024-05-30,2024-08-02,46,3675.110107421875
LHX.MX,2023-10-12,2023-11-28,31,3150.0
LHX.MX,2025-02-24,2025-04-09,31,4070.610107421875
LHX.MX,2024-02-09,2024-03-19,26,3580.0
LHX.MX,2023-09-06,2023-10-09,23,2984.1298828125
LHX.MX,2025-07-31,2025-09-02,23,5188.0
LHX.MX,2024-01-08,2024-02-08,22,3443.0
LHX.MX,2024-12-11,2025-01-15,22,4616.02978515625
LHX.MX,2025-04-25,2025-05-28,22,4000.0
LHX.MX,2025-05-29,2025-06-26,20,4720.0
LHX.MX,2025-06-27,2025-07-24,19,4677.0
LHX.MX,2026-05-27,2026-06-23,19,5389.0
LHX.MX,2023-11-29,2023-12-18,12,3240.0
LHX.MX,2023-12-19,2024-01-05,11,3480.0
LHX.MX,2025-01-27,2025-02-12,11,4617.990234375
LHX.MX,2026-03-19,2026-04-01,9,6486.0
LHX.MX,2025-04-10,2025-04-24,8,4360.0
LHX.MX,2026-03-03,2026-03-13,8,6627.68994140625
LHX.MX,2026-04-09,2026-04-21,8,6320.0
LHX.MX,2026-04-23,2026-05-06,8,5754.22021484375
LHX.MX,2026-05-13,2026-05-25,8,5200.0
LHX.MX,2025-01-16,2025-01-24,6,4547.10009765625
LHX.MX,2025-09-03,2025-09-11,6,5095.06982421875
LII.MX,2023-01-02,2025-05-28,601,6660.77001953125
LII.MX,2025-10-15,2026-06-30,174,9790.0
LII.MX,2025-05-29,2025-10-14,97,11140.599609375
LITE.MX,2023-04-10,2024-03-15,237,960.0
LITE.MX,2024-03-19,2024-11-05,160,774.5999755859375
LITE.MX,2025-05-07,2025-08-06,65,1294.0
LITE.MX,2024-11-06,2025-01-21,50,1424.5
LITE.MX,2025-03-07,2025-05-06,38,1246.0
LITE.MX,2023-02-10,2023-04-05,37,1105.0
LITE.MX,2023-01-02,2023-02-09,27,1084.5799560546875
LITE.MX,2025-01-22,2025-02-21,21,2064.139892578125
LITE.MX,2025-08-13,2025-09-05,17,2359.0
LITE.MX,2025-10-01,2025-10-13,8,3160.0
LITE.MX,2025-02-24,2025-03-05,7,1500.260009765625
LITE.MX,2025-10-15,2025-10-23,6,2890.0
LITE.MX,2025-10-24,2025-11-03,6,3330.0
LITE.MX,2025-09-15,2025-09-23,5,3126.260009765625
LLY.MX,2023-06-20,2023-06-28,6,7773.31982421875
LLY.MX,2023-01-12,2023-01-19,5,6747.75
LMT.MX,2023-07-17,2023-08-22,26,7915.0
LMT.MX,2024-09-05,2024-10-07,20,11330.0
LMT.MX,2023-06-08,2023-06-29,15,8100.0
LMT.MX,2023-04-04,2023-04-26,14,8820.0
LMT.MX,2023-05-18,2023-06-07,14,8340.0
LMT.MX,2023-09-08,2023-09-27,13,7477.06982421875
LMT.MX,2024-06-12,2024-06-28,12,8500.009765625
LMT.MX,2023-08-23,2023-09-07,11,7635.0
LMT.MX,2024-03-01,2024-03-19,11,7243.27001953125
LMT.MX,2024-04-18,2024-05-06,11,7776.7900390625
LMT.MX,2025-04-25,2025-05-12,10,9310.099609375
LMT.MX,2024-05-16,2024-05-29,9,7700.0
LMT.MX,2024-01-17,2024-01-29,8,7800.0
LMT.MX,2024-12-23,2025-01-06,8,9842.0
LMT.MX,2023-07-05,2023-07-14,7,7810.419921875
LMT.MX,2023-12-06,2023-12-18,7,7735.0
LMT.MX,2024-08-26,2024-09-04,7,10700.0
LMT.MX,2025-10-29,2025-11-07,7,8925.0
LMT.MX,2025-12-10,2025-12-22,7,8567.990234375
LMT.MX,2023-01-06,2023-01-16,6,9090.0
LMT.MX,2023-03-23,2023-03-31,6,8678.5498046875
LMT.MX,2024-01-02,2024-01-10,6,7900.0
LMT.MX,2024-03-26,2024-04-05,6,7494.0
LMT.MX,2024-12-11,2024-12-20,6,10142.0
LMT.MX,2023-03-08,2023-03-15,5,8590.0
LMT.MX,2024-01-30,2024-02-07,5,7283.0498046875
LMT.MX,2024-07-11,2024-07-18,5,8220.0
LMT.MX,2024-10-11,2024-10-18,5,11857.490234375
LMT.MX,2025-05-21,2025-05-28,5,9100.0
LMT.MX,2025-12-23,2025-12-31,5,8654.0
LMT.MX,2026-02-20,2026-02-27,5,11257.0
LMT.MX,2026-05-19,2026-05-26,5,9105.0
LNG.MX,2024-04-19,2024-06-19,42,2753.0
LNG.MX,2024-06-26,2024-08-07,30,3131.60009765625
LNG.MX,2023-11-16,2024-01-02,29,2993.139892578125
LNG.MX,2024-12-05,2025-01-10,23,4492.0
LNG.MX,2025-04-01,2025-05-07,23,4677.35009765625
LNG.MX,2024-03-05,2024-04-09,22,2598.1298828125
LNG.MX,2024-09-05,2024-10-08,21,3600.0
LNG.MX,2025-02-28,2025-03-31,20,4503.0
LNG.MX,2023-10-18,2023-11-15,19,3198.080078125
LNG.MX,2025-06-18,2025-07-15,19,4447.0
LNG.MX,2026-06-03,2026-06-30,19,4105.1298828125
LNG.MX,2025-11-18,2025-12-15,18,3917.260009765625
LNG.MX,2024-02-02,2024-02-28,17,2600.0
LNG.MX,2025-05-08,2025-06-02,17,4738.0
LNG.MX,2024-08-13,2024-09-04,16,3460.85009765625
LNG.MX,2023-08-07,2023-08-28,15,2772.0
LNG.MX,2023-06-23,2023-07-13,14,2540.0
LNG.MX,2024-11-13,2024-12-04,14,4352.0
LNG.MX,2025-09-24,2025-10-14,14,4345.6201171875
LNG.MX,2023-09-12,2023-09-29,13,2882.5400390625
LNG.MX,2025-12-16,2026-01-06,13,3384.0
LNG.MX,2023-02-23,2023-03-13,12,2968.85009765625
LNG.MX,2025-01-23,2025-02-11,12,4756.0
LNG.MX,2023-10-02,2023-10-17,11,2887.7099609375
LNG.MX,2024-01-17,2024-02-01,11,2787.0
LNG.MX,2025-02-12,2025-02-27,11,4426.33984375
LNG.MX,2025-08-13,2025-08-28,11,4256.7998046875
LNG.MX,2025-10-24,2025-11-10,11,4042.570068359375
LNG.MX,2023-07-24,2023-08-04,9,2699.6298828125
LNG.MX,2023-08-29,2023-09-11,9,2758.300048828125
LNG.MX,2026-02-04,2026-02-17,9,3450.0
LNG.MX,2023-05-09,2023-05-19,8,2580.0
LNG.MX,2024-01-03,2024-01-15,8,2910.860107421875
LNG.MX,2024-10-17,2024-10-29,8,3644.0
LNG.MX,2025-06-03,2025-06-13,8,4684.5
LNG.MX,2025-08-29,2025-09-10,8,4521.490234375
LNG.MX,2026-04-14,2026-04-27,8,4500.0
LNG.MX,2023-01-18,2023-01-27,7,2849.610107421875
LNG.MX,2023-04-04,2023-04-17,7,2796.389892578125
LNG.MX,2025-01-13,2025-01-22,7,4680.0
LNG.MX,2026-01-08,2026-01-19,7,3568.360107421875
LNG.MX,2026-01-22,2026-02-03,7,3730.0
LNG.MX,2023-03-24,2023-04-03,6,2716.0
LNG.MX,2023-05-30,2023-06-07,6,2454.0
LNG.MX,2024-04-10,2024-04-18,6,2597.429931640625
LNG.MX,2025-07-29,2025-08-06,6,4386.0
LNG.MX,2025-09-11,2025-09-22,6,4405.25
LNG.MX,2023-05-22,2023-05-29,5,2581.699951171875
LNG.MX,2023-06-15,2023-06-22,5,2524.699951171875
LNG.MX,2025-10-16,2025-10-23,5,4150.0
LNG.MX,2026-02-18,2026-02-25,5,3750.0
LOW.MX,2025-01-22,2025-03-06,30,5297.0498046875
LOW.MX,2023-07-17,2023-08-16,22,3856.0
LOW.MX,2023-04-04,2023-04-26,14,3666.110107421875
LOW.MX,2025-06-12,2025-07-01,13,4245.0
LOW.MX,2024-02-28,2024-03-15,12,4077.199951171875
LOW.MX,2025-05-12,2025-05-28,12,4550.5
LOW.MX,2024-01-05,2024-01-22,11,3615.0
LOW.MX,2024-07-31,2024-08-15,11,4330.0
LOW.MX,2025-04-22,2025-05-08,11,4303.259765625
LOW.MX,2024-10-17,2024-10-31,10,5590.0
LOW.MX,2025-12-19,2026-01-06,10,4351.77001953125
LOW.MX,2024-03-19,2024-04-03,9,4110.0
LOW.MX,2025-04-04,2025-04-21,9,4380.0
LOW.MX,2023-09-21,2023-10-03,8,3628.110107421875
LOW.MX,2023-11-29,2023-12-11,8,3345.909912109375
LOW.MX,2024-12-04,2024-12-17,8,5524.169921875
LOW.MX,2025-05-29,2025-06-10,8,4331.2001953125
LOW.MX,2026-02-09,2026-02-19,8,4746.490234375
LOW.MX,2026-06-09,2026-06-19,8,3772.429931640625
LOW.MX,2024-01-29,2024-02-08,7,3625.0
LOW.MX,2024-05-21,2024-05-30,7,3700.0
LOW.MX,2024-07-19,2024-07-30,7,4315.0
LOW.MX,2026-03-06,2026-03-18,7,4451.259765625
LOW.MX,2026-04-09,2026-04-20,7,4320.0
LOW.MX,2023-03-01,2023-03-09,6,3487.610107421875
LOW.MX,2023-03-21,2023-03-29,6,3668.0
LOW.MX,2023-05-05,2023-05-15,6,3635.0
LOW.MX,2023-08-23,2023-08-31,6,3809.110107421875
LOW.MX,2024-09-18,2024-09-26,6,4982.0
LOW.MX,2025-03-07,2025-03-18,6,4907.39013671875
LOW.MX,2023-01-27,2023-02-03,5,3774.0
LOW.MX,2023-11-21,2023-11-28,5,3417.0
LOW.MX,2024-04-08,2024-04-15,5,3959.030029296875
LOW.MX,2024-10-07,2024-10-14,5,5190.0
LOW.MX,2024-11-05,2024-11-12,5,5411.93994140625
LOW.MX,2024-11-13,2024-11-21,5,5600.0
LOW.MX,2025-09-18,2025-09-25,5,4940.0
LOW.MX,2026-01-16,2026-01-23,5,4898.0
LOW.MX,2026-06-22,2026-06-29,5,3734.0
LPLA.MX,2024-08-05,2026-01-30,373,3760.0
LPLA.MX,2023-02-22,2024-08-02,363,4511.2099609375
LPLA.MX,2026-02-12,2026-04-16,42,5830.3701171875
LPLA.MX,2026-05-06,2026-06-30,39,5667.10009765625
LPLA.MX,2023-01-02,2023-02-21,35,4560.0
LPLA.MX,2026-04-17,2026-05-05,10,5280.5
LPLA.MX,2026-02-03,2026-02-11,6,6648.0
LRCX.MX,2023-03-16,2023-06-05,53,970.0
LRCX.MX,2023-02-01,2023-03-01,19,960.0
LRCX.MX,2023-10-18,2023-11-09,15,1171.300048828125
LRCX.MX,2024-03-12,2024-04-05,15,1585.0550537109375
LRCX.MX,2023-12-26,2024-01-16,14,1347.4000244140625
LRCX.MX,2023-01-02,2023-01-19,13,788.0590209960938
LRCX.MX,2023-06-20,2023-07-05,11,1072.5
LRCX.MX,2024-07-25,2024-08-09,11,1663.0
LRCX.MX,2025-05-13,2025-05-28,11,1658.0
LRCX.MX,2023-08-04,2023-08-17,9,1188.5
LRCX.MX,2023-08-29,2023-09-11,9,1116.6070556640625
LRCX.MX,2023-11-16,2023-11-30,9,1208.300048828125
LRCX.MX,2023-07-14,2023-07-26,8,1081.0
LRCX.MX,2024-07-05,2024-07-17,8,1974.759033203125
LRCX.MX,2025-01-06,2025-01-16,8,1590.0
LRCX.MX,2023-03-02,2023-03-13,7,872.0460205078125
LRCX.MX,2023-12-01,2023-12-13,7,1227.510009765625
LRCX.MX,2023-08-18,2023-08-28,6,1116.3780517578125
LRCX.MX,2024-02-12,2024-02-20,6,1569.5
LRCX.MX,2024-04-19,2024-04-29,6,1491.260009765625
LRCX.MX,2024-05-07,2024-05-15,6,1549.0
LRCX.MX,2024-06-06,2024-06-14,6,1726.0
LRCX.MX,2025-01-21,2025-01-29,6,1668.0
LRCX.MX,2025-02-05,2025-02-13,6,1689.0
LRCX.MX,2025-03-14,2025-03-25,6,1566.0
LRCX.MX,2025-07-11,2025-07-21,6,1898.8800048828125
LRCX.MX,2023-07-06,2023-07-13,5,1060.0
LRCX.MX,2023-09-21,2023-09-28,5,1052.7530517578125
LRCX.MX,2023-12-14,2023-12-21,5,1314.0
LRCX.MX,2024-01-31,2024-02-08,5,1419.0
LRCX.MX,2024-02-28,2024-03-06,5,1575.708984375
LRCX.MX,2024-08-29,2024-09-05,5,1588.8470458984375
LRCX.MX,2025-03-26,2025-04-02,5,1530.0
LRCX.MX,2025-04-09,2025-04-16,5,1435.0
LRCX.MX,2025-06-12,2025-06-19,5,1717.0400390625
LRCX.MX,2025-07-22,2025-07-29,5,1842.0
LRCX.MX,2025-08-19,2025-08-26,5,1849.0899658203125
LULU.MX,2023-08-03,2023-08-23,14,6603.0
LULU.MX,2023-05-18,2023-06-01,10,6670.0
LULU.MX,2023-01-17,2023-01-25,6,5950.0
LULU.MX,2023-07-24,2023-08-01,6,6395.0
LULU.MX,2023-02-08,2023-02-15,5,5890.0
LULU.MX,2023-04-12,2023-04-19,5,6590.0
LULU.MX,2023-05-10,2023-05-17,5,6672.0
LULU.MX,2023-10-05,2023-10-12,5,6655.0
LULU.MX,2023-10-24,2023-10-31,5,7312.75
LULU.MX,2023-12-19,2023-12-27,5,8623.0
LULU.MX,2024-01-22,2024-01-29,5,8266.0
LUV.MX,2025-06-16,2025-07-04,14,610.0
LUV.MX,2026-06-04,2026-06-24,14,710.0
LUV.MX,2025-05-14,2025-06-02,13,602.0
LUV.MX,2025-01-27,2025-02-13,12,673.9199829101562
LUV.MX,2026-03-25,2026-04-10,10,718.0
LUV.MX,2026-04-23,2026-05-07,9,660.0
LUV.MX,2026-05-08,2026-05-20,8,707.0
LUV.MX,2025-03-21,2025-03-31,6,697.0
LUV.MX,2025-04-01,2025-04-09,6,652.0
LUV.MX,2025-08-26,2025-09-03,6,622.7999877929688
LUV.MX,2025-02-20,2025-02-27,5,616.0
LUV.MX,2025-04-29,2025-05-07,5,534.0
LUV.MX,2025-08-07,2025-08-14,5,558.0
LUV.MX,2025-09-25,2025-10-02,5,589.760009765625
LUV.MX,2025-12-01,2025-12-08,5,636.0
LUV.MX,2025-12-26,2026-01-05,5,744.0
LUV.MX,2026-03-13,2026-03-23,5,690.0
LVS.MX,2026-02-18,2026-04-01,29,1012.0
LVS.MX,2024-12-13,2025-01-09,17,1075.0
LVS.MX,2025-12-09,2025-12-29,12,1210.0
LVS.MX,2025-07-10,2025-07-23,9,936.530029296875
LVS.MX,2025-09-05,2025-09-18,8,1007.0
LVS.MX,2025-06-11,2025-06-19,6,788.0
LVS.MX,2025-08-13,2025-08-21,6,1008.0
LVS.MX,2025-10-24,2025-11-03,6,1070.0
LVS.MX,2026-02-09,2026-02-17,6,994.8699951171875
LVS.MX,2024-05-07,2024-05-14,5,792.030029296875
LVS.MX,2024-05-20,2024-05-27,5,776.0
LVS.MX,2024-11-06,2024-11-13,5,1015.739990234375
LVS.MX,2025-04-11,2025-04-22,5,643.0
LVS.MX,2025-05-15,2025-05-22,5,823.0
LVS.MX,2025-09-19,2025-09-26,5,985.0
LVS.MX,2025-12-30,2026-01-07,5,1170.0
LVS.MX,2026-01-20,2026-01-27,5,1026.0
LYV.MX,2024-08-01,2025-01-21,117,1753.9300537109375
LYV.MX,2026-02-03,2026-06-30,100,2395.0
LYV.MX,2025-06-24,2025-10-08,75,2852.0
LYV.MX,2023-06-23,2023-09-04,51,1518.3900146484375
LYV.MX,2023-05-02,2023-06-22,37,1219.0
LYV.MX,2024-06-06,2024-07-26,36,1647.0
LYV.MX,2023-03-02,2023-04-20,32,1285.0
LYV.MX,2024-03-08,2024-04-25,31,1661.0899658203125
LYV.MX,2023-12-05,2024-01-10,23,1490.0
LYV.MX,2023-10-31,2023-12-04,22,1391.7900390625
LYV.MX,2024-05-06,2024-06-05,22,1609.0
LYV.MX,2024-02-09,2024-03-07,19,1538.0
LYV.MX,2025-02-13,2025-03-12,19,3111.2900390625
LYV.MX,2025-04-10,2025-05-09,18,2639.47998046875
LYV.MX,2023-01-02,2023-01-25,17,1404.22998046875
LYV.MX,2023-09-27,2023-10-20,17,1389.6800537109375
LYV.MX,2025-10-09,2025-10-31,16,2812.56005859375
LYV.MX,2023-09-05,2023-09-26,15,1435.0
LYV.MX,2025-12-18,2026-01-12,15,2516.0
LYV.MX,2023-02-07,2023-02-24,13,1507.0
LYV.MX,2025-05-29,2025-06-16,12,2648.679931640625
LYV.MX,2025-01-27,2025-02-12,11,2838.47998046875
LYV.MX,2025-11-03,2025-11-14,9,2738.97998046875
LYV.MX,2024-01-18,2024-01-30,8,1561.969970703125
LYV.MX,2025-11-18,2025-11-28,8,2430.0
LYV.MX,2025-03-27,2025-04-07,7,2612.0
LYV.MX,2026-01-13,2026-01-22,7,2665.530029296875
LYV.MX,2023-01-26,2023-02-03,6,1459.1099853515625
LYV.MX,2025-05-12,2025-05-20,6,2736.389892578125
LYV.MX,2023-04-21,2023-04-28,5,1204.43994140625
LYV.MX,2023-10-23,2023-10-30,5,1457.8299560546875
LYV.MX,2024-01-31,2024-02-08,5,1537.989990234375
LYV.MX,2025-05-21,2025-05-28,5,2873.0
MAR.MX,2023-04-21,2023-07-04,51,3136.0
MAR.MX,2024-10-15,2024-12-24,48,5126.25
MAR.MX,2024-02-27,2024-04-24,38,4232.2001953125
MAR.MX,2023-09-13,2023-11-01,35,3451.0
MAR.MX,2023-02-27,2023-04-18,33,3130.110107421875
MAR.MX,2025-10-24,2025-12-11,33,5006.0
MAR.MX,2024-04-25,2024-06-07,30,4158.89990234375
MAR.MX,2023-11-03,2023-12-18,29,3280.5
MAR.MX,2025-05-28,2025-07-07,28,5290.0
MAR.MX,2024-06-10,2024-07-10,22,4256.60986328125
MAR.MX,2023-07-05,2023-08-03,21,3103.949951171875
MAR.MX,2023-08-10,2023-09-08,21,3545.239990234375
MAR.MX,2025-04-25,2025-05-27,21,4566.0
MAR.MX,2025-09-08,2025-10-07,20,4975.0
MAR.MX,2026-01-12,2026-02-09,19,5798.5
MAR.MX,2024-01-23,2024-02-19,18,4100.8798828125
MAR.MX,2024-09-09,2024-10-03,16,4546.9599609375
MAR.MX,2026-03-13,2026-04-09,16,5650.5
MAR.MX,2025-08-15,2025-09-05,15,4978.43994140625
MAR.MX,2024-07-31,2024-08-20,14,4227.89990234375
MAR.MX,2024-08-21,2024-09-06,12,4200.0
MAR.MX,2025-02-04,2025-02-20,12,5933.0
MAR.MX,2023-01-02,2023-01-17,11,3112.110107421875
MAR.MX,2024-07-15,2024-07-30,11,4388.75
MAR.MX,2025-01-06,2025-01-21,11,5537.2001953125
MAR.MX,2024-01-09,2024-01-22,9,3848.2900390625
MAR.MX,2025-07-15,2025-07-25,8,5180.0
MAR.MX,2025-10-08,2025-10-20,8,4915.0
MAR.MX,2025-12-22,2026-01-05,8,5675.0
MAR.MX,2026-05-07,2026-05-19,8,6088.0
MAR.MX,2026-06-10,2026-06-22,8,6720.0
MAR.MX,2026-02-10,2026-02-19,7,6100.0
MAR.MX,2026-04-23,2026-05-05,7,6528.02978515625
MAR.MX,2025-01-23,2025-01-31,6,5769.0
MAR.MX,2025-03-10,2025-03-19,6,5256.52978515625
MAR.MX,2023-01-23,2023-01-30,5,3186.93994140625
MAR.MX,2023-02-09,2023-02-16,5,3294.340087890625
MAR.MX,2024-10-07,2024-10-14,5,4910.02001953125
MAR.MX,2024-12-26,2025-01-03,5,5791.02978515625
MAR.MX,2025-03-27,2025-04-03,5,4982.39990234375
MAR.MX,2025-08-07,2025-08-14,5,4842.7998046875
MCD.MX,2023-11-09,2023-11-27,11,4710.0
MCD.MX,2023-03-22,2023-04-03,8,5007.14013671875
MCD.MX,2023-07-05,2023-07-14,7,5050.68017578125
MCD.MX,2023-01-06,2023-01-16,6,5077.0
MCD.MX,2023-05-08,2023-05-16,6,5280.0
MCD.MX,2023-09-13,2023-09-21,6,4827.72021484375
MCD.MX,2023-03-01,2023-03-08,5,4785.0
MCD.MX,2023-04-27,2023-05-05,5,5316.2001953125
MCD.MX,2025-05-30,2025-06-06,5,6110.2998046875
MCHP.MX,2023-10-04,2024-03-05,103,1374.0
MCHP.MX,2023-03-23,2023-06-29,67,1527.4599609375
MCHP.MX,2024-05-31,2024-08-28,63,1610.0
MCHP.MX,2023-07-12,2023-10-03,59,1539.7900390625
MCHP.MX,2023-01-02,2023-02-20,34,1491.43994140625
MCHP.MX,2024-03-06,2024-04-24,32,1480.0
MCHP.MX,2024-09-27,2024-10-28,20,1600.0
MCHP.MX,2026-03-09,2026-04-07,18,1100.0
MCHP.MX,2023-02-24,2023-03-22,17,1467.0
MCHP.MX,2024-11-12,2024-12-05,16,1392.0
MCHP.MX,2025-04-11,2025-05-07,15,778.77001953125
MCHP.MX,2024-05-10,2024-05-30,14,1542.0
MCHP.MX,2024-12-16,2025-01-06,13,1185.0
MCHP.MX,2024-09-04,2024-09-23,12,1539.43994140625
MCHP.MX,2025-01-07,2025-01-23,12,1190.0
MCHP.MX,2025-12-17,2026-01-05,11,1155.0
MCHP.MX,2026-02-18,2026-03-05,11,1355.030029296875
MCHP.MX,2024-04-25,2024-05-09,9,1574.3800048828125
MCHP.MX,2025-03-28,2025-04-10,9,1005.0
MCHP.MX,2025-08-22,2025-09-04,9,1297.0
MCHP.MX,2025-10-20,2025-10-31,9,1237.050048828125
MCHP.MX,2025-03-14,2025-03-27,8,1050.0
MCHP.MX,2025-06-12,2025-06-24,8,1320.0
MCHP.MX,2025-01-24,2025-02-05,7,1152.27001953125
MCHP.MX,2025-07-11,2025-07-22,7,1393.0
MCHP.MX,2025-05-13,2025-05-21,6,1216.9200439453125
MCHP.MX,2025-05-23,2025-06-02,6,1070.0
MCHP.MX,2025-12-05,2025-12-16,6,1214.219970703125
MCHP.MX,2026-04-08,2026-04-16,6,1238.0
MCHP.MX,2026-06-17,2026-06-25,6,1646.239990234375
MCHP.MX,2025-09-23,2025-09-30,5,1200.0
MCHP.MX,2025-10-10,2025-10-17,5,1205.0
MCHP.MX,2026-06-09,2026-06-16,5,1600.0
MCK.MX,2024-12-09,2025-04-08,81,11995.6796875
MCK.MX,2023-11-22,2024-02-02,49,7831.0
MCK.MX,2025-05-29,2025-07-28,42,13740.0
MCK.MX,2023-10-02,2023-11-21,34,7688.4501953125
MCK.MX,2024-05-16,2024-07-01,32,9261.2998046875
MCK.MX,2024-04-01,2024-05-15,31,8870.6298828125
MCK.MX,2025-09-23,2025-11-04,30,13652.76953125
MCK.MX,2023-03-14,2023-04-27,29,6230.0
MCK.MX,2024-07-31,2024-09-10,29,11470.0
MCK.MX,2024-10-28,2024-12-06,28,10192.0
MCK.MX,2023-08-08,2023-09-12,25,7310.25
MCK.MX,2026-05-28,2026-06-24,19,13080.0
MCK.MX,2024-02-29,2024-03-27,18,8871.41015625
MCK.MX,2025-04-09,2025-05-08,18,13755.0
MCK.MX,2024-02-06,2024-02-28,16,8649.599609375
MCK.MX,2025-11-14,2025-12-09,16,15650.0
MCK.MX,2025-08-29,2025-09-22,15,12708.0595703125
MCK.MX,2025-12-10,2026-01-02,14,14544.58984375
MCK.MX,2026-01-06,2026-01-23,13,14856.6201171875
MCK.MX,2026-01-27,2026-02-16,13,14650.0
MCK.MX,2023-09-13,2023-09-29,12,7234.0498046875
MCK.MX,2024-07-12,2024-07-30,12,10195.0
MCK.MX,2024-10-02,2024-10-17,11,9489.5302734375
MCK.MX,2023-02-07,2023-02-21,10,6814.0
MCK.MX,2023-07-24,2023-08-07,10,6941.0
MCK.MX,2023-04-28,2023-05-11,8,6543.0
MCK.MX,2025-05-16,2025-05-28,8,13954.0
MCK.MX,2026-02-17,2026-02-27,8,16220.0
MCK.MX,2026-03-03,2026-03-13,8,17500.0
MCK.MX,2026-04-20,2026-05-04,8,15060.0
MCK.MX,2023-05-22,2023-05-31,7,7058.58984375
MCK.MX,2023-06-01,2023-06-12,7,6864.91015625
MCK.MX,2024-09-18,2024-09-27,7,9775.8896484375
MCK.MX,2026-03-23,2026-04-01,7,15650.900390625
MCK.MX,2023-02-22,2023-03-02,6,6620.0
MCK.MX,2023-07-05,2023-07-13,6,7128.27001953125
MCK.MX,2025-07-29,2025-08-06,6,13341.1103515625
MCK.MX,2026-05-19,2026-05-27,6,13450.0
MCK.MX,2023-01-09,2023-01-16,5,7416.5400390625
MCK.MX,2023-05-12,2023-05-19,5,6852.9501953125
MCK.MX,2023-06-27,2023-07-04,5,7050.02978515625
MCK.MX,2025-11-05,2025-11-12,5,15725.349609375
MCO.MX,2024-02-28,2024-05-10,48,6475.5498046875
MCO.MX,2026-03-11,2026-05-04,33,7852.81982421875
MCO.MX,2023-09-01,2023-10-09,26,5780.740234375
MCO.MX,2025-12-05,2026-01-15,26,9031.6904296875
MCO.MX,2024-12-19,2025-01-24,24,9398.1796875
MCO.MX,2025-05-16,2025-06-19,24,9500.0
MCO.MX,2025-06-20,2025-07-24,24,8965.0
MCO.MX,2024-11-07,2024-12-11,23,9241.8203125
MCO.MX,2024-09-24,2024-10-25,22,9190.6796875
MCO.MX,2025-03-05,2025-04-03,20,9898.669921875
MCO.MX,2025-10-17,2025-11-13,19,8606.099609375
MCO.MX,2024-07-02,2024-07-26,18,7660.0
MCO.MX,2025-09-23,2025-10-16,17,8800.0
MCO.MX,2026-01-16,2026-02-11,17,9541.91015625
MCO.MX,2023-04-27,2023-05-22,16,5523.2998046875
MCO.MX,2023-10-10,2023-11-01,16,5890.0
MCO.MX,2024-07-30,2024-08-21,16,8502.2998046875
MCO.MX,2025-04-10,2025-05-07,16,8630.099609375
MCO.MX,2023-12-27,2024-01-16,13,6579.2001953125
MCO.MX,2023-11-27,2023-12-14,12,6218.8798828125
MCO.MX,2024-08-29,2024-09-17,12,9661.5400390625
MCO.MX,2025-02-13,2025-03-03,12,10713.009765625
MCO.MX,2026-02-23,2026-03-10,11,7615.0
MCO.MX,2025-08-29,2025-09-11,9,9480.1103515625
MCO.MX,2023-01-02,2023-01-12,8,5683.2001953125
MCO.MX,2023-08-21,2023-08-31,8,5450.0
MCO.MX,2023-11-06,2023-11-16,8,5838.85009765625
MCO.MX,2025-07-29,2025-08-08,8,9587.5400390625
MCO.MX,2025-08-14,2025-08-26,8,9782.1103515625
MCO.MX,2023-05-26,2023-06-06,7,5520.0
MCO.MX,2024-01-18,2024-01-29,7,6557.2998046875
MCO.MX,2024-02-13,2024-02-22,7,6315.0
MCO.MX,2023-06-21,2023-06-29,6,5603.85009765625
MCO.MX,2023-08-07,2023-08-15,6,5691.60009765625
MCO.MX,2025-01-31,2025-02-11,6,10270.0
MCO.MX,2025-11-26,2025-12-04,6,8960.1201171875
MCO.MX,2026-05-14,2026-05-22,6,7480.35986328125
MCO.MX,2023-01-20,2023-01-27,5,6063.0
MCO.MX,2023-06-07,2023-06-14,5,5588.47021484375
MCO.MX,2023-07-12,2023-07-19,5,5848.169921875
MCO.MX,2024-05-21,2024-05-28,5,6886.740234375
MCO.MX,2024-06-24,2024-07-01,5,7673.25
MCO.MX,2025-05-08,2025-05-15,5,9100.0
MCO.MX,2025-09-12,2025-09-22,5,9501.099609375
MDB.MX,2023-03-31,2023-05-29,38,4170.0
MDB.MX,2023-12-13,2024-02-07,37,7065.0
MDB.MX,2024-08-22,2024-10-15,36,4810.0
MDB.MX,2023-08-08,2023-09-26,35,6402.0
MDB.MX,2023-01-02,2023-02-15,31,3666.9599609375
MDB.MX,2024-04-12,2024-05-13,20,5861.0
MDB.MX,2023-07-07,2023-08-01,17,6711.64990234375
MDB.MX,2023-03-07,2023-03-30,16,4030.0
MDB.MX,2023-10-12,2023-11-06,16,6559.10986328125
MDB.MX,2024-07-30,2024-08-20,15,4603.0
MDB.MX,2024-02-08,2024-02-27,13,8030.0
MDB.MX,2024-10-22,2024-11-06,11,5500.0
MDB.MX,2023-09-27,2023-10-11,10,5827.35986328125
MDB.MX,2025-04-14,2025-04-30,10,3211.429931640625
MDB.MX,2025-05-02,2025-05-16,10,3371.590087890625
MDB.MX,2025-12-16,2025-12-31,10,7560.0
MDB.MX,2023-02-16,2023-03-01,9,4233.0
MDB.MX,2024-07-15,2024-07-26,9,4400.0
MDB.MX,2026-02-04,2026-02-17,9,5834.9599609375
MDB.MX,2023-11-10,2023-11-23,8,6655.1298828125
MDB.MX,2024-12-17,2024-12-30,8,5375.0
MDB.MX,2024-11-22,2024-12-03,7,6850.0
MDB.MX,2025-10-06,2025-10-15,7,5895.0
MDB.MX,2023-06-14,2023-06-22,6,6428.43994140625
MDB.MX,2023-06-28,2023-07-06,6,7044.10986328125
MDB.MX,2024-05-31,2024-06-10,6,3900.110107421875
MDB.MX,2025-11-07,2025-11-18,6,6658.7998046875
MDB.MX,2025-11-21,2025-12-01,6,5966.0
MDB.MX,2026-01-22,2026-01-30,6,6925.0
MDB.MX,2023-11-24,2023-12-01,5,6958.0
MDB.MX,2024-05-16,2024-05-23,5,6221.10986328125
MDB.MX,2025-05-19,2025-05-26,5,3672.2099609375
MDB.MX,2025-09-05,2025-09-12,5,6091.02978515625
MDB.MX,2026-03-17,2026-03-24,5,4844.0
MDLZ.MX,2023-12-28,2024-01-24,18,1222.5
MDLZ.MX,2023-09-05,2023-09-28,17,1212.0
MDLZ.MX,2023-11-16,2023-12-11,16,1222.0
MDLZ.MX,2025-06-20,2025-07-14,16,1316.0
MDLZ.MX,2023-10-10,2023-10-31,15,1140.25
MDLZ.MX,2025-04-24,2025-05-16,15,1277.0
MDLZ.MX,2025-07-15,2025-08-01,13,1258.1800537109375
MDLZ.MX,2023-04-05,2023-04-24,11,1295.4300537109375
MDLZ.MX,2023-05-15,2023-05-30,11,1364.0
MDLZ.MX,2023-08-03,2023-08-17,10,1311.8299560546875
MDLZ.MX,2024-05-17,2024-05-31,10,1190.0
MDLZ.MX,2024-04-01,2024-04-12,9,1164.1099853515625
MDLZ.MX,2024-09-19,2024-10-03,9,1451.0
MDLZ.MX,2026-03-30,2026-04-14,9,1056.0
MDLZ.MX,2023-02-03,2023-02-16,8,1242.0
MDLZ.MX,2023-03-07,2023-03-17,8,1178.43994140625
MDLZ.MX,2023-06-22,2023-07-04,8,1260.5
MDLZ.MX,2023-11-03,2023-11-14,7,1202.300048828125
MDLZ.MX,2024-06-21,2024-07-02,7,1206.9000244140625
MDLZ.MX,2024-08-08,2024-08-19,7,1320.010009765625
MDLZ.MX,2024-11-21,2024-12-02,7,1320.8199462890625
MDLZ.MX,2023-02-24,2023-03-06,6,1200.0
MDLZ.MX,2023-08-18,2023-08-28,6,1208.760009765625
MDLZ.MX,2024-05-02,2024-05-10,6,1206.18994140625
MDLZ.MX,2024-06-03,2024-06-11,6,1180.300048828125
MDLZ.MX,2024-06-12,2024-06-20,6,1265.7900390625
MDLZ.MX,2024-07-19,2024-07-29,6,1192.9000244140625
MDLZ.MX,2024-10-09,2024-10-17,6,1382.3900146484375
MDLZ.MX,2024-10-23,2024-10-31,6,1417.0
MDLZ.MX,2025-09-17,2025-09-25,6,1160.0
MDLZ.MX,2023-03-28,2023-04-04,5,1275.0
MDLZ.MX,2023-05-31,2023-06-07,5,1281.0
MDLZ.MX,2023-10-02,2023-10-09,5,1208.5
MDLZ.MX,2023-12-18,2023-12-26,5,1230.0
MDLZ.MX,2024-02-27,2024-03-05,5,1255.0
MDLZ.MX,2024-03-13,2024-03-21,5,1190.0
MDLZ.MX,2024-04-16,2024-04-23,5,1119.6099853515625
MDLZ.MX,2025-05-30,2025-06-06,5,1315.800048828125
MDLZ.MX,2025-10-09,2025-10-16,5,1130.010009765625
MDLZ.MX,2026-03-17,2026-03-24,5,1040.0
MDLZ.MX,2026-05-28,2026-06-04,5,1074.0
MEDP.MX,2025-06-25,2026-04-23,206,5880.0
MEDP.MX,2023-12-05,2024-04-12,86,4829.72021484375
MEDP.MX,2024-11-08,2025-02-11,62,7176.0
MEDP.MX,2024-04-15,2024-07-09,60,6565.0
MEDP.MX,2023-01-27,2023-04-25,58,4250.0
MEDP.MX,2023-07-14,2023-09-21,49,4094.0
MEDP.MX,2023-09-22,2023-12-04,49,4158.0
MEDP.MX,2024-08-30,2024-11-07,47,6890.0
MEDP.MX,2026-04-24,2026-06-30,46,7022.02978515625
MEDP.MX,2023-05-11,2023-07-13,45,3658.590087890625
MEDP.MX,2024-07-11,2024-08-29,35,7655.0
MEDP.MX,2025-02-12,2025-04-03,35,6759.7001953125
MEDP.MX,2025-04-07,2025-05-20,28,5869.75
MEDP.MX,2023-01-02,2023-01-26,18,4168.0
MEDP.MX,2025-06-06,2025-06-24,12,5764.0
MEDP.MX,2025-05-21,2025-06-05,11,5900.0
MEDP.MX,2023-04-26,2023-05-10,9,3780.0
MET.MX,2023-08-16,2023-09-11,18,1060.0
MET.MX,2025-07-30,2025-08-25,18,1436.0
MET.MX,2026-05-04,2026-05-28,18,1381.4000244140625
MET.MX,2023-01-05,2023-01-25,14,1406.3599853515625
MET.MX,2024-07-30,2024-08-19,14,1425.0
MET.MX,2026-03-24,2026-04-14,13,1240.0
MET.MX,2025-03-20,2025-04-07,12,1687.5799560546875
MET.MX,2025-09-05,2025-09-24,12,1465.9000244140625
MET.MX,2025-12-03,2025-12-22,12,1413.800048828125
MET.MX,2023-05-22,2023-06-06,11,940.0
MET.MX,2025-06-09,2025-06-24,11,1500.0
MET.MX,2025-11-12,2025-11-28,11,1470.0400390625
MET.MX,2026-02-26,2026-03-13,11,1288.68994140625
MET.MX,2023-05-05,2023-05-19,10,979.0
MET.MX,2026-01-14,2026-01-28,10,1392.6700439453125
MET.MX,2026-04-15,2026-04-30,10,1333.6800537109375
MET.MX,2023-03-02,2023-03-15,9,1247.6500244140625
MET.MX,2024-09-12,2024-09-26,9,1462.800048828125
MET.MX,2024-12-31,2025-01-14,9,1695.0
MET.MX,2025-10-16,2025-10-29,9,1440.5
MET.MX,2023-02-10,2023-02-22,8,1320.0
MET.MX,2023-06-08,2023-06-20,8,937.3599853515625
MET.MX,2024-06-12,2024-06-24,8,1301.8599853515625
MET.MX,2024-10-09,2024-10-21,8,1637.25
MET.MX,2025-01-16,2025-01-28,8,1697.0
MET.MX,2025-02-06,2025-02-18,8,1715.969970703125
MET.MX,2025-04-24,2025-05-07,8,1460.8499755859375
MET.MX,2025-07-16,2025-07-28,8,1417.6500244140625
MET.MX,2025-10-03,2025-10-15,8,1383.06005859375
MET.MX,2024-05-17,2024-05-28,7,1228.0
MET.MX,2023-03-24,2023-04-03,6,987.0399780273438
MET.MX,2023-04-25,2023-05-04,6,1069.0
MET.MX,2024-02-27,2024-03-06,6,1181.1500244140625
MET.MX,2025-04-11,2025-04-23,6,1530.5
MET.MX,2025-05-20,2025-05-28,6,1611.8499755859375
MET.MX,2024-09-04,2024-09-11,5,1537.199951171875
MET.MX,2024-10-22,2024-10-29,5,1654.5899658203125
MET.MX,2024-12-09,2024-12-17,5,1664.260009765625
MET.MX,2024-12-18,2024-12-26,5,1599.18994140625
MET.MX,2025-02-20,2025-02-27,5,1684.0799560546875
MET.MX,2025-02-28,2025-03-07,5,1686.25
MET.MX,2025-05-30,2025-06-06,5,1523.0
MET.MX,2026-02-10,2026-02-17,5,1416.2099609375
MET.MX,2026-02-18,2026-02-25,5,1433.5
MET.MX,2026-06-16,2026-06-23,5,1500.3399658203125
MGM.MX,2026-05-11,2026-05-26,11,646.0
MGM.MX,2023-04-11,2023-04-21,8,770.02001953125
MGM.MX,2023-05-09,2023-05-19,8,763.97998046875
MGM.MX,2026-03-17,2026-03-27,8,664.0
MGM.MX,2023-01-09,2023-01-18,7,721.0
MGM.MX,2023-03-03,2023-03-14,7,837.0
MGM.MX,2026-01-08,2026-01-19,7,621.6099853515625
MGM.MX,2026-01-20,2026-01-29,7,599.0
MGM.MX,2025-04-10,2025-04-22,6,595.0
MGM.MX,2026-04-29,2026-05-08,6,699.0
MGM.MX,2023-06-27,2023-07-04,5,710.010009765625
MGM.MX,2023-08-29,2023-09-05,5,730.0
MGM.MX,2024-01-16,2024-01-23,5,720.0
MGM.MX,2024-12-06,2024-12-16,5,745.2999877929688
MGM.MX,2025-12-16,2025-12-23,5,662.0
MGM.MX,2026-06-15,2026-06-22,5,855.780029296875
MKC.MX,2023-10-10,2024-09-25,240,1166.0
MKC.MX,2023-01-02,2023-10-09,195,1814.0
MKC.MX,2024-09-26,2025-05-26,162,1628.0
MKC.MX,2025-10-08,2026-01-21,71,1207.4000244140625
MKC.MX,2025-06-26,2025-08-21,40,1456.0
MKC.MX,2025-05-27,2025-06-25,21,1363.0
MKC.MX,2026-02-11,2026-03-10,19,1208.9200439453125
MKC.MX,2025-08-29,2025-09-17,12,1300.0
MKC.MX,2025-09-18,2025-10-06,12,1223.0
MKC.MX,2026-01-22,2026-02-10,12,1062.0
MKC.MX,2026-05-21,2026-06-01,7,812.0
MKL.MX,2023-04-18,2023-11-06,142,25500.0
MKL.MX,2024-10-24,2025-05-12,133,31400.0
MKL.MX,2023-01-02,2023-04-17,71,24919.419921875
MKL.MX,2024-06-21,2024-10-02,71,28330.0
MKL.MX,2024-03-21,2024-06-20,62,25470.0
MKL.MX,2023-11-07,2024-01-24,52,23404.83984375
MKL.MX,2025-07-24,2025-10-03,50,37250.0
MKL.MX,2025-05-13,2025-07-21,49,37600.0
MKL.MX,2026-02-06,2026-04-06,38,36950.0
MKL.MX,2024-01-25,2024-03-20,37,25310.0
MKL.MX,2025-12-11,2026-02-05,36,38729.21875
MKL.MX,2025-10-07,2025-11-20,31,36080.0
MKL.MX,2026-05-26,2026-06-30,25,32270.0
MKL.MX,2026-04-10,2026-05-13,21,31994.0
MKL.MX,2024-10-03,2024-10-22,13,30370.419921875
MKL.MX,2025-11-21,2025-12-09,12,38041.0
MKL.MX,2026-05-14,2026-05-21,5,31684.099609375
MKSI.MX,2023-07-07,2024-01-29,141,1813.9000244140625
MKSI.MX,2025-05-30,2025-12-03,131,1605.0
MKSI.MX,2023-03-02,2023-07-06,86,1680.7099609375
MKSI.MX,2024-10-03,2025-01-23,76,2014.5899658203125
MKSI.MX,2024-01-30,2024-05-15,71,1896.0
MKSI.MX,2024-05-29,2024-08-20,59,2133.7900390625
MKSI.MX,2023-01-02,2023-03-01,41,1576.68994140625
MKSI.MX,2026-05-06,2026-06-30,39,5030.0
MKSI.MX,2025-03-13,2025-05-07,35,1597.5
MKSI.MX,2024-08-21,2024-09-30,27,2341.27001953125
MKSI.MX,2025-02-13,2025-03-12,19,2285.0
MKSI.MX,2025-05-08,2025-05-29,15,1520.0
MKSI.MX,2026-01-23,2026-02-16,15,3736.5
MKSI.MX,2026-01-05,2026-01-22,13,3105.0
MKSI.MX,2026-03-18,2026-04-08,13,4112.0
MKSI.MX,2025-01-24,2025-02-12,12,2380.0
MKSI.MX,2026-04-15,2026-05-05,12,4550.0
MKSI.MX,2025-12-05,2025-12-23,11,2970.0
MKSI.MX,2026-02-18,2026-03-05,11,4250.0
MKSI.MX,2024-05-16,2024-05-28,8,2148.090087890625
MKSI.MX,2025-12-24,2026-01-02,5,2910.0
MLI.MX,2026-02-23,2026-04-23,39,2031.0999755859375
MLI.MX,2026-04-24,2026-06-19,39,2350.0
MLI.MX,2025-11-03,2025-12-15,28,1986.0
MLI.MX,2026-01-09,2026-02-09,20,2216.31005859375
MLI.MX,2025-12-16,2026-01-08,15,2070.0
MLI.MX,2026-02-10,2026-02-20,8,2043.8199462890625
MLI.MX,2026-06-22,2026-06-30,6,1175.0
MLM.MX,2026-02-12,2026-04-28,49,11378.76953125
MLM.MX,2023-03-15,2023-05-04,32,6160.990234375
MLM.MX,2023-06-21,2023-07-31,28,7395.0
MLM.MX,2023-05-12,2023-06-20,27,7017.89990234375
MLM.MX,2025-09-18,2025-10-23,25,11335.7099609375
MLM.MX,2025-05-29,2025-07-01,23,10594.919921875
MLM.MX,2026-04-29,2026-06-01,22,10795.6201171875
MLM.MX,2024-05-07,2024-06-05,21,10105.08984375
MLM.MX,2025-07-10,2025-08-08,21,10545.669921875
MLM.MX,2023-02-01,2023-03-02,20,6762.06005859375
MLM.MX,2023-01-02,2023-01-26,18,6777.0498046875
MLM.MX,2023-08-18,2023-09-11,16,7317.10986328125
MLM.MX,2024-03-07,2024-04-03,16,10236.849609375
MLM.MX,2025-04-25,2025-05-19,15,9875.419921875
MLM.MX,2024-12-13,2025-01-06,14,11148.5703125
MLM.MX,2023-09-14,2023-10-03,13,7366.0498046875
MLM.MX,2023-12-01,2023-12-21,13,7947.2998046875
MLM.MX,2024-09-06,2024-09-26,13,10190.7900390625
MLM.MX,2025-12-23,2026-01-13,13,11208.650390625
MLM.MX,2026-01-14,2026-01-30,12,11463.400390625
MLM.MX,2024-02-12,2024-02-27,11,9205.0
MLM.MX,2024-07-31,2024-08-15,11,11153.3896484375
MLM.MX,2023-11-15,2023-11-30,10,7790.2998046875
MLM.MX,2023-12-22,2024-01-09,10,8282.0498046875
MLM.MX,2025-02-13,2025-02-27,10,10712.419921875
MLM.MX,2025-08-26,2025-09-09,10,11304.740234375
MLM.MX,2025-12-05,2025-12-22,10,11327.490234375
MLM.MX,2026-06-02,2026-06-16,10,9971.75
MLM.MX,2023-08-04,2023-08-17,9,7853.0
MLM.MX,2023-10-24,2023-11-07,9,7481.0
MLM.MX,2025-03-26,2025-04-07,8,9808.419921875
MLM.MX,2025-08-11,2025-08-21,8,11200.8095703125
MLM.MX,2023-03-03,2023-03-14,7,6571.10009765625
MLM.MX,2024-10-10,2024-10-21,7,10363.3896484375
MLM.MX,2025-01-16,2025-01-27,7,10975.490234375
MLM.MX,2025-04-11,2025-04-24,7,9831.0
MLM.MX,2024-04-08,2024-04-16,6,10209.8603515625
MLM.MX,2024-04-19,2024-04-29,6,9849.099609375
MLM.MX,2024-07-10,2024-07-18,6,9721.25
MLM.MX,2025-01-07,2025-01-15,6,10445.5302734375
MLM.MX,2025-02-04,2025-02-12,6,11008.83984375
MLM.MX,2025-11-04,2025-11-12,6,11467.599609375
MLM.MX,2026-02-03,2026-02-11,6,11444.3896484375
MLM.MX,2024-01-31,2024-02-08,5,8660.5498046875
MLM.MX,2024-02-28,2024-03-06,5,9508.7001953125
MLM.MX,2024-06-12,2024-06-19,5,10509.6796875
MLM.MX,2025-10-27,2025-11-03,5,11468.3896484375
MLM.MX,2026-06-23,2026-06-30,5,10527.2998046875
MMM.MX,2025-04-29,2025-05-22,16,2658.9599609375
MMM.MX,2025-09-11,2025-10-01,13,2879.639892578125
MMM.MX,2026-04-17,2026-05-06,11,2671.0
MMM.MX,2025-12-11,2025-12-26,9,3043.0
MMM.MX,2026-03-20,2026-04-01,8,2505.0
MMM.MX,2026-05-21,2026-06-02,8,2581.31005859375
MMM.MX,2025-07-31,2025-08-11,7,2775.260009765625
MMM.MX,2025-11-03,2025-11-12,7,3040.0
MMM.MX,2026-02-26,2026-03-09,7,2858.820068359375
MMM.MX,2024-12-27,2025-01-07,6,2630.0
MMM.MX,2025-06-16,2025-06-24,6,2715.02001953125
MMM.MX,2024-01-09,2024-01-16,5,1845.0
MMM.MX,2024-06-18,2024-06-25,5,1853.0
MMM.MX,2024-12-05,2024-12-13,5,2681.0
MMM.MX,2025-02-19,2025-02-26,5,3065.5
MMM.MX,2025-03-14,2025-03-24,5,2921.60009765625
MMM.MX,2025-11-13,2025-11-21,5,3112.5
MMM.MX,2025-11-25,2025-12-02,5,3150.0
MNST.MX,2024-01-30,2024-02-23,17,472.5
MNST.MX,2023-08-22,2023-09-11,14,484.0
MNST.MX,2026-04-09,2026-04-29,14,661.9099731445312
MNST.MX,2026-03-13,2026-04-06,13,692.4450073242188
MNST.MX,2023-09-12,2023-09-26,10,488.5
MNST.MX,2026-04-30,2026-05-15,10,672.094970703125
MNST.MX,2025-09-03,2025-09-17,9,588.6849975585938
MNST.MX,2026-01-21,2026-02-04,9,750.0
MNST.MX,2023-02-28,2023-03-10,8,467.5
MNST.MX,2023-06-28,2023-07-10,8,489.5
MNST.MX,2023-07-17,2023-07-27,8,479.0
MNST.MX,2023-10-30,2023-11-10,8,460.0
MNST.MX,2025-12-29,2026-01-09,8,698.0
MNST.MX,2026-06-01,2026-06-11,8,786.89501953125
MNST.MX,2026-06-15,2026-06-25,8,786.5
MNST.MX,2024-01-09,2024-01-18,7,482.5
MNST.MX,2024-05-03,2024-05-14,7,463.5
MNST.MX,2023-04-03,2023-04-13,6,483.5
MNST.MX,2023-05-19,2023-05-29,6,527.5
MNST.MX,2023-11-13,2023-11-22,6,489.5
MNST.MX,2024-03-14,2024-03-25,6,512.39501953125
MNST.MX,2024-05-17,2024-05-27,6,450.0
MNST.MX,2024-11-07,2024-11-15,6,546.0
MNST.MX,2025-06-23,2025-07-01,6,603.5
MNST.MX,2025-10-08,2025-10-16,6,631.7100219726562
MNST.MX,2025-11-26,2025-12-04,6,660.155029296875
MNST.MX,2025-12-05,2025-12-16,6,667.7349853515625
MNST.MX,2025-12-17,2025-12-26,6,676.5
MNST.MX,2023-02-17,2023-02-24,5,483.25
MNST.MX,2023-03-13,2023-03-21,5,477.5
MNST.MX,2023-08-10,2023-08-17,5,494.8599853515625
MNST.MX,2024-01-19,2024-01-26,5,487.6099853515625
MNST.MX,2024-02-29,2024-03-07,5,502.0
MNST.MX,2024-04-10,2024-04-17,5,456.4949951171875
MNST.MX,2025-04-03,2025-04-10,5,596.0
MNST.MX,2025-04-16,2025-04-25,5,590.0
MNST.MX,2025-11-14,2025-11-24,5,654.5
MNST.MX,2026-03-05,2026-03-12,5,690.0
MO.MX,2024-12-10,2024-12-30,12,1119.0
MO.MX,2023-08-24,2023-09-06,9,723.0
MO.MX,2025-04-10,2025-04-25,9,1150.0
MO.MX,2026-06-15,2026-06-25,8,1195.0
MO.MX,2023-05-30,2023-06-08,7,778.0
MO.MX,2023-10-11,2023-10-20,7,765.0
MO.MX,2024-11-21,2024-12-02,7,1148.5
MO.MX,2025-01-10,2025-01-21,7,1060.0
MO.MX,2025-02-19,2025-02-28,7,1087.0
MO.MX,2023-09-18,2023-09-26,6,753.25
MO.MX,2024-11-01,2024-11-11,6,1085.0
MO.MX,2025-04-01,2025-04-09,6,1205.0
MO.MX,2025-05-23,2025-06-02,6,1150.0
MO.MX,2025-12-01,2025-12-09,6,1085.0
MO.MX,2023-02-09,2023-02-16,5,874.0
MO.MX,2023-06-28,2023-07-05,5,780.0
MO.MX,2023-10-03,2023-10-10,5,733.75
MO.MX,2024-07-03,2024-07-10,5,827.0
MO.MX,2024-10-17,2024-10-24,5,994.1300048828125
MO.MX,2025-06-03,2025-06-10,5,1159.0
MO.MX,2025-06-20,2025-06-27,5,1135.0
MO.MX,2025-08-14,2025-08-21,5,1225.0
MO.MX,2026-01-16,2026-01-23,5,1093.1099853515625
MPC.MX,2025-05-15,2025-10-09,104,3210.0
MPC.MX,2025-11-26,2026-02-06,48,3544.0
MPC.MX,2025-03-10,2025-05-14,43,2715.0
MPC.MX,2024-12-27,2025-02-14,33,2730.0
MPC.MX,2024-07-02,2024-08-13,30,3220.0
MPC.MX,2024-11-06,2024-12-16,26,3120.0
MPC.MX,2026-02-09,2026-03-18,26,3590.0
MPC.MX,2023-10-10,2023-11-08,20,2673.429931640625
MPC.MX,2024-04-02,2024-04-30,20,3500.0
MPC.MX,2024-05-02,2024-05-30,20,3060.5
MPC.MX,2023-02-22,2023-03-21,18,2269.97998046875
MPC.MX,2023-12-11,2024-01-08,17,2500.0
MPC.MX,2024-09-05,2024-10-02,17,3415.0
MPC.MX,2023-01-06,2023-01-30,16,2268.239990234375
MPC.MX,2023-09-01,2023-09-22,15,2497.780029296875
MPC.MX,2025-10-13,2025-11-03,15,3380.0
MPC.MX,2026-06-09,2026-06-30,15,4496.0
MPC.MX,2023-06-20,2023-07-07,13,1912.0
MPC.MX,2023-11-21,2023-12-08,13,2499.0
MPC.MX,2024-01-10,2024-01-29,13,2640.0
MPC.MX,2023-05-17,2023-06-02,12,1947.0
MPC.MX,2023-07-17,2023-08-02,12,1983.0
MPC.MX,2023-08-15,2023-08-31,12,2494.0
MPC.MX,2024-10-09,2024-10-25,12,3167.0
MPC.MX,2025-02-17,2025-03-05,12,3171.0
MPC.MX,2025-11-07,2025-11-25,11,3591.0
MPC.MX,2023-05-02,2023-05-16,10,2060.639892578125
MPC.MX,2023-09-25,2023-10-09,10,2680.699951171875
MPC.MX,2024-01-30,2024-02-14,10,2863.06005859375
MPC.MX,2024-08-14,2024-08-28,10,3380.0
MPC.MX,2024-06-18,2024-06-28,8,3165.360107421875
MPC.MX,2023-03-22,2023-03-31,7,2387.0
MPC.MX,2024-03-01,2024-03-12,7,2964.0
MPC.MX,2024-06-06,2024-06-17,7,3038.6298828125
MPC.MX,2023-04-10,2023-04-18,6,2420.199951171875
MPC.MX,2023-06-09,2023-06-19,6,1940.0
MPC.MX,2024-02-21,2024-02-29,6,2829.0
MPC.MX,2024-12-17,2024-12-26,6,2800.43994140625
MPC.MX,2026-04-17,2026-04-27,6,3700.0
MPC.MX,2023-04-21,2023-04-28,5,2220.0
MPC.MX,2024-03-20,2024-03-27,5,3315.0
MPC.MX,2026-03-27,2026-04-07,5,4572.68994140625
MPC.MX,2026-05-22,2026-05-29,5,4399.0
MPC.MX,2026-06-01,2026-06-08,5,4468.0
MPWR.MX,2023-07-07,2024-04-10,189,8892.2197265625
MPWR.MX,2025-02-18,2025-05-09,54,14022.990234375
MPWR.MX,2023-03-06,2023-05-10,43,9242.0
MPWR.MX,2024-07-12,2024-09-09,41,15348.0
MPWR.MX,2025-05-12,2025-06-27,34,13915.0
MPWR.MX,2023-01-12,2023-03-01,33,7560.35986328125
MPWR.MX,2024-05-29,2024-07-11,31,12649.73046875
MPWR.MX,2024-10-03,2024-10-31,20,17670.0
MPWR.MX,2024-12-17,2025-01-14,18,12820.0
MPWR.MX,2024-04-11,2024-04-30,13,11203.3798828125
MPWR.MX,2026-03-13,2026-04-06,13,18900.0
MPWR.MX,2023-05-26,2023-06-13,12,9280.26953125
MPWR.MX,2023-06-20,2023-07-06,12,8762.8701171875
MPWR.MX,2025-09-19,2025-10-07,12,16438.0
MPWR.MX,2026-01-20,2026-02-06,12,18219.66015625
MPWR.MX,2025-01-15,2025-01-29,10,12386.0
MPWR.MX,2025-09-03,2025-09-18,10,15286.0
MPWR.MX,2024-05-02,2024-05-15,9,12221.759765625
MPWR.MX,2025-06-30,2025-07-11,9,13820.0
MPWR.MX,2023-05-15,2023-05-25,8,7219.2001953125
MPWR.MX,2024-05-16,2024-05-28,8,12301.7001953125
MPWR.MX,2024-11-26,2024-12-06,8,11951.0
MPWR.MX,2025-12-02,2025-12-15,8,17498.0
MPWR.MX,2025-12-23,2026-01-06,8,16872.9609375
MPWR.MX,2026-01-07,2026-01-19,8,17188.0
MPWR.MX,2026-02-18,2026-03-02,8,20889.0
MPWR.MX,2026-04-07,2026-04-17,8,20750.490234375
MPWR.MX,2026-06-15,2026-06-25,8,28240.0
MPWR.MX,2023-01-02,2023-01-11,7,6570.10986328125
MPWR.MX,2024-11-13,2024-11-25,7,13314.9296875
MPWR.MX,2025-07-14,2025-07-23,7,13260.0
MPWR.MX,2025-08-01,2025-08-12,7,14955.0
MPWR.MX,2026-05-05,2026-05-14,7,27622.359375
MPWR.MX,2025-02-07,2025-02-17,6,14718.5
MPWR.MX,2025-08-22,2025-09-01,6,15439.7001953125
MPWR.MX,2026-06-03,2026-06-11,6,29080.0
MPWR.MX,2024-09-10,2024-09-18,5,16588.0
MPWR.MX,2024-11-01,2024-11-08,5,15605.83984375
MPWR.MX,2025-10-15,2025-10-22,5,18591.0
MPWR.MX,2025-10-23,2025-10-30,5,19610.0
MPWR.MX,2026-02-09,2026-02-16,5,20852.619140625
MPWR.MX,2026-04-21,2026-04-29,5,26715.900390625
MRK.MX,2023-08-23,2023-08-30,5,1895.0
MRK.MX,2023-11-21,2023-11-28,5,1769.0
MRSH.MX,2024-06-24,2024-12-06,116,3874.47998046875
MRSH.MX,2024-02-20,2024-06-21,84,3435.169921875
MRSH.MX,2023-01-27,2023-04-14,51,3246.75
MRSH.MX,2026-04-23,2026-06-30,47,3025.0
MRSH.MX,2024-12-09,2025-02-17,46,4430.490234375
MRSH.MX,2023-07-25,2023-09-22,43,3258.510009765625
MRSH.MX,2025-10-02,2025-12-02,42,3704.830078125
MRSH.MX,2026-01-13,2026-03-04,35,3285.31005859375
MRSH.MX,2026-03-05,2026-04-21,30,3308.0
MRSH.MX,2023-06-12,2023-07-21,29,3080.0
MRSH.MX,2025-12-03,2026-01-12,25,3355.0
MRSH.MX,2024-01-18,2024-02-19,21,3408.570068359375
MRSH.MX,2023-01-02,2023-01-26,18,3114.0
MRSH.MX,2023-11-13,2023-12-07,17,3535.0
MRSH.MX,2023-10-11,2023-11-03,16,3412.7900390625
MRSH.MX,2025-05-06,2025-05-27,15,4467.10986328125
MRSH.MX,2025-06-06,2025-06-27,15,4399.75
MRSH.MX,2023-04-27,2023-05-18,14,3233.989990234375
MRSH.MX,2025-04-10,2025-05-05,14,4690.009765625
MRSH.MX,2023-12-08,2023-12-29,13,3397.3701171875
MRSH.MX,2025-08-22,2025-09-10,13,3918.0
MRSH.MX,2023-09-25,2023-10-10,11,3401.06005859375
MRSH.MX,2024-01-02,2024-01-17,11,3234.0
MRSH.MX,2025-03-04,2025-03-20,11,4961.60009765625
MRSH.MX,2025-02-18,2025-03-03,9,4666.0
MRSH.MX,2025-07-08,2025-07-21,9,4007.0
MRSH.MX,2025-08-11,2025-08-21,8,3806.919921875
MRSH.MX,2023-04-17,2023-04-26,7,3133.179931640625
MRSH.MX,2023-05-19,2023-05-30,7,3195.0
MRSH.MX,2023-05-31,2023-06-09,7,3039.699951171875
MRSH.MX,2025-03-21,2025-03-31,6,4680.740234375
MRSH.MX,2025-04-01,2025-04-09,6,4954.85009765625
MRSH.MX,2025-07-24,2025-08-01,6,3905.659912109375
MRSH.MX,2025-09-18,2025-09-25,5,3614.0
MS.MX,2025-07-10,2025-07-18,6,2658.169921875
MS.MX,2026-05-08,2026-05-18,6,3294.800048828125
MS.MX,2025-06-17,2025-06-24,5,2500.0
MS.MX,2025-09-10,2025-09-18,5,2860.0
MS.MX,2026-04-16,2026-04-24,5,3242.030029296875
MSCI.MX,2023-06-28,2023-07-31,23,7865.7998046875
MSCI.MX,2025-12-09,2026-01-12,21,9762.099609375
MSCI.MX,2023-10-02,2023-10-30,20,8865.0
MSCI.MX,2024-11-07,2024-12-02,16,11444.0
MSCI.MX,2025-05-23,2025-06-12,14,10811.0
MSCI.MX,2023-08-28,2023-09-14,13,8960.0
MSCI.MX,2026-02-20,2026-03-11,13,9319.6796875
MSCI.MX,2023-06-06,2023-06-22,12,8255.0
MSCI.MX,2026-04-08,2026-04-27,12,9800.0
MSCI.MX,2026-04-29,2026-05-18,12,10288.0
MSCI.MX,2025-05-02,2025-05-19,11,10880.0
MSCI.MX,2025-10-10,2025-10-27,11,10355.0
MSCI.MX,2026-01-20,2026-02-04,10,10430.7001953125
MSCI.MX,2025-01-03,2025-01-16,9,12446.0
MSCI.MX,2026-02-06,2026-02-19,9,9641.849609375
MSCI.MX,2026-03-23,2026-04-07,9,9856.2998046875
MSCI.MX,2023-09-15,2023-09-27,8,9218.2001953125
MSCI.MX,2023-12-19,2024-01-02,8,9236.1103515625
MSCI.MX,2023-08-04,2023-08-15,7,9368.0
MSCI.MX,2025-02-14,2025-02-25,7,11697.1298828125
MSCI.MX,2023-01-31,2023-02-09,6,9588.0
MSCI.MX,2023-04-18,2023-04-26,6,9837.0
MSCI.MX,2024-12-23,2025-01-02,6,12245.0
MSCI.MX,2025-01-17,2025-01-27,6,12725.0
MSCI.MX,2025-10-01,2025-10-09,6,10407.0
MSCI.MX,2025-11-20,2025-11-28,6,10390.0
MSCI.MX,2026-06-08,2026-06-16,6,10550.0
MSCI.MX,2023-03-02,2023-03-09,5,9412.1904296875
MSCI.MX,2024-02-20,2024-02-27,5,9450.0400390625
MSCI.MX,2024-03-05,2024-03-12,5,9399.5
MSCI.MX,2024-07-09,2024-07-16,5,8860.0
MSCI.MX,2024-08-07,2024-08-14,5,10159.0
MSCI.MX,2025-02-26,2025-03-05,5,11923.0
MSCI.MX,2025-03-27,2025-04-03,5,11610.0
MSCI.MX,2025-08-06,2025-08-13,5,10223.0
MSCI.MX,2025-08-19,2025-08-26,5,10606.0498046875
MSCI.MX,2026-05-20,2026-05-27,5,10048.0
MSI.MX,2025-07-16,2025-08-26,29,7691.0
MSI.MX,2024-08-14,2024-09-24,28,7874.77001953125
MSI.MX,2025-09-11,2025-10-21,27,8995.0
MSI.MX,2024-11-21,2024-12-31,26,10092.2900390625
MSI.MX,2025-02-21,2025-03-31,25,8852.400390625
MSI.MX,2024-07-12,2024-08-13,22,1557.0
MSI.MX,2026-02-04,2026-03-06,22,7200.0
MSI.MX,2026-05-28,2026-06-29,22,7205.66015625
MSI.MX,2025-12-01,2026-01-02,21,6846.47021484375
MSI.MX,2025-01-02,2025-01-30,20,9562.3203125
MSI.MX,2025-06-17,2025-07-15,20,7716.0
MSI.MX,2026-03-24,2026-04-21,18,8170.35986328125
MSI.MX,2025-10-22,2025-11-12,15,8280.0
MSI.MX,2024-10-11,2024-10-31,14,8959.98046875
MSI.MX,2026-01-13,2026-02-03,14,6959.06982421875
MSI.MX,2025-01-31,2025-02-20,13,9677.3203125
MSI.MX,2026-04-23,2026-05-12,12,7622.06005859375
MSI.MX,2025-05-02,2025-05-19,11,7965.6201171875
MSI.MX,2024-09-25,2024-10-10,10,8820.7900390625
MSI.MX,2025-08-27,2025-09-10,10,8670.0
MSI.MX,2025-04-01,2025-04-14,9,8870.8203125
MSI.MX,2024-11-07,2024-11-20,8,9316.7802734375
MSI.MX,2025-11-18,2025-11-28,8,6834.60009765625
MSI.MX,2025-06-05,2025-06-16,7,7964.1298828125
MSI.MX,2025-04-15,2025-04-24,5,8637.2099609375
MSI.MX,2025-05-20,2025-05-27,5,8170.0
MSI.MX,2025-05-28,2025-06-04,5,8113.5
MSI.MX,2026-05-13,2026-05-20,5,6700.0
MSTR.MX,2023-07-13,2023-07-31,12,780.0
MSTR.MX,2023-02-03,2023-02-13,5,540.0029907226562
MTB.MX,2026-03-18,2026-06-08,54,3523.2099609375
MTB.MX,2025-10-31,2025-12-10,27,3403.780029296875
MTB.MX,2024-08-23,2024-09-26,23,3209.27001953125
MTB.MX,2025-06-06,2025-07-09,23,3504.1298828125
MTB.MX,2025-09-05,2025-10-08,22,3753.739990234375
MTB.MX,2025-04-22,2025-05-22,21,3121.89990234375
MTB.MX,2025-07-11,2025-08-08,20,3779.929931640625
MTB.MX,2025-03-07,2025-04-03,18,3605.260009765625
MTB.MX,2025-12-23,2026-01-19,17,3719.22998046875
MTB.MX,2025-02-13,2025-03-06,15,4062.43994140625
MTB.MX,2026-06-09,2026-06-29,14,3905.8798828125
MTB.MX,2024-08-06,2024-08-22,12,3130.39990234375
MTB.MX,2026-02-09,2026-02-25,12,4080.93994140625
MTB.MX,2026-02-26,2026-03-17,12,3881.360107421875
MTB.MX,2024-10-10,2024-10-24,10,3463.590087890625
MTB.MX,2025-01-28,2025-02-12,10,4131.7900390625
MTB.MX,2025-10-09,2025-10-23,10,3440.219970703125
MTB.MX,2024-12-20,2025-01-06,9,3806.77001953125
MTB.MX,2025-05-23,2025-06-05,9,3459.93994140625
MTB.MX,2024-07-19,2024-07-30,7,3001.949951171875
MTB.MX,2025-01-16,2025-01-27,7,4101.89013671875
MTB.MX,2025-08-22,2025-09-02,7,3709.1298828125
MTB.MX,2024-07-10,2024-07-18,6,2710.60009765625
MTB.MX,2024-09-30,2024-10-09,6,3477.0
MTB.MX,2025-01-07,2025-01-15,6,3927.8798828125
MTB.MX,2025-08-13,2025-08-21,6,3589.090087890625
MTB.MX,2026-01-20,2026-01-28,6,3733.389892578125
MTB.MX,2024-06-12,2024-06-19,5,2707.1201171875
MTB.MX,2024-11-07,2024-11-14,5,4173.259765625
MTB.MX,2025-04-10,2025-04-21,5,3239.330078125
MTB.MX,2026-01-29,2026-02-06,5,3797.610107421875
MTD.MX,2023-06-01,2023-08-28,62,23490.509765625
MTD.MX,2023-08-29,2023-11-03,47,20236.0
MTD.MX,2023-01-02,2023-02-15,31,25265.0390625
MTD.MX,2025-05-12,2025-06-17,26,22728.0
MTD.MX,2024-12-23,2025-01-27,23,24980.0
MTD.MX,2026-05-29,2026-06-30,22,20358.69921875
MTD.MX,2026-03-13,2026-04-16,21,20935.150390625
MTD.MX,2026-01-06,2026-02-04,20,26572.400390625
MTD.MX,2026-02-12,2026-03-12,20,23000.0
MTD.MX,2023-12-11,2024-01-08,17,19435.0
MTD.MX,2025-12-08,2026-01-05,17,25108.41015625
MTD.MX,2025-08-18,2025-09-09,16,24858.720703125
MTD.MX,2024-02-21,2024-03-12,14,20269.619140625
MTD.MX,2025-09-30,2025-10-20,14,22179.0
MTD.MX,2023-03-02,2023-03-22,13,26828.0
MTD.MX,2025-10-21,2025-11-07,13,25469.0
MTD.MX,2024-04-03,2024-04-19,12,22236.0
MTD.MX,2024-07-09,2024-07-25,12,23751.5
MTD.MX,2024-08-07,2024-08-23,12,25920.0
MTD.MX,2024-09-11,2024-09-30,12,27326.9609375
MTD.MX,2025-04-22,2025-05-09,12,19654.0
MTD.MX,2025-09-10,2025-09-29,12,23550.0
MTD.MX,2025-07-11,2025-07-28,11,22765.0
MTD.MX,2026-05-13,2026-05-28,11,18000.0
MTD.MX,2023-03-23,2023-04-10,10,27170.0
MTD.MX,2023-05-11,2023-05-25,10,23958.509765625
MTD.MX,2024-01-09,2024-01-23,10,19665.0
MTD.MX,2025-01-28,2025-02-12,10,27979.5703125
MTD.MX,2025-02-19,2025-03-05,10,26593.0
MTD.MX,2025-11-10,2025-11-24,9,26506.150390625
MTD.MX,2026-04-28,2026-05-12,9,22000.0
MTD.MX,2023-04-27,2023-05-10,8,26720.609375
MTD.MX,2024-11-07,2024-11-20,8,27927.91015625
MTD.MX,2025-11-25,2025-12-05,8,27720.5
MTD.MX,2024-06-18,2024-06-27,7,27245.109375
MTD.MX,2023-04-18,2023-04-26,6,28800.0
MTD.MX,2023-11-22,2023-11-30,6,18675.0
MTD.MX,2024-10-02,2024-10-10,6,29408.0
MTD.MX,2024-11-21,2024-11-29,6,24467.75
MTD.MX,2024-12-05,2024-12-16,6,25354.9609375
MTD.MX,2025-03-06,2025-03-14,6,25622.109375
MTD.MX,2023-02-22,2023-03-01,5,26774.44921875
MTD.MX,2023-11-06,2023-11-13,5,18290.6796875
MTD.MX,2023-12-01,2023-12-08,5,18975.91015625
MTD.MX,2024-07-01,2024-07-08,5,25110.0
MTD.MX,2024-09-03,2024-09-10,5,28000.0
MTD.MX,2024-10-17,2024-10-24,5,28060.0
MTD.MX,2025-08-06,2025-08-13,5,22960.880859375
MTD.MX,2026-04-17,2026-04-27,5,22892.0
NBIX.MX,2026-05-22,2026-06-29,26,2716.409912109375
NDAQ.MX,2024-09-09,2024-10-15,24,1435.0
NDAQ.MX,2025-05-22,2025-06-23,22,1550.0
NDAQ.MX,2023-02-14,2023-03-14,20,1117.8900146484375
NDAQ.MX,2024-05-06,2024-05-31,19,1032.3900146484375
NDAQ.MX,2024-07-01,2024-07-24,17,1090.0
NDAQ.MX,2023-10-18,2023-11-09,15,900.0
NDAQ.MX,2025-01-17,2025-02-10,15,1597.4000244140625
NDAQ.MX,2024-12-03,2024-12-24,14,1687.0
NDAQ.MX,2024-07-31,2024-08-19,13,1268.969970703125
NDAQ.MX,2026-05-14,2026-06-02,13,1573.0
NDAQ.MX,2023-03-23,2023-04-12,12,998.0
NDAQ.MX,2023-09-27,2023-10-13,12,857.2000122070312
NDAQ.MX,2025-02-11,2025-02-27,12,1655.25
NDAQ.MX,2025-11-20,2025-12-08,12,1604.050048828125
NDAQ.MX,2023-04-28,2023-05-16,11,1028.0
NDAQ.MX,2024-02-01,2024-02-19,11,1005.0
NDAQ.MX,2024-03-06,2024-03-22,11,972.0700073242188
NDAQ.MX,2024-04-17,2024-05-03,11,1030.0
NDAQ.MX,2023-09-12,2023-09-26,10,903.969970703125
NDAQ.MX,2024-10-16,2024-10-30,10,1500.0
NDAQ.MX,2023-06-23,2023-07-06,9,850.8400268554688
NDAQ.MX,2023-12-11,2023-12-26,9,944.52001953125
NDAQ.MX,2025-03-19,2025-04-01,9,1450.0
NDAQ.MX,2026-04-08,2026-04-21,9,1580.56005859375
NDAQ.MX,2023-01-04,2023-01-16,8,1200.0
NDAQ.MX,2023-05-30,2023-06-09,8,967.0800170898438
NDAQ.MX,2023-11-17,2023-11-30,8,921.7999877929688
NDAQ.MX,2024-06-05,2024-06-17,8,1042.530029296875
NDAQ.MX,2023-08-25,2023-09-05,7,888.0
NDAQ.MX,2024-02-23,2024-03-05,7,971.3099975585938
NDAQ.MX,2024-12-26,2025-01-07,7,1598.6500244140625
NDAQ.MX,2023-04-19,2023-04-27,6,1008.7000122070312
NDAQ.MX,2024-01-23,2024-01-31,6,1004.5
NDAQ.MX,2024-08-22,2024-08-30,6,1372.0
NDAQ.MX,2024-11-06,2024-11-14,6,1498.0
NDAQ.MX,2025-05-02,2025-05-12,6,1536.0
NDAQ.MX,2025-05-13,2025-05-21,6,1589.97998046875
NDAQ.MX,2023-01-17,2023-01-24,5,1175.0
NDAQ.MX,2023-01-27,2023-02-03,5,1097.2099609375
NDAQ.MX,2023-06-15,2023-06-22,5,894.0
NDAQ.MX,2023-12-01,2023-12-08,5,962.1500244140625
NDAQ.MX,2024-03-25,2024-04-03,5,1017.2899780273438
NDAQ.MX,2024-04-09,2024-04-16,5,1022.1500244140625
NDAQ.MX,2025-10-02,2025-10-09,5,1649.280029296875
NDAQ.MX,2025-12-30,2026-01-07,5,1776.3699951171875
NDAQ.MX,2026-01-27,2026-02-04,5,1755.0
NDAQ.MX,2026-03-03,2026-03-10,5,1542.0
NDAQ.MX,2026-06-03,2026-06-10,5,1502.0
NEE.MX,2023-05-26,2023-06-06,7,1300.0
NEE.MX,2024-01-04,2024-01-15,7,1059.0
NEE.MX,2023-05-11,2023-05-19,6,1334.0
NEE.MX,2023-09-14,2023-09-22,6,1180.7099609375
NEE.MX,2024-04-11,2024-04-19,6,1060.0
NEE.MX,2024-05-22,2024-05-30,6,1278.0
NEE.MX,2023-03-29,2023-04-05,5,1381.1199951171875
NEE.MX,2025-06-17,2025-06-24,5,1390.0
NEM.MX,2023-08-22,2023-09-26,25,650.0
NEM.MX,2023-10-02,2023-10-30,20,624.75
NEM.MX,2023-12-04,2024-01-04,20,708.5
NEM.MX,2023-06-01,2023-06-26,17,750.0
NEM.MX,2024-04-30,2024-05-17,12,702.0
NEM.MX,2023-06-27,2023-07-11,10,724.5
NEM.MX,2023-11-14,2023-11-29,10,608.2999877929688
NEM.MX,2024-05-24,2024-06-05,8,696.7999877929688
NEM.MX,2024-07-01,2024-07-10,7,768.0
NEM.MX,2024-01-24,2024-02-01,6,610.0
NEM.MX,2024-06-11,2024-06-19,6,755.0
NEM.MX,2024-07-15,2024-07-23,6,849.7000122070312
NEM.MX,2025-02-28,2025-03-10,6,864.2999877929688
NEM.MX,2025-06-30,2025-07-08,6,1093.0
NEM.MX,2023-01-17,2023-01-24,5,1011.0
NEM.MX,2023-05-03,2023-05-10,5,858.0
NEM.MX,2023-07-31,2023-08-07,5,716.0
NEM.MX,2023-10-31,2023-11-08,5,678.0
NEM.MX,2024-07-24,2024-07-31,5,877.1900024414062
NEM.MX,2025-05-13,2025-05-20,5,975.5
NET.MX,2024-12-19,2025-01-09,13,2206.0
NET.MX,2024-01-23,2024-02-06,9,1450.0
NET.MX,2026-03-20,2026-04-06,9,4000.0
NET.MX,2023-08-29,2023-09-08,8,1037.510009765625
NET.MX,2024-05-21,2024-05-31,8,1242.0
NET.MX,2024-01-11,2024-01-22,7,1350.0
NET.MX,2024-02-12,2024-02-21,7,1820.0
NET.MX,2024-01-02,2024-01-10,6,1370.0
NET.MX,2023-03-31,2023-04-11,5,1116.0
NET.MX,2023-08-04,2023-08-11,5,1255.0
NET.MX,2023-10-17,2023-10-24,5,1167.0
NET.MX,2024-10-21,2024-10-28,5,1821.0
NET.MX,2025-03-26,2025-04-02,5,2441.679931640625
NET.MX,2025-04-23,2025-04-30,5,2235.0
NOC.MX,2023-11-09,2024-01-03,35,8059.18017578125
NOC.MX,2026-05-13,2026-06-30,34,9415.0
NOC.MX,2023-05-08,2023-06-12,25,8005.0
NOC.MX,2024-03-20,2024-04-25,24,7840.25
NOC.MX,2023-06-23,2023-07-19,18,7781.3798828125
NOC.MX,2023-07-27,2023-08-22,18,7576.7900390625
NOC.MX,2024-02-21,2024-03-19,18,7826.5
NOC.MX,2025-06-25,2025-07-21,18,9220.0
NOC.MX,2025-09-08,2025-10-03,18,10802.0
NOC.MX,2023-09-13,2023-10-06,17,7315.0
NOC.MX,2024-04-26,2024-05-21,16,8265.0
NOC.MX,2025-08-15,2025-09-05,15,10981.1298828125
NOC.MX,2023-02-23,2023-03-15,14,8754.240234375
NOC.MX,2023-04-03,2023-04-25,14,8523.0
NOC.MX,2023-08-23,2023-09-12,14,7312.5
NOC.MX,2024-06-21,2024-07-11,14,7844.89990234375
NOC.MX,2025-02-26,2025-03-19,14,9275.0
NOC.MX,2023-01-02,2023-01-19,13,10617.1904296875
NOC.MX,2024-11-01,2024-11-21,13,10300.08984375
NOC.MX,2026-03-20,2026-04-10,13,12669.0
NOC.MX,2024-01-25,2024-02-13,12,7452.509765625
NOC.MX,2024-09-17,2024-10-04,12,10060.0
NOC.MX,2024-01-04,2024-01-19,11,8165.5400390625
NOC.MX,2024-08-06,2024-08-21,11,9487.0
NOC.MX,2025-01-06,2025-01-21,11,9260.4501953125
NOC.MX,2025-07-30,2025-08-14,11,10700.0
NOC.MX,2024-05-22,2024-06-05,10,7895.0
NOC.MX,2024-06-06,2024-06-20,10,7808.85009765625
NOC.MX,2024-12-18,2025-01-03,10,9613.0
NOC.MX,2025-05-22,2025-06-05,10,9000.0
NOC.MX,2025-12-22,2026-01-07,10,10505.1796875
NOC.MX,2024-10-09,2024-10-22,9,10350.0302734375
NOC.MX,2025-06-06,2025-06-19,9,9349.9697265625
NOC.MX,2025-10-24,2025-11-06,9,11151.1796875
NOC.MX,2023-02-09,2023-02-21,8,8545.5703125
NOC.MX,2025-04-29,2025-05-12,8,9473.3203125
NOC.MX,2025-11-18,2025-11-28,8,10505.0
NOC.MX,2025-12-05,2025-12-18,8,9975.0
NOC.MX,2026-01-15,2026-01-27,8,11565.599609375
NOC.MX,2023-01-27,2023-02-08,7,8230.0
NOC.MX,2023-06-13,2023-06-22,7,7769.22021484375
NOC.MX,2023-10-27,2023-11-08,7,8572.8095703125
NOC.MX,2024-08-29,2024-09-09,7,10269.91015625
NOC.MX,2025-01-29,2025-02-10,7,9888.5595703125
NOC.MX,2026-02-11,2026-02-20,7,11695.8798828125
NOC.MX,2023-04-26,2023-05-05,6,8184.85009765625
NOC.MX,2023-10-18,2023-10-26,6,8962.2998046875
NOC.MX,2024-10-23,2024-10-31,6,10540.990234375
NOC.MX,2024-12-06,2024-12-17,6,9531.1904296875
NOC.MX,2026-04-13,2026-04-21,6,11771.3095703125
NOC.MX,2023-03-24,2023-03-31,5,8375.0
NOC.MX,2024-07-19,2024-07-26,5,7819.080078125
NOC.MX,2024-11-22,2024-11-29,5,10190.0
NOC.MX,2025-03-27,2025-04-03,5,10434.2900390625
NOC.MX,2025-04-10,2025-04-21,5,10576.9697265625
NOC.MX,2025-07-22,2025-07-29,5,10532.349609375
NOC.MX,2025-11-07,2025-11-14,5,10500.0
NOWW.MX,2024-07-30,2024-08-14,11,2966.39990234375
NOWW.MX,2024-08-26,2024-09-10,11,3195.580078125
NOWW.MX,2024-12-23,2025-01-09,11,4366.0
NOWW.MX,2023-02-09,2023-02-20,7,1782.0
NOWW.MX,2023-09-06,2023-09-15,7,2075.694091796875
NOWW.MX,2024-02-09,2024-02-20,7,2775.0
NOWW.MX,2023-02-21,2023-03-01,6,1594.0
NOWW.MX,2024-06-21,2024-07-01,6,2702.0
NOWW.MX,2024-07-10,2024-07-18,6,2620.0
NOWW.MX,2023-03-07,2023-03-14,5,1624.0
NOWW.MX,2023-04-13,2023-04-20,5,1726.0
NOWW.MX,2023-05-02,2023-05-09,5,1601.0
NOWW.MX,2023-10-12,2023-10-19,5,2011.199951171875
NOWW.MX,2023-12-04,2023-12-11,5,2401.278076171875
NOWW.MX,2024-05-06,2024-05-13,5,2443.464111328125
NOWW.MX,2024-06-12,2024-06-19,5,2715.0
NRG.MX,2024-12-02,2025-05-26,117,2105.7099609375
NRG.MX,2024-05-31,2024-08-14,53,1435.0
NRG.MX,2024-03-13,2024-05-30,52,1044.0
NRG.MX,2024-08-15,2024-10-29,51,1530.0
NRG.MX,2025-06-05,2025-08-04,42,3002.0
NRG.MX,2024-10-30,2024-11-29,21,1805.1500244140625
NRG.MX,2026-01-20,2026-02-19,21,2745.0
NRG.MX,2026-05-29,2026-06-25,19,2375.080078125
NRG.MX,2024-02-22,2024-03-12,13,900.0
NRG.MX,2025-11-21,2025-12-10,13,2960.0
NRG.MX,2025-12-17,2026-01-06,12,2830.0
NRG.MX,2026-03-11,2026-03-27,11,2645.0
NRG.MX,2025-08-13,2025-08-27,10,2842.030029296875
NRG.MX,2025-09-15,2025-09-26,8,3091.0
NRG.MX,2025-10-24,2025-11-05,8,3090.0
NRG.MX,2025-05-27,2025-06-04,6,3034.0
NRG.MX,2026-05-13,2026-05-21,6,2300.0
NRG.MX,2025-09-03,2025-09-10,5,2741.64990234375
NSC.MX,2024-08-07,2025-07-22,238,4698.10009765625
NSC.MX,2025-07-23,2025-12-10,98,5194.669921875
NSC.MX,2026-02-18,2026-06-30,89,5332.8798828125
NSC.MX,2024-05-02,2024-08-06,68,3961.72998046875
NSC.MX,2023-05-19,2023-08-16,63,3800.0
NSC.MX,2025-12-15,2026-02-17,43,5360.0
NSC.MX,2023-10-27,2023-12-06,26,3334.889892578125
NSC.MX,2023-02-02,2023-03-07,22,4752.10986328125
NSC.MX,2023-09-12,2023-10-09,19,3419.60009765625
NSC.MX,2023-08-17,2023-09-11,17,3572.7900390625
NSC.MX,2024-01-04,2024-01-29,17,3949.669921875
NSC.MX,2023-12-07,2024-01-03,16,3980.81005859375
NSC.MX,2023-03-08,2023-03-28,13,4000.0
NSC.MX,2024-01-30,2024-02-19,13,4062.419921875
NSC.MX,2024-04-11,2024-04-30,13,4050.0
NSC.MX,2024-02-28,2024-03-15,12,4330.0
NSC.MX,2023-04-04,2023-04-21,11,3730.0
NSC.MX,2023-05-03,2023-05-18,11,3685.0
NSC.MX,2023-01-02,2023-01-16,10,5038.60009765625
NSC.MX,2024-03-26,2024-04-10,9,4123.47998046875
NSC.MX,2023-01-20,2023-02-01,8,4774.16015625
NSC.MX,2023-10-18,2023-10-26,6,3714.550048828125
NSC.MX,2023-04-24,2023-05-02,5,3825.0
NSC.MX,2023-10-10,2023-10-17,5,3617.0
NTAP.MX,2024-12-13,2025-07-30,156,2450.0
NTAP.MX,2025-11-26,2026-03-06,68,1973.0
NTAP.MX,2024-08-21,2024-11-20,62,2467.489990234375
NTAP.MX,2025-08-28,2025-11-24,60,2144.0
NTAP.MX,2026-03-09,2026-06-03,57,1748.219970703125
NTAP.MX,2025-07-31,2025-08-26,18,1977.0
NTAP.MX,2024-11-21,2024-12-11,14,2595.0
NTAP.MX,2026-06-15,2026-06-30,11,2650.0
NTAP.MX,2024-08-06,2024-08-20,10,2395.070068359375
NTAP.MX,2026-06-04,2026-06-12,6,3140.0
NTNX.MX,2025-09-23,2025-11-14,38,1390.3299560546875
NTNX.MX,2025-12-15,2026-01-26,28,875.0
NTNX.MX,2025-07-29,2025-08-26,20,1408.3900146484375
NTNX.MX,2026-01-27,2026-02-25,20,770.0
NTNX.MX,2026-06-02,2026-06-24,16,930.0
NTNX.MX,2026-04-08,2026-04-21,9,712.0
NTNX.MX,2025-12-01,2025-12-11,8,869.0
NTNX.MX,2026-03-18,2026-03-30,8,733.719970703125
NTNX.MX,2025-09-08,2025-09-17,6,1405.0
NTNX.MX,2025-08-29,2025-09-05,5,1248.3199462890625
NTNX.MX,2026-03-04,2026-03-11,5,705.5
NUE.MX,2025-11-24,2026-01-14,34,2835.0
NUE.MX,2026-02-04,2026-03-25,34,3243.0
NUE.MX,2026-05-13,2026-06-30,34,4005.0
NUE.MX,2025-04-14,2025-05-30,31,2263.949951171875
NUE.MX,2023-12-18,2024-01-29,28,2991.0
NUE.MX,2023-09-01,2023-10-10,27,2966.75
NUE.MX,2024-11-07,2024-12-17,26,3312.7900390625
NUE.MX,2025-06-10,2025-07-16,26,2380.0
NUE.MX,2025-09-05,2025-10-03,19,2734.0
NUE.MX,2024-03-01,2024-03-27,17,3234.6298828125
NUE.MX,2024-02-07,2024-02-29,16,3130.0
NUE.MX,2024-12-18,2025-01-10,15,2457.0
NUE.MX,2023-07-31,2023-08-18,14,2880.0
NUE.MX,2024-05-14,2024-06-03,14,2910.0
NUE.MX,2023-07-11,2023-07-28,13,2817.110107421875
NUE.MX,2024-08-20,2024-09-06,13,2680.0
NUE.MX,2025-03-10,2025-03-28,13,2698.679931640625
NUE.MX,2025-10-29,2025-11-18,13,2810.8701171875
NUE.MX,2024-06-06,2024-06-24,12,2876.0
NUE.MX,2023-05-05,2023-05-22,11,2534.169921875
NUE.MX,2024-10-02,2024-10-17,11,2980.739990234375
NUE.MX,2024-10-21,2024-11-05,11,3113.0
NUE.MX,2025-10-06,2025-10-21,11,2520.0
NUE.MX,2023-06-05,2023-06-19,10,2503.550048828125
NUE.MX,2023-11-29,2023-12-14,10,2760.0
NUE.MX,2024-04-10,2024-04-24,10,3252.0
NUE.MX,2024-07-05,2024-07-19,10,2900.0
NUE.MX,2023-08-21,2023-08-31,8,2865.52001953125
NUE.MX,2024-08-07,2024-08-19,8,2900.010009765625
NUE.MX,2025-08-25,2025-09-04,8,2775.300048828125
NUE.MX,2026-03-26,2026-04-09,8,2972.0
NUE.MX,2023-01-24,2023-02-02,7,2873.02001953125
NUE.MX,2023-04-21,2023-05-03,7,2719.0
NUE.MX,2025-01-16,2025-01-27,7,2570.199951171875
NUE.MX,2025-02-11,2025-02-20,7,2846.530029296875
NUE.MX,2025-02-26,2025-03-07,7,2805.0
NUE.MX,2025-07-21,2025-07-30,7,2620.0
NUE.MX,2026-01-15,2026-01-26,7,3090.0
NUE.MX,2026-04-15,2026-04-27,7,3280.449951171875
NUE.MX,2026-04-30,2026-05-12,7,3884.39990234375
NUE.MX,2023-01-04,2023-01-12,6,2655.0
NUE.MX,2023-11-07,2023-11-15,6,2610.0
NUE.MX,2024-04-01,2024-04-09,6,3200.0
NUE.MX,2023-02-14,2023-02-21,5,3150.0
NUE.MX,2023-03-01,2023-03-08,5,3132.0
NUE.MX,2023-03-23,2023-03-30,5,2794.110107421875
NUE.MX,2023-06-30,2023-07-07,5,2793.5
NUE.MX,2023-10-13,2023-10-20,5,2637.0
NUE.MX,2023-10-24,2023-10-31,5,2687.0
NUE.MX,2023-11-21,2023-11-28,5,2690.0
NUE.MX,2024-07-30,2024-08-06,5,2980.18994140625
NVR.MX,2024-03-22,2025-12-08,430,132717.515625
NVR.MX,2026-02-05,2026-06-23,93,139680.0
NVR.MX,2023-01-02,2023-04-28,80,87194.6875
NVR.MX,2023-12-21,2024-03-21,61,117956.0
NVR.MX,2023-08-29,2023-11-15,55,105500.0
NVR.MX,2023-06-01,2023-07-14,31,97517.5390625
NVR.MX,2023-07-17,2023-08-28,30,108155.640625
NVR.MX,2025-12-09,2026-01-14,23,132990.0
NVR.MX,2023-11-16,2023-12-20,22,108320.15625
NVR.MX,2023-05-02,2023-05-31,21,105407.140625
NVR.MX,2026-01-15,2026-02-04,13,134301.359375
O.MX,2023-01-02,2023-01-18,12,1240.0
O.MX,2024-01-04,2024-01-19,11,981.0
O.MX,2023-02-08,2023-02-21,9,1273.0
O.MX,2023-08-24,2023-09-04,7,955.0
O.MX,2023-11-16,2023-11-28,7,915.3499755859375
O.MX,2023-10-18,2023-10-26,6,923.0
O.MX,2023-05-08,2023-05-15,5,1103.050048828125
O.MX,2025-04-16,2025-04-25,5,1150.0
O.MX,2025-08-25,2025-09-01,5,1092.0
O.MX,2025-10-21,2025-10-28,5,1110.0
ODFL.MX,2023-10-03,2023-10-31,20,3570.0
ODFL.MX,2024-12-23,2025-01-16,16,3665.0
ODFL.MX,2023-01-13,2023-02-01,13,2941.925048828125
ODFL.MX,2025-10-08,2025-10-27,13,2680.0
ODFL.MX,2023-09-15,2023-10-02,11,3457.75
ODFL.MX,2023-05-11,2023-05-25,10,2744.5
ODFL.MX,2024-10-02,2024-10-16,10,3841.0
ODFL.MX,2023-06-21,2023-07-04,9,2639.0
ODFL.MX,2024-02-28,2024-03-12,9,3696.0
ODFL.MX,2025-06-03,2025-06-16,9,3075.0
ODFL.MX,2025-12-08,2025-12-22,9,2647.85009765625
ODFL.MX,2025-12-24,2026-01-08,9,2862.800048828125
ODFL.MX,2023-12-01,2023-12-14,8,3530.699951171875
ODFL.MX,2024-09-04,2024-09-17,8,3866.5
ODFL.MX,2024-11-07,2024-11-20,8,4457.0
ODFL.MX,2025-04-30,2025-05-13,8,2990.0
ODFL.MX,2026-02-09,2026-02-19,8,3371.0
ODFL.MX,2023-08-07,2023-08-16,7,3350.574951171875
ODFL.MX,2024-02-13,2024-02-22,7,3604.60009765625
ODFL.MX,2024-04-23,2024-05-03,7,3750.800048828125
ODFL.MX,2024-08-07,2024-08-16,7,3730.0
ODFL.MX,2025-11-04,2025-11-13,7,2650.0
ODFL.MX,2025-11-24,2025-12-03,7,2469.0
ODFL.MX,2023-01-02,2023-01-10,6,2777.5
ODFL.MX,2023-05-02,2023-05-10,6,2860.0
ODFL.MX,2023-11-22,2023-11-30,6,3518.0
ODFL.MX,2024-06-28,2024-07-08,6,3235.860107421875
ODFL.MX,2024-11-21,2024-11-29,6,4425.0
ODFL.MX,2025-03-05,2025-03-13,6,3585.39990234375
ODFL.MX,2025-05-23,2025-06-02,6,3150.0
ODFL.MX,2026-02-25,2026-03-05,6,3260.0
ODFL.MX,2023-03-16,2023-03-24,5,3138.875
ODFL.MX,2023-07-12,2023-07-19,5,3098.5
ODFL.MX,2023-08-29,2023-09-05,5,3601.5
ODFL.MX,2023-11-06,2023-11-13,5,3449.425048828125
ODFL.MX,2023-12-27,2024-01-04,5,3486.449951171875
ODFL.MX,2024-07-09,2024-07-16,5,3200.75
ODFL.MX,2024-10-17,2024-10-24,5,4045.0
ODFL.MX,2025-06-17,2025-06-24,5,3034.0
ODFL.MX,2025-07-02,2025-07-09,5,3183.0
ODFL.MX,2025-09-02,2025-09-09,5,2794.0
ODFL.MX,2026-05-05,2026-05-12,5,3411.60009765625
ODFL.MX,2026-05-18,2026-05-25,5,3521.0
OHI.MX,2025-12-11,2026-04-30,92,788.7000122070312
OHI.MX,2026-05-04,2026-06-02,21,811.0
OHI.MX,2026-06-03,2026-06-30,19,770.0
OKE.MX,2025-07-18,2025-09-19,44,1571.0
OKE.MX,2025-05-09,2025-07-09,43,1606.0
OKE.MX,2025-11-18,2026-01-14,38,1267.4300537109375
OKE.MX,2026-05-19,2026-06-30,30,1643.0
OKE.MX,2026-03-23,2026-05-06,28,1602.280029296875
OKE.MX,2025-09-22,2025-10-15,17,1330.0
OKE.MX,2026-01-15,2026-02-06,15,1312.0
OKE.MX,2026-02-09,2026-02-26,13,1394.0
OKE.MX,2025-10-29,2025-11-10,8,1241.93994140625
OKE.MX,2026-02-27,2026-03-11,8,1425.1099853515625
OKE.MX,2026-05-07,2026-05-18,7,1469.8599853515625
OKE.MX,2025-07-10,2025-07-17,5,1504.0
OKE.MX,2026-03-12,2026-03-20,5,1546.0
OKTA.MX,2023-03-13,2023-04-25,28,1545.9000244140625
OKTA.MX,2023-09-27,2023-11-06,27,1505.0
OKTA.MX,2024-03-01,2024-04-04,21,1836.0
OKTA.MX,2026-03-24,2026-04-27,21,1380.0
OKTA.MX,2024-07-08,2024-08-02,19,1730.0
OKTA.MX,2023-01-12,2023-02-03,16,1234.18994140625
OKTA.MX,2023-05-03,2023-05-24,15,1262.06005859375
OKTA.MX,2023-07-12,2023-08-02,15,1200.0
OKTA.MX,2023-12-04,2023-12-27,15,1259.199951171875
OKTA.MX,2024-04-26,2024-05-20,15,1596.25
OKTA.MX,2024-06-05,2024-06-26,15,1530.0
OKTA.MX,2023-02-07,2023-02-27,14,1347.0
OKTA.MX,2024-01-26,2024-02-15,13,1464.02001953125
OKTA.MX,2024-04-05,2024-04-24,13,1666.760009765625
OKTA.MX,2023-06-20,2023-07-06,12,1274.0
OKTA.MX,2023-08-14,2023-08-30,12,1242.0
OKTA.MX,2023-12-28,2024-01-16,12,1550.0
OKTA.MX,2024-08-05,2024-08-20,11,1605.4599609375
OKTA.MX,2025-03-21,2025-04-04,10,2310.0
OKTA.MX,2024-10-16,2024-10-29,9,1480.0
OKTA.MX,2025-05-13,2025-05-26,9,2397.2099609375
OKTA.MX,2026-01-09,2026-01-22,9,1677.030029296875
OKTA.MX,2026-06-16,2026-06-29,9,1990.0
OKTA.MX,2024-09-19,2024-10-02,8,1419.18994140625
OKTA.MX,2026-02-19,2026-03-03,8,1420.6600341796875
OKTA.MX,2023-01-02,2023-01-11,7,1272.6300048828125
OKTA.MX,2023-09-13,2023-09-22,7,1500.0
OKTA.MX,2023-11-17,2023-11-29,7,1208.1300048828125
OKTA.MX,2024-05-21,2024-05-30,7,1650.0
OKTA.MX,2025-06-20,2025-07-01,7,1915.0
OKTA.MX,2026-05-18,2026-05-27,7,1400.0
OKTA.MX,2023-08-03,2023-08-11,6,1240.0
OKTA.MX,2025-11-20,2025-11-28,6,1439.9200439453125
OKTA.MX,2025-12-11,2025-12-22,6,1641.5999755859375
OKTA.MX,2023-03-03,2023-03-10,5,1525.0
OKTA.MX,2023-06-12,2023-06-19,5,1251.0
OKTA.MX,2024-11-01,2024-11-08,5,1481.9100341796875
OKTA.MX,2024-11-14,2024-11-22,5,1589.0
OKTA.MX,2024-12-06,2024-12-16,5,1700.0
OKTA.MX,2025-04-10,2025-04-21,5,2084.7099609375
OKTA.MX,2025-12-23,2025-12-31,5,1591.0
OKTA.MX,2026-01-29,2026-02-06,5,1490.0
OKTA.MX,2026-03-09,2026-03-17,5,1418.0
ON.MX,2023-06-06,2023-07-26,36,1526.989990234375
ON.MX,2024-07-29,2024-09-02,25,1484.4000244140625
ON.MX,2023-04-27,2023-06-01,24,1215.0
ON.MX,2024-09-26,2024-10-24,19,1405.0
ON.MX,2024-06-10,2024-07-04,18,1346.739990234375
ON.MX,2025-03-21,2025-04-11,15,863.0
ON.MX,2023-09-22,2023-10-11,13,1600.0
ON.MX,2024-05-22,2024-06-07,12,1270.0
ON.MX,2025-04-14,2025-05-02,11,745.0
ON.MX,2023-03-02,2023-03-16,10,1373.0
ON.MX,2023-10-13,2023-10-27,10,1611.0
ON.MX,2023-11-22,2023-12-06,10,1230.0
ON.MX,2024-04-16,2024-04-30,10,1089.5
ON.MX,2024-05-07,2024-05-21,10,1177.050048828125
ON.MX,2024-09-04,2024-09-19,10,1411.8499755859375
ON.MX,2024-12-11,2024-12-27,10,1307.0
ON.MX,2023-01-23,2023-02-03,9,1314.0
ON.MX,2023-04-04,2023-04-19,9,1415.0
ON.MX,2023-08-22,2023-09-04,9,1583.0
ON.MX,2024-03-01,2024-03-14,9,1371.0
ON.MX,2024-11-22,2024-12-05,9,1400.0
ON.MX,2025-05-13,2025-05-26,9,915.75
ON.MX,2026-03-09,2026-03-23,9,1030.0
ON.MX,2023-12-15,2023-12-28,8,1500.0
ON.MX,2024-10-30,2024-11-11,8,1481.969970703125
ON.MX,2023-09-05,2023-09-14,7,1700.0
ON.MX,2025-02-28,2025-03-11,7,949.75
ON.MX,2023-11-01,2023-11-10,6,1140.0
ON.MX,2024-11-12,2024-11-21,6,1433.0
ON.MX,2025-01-06,2025-01-14,6,1345.0
ON.MX,2025-12-22,2025-12-31,6,1004.0
ON.MX,2026-02-18,2026-02-26,6,1214.010009765625
ON.MX,2026-03-24,2026-04-01,6,1100.800048828125
ON.MX,2023-01-04,2023-01-11,5,1201.0
ON.MX,2023-01-13,2023-01-20,5,1204.5
ON.MX,2023-07-27,2023-08-03,5,1721.0
ON.MX,2025-01-15,2025-01-22,5,1162.1600341796875
ON.MX,2025-09-23,2025-09-30,5,952.0
ON.MX,2025-11-05,2025-11-12,5,937.1699829101562
ONTO.MX,2025-02-06,2025-05-08,61,4291.3701171875
ONTO.MX,2024-02-23,2024-05-13,52,3061.0
ONTO.MX,2025-09-23,2025-12-03,50,2395.0
ONTO.MX,2026-02-20,2026-05-04,46,3599.0
ONTO.MX,2024-06-27,2024-08-21,39,4008.27001953125
ONTO.MX,2024-11-14,2024-12-31,30,3323.0
ONTO.MX,2025-07-08,2025-08-08,23,1951.0
ONTO.MX,2024-09-19,2024-10-18,20,3911.93994140625
ONTO.MX,2024-05-29,2024-06-25,19,3858.89990234375
ONTO.MX,2025-05-14,2025-06-10,19,1996.22998046875
ONTO.MX,2024-08-22,2024-09-18,18,4124.4501953125
ONTO.MX,2025-06-11,2025-07-07,18,1910.0
ONTO.MX,2025-08-28,2025-09-22,16,2032.0
ONTO.MX,2026-06-01,2026-06-22,15,4500.0
ONTO.MX,2026-05-11,2026-05-29,14,4942.0
ONTO.MX,2025-01-16,2025-02-05,13,4480.919921875
ONTO.MX,2025-12-04,2025-12-24,13,2886.56005859375
ONTO.MX,2025-12-26,2026-01-15,13,2865.0
ONTO.MX,2024-05-14,2024-05-28,10,3825.889892578125
ONTO.MX,2025-01-02,2025-01-15,9,3465.0
ONTO.MX,2026-01-26,2026-02-05,7,3590.0
ONTO.MX,2024-11-01,2024-11-11,6,3637.5
ONTO.MX,2025-08-11,2025-08-19,6,1970.0
ONTO.MX,2025-08-20,2025-08-27,5,1955.0
ONTO.MX,2026-02-12,2026-02-19,5,3821.0
ONTO.MX,2026-06-23,2026-06-30,5,5549.6201171875
ORCL.MX,2023-04-18,2023-04-25,5,1730.0
ORLY.MX,2023-08-01,2023-10-26,62,1052.8486328125
ORLY.MX,2024-12-24,2025-02-19,38,1637.780029296875
ORLY.MX,2026-03-12,2026-05-11,37,1660.030029296875
ORLY.MX,2023-02-21,2023-04-10,31,1066.7740478515625
ORLY.MX,2023-10-30,2023-12-14,30,1120.5406494140625
ORLY.MX,2026-05-12,2026-06-23,30,1580.0
ORLY.MX,2024-01-26,2024-03-06,27,1168.8753662109375
ORLY.MX,2024-07-03,2024-08-02,22,1232.6666259765625
ORLY.MX,2025-02-28,2025-04-02,22,1870.00732421875
ORLY.MX,2025-04-09,2025-05-12,20,1831.7833251953125
ORLY.MX,2024-10-09,2024-11-05,19,1527.592041015625
ORLY.MX,2025-05-14,2025-06-10,19,1717.3333740234375
ORLY.MX,2024-04-25,2024-05-22,18,1217.199951171875
ORLY.MX,2024-11-06,2024-12-03,18,1654.488037109375
ORLY.MX,2024-09-11,2024-10-08,17,1462.0133056640625
ORLY.MX,2025-06-27,2025-07-22,17,1679.0
ORLY.MX,2024-05-29,2024-06-20,16,1083.3333740234375
ORLY.MX,2023-04-11,2023-05-03,15,1058.4013671875
ORLY.MX,2023-12-15,2024-01-09,15,1089.296630859375
ORLY.MX,2023-06-23,2023-07-13,14,1053.7332763671875
ORLY.MX,2026-02-19,2026-03-11,14,1622.050048828125
ORLY.MX,2023-02-01,2023-02-20,12,1004.2786865234375
ORLY.MX,2023-05-04,2023-05-22,12,1113.608642578125
ORLY.MX,2024-08-05,2024-08-21,12,1432.5352783203125
ORLY.MX,2024-12-04,2024-12-23,12,1681.2540283203125
ORLY.MX,2025-11-21,2025-12-09,12,1858.0
ORLY.MX,2024-03-15,2024-04-04,11,1240.1246337890625
ORLY.MX,2025-08-29,2025-09-15,11,1935.1400146484375
ORLY.MX,2024-04-10,2024-04-24,10,1193.3333740234375
ORLY.MX,2025-10-06,2025-10-20,10,1936.0
ORLY.MX,2023-06-12,2023-06-22,8,1050.0
ORLY.MX,2023-07-14,2023-07-26,8,1068.593994140625
ORLY.MX,2025-12-17,2025-12-29,7,1675.0
ORLY.MX,2023-01-03,2023-01-11,6,1083.9613037109375
ORLY.MX,2024-01-10,2024-01-18,6,1049.00732421875
ORLY.MX,2025-09-25,2025-10-03,6,1936.1500244140625
ORLY.MX,2025-11-04,2025-11-12,6,1743.989990234375
ORLY.MX,2023-01-23,2023-01-30,5,991.1673583984375
ORLY.MX,2023-06-02,2023-06-09,5,1050.3406982421875
ORLY.MX,2024-03-07,2024-03-14,5,1225.9119873046875
ORLY.MX,2024-06-21,2024-06-28,5,1310.856689453125
ORLY.MX,2025-02-20,2025-02-27,5,1773.9266357421875
ORLY.MX,2025-10-27,2025-11-03,5,1800.0
ORLY.MX,2025-12-30,2026-01-07,5,1650.9000244140625
ORLY.MX,2026-01-26,2026-02-03,5,1731.0
OTIS.MX,2023-01-02,2023-08-09,152,1515.0
OTIS.MX,2025-10-02,2025-12-15,50,1675.0
OTIS.MX,2026-03-31,2026-05-19,31,1375.969970703125
OTIS.MX,2023-12-20,2024-02-02,30,1500.0
OTIS.MX,2023-09-27,2023-11-03,26,1407.0
OTIS.MX,2024-11-07,2024-12-13,24,1990.0
OTIS.MX,2025-06-16,2025-07-18,24,1820.0
OTIS.MX,2026-01-20,2026-02-24,24,1572.949951171875
OTIS.MX,2023-08-24,2023-09-26,23,1414.0
OTIS.MX,2025-05-13,2025-06-13,23,1885.0
OTIS.MX,2024-12-26,2025-01-27,21,1915.5899658203125
OTIS.MX,2025-02-11,2025-03-05,16,1980.5
OTIS.MX,2024-02-16,2024-03-08,15,1572.800048828125
OTIS.MX,2024-08-16,2024-09-06,15,1717.530029296875
OTIS.MX,2023-11-17,2023-12-06,12,1445.5
OTIS.MX,2025-12-16,2026-01-05,12,1579.1500244140625
OTIS.MX,2026-03-03,2026-03-20,12,1630.800048828125
OTIS.MX,2024-03-11,2024-03-27,11,1633.8199462890625
OTIS.MX,2024-10-15,2024-10-30,11,2064.0
OTIS.MX,2026-06-15,2026-06-30,11,1230.0
OTIS.MX,2024-07-15,2024-07-29,10,1779.300048828125
OTIS.MX,2025-03-21,2025-04-04,10,2032.1800537109375
OTIS.MX,2025-04-23,2025-05-08,10,1816.0
OTIS.MX,2026-05-29,2026-06-12,10,1230.300048828125
OTIS.MX,2024-05-15,2024-05-28,9,1624.0
OTIS.MX,2025-03-06,2025-03-20,9,2060.030029296875
OTIS.MX,2026-01-06,2026-01-19,9,1595.800048828125
OTIS.MX,2023-08-10,2023-08-22,8,1492.489990234375
OTIS.MX,2023-11-06,2023-11-16,8,1404.4599609375
OTIS.MX,2024-06-18,2024-06-28,8,1775.1099853515625
OTIS.MX,2025-01-28,2025-02-10,8,1973.219970703125
OTIS.MX,2025-07-21,2025-07-31,8,1847.0
OTIS.MX,2024-04-04,2024-04-12,6,1620.0
OTIS.MX,2024-05-06,2024-05-14,6,1570.699951171875
OTIS.MX,2024-08-07,2024-08-15,6,1780.0
OTIS.MX,2024-09-17,2024-09-25,6,1821.0
OTIS.MX,2024-10-02,2024-10-10,6,2029.22998046875
OTIS.MX,2024-12-16,2024-12-24,6,1928.52001953125
OTIS.MX,2025-08-14,2025-08-22,6,1655.800048828125
OTIS.MX,2025-09-08,2025-09-17,6,1623.0
OTIS.MX,2026-05-20,2026-05-28,6,1228.9000244140625
OTIS.MX,2024-07-05,2024-07-12,5,1733.0
OTIS.MX,2025-09-23,2025-09-30,5,1629.0
OTIS.MX,2026-03-23,2026-03-30,5,1428.949951171875
PAYX.MX,2024-09-30,2025-09-29,249,2744.0
PAYX.MX,2025-09-30,2026-04-27,140,2315.0
PAYX.MX,2023-08-14,2024-02-19,129,2117.0
PAYX.MX,2024-02-21,2024-06-20,82,2093.949951171875
PAYX.MX,2023-01-13,2023-05-12,80,2256.419921875
PAYX.MX,2024-06-21,2024-09-27,69,2285.0
PAYX.MX,2023-06-23,2023-08-11,35,1940.43994140625
PAYX.MX,2026-04-28,2026-06-17,35,1589.75
PAYX.MX,2023-05-15,2023-06-22,28,1902.1700439453125
PAYX.MX,2023-01-02,2023-01-12,8,2318.639892578125
PAYX.MX,2026-06-22,2026-06-30,6,1670.0
PCG.MX,2024-02-21,2024-06-07,73,285.6000061035156
PCG.MX,2023-02-09,2023-05-24,70,291.6700134277344
PCG.MX,2023-08-23,2023-10-26,46,282.0
PCG.MX,2023-10-27,2024-01-03,43,287.010009765625
PCG.MX,2026-01-21,2026-03-18,38,268.0
PCG.MX,2023-05-25,2023-07-17,37,292.30999755859375
PCG.MX,2024-01-04,2024-02-19,31,304.20001220703125
PCG.MX,2025-04-24,2025-06-06,30,340.3800048828125
PCG.MX,2024-07-18,2024-08-28,29,322.3399963378906
PCG.MX,2025-10-23,2025-12-03,28,303.20001220703125
PCG.MX,2024-11-01,2024-12-05,23,407.6300048828125
PCG.MX,2025-12-05,2026-01-07,20,277.70001220703125
PCG.MX,2023-01-11,2023-02-08,19,299.6400146484375
PCG.MX,2025-01-06,2025-01-30,18,404.489990234375
PCG.MX,2026-03-19,2026-04-16,18,323.0
PCG.MX,2024-10-09,2024-10-31,16,382.2200012207031
PCG.MX,2025-06-13,2025-07-07,16,260.0
PCG.MX,2023-08-01,2023-08-22,15,295.92999267578125
PCG.MX,2025-09-26,2025-10-17,15,269.0
PCG.MX,2024-06-21,2024-07-10,13,320.1099853515625
PCG.MX,2024-12-06,2024-12-24,11,409.7799987792969
PCG.MX,2025-08-21,2025-09-05,11,283.0
PCG.MX,2026-06-15,2026-06-30,11,286.0
PCG.MX,2024-06-10,2024-06-20,8,336.3999938964844
PCG.MX,2024-09-23,2024-10-04,8,388.92999267578125
PCG.MX,2025-08-04,2025-08-14,8,277.8999938964844
PCG.MX,2025-09-08,2025-09-19,8,272.760009765625
PCG.MX,2026-05-18,2026-05-28,8,280.0
PCG.MX,2023-07-20,2023-07-31,7,300.1700134277344
PCG.MX,2024-09-10,2024-09-20,7,394.55999755859375
PCG.MX,2025-02-04,2025-02-13,7,321.57000732421875
PCG.MX,2025-03-27,2025-04-07,7,350.2099914550781
PCG.MX,2025-07-23,2025-08-01,7,253.44000244140625
PCG.MX,2026-04-24,2026-05-06,7,289.0
PCG.MX,2025-03-05,2025-03-13,6,341.0
PCG.MX,2026-06-04,2026-06-12,6,288.0
PCG.MX,2024-12-26,2025-01-03,5,407.80999755859375
PCG.MX,2026-01-13,2026-01-20,5,280.0
PEG.MX,2024-08-27,2025-04-22,160,1580.5
PEG.MX,2025-05-02,2025-10-23,123,1565.31005859375
PEG.MX,2025-12-22,2026-02-26,45,1452.489990234375
PEG.MX,2024-06-03,2024-07-30,41,1320.0
PEG.MX,2026-03-13,2026-04-08,15,1495.6500244140625
PEG.MX,2026-05-20,2026-06-10,15,1346.0
PEG.MX,2025-11-28,2025-12-19,14,1523.0
PEG.MX,2025-11-07,2025-11-27,13,1527.5
PEG.MX,2026-04-09,2026-04-29,13,1448.5
PEG.MX,2026-06-11,2026-06-30,13,1383.25
PEG.MX,2026-04-30,2026-05-19,12,1413.25
PEG.MX,2024-08-05,2024-08-20,11,1540.0
PEG.MX,2025-10-24,2025-11-06,9,1560.52001953125
PEG.MX,2026-02-27,2026-03-12,9,1481.25
PEG.MX,2025-04-23,2025-04-30,5,1636.8499755859375
PEN.MX,2025-08-18,2026-06-30,215,4775.7001953125
PEN.MX,2024-12-10,2025-08-15,170,4911.81982421875
PEN.MX,2024-01-09,2024-06-07,103,4218.52978515625
PEN.MX,2024-06-11,2024-10-10,85,3516.0
PEN.MX,2023-01-20,2023-03-21,40,4651.919921875
PEN.MX,2023-05-18,2023-07-11,38,5621.419921875
PEN.MX,2024-10-22,2024-12-09,33,4109.27978515625
PEN.MX,2023-09-06,2023-10-17,29,4905.33984375
PEN.MX,2023-11-28,2024-01-08,26,3863.239990234375
PEN.MX,2023-03-22,2023-04-17,16,5001.14013671875
PEN.MX,2023-10-18,2023-11-10,16,3813.739990234375
PEN.MX,2023-07-18,2023-08-07,14,5156.6201171875
PEN.MX,2023-08-16,2023-09-05,14,4382.1298828125
PEN.MX,2023-01-05,2023-01-19,10,4307.97998046875
PEN.MX,2023-04-18,2023-05-02,9,4893.93017578125
PEN.MX,2023-11-15,2023-11-27,7,3927.300048828125
PEN.MX,2024-10-11,2024-10-21,6,3904.75
PEN.MX,2023-05-03,2023-05-10,5,5274.919921875
PEN.MX,2023-08-08,2023-08-15,5,4308.93994140625
PEP.MX,2023-05-09,2023-05-29,14,3455.0
PEP.MX,2023-09-06,2023-09-15,7,3025.949951171875
PEP.MX,2023-08-02,2023-08-10,6,3207.110107421875
PEP.MX,2024-09-10,2024-09-19,6,3575.0
PEP.MX,2023-01-02,2023-01-09,5,3541.2099609375
PEP.MX,2024-05-08,2024-05-15,5,2998.0
PGR.MX,2023-09-28,2023-10-18,14,2469.0400390625
PGR.MX,2023-08-07,2023-08-16,7,2168.260009765625
PGR.MX,2024-08-01,2024-08-12,7,3998.0
PGR.MX,2024-09-05,2024-09-17,7,5040.0
PGR.MX,2025-11-25,2025-12-04,7,4149.0
PGR.MX,2026-02-27,2026-03-10,7,3669.85009765625
PGR.MX,2023-01-04,2023-01-12,6,2540.0
PGR.MX,2023-11-21,2023-11-29,6,2788.530029296875
PGR.MX,2024-11-12,2024-11-21,6,5418.33984375
PGR.MX,2025-05-29,2025-06-06,6,5246.22021484375
PGR.MX,2025-11-04,2025-11-12,6,3908.5
PGR.MX,2023-04-03,2023-04-12,5,2626.1298828125
PGR.MX,2023-05-23,2023-05-30,5,2400.64990234375
PGR.MX,2023-11-06,2023-11-13,5,2730.0
PGR.MX,2024-04-03,2024-04-10,5,3491.0
PGR.MX,2024-04-12,2024-04-19,5,3419.0
PGR.MX,2024-04-23,2024-04-30,5,3645.0
PGR.MX,2024-05-29,2024-06-05,5,3450.0
PGR.MX,2024-10-17,2024-10-24,5,5023.0
PGR.MX,2025-03-07,2025-03-14,5,5675.0
PGR.MX,2025-05-02,2025-05-09,5,5530.0
PGR.MX,2025-06-09,2025-06-16,5,5149.35009765625
PGR.MX,2025-10-03,2025-10-10,5,4536.0
PGR.MX,2026-06-03,2026-06-10,5,3361.0
PH.MX,2025-10-17,2026-05-06,133,13711.5
PH.MX,2024-03-08,2024-07-11,85,9029.0
PH.MX,2024-09-25,2025-01-23,81,12168.650390625
PH.MX,2023-03-01,2023-06-26,79,6395.5498046875
PH.MX,2025-04-02,2025-06-10,46,12754.3896484375
PH.MX,2023-09-28,2023-11-30,43,6915.2998046875
PH.MX,2023-12-01,2024-02-06,43,7550.0
PH.MX,2023-07-28,2023-09-20,38,6610.0
PH.MX,2025-02-06,2025-04-01,37,14245.0
PH.MX,2025-07-31,2025-09-17,33,13834.0
PH.MX,2026-05-07,2026-06-19,31,15423.66015625
PH.MX,2023-01-20,2023-02-28,26,5710.0
PH.MX,2024-08-08,2024-09-11,24,10699.599609375
PH.MX,2025-06-27,2025-07-30,23,13300.0
PH.MX,2024-02-08,2024-03-07,20,8794.0
PH.MX,2025-09-18,2025-10-16,20,13850.0
PH.MX,2023-06-30,2023-07-18,12,6680.0
PH.MX,2024-07-12,2024-07-30,12,9596.0
PH.MX,2025-06-11,2025-06-26,11,12691.099609375
PH.MX,2023-01-04,2023-01-16,8,5715.0
PH.MX,2024-09-12,2024-09-24,7,11409.650390625
PH.MX,2025-01-24,2025-02-05,7,13621.759765625
PH.MX,2023-07-19,2023-07-27,6,6712.4501953125
PH.MX,2026-06-22,2026-06-30,6,16600.0
PH.MX,2024-07-31,2024-08-07,5,10440.0
PHM.MX,2025-11-25,2026-04-01,86,2306.0
PHM.MX,2025-05-12,2025-06-23,30,2077.25
PHM.MX,2023-02-09,2023-03-21,27,1056.81005859375
PHM.MX,2023-05-02,2023-06-06,25,1178.68994140625
PHM.MX,2026-04-06,2026-05-12,24,2103.679931640625
PHM.MX,2025-06-24,2025-07-21,19,2011.7900390625
PHM.MX,2025-10-29,2025-11-24,17,2232.0
PHM.MX,2026-05-29,2026-06-23,17,2033.8599853515625
PHM.MX,2024-06-07,2024-06-28,15,1987.0
PHM.MX,2025-07-22,2025-08-12,15,2261.25
PHM.MX,2024-01-18,2024-02-08,14,1765.0
PHM.MX,2025-04-16,2025-05-09,14,1869.8800048828125
PHM.MX,2024-09-18,2024-10-08,13,2685.280029296875
PHM.MX,2025-02-11,2025-02-28,13,2191.7099609375
PHM.MX,2023-01-12,2023-01-30,12,947.0
PHM.MX,2024-03-01,2024-03-20,12,1875.510009765625
PHM.MX,2025-09-17,2025-10-03,12,2471.0
PHM.MX,2024-05-16,2024-05-31,11,2002.030029296875
PHM.MX,2026-05-13,2026-05-28,11,1923.0
PHM.MX,2023-11-03,2023-11-17,10,1454.4000244140625
PHM.MX,2024-11-20,2024-12-04,10,2541.0
PHM.MX,2025-03-20,2025-04-03,10,2100.0
PHM.MX,2025-10-14,2025-10-28,10,2257.0
PHM.MX,2023-11-21,2023-12-04,9,1520.31005859375
PHM.MX,2023-12-26,2024-01-09,9,1754.0
PHM.MX,2024-04-01,2024-04-12,9,1972.0
PHM.MX,2025-01-21,2025-02-04,9,2441.0
PHM.MX,2023-04-18,2023-04-28,8,1126.6400146484375
PHM.MX,2024-05-03,2024-05-15,8,1915.0
PHM.MX,2024-10-21,2024-10-31,8,2895.0
PHM.MX,2025-08-13,2025-08-25,8,2433.0
PHM.MX,2023-01-02,2023-01-11,7,927.5
PHM.MX,2023-03-22,2023-03-31,7,1042.81005859375
PHM.MX,2023-08-02,2023-08-11,7,1423.1099853515625
PHM.MX,2023-12-05,2023-12-15,7,1576.25
PHM.MX,2024-07-23,2024-08-01,7,2285.0
PHM.MX,2024-09-04,2024-09-13,7,2539.0
PHM.MX,2024-10-09,2024-10-18,7,2699.0
PHM.MX,2024-11-01,2024-11-12,7,2608.139892578125
PHM.MX,2023-08-18,2023-08-28,6,1350.530029296875
PHM.MX,2025-01-08,2025-01-16,6,2249.0
PHM.MX,2023-06-13,2023-06-20,5,1274.530029296875
PHM.MX,2023-09-25,2023-10-02,5,1294.030029296875
PHM.MX,2023-10-16,2023-10-23,5,1310.0
PHM.MX,2024-04-15,2024-04-22,5,1810.0
PHM.MX,2024-04-23,2024-04-30,5,1928.0
PHM.MX,2024-08-05,2024-08-12,5,2416.0
PHM.MX,2024-12-05,2024-12-13,5,2583.0
PHM.MX,2024-12-26,2025-01-03,5,2233.0
PINS.MX,2023-03-28,2023-04-11,8,491.3999938964844
PINS.MX,2023-04-14,2023-04-25,7,512.7999877929688
PINS.MX,2023-02-22,2023-03-02,6,460.0
PINS.MX,2023-11-09,2023-11-17,6,555.5
PINS.MX,2023-01-11,2023-01-18,5,510.0
PINS.MX,2023-05-05,2023-05-12,5,380.0
PINS.MX,2023-08-21,2023-08-28,5,450.0
PINS.MX,2023-10-18,2023-10-25,5,462.0
PKG.MX,2025-09-17,2026-02-17,104,3975.0
PKG.MX,2026-02-18,2026-06-30,89,4059.679931640625
PKG.MX,2025-06-27,2025-09-15,56,3562.429931640625
PKG.MX,2024-08-09,2024-09-19,28,3684.0
PKG.MX,2024-09-30,2024-10-24,17,4232.56005859375
PKG.MX,2025-05-30,2025-06-24,17,3728.699951171875
PKG.MX,2025-02-13,2025-03-06,15,4274.0
PKG.MX,2024-07-10,2024-07-30,14,3194.199951171875
PKG.MX,2025-01-28,2025-02-12,10,4927.4501953125
PKG.MX,2024-12-20,2025-01-06,9,4580.5498046875
PKG.MX,2025-03-21,2025-04-03,9,3914.699951171875
PKG.MX,2025-05-09,2025-05-22,9,3525.469970703125
PKG.MX,2025-03-07,2025-03-20,8,4185.06005859375
PKG.MX,2025-01-16,2025-01-27,7,4867.419921875
PKG.MX,2025-04-10,2025-04-23,7,3818.030029296875
PKG.MX,2025-04-28,2025-05-08,7,3653.0
PKG.MX,2024-11-20,2024-11-28,6,4816.47021484375
PKG.MX,2025-01-07,2025-01-15,6,4630.60009765625
PKG.MX,2024-06-13,2024-06-20,5,3425.3701171875
PKG.MX,2024-07-02,2024-07-09,5,3242.419921875
PKG.MX,2024-09-20,2024-09-27,5,4137.2900390625
PKG.MX,2024-11-07,2024-11-14,5,4771.52978515625
PLD.MX,2023-06-27,2023-07-24,19,2065.97998046875
PLD.MX,2023-05-19,2023-06-08,14,2153.81005859375
PLD.MX,2023-09-05,2023-09-22,13,2143.0
PLD.MX,2023-02-14,2023-03-02,12,2384.93994140625
PLD.MX,2024-06-05,2024-06-20,11,1899.0
PLD.MX,2023-08-02,2023-08-16,10,2125.0
PLD.MX,2023-04-11,2023-04-24,9,2259.050048828125
PLD.MX,2023-11-29,2023-12-13,9,1951.010009765625
PLD.MX,2023-08-21,2023-08-31,8,2041.5
PLD.MX,2025-07-17,2025-07-29,8,2004.0
PLD.MX,2025-09-12,2025-09-25,8,2113.0
PLD.MX,2026-03-20,2026-04-01,8,2292.780029296875
PLD.MX,2023-09-25,2023-10-04,7,1956.0
PLD.MX,2023-10-17,2023-10-26,7,1938.0
PLD.MX,2026-01-15,2026-01-26,7,2338.0
PLD.MX,2026-02-12,2026-02-23,7,2353.0
PLD.MX,2026-04-17,2026-04-29,7,2512.0
PLD.MX,2023-03-14,2023-03-23,6,2219.110107421875
PLD.MX,2023-03-29,2023-04-10,6,2150.0
PLD.MX,2023-04-27,2023-05-08,6,2207.530029296875
PLD.MX,2023-10-06,2023-10-16,6,1984.0
PLD.MX,2023-11-17,2023-11-28,6,1900.0
PLD.MX,2024-01-12,2024-01-22,6,2236.0
PLD.MX,2024-02-27,2024-03-06,6,2273.0
PLD.MX,2024-11-13,2024-11-22,6,2395.0
PLD.MX,2024-12-24,2025-01-03,6,2099.0
PLD.MX,2025-02-12,2025-02-20,6,2460.0
PLD.MX,2025-04-09,2025-04-21,6,1960.030029296875
PLD.MX,2025-08-06,2025-08-14,6,1966.4000244140625
PLD.MX,2025-11-04,2025-11-12,6,2323.409912109375
PLD.MX,2026-05-22,2026-06-01,6,2500.010009765625
PLD.MX,2023-12-14,2023-12-21,5,2304.169921875
PLD.MX,2024-02-01,2024-02-09,5,2216.0
PLD.MX,2024-02-12,2024-02-19,5,2257.5
PLD.MX,2024-06-24,2024-07-01,5,2024.699951171875
PLD.MX,2024-09-25,2024-10-03,5,2385.949951171875
PLD.MX,2025-03-05,2025-03-12,5,2513.0
PLD.MX,2025-07-01,2025-07-08,5,1982.4200439453125
PLD.MX,2025-08-27,2025-09-03,5,2118.0
PLD.MX,2025-09-04,2025-09-11,5,2110.0
PLD.MX,2025-10-07,2025-10-14,5,2110.5
PLD.MX,2026-04-30,2026-05-08,5,2423.60009765625
PM.MX,2024-12-13,2025-01-28,30,2556.0
PM.MX,2024-07-30,2024-09-09,29,2152.0
PM.MX,2024-10-22,2024-11-19,19,2554.0
PM.MX,2024-06-20,2024-07-16,18,1846.0
PM.MX,2024-09-20,2024-10-15,16,2330.1298828125
PM.MX,2025-03-21,2025-04-11,15,3077.169921875
PM.MX,2025-11-20,2025-12-10,14,2862.0
PM.MX,2026-02-26,2026-03-18,13,3241.0
PM.MX,2025-02-12,2025-02-28,12,3035.9599609375
PM.MX,2025-12-11,2025-12-30,11,2726.0
PM.MX,2025-03-03,2025-03-18,10,3255.0
PM.MX,2025-04-28,2025-05-09,8,3298.0
PM.MX,2025-07-03,2025-07-15,8,3330.0
PM.MX,2023-11-17,2023-11-29,7,1578.0
PM.MX,2024-02-14,2024-02-23,7,1516.0
PM.MX,2024-07-17,2024-07-26,7,1916.0
PM.MX,2024-11-20,2024-11-29,7,2621.9599609375
PM.MX,2025-05-15,2025-05-26,7,3325.0
PM.MX,2025-08-07,2025-08-18,7,3141.5
PM.MX,2025-08-19,2025-08-28,7,3175.0
PM.MX,2023-12-07,2023-12-18,6,1590.0
PM.MX,2024-04-02,2024-04-10,6,1542.0
PM.MX,2024-05-09,2024-05-17,6,1700.0
PM.MX,2026-05-20,2026-05-28,6,3240.0
PM.MX,2023-02-09,2023-02-16,5,1918.0
PM.MX,2024-03-11,2024-03-19,5,1630.0
PM.MX,2024-12-04,2024-12-11,5,2637.070068359375
PM.MX,2025-06-13,2025-06-20,5,3468.0
PM.MX,2025-10-27,2025-11-03,5,2855.0
PNC.MX,2023-12-01,2024-05-15,110,2360.0
PNC.MX,2023-05-03,2023-09-12,94,2130.0
PNC.MX,2026-02-05,2026-05-21,70,4140.0
PNC.MX,2023-02-01,2023-04-24,54,3058.760009765625
PNC.MX,2025-04-25,2025-07-11,54,3099.0
PNC.MX,2023-09-13,2023-11-29,53,2138.320068359375
PNC.MX,2025-01-10,2025-03-13,43,3941.0
PNC.MX,2024-11-07,2025-01-09,41,4017.659912109375
PNC.MX,2024-05-16,2024-07-11,40,2679.97998046875
PNC.MX,2025-07-14,2025-09-04,38,3682.0
PNC.MX,2024-09-11,2024-10-29,32,3603.949951171875
PNC.MX,2024-07-31,2024-09-10,29,3380.0
PNC.MX,2025-10-30,2025-12-11,29,3426.5
PNC.MX,2025-09-09,2025-10-10,22,3780.0
PNC.MX,2025-03-26,2025-04-24,19,3585.5400390625
PNC.MX,2026-05-22,2026-06-15,16,3815.0
PNC.MX,2024-07-12,2024-07-30,12,2990.0
PNC.MX,2025-12-15,2026-01-02,12,3835.0
PNC.MX,2023-01-03,2023-01-17,10,3115.6298828125
PNC.MX,2026-06-16,2026-06-30,10,4011.52001953125
PNC.MX,2025-10-17,2025-10-29,8,3264.5
PNC.MX,2026-01-21,2026-01-30,7,3941.050048828125
PNC.MX,2023-01-18,2023-01-26,6,2891.68994140625
PNC.MX,2026-01-06,2026-01-14,6,3850.0
PODD.MX,2025-08-18,2026-01-30,114,6038.64013671875
PODD.MX,2024-12-23,2025-05-02,87,5232.0
PODD.MX,2024-04-24,2024-08-20,83,2852.18994140625
PODD.MX,2026-02-03,2026-05-27,76,4402.0
PODD.MX,2023-12-01,2024-02-23,56,3243.0
PODD.MX,2023-08-09,2023-10-17,49,3920.64990234375
PODD.MX,2023-01-20,2023-03-21,40,5512.41015625
PODD.MX,2023-03-22,2023-05-19,39,5969.66015625
PODD.MX,2023-05-30,2023-07-11,30,4808.0
PODD.MX,2025-07-07,2025-08-15,29,5585.0
PODD.MX,2024-09-18,2024-10-21,22,4550.0
PODD.MX,2023-07-12,2023-08-08,19,4767.22021484375
PODD.MX,2024-11-13,2024-12-09,17,5519.0400390625
PODD.MX,2025-05-14,2025-06-06,17,6170.25
PODD.MX,2023-10-24,2023-11-16,16,2639.050048828125
PODD.MX,2024-10-22,2024-11-12,15,4702.68017578125
PODD.MX,2023-01-02,2023-01-19,13,5787.93017578125
PODD.MX,2025-06-12,2025-07-01,13,5750.0
PODD.MX,2026-05-28,2026-06-16,13,2664.0
PODD.MX,2024-03-14,2024-04-04,12,2806.0
PODD.MX,2024-08-21,2024-09-05,11,3587.0
PODD.MX,2024-02-26,2024-03-07,8,2907.3798828125
PODD.MX,2026-06-17,2026-06-29,8,2548.1298828125
PODD.MX,2024-12-10,2024-12-20,7,5541.419921875
PODD.MX,2024-04-05,2024-04-15,6,2727.0
PODD.MX,2024-09-06,2024-09-17,6,4259.93994140625
PODD.MX,2025-05-05,2025-05-13,6,5118.0
PODD.MX,2023-05-22,2023-05-29,5,5528.0498046875
PODD.MX,2023-11-17,2023-11-27,5,3080.0
PODD.MX,2024-04-16,2024-04-23,5,2914.0
PPG.MX,2025-03-21,2025-12-09,182,2255.699951171875
PPG.MX,2024-05-03,2024-10-22,120,2315.85009765625
PPG.MX,2025-12-10,2026-04-16,84,1822.260009765625
PPG.MX,2026-04-17,2026-06-30,50,1988.0
PPG.MX,2024-10-23,2025-01-02,47,2512.0
PPG.MX,2023-05-30,2023-07-31,44,2359.239990234375
PPG.MX,2023-08-17,2023-10-09,37,2364.340087890625
PPG.MX,2024-02-21,2024-04-11,33,2417.830078125
PPG.MX,2023-04-12,2023-05-23,28,2496.8701171875
PPG.MX,2023-11-21,2024-01-03,28,2348.739990234375
PPG.MX,2025-02-10,2025-03-20,27,2355.0
PPG.MX,2023-02-09,2023-03-08,19,2418.659912109375
PPG.MX,2023-10-16,2023-11-13,19,2331.840087890625
PPG.MX,2024-01-26,2024-02-19,15,2441.719970703125
PPG.MX,2025-01-17,2025-02-07,14,2491.0
PPG.MX,2023-01-20,2023-02-08,12,2478.7900390625
PPG.MX,2023-01-02,2023-01-17,11,2532.969970703125
PPG.MX,2023-08-01,2023-08-16,11,2436.5
PPG.MX,2024-01-04,2024-01-19,11,2464.909912109375
PPG.MX,2025-01-03,2025-01-16,9,2356.719970703125
PPG.MX,2023-03-16,2023-03-27,6,2371.8798828125
PPG.MX,2024-04-16,2024-04-23,5,2280.280029296875
PPG.MX,2024-04-24,2024-05-02,5,2221.3798828125
PPLC.MX,2026-01-02,2026-04-20,72,635.5900268554688
PPLC.MX,2026-04-23,2026-06-30,47,671.8200073242188
PPLC.MX,2025-11-13,2025-12-31,31,673.989990234375
PR.MX,2025-01-03,2025-03-25,55,318.0
PR.MX,2025-03-26,2025-06-12,53,281.7799987792969
PR.MX,2024-04-17,2024-06-28,51,295.0
PR.MX,2025-10-13,2025-12-11,42,230.1999969482422
PR.MX,2024-11-11,2025-01-02,34,290.0
PR.MX,2024-02-07,2024-03-22,31,232.5
PR.MX,2024-07-01,2024-08-13,31,293.0
PR.MX,2024-08-14,2024-09-25,29,277.3299865722656
PR.MX,2025-06-27,2025-07-30,23,260.0
PR.MX,2025-08-27,2025-09-29,22,265.0
PR.MX,2026-05-18,2026-06-12,19,345.0
PR.MX,2023-11-13,2023-12-07,17,230.3300018310547
PR.MX,2026-04-07,2026-04-29,15,375.0
PR.MX,2024-01-03,2024-01-23,14,232.5
PR.MX,2024-03-25,2024-04-16,14,288.0
PR.MX,2026-01-20,2026-02-09,13,260.0
PR.MX,2023-01-23,2023-02-09,12,203.0
PR.MX,2024-10-16,2024-11-01,12,266.0
PR.MX,2025-12-15,2026-01-02,12,252.0
PR.MX,2026-06-15,2026-06-30,11,331.07000732421875
PR.MX,2023-09-25,2023-10-09,10,230.0
PR.MX,2023-10-26,2023-11-10,10,269.0
PR.MX,2026-01-05,2026-01-19,10,250.0
PR.MX,2024-10-02,2024-10-15,9,265.0
PR.MX,2023-02-13,2023-02-23,8,198.10000610351562
PR.MX,2023-03-21,2023-03-31,8,179.0
PR.MX,2023-04-14,2023-04-26,8,200.0
PR.MX,2023-05-24,2023-06-05,8,177.1999969482422
PR.MX,2023-09-01,2023-09-13,8,245.0
PR.MX,2025-06-13,2025-06-25,8,282.0
PR.MX,2025-09-30,2025-10-10,8,235.0
PR.MX,2026-03-02,2026-03-12,8,320.0
PR.MX,2023-04-27,2023-05-09,7,180.75
PR.MX,2023-06-30,2023-07-11,7,186.0
PR.MX,2023-08-02,2023-08-11,7,195.0
PR.MX,2023-10-16,2023-10-25,7,260.0
PR.MX,2025-08-12,2025-08-21,7,235.0
PR.MX,2023-05-15,2023-05-23,6,165.0
PR.MX,2023-06-15,2023-06-23,6,181.0
PR.MX,2023-12-14,2023-12-22,6,227.0
PR.MX,2025-08-01,2025-08-11,6,251.0
PR.MX,2026-02-10,2026-02-18,6,285.0
PR.MX,2026-05-07,2026-05-15,6,345.0299987792969
PR.MX,2023-07-12,2023-07-19,5,190.0
PR.MX,2023-07-21,2023-07-28,5,190.0
PR.MX,2026-03-19,2026-03-26,5,355.0
PRU.MX,2024-05-31,2025-01-15,157,2015.0
PRU.MX,2023-06-01,2023-10-24,103,1406.5799560546875
PRU.MX,2023-01-02,2023-05-31,102,2000.0
PRU.MX,2025-01-21,2025-06-19,102,2440.0
PRU.MX,2025-07-11,2025-09-26,54,2010.0
PRU.MX,2023-11-01,2024-01-16,49,1626.4000244140625
PRU.MX,2024-04-01,2024-05-30,42,1944.8199462890625
PRU.MX,2024-02-06,2024-03-27,35,1757.6700439453125
PRU.MX,2026-04-23,2026-06-11,34,1624.25
PRU.MX,2025-10-28,2025-12-09,29,1877.0
PRU.MX,2025-12-10,2026-01-23,29,2080.56005859375
PRU.MX,2025-09-29,2025-10-27,20,1898.199951171875
PRU.MX,2026-03-12,2026-04-08,16,1656.0
PRU.MX,2025-06-20,2025-07-10,14,2015.0
PRU.MX,2026-01-26,2026-02-16,14,1883.25
PRU.MX,2026-02-20,2026-03-11,13,1748.2099609375
PRU.MX,2024-01-17,2024-02-02,12,1767.47998046875
PRU.MX,2026-06-12,2026-06-30,12,1845.0
PRU.MX,2026-04-14,2026-04-21,5,1700.0999755859375
PSA.MX,2023-11-16,2024-05-31,132,4490.0
PSA.MX,2023-01-02,2023-06-13,111,5950.0
PSA.MX,2023-06-16,2023-11-15,107,4960.2998046875
PSA.MX,2025-05-23,2025-07-09,33,5718.08984375
PSA.MX,2025-08-22,2025-10-08,32,5481.7001953125
PSA.MX,2026-04-06,2026-05-13,25,4996.0
PSA.MX,2024-08-16,2024-09-19,23,5979.0
PSA.MX,2025-11-12,2025-12-09,18,5072.0
PSA.MX,2024-09-30,2024-10-24,17,7095.6201171875
PSA.MX,2025-04-10,2025-05-08,17,5704.77001953125
PSA.MX,2026-02-26,2026-03-24,17,5213.22998046875
PSA.MX,2026-05-14,2026-06-08,17,5230.0
PSA.MX,2025-02-13,2025-03-06,15,6195.89990234375
PSA.MX,2025-03-12,2025-04-03,15,6122.81005859375
PSA.MX,2026-06-10,2026-06-29,13,5665.0
PSA.MX,2024-07-31,2024-08-15,11,5566.06982421875
PSA.MX,2025-08-07,2025-08-21,10,5286.72998046875
PSA.MX,2025-05-09,2025-05-22,9,5897.0
PSA.MX,2025-07-17,2025-07-30,9,5342.0
PSA.MX,2026-01-08,2026-01-21,9,4885.39990234375
PSA.MX,2026-02-12,2026-02-25,9,5016.0
PSA.MX,2024-07-19,2024-07-30,7,5478.25
PSA.MX,2024-11-07,2024-11-19,7,6500.52978515625
PSA.MX,2025-01-31,2025-02-12,7,6256.9501953125
PSA.MX,2024-07-10,2024-07-18,6,5103.39990234375
PSA.MX,2024-11-20,2024-11-28,6,6751.330078125
PSA.MX,2025-01-07,2025-01-15,6,6102.16015625
PSA.MX,2025-12-18,2025-12-29,6,4796.27978515625
PSA.MX,2024-07-02,2024-07-09,5,5206.4599609375
PSA.MX,2024-09-20,2024-09-27,5,6937.85986328125
PSA.MX,2025-10-16,2025-10-23,5,5666.0
PSA.MX,2025-11-04,2025-11-11,5,5100.47998046875
PSA.MX,2025-12-30,2026-01-07,5,4671.259765625
PSA.MX,2026-01-29,2026-02-06,5,4778.7998046875
PSA.MX,2026-03-25,2026-04-01,5,4734.0
PSX.MX,2024-10-29,2025-10-17,243,2475.0
PSX.MX,2024-05-07,2024-10-25,121,2454.280029296875
PSX.MX,2023-12-20,2024-05-06,91,2324.97998046875
PSX.MX,2025-10-20,2026-02-24,86,2380.0
PSX.MX,2023-01-02,2023-05-04,83,1971.0
PSX.MX,2026-02-25,2026-06-01,63,2590.0
PSX.MX,2023-09-25,2023-12-19,58,2091.0
PSX.MX,2023-06-23,2023-09-07,54,1559.3299560546875
PSX.MX,2023-05-05,2023-06-22,34,1674.3299560546875
PSX.MX,2026-06-02,2026-06-30,20,3169.0
PSX.MX,2023-09-08,2023-09-22,10,2152.0
PTC.MX,2023-12-26,2024-06-04,109,2968.2099609375
PTC.MX,2023-08-03,2023-11-13,71,2475.0
PTC.MX,2024-11-06,2025-02-04,59,3963.179931640625
PTC.MX,2023-03-16,2023-06-07,55,2245.0
PTC.MX,2023-01-02,2023-03-15,51,2418.0
PTC.MX,2024-09-04,2024-11-05,42,3399.510009765625
PTC.MX,2025-08-04,2025-10-01,41,4070.5400390625
PTC.MX,2024-06-05,2024-07-30,39,3017.1201171875
PTC.MX,2026-01-13,2026-03-05,36,3052.27001953125
PTC.MX,2023-06-08,2023-07-21,31,2392.0
PTC.MX,2025-04-09,2025-05-27,31,2970.820068359375
PTC.MX,2025-05-28,2025-07-09,30,3292.590087890625
PTC.MX,2023-11-14,2023-12-22,26,2655.5
PTC.MX,2025-10-02,2025-11-07,26,3743.489990234375
PTC.MX,2024-07-31,2024-09-03,24,3305.89990234375
PTC.MX,2026-05-07,2026-06-03,19,2535.0
PTC.MX,2025-12-16,2026-01-12,17,3149.0
PTC.MX,2025-03-04,2025-03-26,15,3318.0
PTC.MX,2026-04-10,2026-05-04,14,2305.0
PTC.MX,2025-02-12,2025-03-03,13,3390.0
PTC.MX,2025-11-13,2025-12-03,13,3263.489990234375
PTC.MX,2026-03-06,2026-03-26,13,2895.969970703125
PTC.MX,2025-03-27,2025-04-08,8,3275.2099609375
PTC.MX,2023-07-24,2023-08-02,7,2443.0
PTC.MX,2025-07-10,2025-07-21,7,3594.719970703125
PTC.MX,2026-03-27,2026-04-09,7,2503.5
PTC.MX,2025-12-04,2025-12-15,6,3264.0
PTC.MX,2026-06-22,2026-06-29,5,1992.0
PWR.MX,2026-03-18,2026-05-04,29,10160.0
PWR.MX,2025-07-01,2025-08-04,24,6875.0
PWR.MX,2024-05-08,2024-06-05,20,4485.02001953125
PWR.MX,2024-07-31,2024-08-28,20,4962.3701171875
PWR.MX,2024-09-30,2024-10-24,17,5842.58984375
PWR.MX,2025-09-04,2025-09-29,16,7022.7900390625
PWR.MX,2025-12-18,2026-01-12,15,7553.2900390625
PWR.MX,2024-07-10,2024-07-30,14,4588.89013671875
PWR.MX,2024-08-29,2024-09-19,14,5397.89990234375
PWR.MX,2024-12-13,2025-01-06,14,6857.93017578125
PWR.MX,2025-04-25,2025-05-16,14,5616.0
PWR.MX,2026-02-06,2026-02-25,13,8700.0
PWR.MX,2025-06-11,2025-06-27,12,6743.41015625
PWR.MX,2025-03-25,2025-04-09,11,5535.18994140625
PWR.MX,2026-01-13,2026-01-28,11,7934.0
PWR.MX,2025-01-28,2025-02-12,10,6154.91015625
PWR.MX,2025-02-13,2025-02-26,9,6175.43994140625
PWR.MX,2025-08-14,2025-08-27,9,7152.35986328125
PWR.MX,2025-11-14,2025-11-28,9,7900.0
PWR.MX,2025-03-11,2025-03-24,8,4992.990234375
PWR.MX,2025-04-10,2025-04-24,8,5508.5400390625
PWR.MX,2025-01-16,2025-01-27,7,6869.9599609375
PWR.MX,2025-10-27,2025-11-05,7,8158.35009765625
PWR.MX,2025-12-01,2025-12-10,7,8265.0
PWR.MX,2024-11-20,2024-11-28,6,6709.14013671875
PWR.MX,2025-01-07,2025-01-15,6,6619.60009765625
PWR.MX,2025-05-23,2025-06-02,6,6456.85009765625
PWR.MX,2024-07-02,2024-07-09,5,4590.990234375
PWR.MX,2024-09-20,2024-09-27,5,5621.740234375
PWR.MX,2024-11-07,2024-11-14,5,6282.18017578125
PWR.MX,2025-02-27,2025-03-06,5,5298.97998046875
PWR.MX,2025-06-03,2025-06-10,5,6876.35009765625
PWR.MX,2025-10-09,2025-10-16,5,7900.0
PWR.MX,2025-11-06,2025-11-13,5,8243.0
PWR.MX,2026-02-26,2026-03-05,5,9677.58984375
PWR.MX,2026-03-09,2026-03-17,5,9650.0
RBLX.MX,2023-02-07,2023-02-22,11,724.6400146484375
RBLX.MX,2023-03-24,2023-04-10,9,799.0
RBLX.MX,2025-03-11,2025-03-25,9,1105.7900390625
RBLX.MX,2024-08-05,2024-08-15,8,711.0
RBLX.MX,2023-09-11,2023-09-20,7,520.0
RBLX.MX,2024-01-04,2024-01-15,7,729.0
RBLX.MX,2024-04-11,2024-04-22,7,662.0
RBLX.MX,2024-12-16,2024-12-26,7,1235.0
RBLX.MX,2023-03-02,2023-03-10,6,709.0
RBLX.MX,2023-07-03,2023-07-11,6,713.0
RBLX.MX,2024-01-25,2024-02-02,6,706.0
RBLX.MX,2024-06-17,2024-06-25,6,647.6300048828125
RBLX.MX,2024-09-26,2024-10-07,6,880.0
RBLX.MX,2025-04-01,2025-04-09,6,1205.050048828125
RBLX.MX,2025-05-16,2025-05-26,6,1588.219970703125
RBLX.MX,2025-05-28,2025-06-05,6,1650.0
RBLX.MX,2023-01-03,2023-01-10,5,573.0
RBLX.MX,2023-06-14,2023-06-21,5,675.0
RBLX.MX,2024-07-17,2024-07-24,5,710.0
RBRK.MX,2024-07-30,2025-04-30,186,674.9099731445312
RBRK.MX,2025-06-09,2025-08-06,42,1792.5
RBRK.MX,2025-05-20,2025-06-04,11,1716.0
RBRK.MX,2025-12-17,2025-12-29,7,1325.0
RBRK.MX,2026-02-10,2026-02-19,7,960.0
RBRK.MX,2025-05-09,2025-05-19,6,1548.0
RBRK.MX,2025-08-14,2025-08-21,5,1641.0
RBRK.MX,2026-06-23,2026-06-30,5,1305.0
RCL.MX,2024-05-22,2024-05-30,6,2503.800048828125
RCL.MX,2024-12-23,2025-01-02,6,4800.0
RCL.MX,2025-01-07,2025-01-14,5,4560.0
RCL.MX,2025-12-23,2025-12-31,5,5294.0
RCL.MX,2026-03-18,2026-03-25,5,4800.0
RDDT.MX,2024-09-04,2024-09-30,17,1188.469970703125
RDDT.MX,2024-10-11,2024-10-28,11,1395.0
RDDT.MX,2024-08-23,2024-09-03,7,1100.0
RDDT.MX,2024-08-08,2024-08-16,6,1030.0
RDDT.MX,2024-10-02,2024-10-10,6,1292.739990234375
REGN.MX,2025-12-15,2026-02-03,33,13560.0
REGN.MX,2024-01-17,2024-02-19,22,16291.0703125
REGN.MX,2025-04-30,2025-05-29,20,11620.0302734375
REGN.MX,2023-09-12,2023-10-04,16,14374.98046875
REGN.MX,2024-05-07,2024-05-29,16,16289.759765625
REGN.MX,2023-08-11,2023-08-31,14,13687.0
REGN.MX,2024-02-22,2024-03-12,13,16380.0
REGN.MX,2026-03-20,2026-04-09,12,13118.990234375
REGN.MX,2026-03-03,2026-03-19,11,13790.0
REGN.MX,2023-11-27,2023-12-11,10,13696.6103515625
REGN.MX,2024-04-03,2024-04-17,10,15794.330078125
REGN.MX,2025-02-13,2025-02-27,10,13757.240234375
REGN.MX,2025-04-09,2025-04-25,10,11544.7900390625
REGN.MX,2023-04-18,2023-05-02,9,14581.3603515625
REGN.MX,2023-06-09,2023-06-22,9,12896.5302734375
REGN.MX,2023-07-26,2023-08-08,9,12290.0
REGN.MX,2023-11-07,2023-11-21,9,14492.740234375
REGN.MX,2026-02-06,2026-02-19,9,13484.0
REGN.MX,2023-02-24,2023-03-08,8,13939.349609375
REGN.MX,2024-01-04,2024-01-16,8,15639.669921875
REGN.MX,2025-11-06,2025-11-19,8,12155.0
REGN.MX,2023-02-09,2023-02-20,7,14035.7998046875
REGN.MX,2024-04-24,2024-05-06,7,15516.0
REGN.MX,2025-03-27,2025-04-07,7,13011.6103515625
REGN.MX,2023-01-06,2023-01-16,6,14253.5302734375
REGN.MX,2023-05-24,2023-06-01,6,13136.1103515625
REGN.MX,2023-07-05,2023-07-13,6,12132.2099609375
REGN.MX,2024-03-14,2024-03-25,6,16017.400390625
REGN.MX,2024-07-31,2024-08-08,6,20193.939453125
REGN.MX,2025-06-12,2025-06-20,6,9875.0
REGN.MX,2025-08-28,2025-09-05,6,10770.599609375
REGN.MX,2025-09-11,2025-09-22,6,10500.0
REGN.MX,2025-12-01,2025-12-09,6,13789.0
REGN.MX,2026-05-07,2026-05-15,6,12230.0
REGN.MX,2023-03-30,2023-04-10,5,14649.91015625
REGN.MX,2023-10-16,2023-10-23,5,15116.01953125
REGN.MX,2023-10-27,2023-11-06,5,13944.5400390625
REGN.MX,2024-07-02,2024-07-09,5,19107.669921875
REGN.MX,2025-01-08,2025-01-15,5,15076.1396484375
REGN.MX,2025-02-04,2025-02-11,5,14423.0
REGN.MX,2026-04-10,2026-04-17,5,12800.0
REGN.MX,2026-05-18,2026-05-25,5,10825.0
REGN.MX,2026-06-23,2026-06-30,5,10835.990234375
RF.MX,2023-01-27,2025-05-07,567,437.0
RF.MX,2025-09-10,2026-06-16,188,504.6099853515625
RF.MX,2025-05-08,2025-08-21,75,409.010009765625
RF.MX,2023-01-02,2023-01-26,18,495.0
RF.MX,2025-08-22,2025-09-04,9,498.0
RF.MX,2026-06-17,2026-06-30,9,501.0
RGLD.MX,2023-01-02,2024-02-14,281,2038.0
RGLD.MX,2024-11-04,2025-07-24,179,2917.0
RGLD.MX,2024-02-15,2024-08-26,133,1825.0
RGLD.MX,2025-07-25,2025-09-15,36,2830.31005859375
RGLD.MX,2024-08-27,2024-10-04,26,2772.10009765625
RGLD.MX,2025-11-12,2025-12-22,26,3552.75
RGLD.MX,2024-10-07,2024-11-01,19,2600.0
RGLD.MX,2025-12-23,2026-01-15,15,4189.0
RGLD.MX,2026-02-26,2026-03-20,15,5000.0
RGLD.MX,2026-05-06,2026-05-27,15,4056.0
RGLD.MX,2025-09-19,2025-10-07,12,3492.469970703125
RGLD.MX,2026-02-09,2026-02-25,12,4795.0
RGLD.MX,2026-06-05,2026-06-19,10,3670.0
RGLD.MX,2025-10-29,2025-11-11,9,3286.0
RGLD.MX,2026-03-24,2026-04-06,7,3990.0
RGLD.MX,2026-06-22,2026-06-30,6,3717.0
RGLD.MX,2026-01-29,2026-02-06,5,5017.0
RGLD.MX,2026-05-28,2026-06-04,5,3762.0
RKT.MX,2023-01-25,2023-08-03,131,164.0
RKT.MX,2024-12-30,2025-04-10,70,220.0
RKT.MX,2023-08-14,2023-11-01,57,193.0
RKT.MX,2026-03-06,2026-05-06,38,263.3399963378906
RKT.MX,2025-04-16,2025-06-11,37,248.0
RKT.MX,2024-04-08,2024-05-27,34,215.80999755859375
RKT.MX,2024-07-30,2024-09-13,33,294.0
RKT.MX,2024-11-13,2024-12-27,29,285.0
RKT.MX,2024-02-22,2024-04-05,28,186.00999450683594
RKT.MX,2023-11-03,2023-12-13,26,139.7100067138672
RKT.MX,2024-01-16,2024-02-21,25,205.0
RKT.MX,2026-01-07,2026-02-06,21,390.0
RKT.MX,2026-06-02,2026-06-30,20,243.27000427246094
RKT.MX,2024-09-18,2024-10-15,18,398.25
RKT.MX,2024-10-16,2024-11-11,18,368.0
RKT.MX,2023-01-02,2023-01-24,16,204.00999450683594
RKT.MX,2025-12-10,2026-01-06,16,350.0
RKT.MX,2026-05-08,2026-06-01,16,257.0
RKT.MX,2024-07-08,2024-07-29,15,235.0
RKT.MX,2025-08-05,2025-08-26,15,318.5
RKT.MX,2025-11-18,2025-12-09,15,306.1199951171875
RKT.MX,2026-02-09,2026-02-27,14,333.0
RKT.MX,2023-12-15,2024-01-05,13,238.10000610351562
RKT.MX,2024-06-07,2024-06-21,10,260.0
RKT.MX,2024-06-24,2024-07-05,9,270.0
RKT.MX,2025-10-10,2025-10-22,8,305.0
RKT.MX,2024-05-28,2024-06-06,7,235.19000244140625
RKT.MX,2025-07-23,2025-08-01,7,303.0
RKT.MX,2025-06-12,2025-06-20,6,249.0
RKT.MX,2025-06-27,2025-07-04,5,274.0
RKT.MX,2025-09-17,2025-09-24,5,389.0
RMD.MX,2023-05-22,2023-11-06,119,4012.0
RMD.MX,2025-09-04,2025-12-16,70,5120.0
RMD.MX,2025-12-23,2026-03-30,65,4458.0
RMD.MX,2024-07-25,2024-10-11,54,3836.0
RMD.MX,2023-11-07,2024-01-24,52,2671.389892578125
RMD.MX,2024-01-29,2024-04-11,49,3311.0
RMD.MX,2026-04-30,2026-06-29,41,3716.10009765625
RMD.MX,2025-01-22,2025-03-07,31,5111.0
RMD.MX,2024-04-12,2024-05-27,30,3040.0
RMD.MX,2023-01-25,2023-03-08,29,4290.0
RMD.MX,2023-03-09,2023-04-24,29,3854.0
RMD.MX,2025-05-06,2025-06-16,29,4745.0
RMD.MX,2025-06-17,2025-07-28,29,4740.0
RMD.MX,2024-06-17,2024-07-22,25,3900.0
RMD.MX,2024-12-17,2025-01-21,23,4905.0
RMD.MX,2024-10-14,2024-11-13,22,4675.68017578125
RMD.MX,2025-03-10,2025-04-04,18,4797.33984375
RMD.MX,2026-03-31,2026-04-29,18,4030.0
RMD.MX,2024-11-20,2024-12-16,17,4826.0
RMD.MX,2023-01-02,2023-01-24,16,3981.0
RMD.MX,2025-07-30,2025-08-18,13,5196.58984375
RMD.MX,2025-04-14,2025-05-05,12,4298.0
RMD.MX,2024-05-30,2024-06-14,11,3541.0
RMD.MX,2025-08-19,2025-09-03,11,5363.0
RMD.MX,2023-04-28,2023-05-15,10,4344.0
ROK.MX,2024-08-01,2025-03-03,145,4914.97998046875
ROK.MX,2023-11-21,2024-05-14,117,4647.10009765625
ROK.MX,2026-02-25,2026-06-24,80,6853.0
ROK.MX,2023-03-02,2023-06-13,69,5326.5498046875
ROK.MX,2024-05-15,2024-07-31,55,4559.0
ROK.MX,2023-01-02,2023-03-01,41,5006.080078125
ROK.MX,2025-10-01,2025-11-14,32,6346.77001953125
ROK.MX,2025-08-04,2025-09-03,22,6543.77978515625
ROK.MX,2025-04-22,2025-05-22,21,4513.39013671875
ROK.MX,2025-06-04,2025-06-27,17,6145.0
ROK.MX,2025-09-04,2025-09-30,17,6386.33984375
ROK.MX,2025-12-16,2026-01-12,17,7267.14990234375
ROK.MX,2023-06-14,2023-07-06,16,5386.490234375
ROK.MX,2026-01-13,2026-02-04,15,7454.0
ROK.MX,2023-10-30,2023-11-17,13,4720.10986328125
ROK.MX,2025-06-30,2025-07-17,13,6205.0
ROK.MX,2023-07-07,2023-07-25,12,5580.83984375
ROK.MX,2025-03-04,2025-03-21,12,5643.0
ROK.MX,2025-04-01,2025-04-21,12,5255.0
ROK.MX,2025-11-18,2025-12-03,11,6700.0
ROK.MX,2023-08-03,2023-08-17,10,5160.10986328125
ROK.MX,2025-07-18,2025-08-01,10,6646.0
ROK.MX,2023-09-06,2023-09-15,7,5411.35009765625
ROK.MX,2025-05-23,2025-06-03,7,5864.509765625
ROK.MX,2026-02-05,2026-02-16,7,7000.56005859375
ROK.MX,2023-08-18,2023-08-28,6,4926.43994140625
ROK.MX,2023-09-25,2023-10-03,6,4891.490234375
ROK.MX,2023-10-16,2023-10-24,6,5222.0
ROK.MX,2025-12-04,2025-12-15,6,7323.0
ROK.MX,2023-07-26,2023-08-02,5,5469.66015625
ROK.MX,2025-03-24,2025-03-31,5,5200.0
ROKU.MX,2026-01-15,2026-01-26,7,1855.0
ROKU.MX,2026-03-23,2026-04-01,7,1719.0
ROKU.MX,2025-03-24,2025-04-01,6,1600.0
ROKU.MX,2026-05-13,2026-05-21,6,2160.0
ROKU.MX,2025-05-19,2025-05-26,5,1360.0
ROKU.MX,2026-03-06,2026-03-13,5,1760.0
ROKU.MX,2026-05-28,2026-06-04,5,2252.0
ROKU.MX,2026-06-05,2026-06-12,5,2158.0
ROL.MX,2024-07-02,2024-09-06,48,895.9000244140625
ROL.MX,2025-04-22,2025-06-23,43,1080.5
ROL.MX,2025-07-30,2025-09-30,43,1083.0
ROL.MX,2023-12-19,2024-02-15,39,725.5
ROL.MX,2025-02-14,2025-04-08,36,1037.030029296875
ROL.MX,2026-01-06,2026-02-19,31,1055.0
ROL.MX,2026-02-20,2026-04-08,30,1040.800048828125
ROL.MX,2024-09-09,2024-10-22,29,979.6300048828125
ROL.MX,2024-12-16,2025-01-27,28,967.0499877929688
ROL.MX,2025-10-01,2025-11-10,28,1053.0
ROL.MX,2024-11-07,2024-12-13,24,961.0
ROL.MX,2026-05-29,2026-06-29,21,824.6900024414062
ROL.MX,2025-06-30,2025-07-24,18,1046.0
ROL.MX,2025-12-09,2026-01-05,16,1077.699951171875
ROL.MX,2026-04-09,2026-05-05,16,959.5
ROL.MX,2026-05-06,2026-05-28,16,937.0499877929688
ROL.MX,2024-02-16,2024-03-08,15,690.4299926757812
ROL.MX,2024-05-06,2024-05-27,15,788.2999877929688
ROL.MX,2024-03-11,2024-04-02,13,757.1300048828125
ROL.MX,2024-04-03,2024-04-19,12,757.8900146484375
ROL.MX,2025-01-28,2025-02-13,11,1025.0
ROL.MX,2024-05-28,2024-06-10,9,773.0
ROL.MX,2024-06-18,2024-07-01,9,917.1099853515625
ROL.MX,2024-10-23,2024-11-05,9,987.530029296875
ROL.MX,2025-11-25,2025-12-08,9,1118.0
ROL.MX,2025-11-11,2025-11-24,8,1058.31005859375
ROL.MX,2024-04-22,2024-05-02,7,729.5
ROL.MX,2025-04-09,2025-04-21,6,1067.0
ROST.MX,2026-01-08,2026-02-18,28,3400.0
ROST.MX,2026-03-04,2026-04-15,27,3684.0
ROST.MX,2025-12-10,2026-01-07,17,3285.0
ROST.MX,2024-12-30,2025-01-21,15,3134.0
ROST.MX,2023-01-02,2023-01-20,14,2249.0
ROST.MX,2024-05-02,2024-05-22,14,2177.800048828125
ROST.MX,2025-10-15,2025-11-03,13,2880.0
ROST.MX,2025-11-20,2025-12-09,13,2998.0
ROST.MX,2026-05-04,2026-05-21,13,3810.0
ROST.MX,2025-08-14,2025-09-01,12,2800.0
ROST.MX,2023-04-11,2023-04-26,11,1912.0
ROST.MX,2025-06-13,2025-06-30,11,2521.0
ROST.MX,2025-09-02,2025-09-18,11,2829.6201171875
ROST.MX,2026-06-15,2026-06-30,11,4100.0
ROST.MX,2023-05-11,2023-05-25,10,1795.0
ROST.MX,2023-06-06,2023-06-20,10,1802.0
ROST.MX,2024-03-07,2024-03-22,10,2350.5
ROST.MX,2023-10-24,2023-11-07,9,2100.0
ROST.MX,2025-04-14,2025-04-29,9,2875.0
ROST.MX,2026-04-16,2026-04-30,9,3815.530029296875
ROST.MX,2024-06-07,2024-06-19,8,2652.5
ROST.MX,2024-07-08,2024-07-18,8,2600.6201171875
ROST.MX,2024-09-06,2024-09-19,8,3022.0
ROST.MX,2025-03-28,2025-04-09,8,2561.110107421875
ROST.MX,2025-11-04,2025-11-14,8,2992.0
ROST.MX,2026-05-27,2026-06-08,8,4059.0
ROST.MX,2023-06-28,2023-07-07,7,1858.75
ROST.MX,2023-07-28,2023-08-08,7,1915.0
ROST.MX,2023-12-28,2024-01-09,7,2341.219970703125
ROST.MX,2024-04-11,2024-04-22,7,2294.0
ROST.MX,2025-10-03,2025-10-14,7,2840.219970703125
ROST.MX,2026-02-19,2026-03-02,7,3450.0
ROST.MX,2023-01-31,2023-02-09,6,2216.550048828125
ROST.MX,2023-05-02,2023-05-10,6,1900.0
ROST.MX,2023-07-10,2023-07-18,6,1873.4000244140625
ROST.MX,2023-07-19,2023-07-27,6,1878.0
ROST.MX,2024-04-02,2024-04-10,6,2379.10009765625
ROST.MX,2024-06-21,2024-07-01,6,2697.72998046875
ROST.MX,2024-08-07,2024-08-15,6,2654.0
ROST.MX,2024-12-09,2024-12-18,6,3177.0
ROST.MX,2025-04-30,2025-05-09,6,2715.5
ROST.MX,2025-07-22,2025-07-30,6,2526.0
ROST.MX,2023-03-14,2023-03-22,5,1927.1300048828125
ROST.MX,2023-03-30,2023-04-10,5,1869.0
ROST.MX,2023-08-29,2023-09-05,5,2043.0
ROST.MX,2023-09-15,2023-09-22,5,2015.550048828125
ROST.MX,2023-12-11,2023-12-19,5,2337.0
ROST.MX,2024-02-13,2024-02-20,5,2478.25
ROST.MX,2024-04-23,2024-04-30,5,2277.0
ROST.MX,2024-07-19,2024-07-26,5,2584.360107421875
ROST.MX,2024-10-18,2024-10-25,5,2989.0
ROST.MX,2025-05-28,2025-06-04,5,2724.0
ROST.MX,2025-06-05,2025-06-12,5,2712.0
RRX.MX,2023-03-15,2023-12-27,197,2663.60009765625
RRX.MX,2024-12-03,2025-08-13,173,3553.0
RRX.MX,2023-12-28,2024-05-29,103,2517.0
RRX.MX,2025-09-02,2026-01-30,103,2700.0
RRX.MX,2026-02-03,2026-06-30,100,2853.0
RRX.MX,2024-05-30,2024-09-05,70,2478.0
RRX.MX,2024-09-06,2024-12-02,58,3025.0
RRX.MX,2023-01-31,2023-03-14,29,2606.0
RRX.MX,2025-08-20,2025-09-01,8,2770.0
RRX.MX,2023-01-06,2023-01-17,7,2415.0
RSGA.MX,2025-08-14,2025-11-21,69,4367.080078125
RSGA.MX,2025-03-05,2025-05-22,52,4827.919921875
RSGA.MX,2024-02-28,2024-05-10,48,3176.830078125
RSGA.MX,2023-09-01,2023-11-01,43,2459.919921875
RSGA.MX,2024-06-24,2024-08-21,42,3491.0
RSGA.MX,2025-12-19,2026-02-17,39,3841.889892578125
RSGA.MX,2026-03-13,2026-05-07,34,4016.330078125
RSGA.MX,2024-11-07,2024-12-18,27,4140.0
RSGA.MX,2026-05-08,2026-06-16,27,3431.989990234375
RSGA.MX,2024-09-24,2024-10-25,22,3907.909912109375
RSGA.MX,2025-06-23,2025-07-21,20,4782.60986328125
RSGA.MX,2023-05-03,2023-05-30,19,2609.739990234375
RSGA.MX,2025-05-27,2025-06-20,18,4920.85009765625
RSGA.MX,2023-11-17,2023-12-14,17,2740.10009765625
RSGA.MX,2024-01-12,2024-02-06,16,2796.2900390625
RSGA.MX,2024-12-19,2025-01-13,15,4130.72998046875
RSGA.MX,2025-02-13,2025-03-03,12,4563.31982421875
RSGA.MX,2025-07-28,2025-08-13,12,4536.39990234375
RSGA.MX,2023-07-21,2023-08-04,10,2600.0
RSGA.MX,2023-12-27,2024-01-11,10,2765.5
RSGA.MX,2025-01-14,2025-01-28,10,4226.06005859375
RSGA.MX,2026-02-18,2026-03-04,10,3601.590087890625
RSGA.MX,2023-08-07,2023-08-18,9,2492.81005859375
RSGA.MX,2024-09-03,2024-09-17,9,4077.699951171875
RSGA.MX,2023-01-02,2023-01-12,8,2550.35009765625
RSGA.MX,2023-04-03,2023-04-17,8,2417.0
RSGA.MX,2023-06-22,2023-07-04,8,2520.27001953125
RSGA.MX,2023-11-06,2023-11-16,8,2713.800048828125
RSGA.MX,2024-02-07,2024-02-19,8,2975.449951171875
RSGA.MX,2025-11-24,2025-12-04,8,4021.02001953125
RSGA.MX,2025-12-05,2025-12-18,8,3941.570068359375
RSGA.MX,2023-01-13,2023-01-24,7,2325.0
RSGA.MX,2024-10-28,2024-11-06,7,3978.169921875
RSGA.MX,2024-05-30,2024-06-07,6,3094.139892578125
RSGA.MX,2024-06-13,2024-06-21,6,3446.8798828125
RSGA.MX,2025-01-31,2025-02-11,6,4483.740234375
RSGA.MX,2023-03-16,2023-03-24,5,2605.949951171875
RSGA.MX,2023-07-12,2023-07-19,5,2469.5
RSGA.MX,2024-02-20,2024-02-27,5,3085.8701171875
RSGA.MX,2024-05-21,2024-05-28,5,3097.97998046875
RTX.MX,2025-03-24,2025-04-28,23,2622.0
RTX.MX,2025-08-06,2025-08-28,16,2910.0
RTX.MX,2025-05-16,2025-06-06,15,2635.60009765625
RTX.MX,2023-03-14,2023-04-04,14,1835.0
RTX.MX,2023-05-25,2023-06-13,13,1650.0
RTX.MX,2024-02-21,2024-03-11,13,1550.0
RTX.MX,2024-12-10,2024-12-31,13,2386.0
RTX.MX,2023-11-09,2023-11-28,12,1455.0
RTX.MX,2024-09-03,2024-09-20,12,2426.570068359375
RTX.MX,2023-01-02,2023-01-17,11,1940.0
RTX.MX,2023-02-16,2023-03-03,11,1868.0
RTX.MX,2023-08-18,2023-09-04,11,1467.0
RTX.MX,2025-04-29,2025-05-15,11,2452.0
RTX.MX,2024-04-02,2024-04-16,10,1640.0
RTX.MX,2023-02-01,2023-02-15,9,1841.31005859375
RTX.MX,2023-05-11,2023-05-23,8,1680.0
RTX.MX,2024-06-14,2024-06-26,8,1925.0
RTX.MX,2024-06-27,2024-07-09,8,1848.0
RTX.MX,2025-03-10,2025-03-21,8,2622.659912109375
RTX.MX,2026-02-17,2026-02-27,8,3512.0
RTX.MX,2023-10-27,2023-11-08,7,1400.0
RTX.MX,2024-05-31,2024-06-11,7,1771.2099609375
RTX.MX,2024-08-12,2024-08-21,7,2239.97998046875
RTX.MX,2024-08-22,2024-09-02,7,2244.409912109375
RTX.MX,2024-10-03,2024-10-14,7,2470.389892578125
RTX.MX,2024-11-28,2024-12-09,7,2500.0
RTX.MX,2025-02-13,2025-02-24,7,2592.0
RTX.MX,2025-09-03,2025-09-12,7,2947.0
RTX.MX,2026-02-05,2026-02-16,7,3423.0
RTX.MX,2023-04-05,2023-04-17,6,1815.0
RTX.MX,2024-04-23,2024-05-02,6,1745.0
RTX.MX,2024-09-23,2024-10-02,6,2355.179931640625
RTX.MX,2025-07-23,2025-07-31,6,2875.0
RTX.MX,2025-10-15,2025-10-23,6,2907.0
RTX.MX,2025-12-15,2025-12-23,6,3255.0
RTX.MX,2023-07-07,2023-07-14,5,1674.0
RTX.MX,2023-07-17,2023-07-24,5,1617.0
RTX.MX,2023-09-19,2023-09-26,5,1288.0
RTX.MX,2024-10-22,2024-10-29,5,2532.590087890625
RTX.MX,2024-10-30,2024-11-06,5,2530.0
RTX.MX,2024-11-19,2024-11-26,5,2420.0
RTX.MX,2026-01-23,2026-01-30,5,3409.070068359375
SAIA.MX,2025-08-20,2026-01-23,107,5613.080078125
SAIA.MX,2026-01-26,2026-06-30,105,5908.81982421875
SAIA.MX,2025-05-12,2025-07-24,53,5712.0
SAIA.MX,2024-09-25,2024-11-20,38,8946.26953125
SAIA.MX,2024-11-27,2025-01-07,26,11481.650390625
SAIA.MX,2025-07-25,2025-08-19,17,6245.0
SAIA.MX,2025-01-08,2025-01-30,16,9266.5
SAIA.MX,2025-03-24,2025-04-14,15,7542.0
SAIA.MX,2025-01-31,2025-02-21,14,9877.759765625
SAIA.MX,2025-04-28,2025-05-09,8,4740.0
SAIA.MX,2025-02-25,2025-03-05,6,8276.0
SAIA.MX,2025-04-15,2025-04-25,6,6613.6298828125
SAIA.MX,2025-03-13,2025-03-21,5,7075.0
SBAC.MX,2023-03-13,2024-06-24,321,4712.509765625
SBAC.MX,2024-11-11,2025-06-30,156,4494.5400390625
SBAC.MX,2026-03-20,2026-06-30,68,3220.0
SBAC.MX,2024-06-25,2024-09-18,60,3488.800048828125
SBAC.MX,2023-01-02,2023-03-10,48,5437.9501953125
SBAC.MX,2026-01-16,2026-03-19,42,3415.389892578125
SBAC.MX,2025-07-01,2025-08-20,36,4471.97021484375
SBAC.MX,2025-11-03,2025-12-19,32,3530.840087890625
SBAC.MX,2024-09-19,2024-10-31,29,4524.18017578125
SBAC.MX,2025-10-02,2025-10-31,21,3501.89990234375
SBAC.MX,2025-12-22,2026-01-15,16,3445.0
SBAC.MX,2025-08-21,2025-09-08,12,4117.47021484375
SBAC.MX,2025-09-12,2025-10-01,12,3715.0
SBAC.MX,2024-11-01,2024-11-08,5,4604.41015625
SCCO.MX,2025-04-24,2025-07-28,66,1761.5853271484375
SCCO.MX,2023-10-02,2024-01-02,61,1187.860595703125
SCCO.MX,2024-12-09,2025-02-10,41,2012.71923828125
SCCO.MX,2023-08-14,2023-09-29,34,1271.8739013671875
SCCO.MX,2023-02-09,2023-03-28,32,1291.1031494140625
SCCO.MX,2023-06-01,2023-07-11,28,1007.2435913085938
SCCO.MX,2025-12-01,2026-01-13,28,2443.714111328125
SCCO.MX,2025-10-22,2025-11-28,26,2230.730224609375
SCCO.MX,2023-04-26,2023-05-31,24,1258.3218994140625
SCCO.MX,2024-08-22,2024-09-26,24,1869.1336669921875
SCCO.MX,2025-02-26,2025-04-02,24,1801.0963134765625
SCCO.MX,2024-01-18,2024-02-13,17,1278.28369140625
SCCO.MX,2026-03-02,2026-03-26,17,3678.628662109375
SCCO.MX,2024-09-27,2024-10-22,16,2113.8330078125
SCCO.MX,2024-11-13,2024-12-06,16,1967.6904296875
SCCO.MX,2024-07-18,2024-08-08,15,1789.2330322265625
SCCO.MX,2024-02-21,2024-03-12,14,1295.6815185546875
SCCO.MX,2024-10-23,2024-11-12,14,2113.82373046875
SCCO.MX,2026-03-27,2026-04-20,14,2837.240234375
SCCO.MX,2024-04-09,2024-04-26,13,1712.3232421875
SCCO.MX,2024-06-13,2024-07-01,12,1776.391357421875
SCCO.MX,2026-02-06,2026-02-24,12,3278.981201171875
SCCO.MX,2023-07-26,2023-08-09,10,1296.8260498046875
SCCO.MX,2026-05-13,2026-05-27,10,3297.03564453125
SCCO.MX,2023-07-12,2023-07-25,9,1128.11279296875
SCCO.MX,2024-01-04,2024-01-17,9,1295.6815185546875
SCCO.MX,2025-08-22,2025-09-04,9,1692.863525390625
SCCO.MX,2023-04-13,2023-04-25,8,1324.983154296875
SCCO.MX,2024-07-05,2024-07-17,8,1967.8983154296875
SCCO.MX,2024-08-09,2024-08-21,8,1789.233154296875
SCCO.MX,2023-01-02,2023-01-11,7,1098.8111572265625
SCCO.MX,2025-08-04,2025-08-13,7,1659.8900146484375
SCCO.MX,2023-03-29,2023-04-10,6,1248.9820556640625
SCCO.MX,2024-03-19,2024-03-27,6,1529.1788330078125
SCCO.MX,2024-05-07,2024-05-14,5,1785.5679931640625
SCCO.MX,2025-02-18,2025-02-25,5,1865.3133544921875
SCCO.MX,2026-01-16,2026-01-23,5,3139.944580078125
SCCO.MX,2026-05-05,2026-05-12,5,2884.201416015625
SCCO.MX,2026-06-12,2026-06-19,5,3208.498046875
SCCO.MX,2026-06-23,2026-06-30,5,3271.778564453125
SCHW.MX,2025-05-27,2025-06-11,11,1676.18994140625
SCHW.MX,2026-01-02,2026-01-19,11,1803.0
SCHW.MX,2024-05-08,2024-05-22,10,1276.1400146484375
SCHW.MX,2025-06-12,2025-06-26,10,1664.0
SCHW.MX,2025-03-26,2025-04-08,9,1669.0
SCHW.MX,2025-12-04,2025-12-18,9,1735.0
SCHW.MX,2026-03-13,2026-03-26,8,1675.0
SCHW.MX,2023-09-25,2023-10-04,7,982.0
SCHW.MX,2023-10-26,2023-11-07,7,940.0
SCHW.MX,2025-01-07,2025-01-16,7,1461.6800537109375
SCHW.MX,2025-07-07,2025-07-16,7,1723.0
SCHW.MX,2023-01-03,2023-01-11,6,1596.1099853515625
SCHW.MX,2023-12-20,2023-12-29,6,1165.0
SCHW.MX,2024-12-26,2025-01-06,6,1478.0
SCHW.MX,2025-02-14,2025-02-24,6,1629.1700439453125
SCHW.MX,2025-04-24,2025-05-05,6,1544.510009765625
SCHW.MX,2025-10-01,2025-10-09,6,1703.5899658203125
SCHW.MX,2025-10-31,2025-11-10,6,1740.0
SCHW.MX,2025-11-25,2025-12-03,6,1666.2099609375
SCHW.MX,2023-01-12,2023-01-19,5,1579.5899658203125
SCHW.MX,2023-02-08,2023-02-15,5,1534.0
SCHW.MX,2023-02-22,2023-03-01,5,1467.02001953125
SCHW.MX,2023-09-01,2023-09-08,5,1033.0
SCHW.MX,2023-10-05,2023-10-12,5,931.2999877929688
SCHW.MX,2024-12-09,2024-12-17,5,1659.0
SCHW.MX,2025-05-09,2025-05-16,5,1631.43994140625
SCHW.MX,2025-05-19,2025-05-26,5,1722.0999755859375
SCHW.MX,2025-08-18,2025-08-25,5,1810.3599853515625
SCHW.MX,2026-01-21,2026-01-28,5,1800.0
SCHW.MX,2026-02-20,2026-02-27,5,1597.3499755859375
SCI.MX,2025-05-06,2026-06-22,283,1389.0
SCI.MX,2024-08-13,2025-05-05,178,1406.0
SCI.MX,2023-10-02,2024-02-12,89,967.2000122070312
SCI.MX,2023-06-07,2023-09-06,65,1124.97998046875
SCI.MX,2024-06-07,2024-08-12,46,1308.989990234375
SCI.MX,2024-04-29,2024-06-06,27,1213.6099853515625
SCI.MX,2024-02-15,2024-03-22,25,1205.0
SCI.MX,2024-03-26,2024-04-26,21,1255.5899658203125
SCI.MX,2023-09-07,2023-09-29,16,1040.0
SCI.MX,2023-05-18,2023-05-29,7,1156.0
SCI.MX,2023-03-07,2023-03-15,6,1202.0
SCI.MX,2023-03-30,2023-04-11,6,1229.030029296875
SCI.MX,2023-05-02,2023-05-10,6,1222.030029296875
SCI.MX,2023-02-22,2023-03-01,5,1291.43994140625
SCI.MX,2023-04-21,2023-04-28,5,1265.449951171875
SCI.MX,2026-06-23,2026-06-30,5,1291.0
SHW.MX,2025-10-01,2025-10-20,13,6329.0
SHW.MX,2026-02-05,2026-02-19,10,6272.0
SHW.MX,2025-04-23,2025-05-07,9,6507.2001953125
SHW.MX,2023-09-14,2023-09-26,8,4542.85009765625
SHW.MX,2026-03-23,2026-04-06,8,5604.60009765625
SHW.MX,2026-04-14,2026-04-27,8,5768.66015625
SHW.MX,2023-01-03,2023-01-12,7,4638.08984375
SHW.MX,2023-04-27,2023-05-09,7,4124.0
SHW.MX,2023-08-07,2023-08-16,7,4588.35009765625
SHW.MX,2025-09-10,2025-09-22,7,6664.0
SHW.MX,2025-12-10,2025-12-22,7,5842.6201171875
SHW.MX,2026-06-05,2026-06-16,7,5325.0
SHW.MX,2023-09-01,2023-09-11,6,4676.25
SHW.MX,2023-10-13,2023-10-23,6,4353.4501953125
SHW.MX,2024-04-08,2024-04-16,6,5423.10986328125
SHW.MX,2025-03-27,2025-04-04,6,7030.0
SHW.MX,2025-11-24,2025-12-02,6,6256.8798828125
SHW.MX,2026-01-05,2026-01-13,6,5880.0
SHW.MX,2023-01-13,2023-01-20,5,4550.75
SHW.MX,2024-10-09,2024-10-16,5,7296.97998046875
SHW.MX,2025-01-06,2025-01-13,5,6879.0
SHW.MX,2025-09-02,2025-09-09,5,6761.0
SHW.MX,2025-11-04,2025-11-11,5,6323.56982421875
SHW.MX,2025-12-24,2026-01-02,5,5831.0
SHW.MX,2026-01-21,2026-01-28,5,6137.47021484375
SHW.MX,2026-02-20,2026-02-27,5,6145.1201171875
SITM.MX,2026-03-10,2026-04-15,23,6431.77001953125
SITM.MX,2025-12-31,2026-01-19,12,6546.91015625
SITM.MX,2026-01-20,2026-02-04,10,6432.60986328125
SITM.MX,2026-05-06,2026-05-20,10,10770.0
SITM.MX,2026-06-05,2026-06-19,10,10956.08984375
SITM.MX,2026-02-05,2026-02-16,7,7040.0
SITM.MX,2026-04-23,2026-05-04,6,9034.8798828125
SITM.MX,2026-05-21,2026-05-28,5,12455.1904296875
SJM.MX,2023-01-03,2025-06-09,608,3000.0
SJM.MX,2025-07-18,2026-05-29,214,1991.5
SJM.MX,2025-06-11,2025-07-15,24,1791.0
SJM.MX,2026-06-01,2026-06-30,21,1799.0
SMCI.MX,2024-01-09,2024-01-17,6,561.0
SMCI.MX,2023-12-22,2024-01-02,5,495.5
SNOW.MX,2023-10-17,2023-10-26,7,2777.0
SNOW.MX,2023-04-19,2023-04-26,5,2600.0
SNOW.MX,2023-04-28,2023-05-08,5,2584.010009765625
SNOW.MX,2024-01-03,2024-01-10,5,3126.60009765625
SNPS.MX,2023-07-24,2023-08-30,27,7590.0
SNPS.MX,2024-04-12,2024-05-14,21,9261.25
SNPS.MX,2023-10-17,2023-11-15,20,9077.990234375
SNPS.MX,2023-04-03,2023-05-03,19,7005.0
SNPS.MX,2024-05-29,2024-06-25,19,9800.0
SNPS.MX,2025-04-14,2025-05-13,18,8565.849609375
SNPS.MX,2023-08-31,2023-09-25,17,7877.0
SNPS.MX,2023-11-29,2023-12-22,16,9570.0
SNPS.MX,2024-02-26,2024-03-19,15,9905.0
SNPS.MX,2025-02-28,2025-03-21,14,9255.0
SNPS.MX,2025-03-24,2025-04-11,14,9300.3896484375
SNPS.MX,2023-05-10,2023-05-29,13,6473.0
SNPS.MX,2024-01-17,2024-02-02,12,8564.419921875
SNPS.MX,2026-03-04,2026-03-20,11,7589.0
SNPS.MX,2023-10-02,2023-10-16,10,8121.0
SNPS.MX,2023-03-14,2023-03-28,9,6833.8701171875
SNPS.MX,2023-06-23,2023-07-06,9,7235.52001953125
SNPS.MX,2024-07-24,2024-08-06,9,10218.0400390625
SNPS.MX,2024-12-23,2025-01-07,9,9950.0
SNPS.MX,2024-07-05,2024-07-17,8,11125.0
SNPS.MX,2024-11-07,2024-11-20,8,11355.0595703125
SNPS.MX,2024-11-21,2024-12-03,8,11439.2900390625
SNPS.MX,2025-06-17,2025-06-27,8,9026.5595703125
SNPS.MX,2025-08-07,2025-08-19,8,11369.669921875
SNPS.MX,2023-01-02,2023-01-11,7,6135.9501953125
SNPS.MX,2023-11-16,2023-11-28,7,9214.58984375
SNPS.MX,2023-12-26,2024-01-05,7,9100.0
SNPS.MX,2024-08-26,2024-09-04,7,10212.0
SNPS.MX,2024-09-26,2024-10-08,7,9999.0
SNPS.MX,2025-01-16,2025-01-27,7,10800.0
SNPS.MX,2026-04-16,2026-04-28,7,7674.0
SNPS.MX,2023-02-02,2023-02-13,6,6900.0
SNPS.MX,2023-07-13,2023-07-21,6,7595.0
SNPS.MX,2024-01-08,2024-01-16,6,8580.490234375
SNPS.MX,2024-03-22,2024-04-03,6,9950.0
SNPS.MX,2025-06-30,2025-07-08,6,9569.0
SNPS.MX,2026-01-21,2026-01-29,6,8999.990234375
SNPS.MX,2023-02-22,2023-03-01,5,6541.580078125
SNPS.MX,2024-02-16,2024-02-23,5,9460.650390625
SNPS.MX,2025-05-14,2025-05-21,5,9977.5
SNPS.MX,2026-05-14,2026-05-21,5,8799.0
SO.MX,2023-01-02,2024-03-25,308,1541.31005859375
SO.MX,2025-06-11,2025-07-29,34,1692.9000244140625
SO.MX,2024-04-09,2024-05-23,31,1154.0
SO.MX,2025-04-28,2025-06-10,30,1770.1300048828125
SO.MX,2026-03-04,2026-04-16,28,1705.0
SO.MX,2025-01-21,2025-02-28,27,1759.0
SO.MX,2025-11-07,2025-12-16,25,1689.5
SO.MX,2024-06-03,2024-07-02,21,1425.0
SO.MX,2024-08-02,2024-09-02,21,1666.0899658203125
SO.MX,2026-06-02,2026-06-30,20,1558.0
SO.MX,2024-10-07,2024-10-31,18,1713.47998046875
SO.MX,2025-03-11,2025-04-07,18,1843.0
SO.MX,2024-07-03,2024-07-24,15,1420.0
SO.MX,2024-12-13,2025-01-03,13,1678.0
SO.MX,2025-08-27,2025-09-15,13,1740.0
SO.MX,2025-09-17,2025-10-06,13,1677.0
SO.MX,2026-05-14,2026-06-01,12,1608.0
SO.MX,2024-11-06,2024-11-22,11,1763.0999755859375
SO.MX,2024-09-03,2024-09-18,10,1785.0
SO.MX,2025-10-14,2025-10-28,10,1845.9000244140625
SO.MX,2026-01-13,2026-01-27,10,1555.0
SO.MX,2025-08-04,2025-08-15,9,1805.0
SO.MX,2026-02-04,2026-02-17,9,1570.3900146484375
SO.MX,2026-04-17,2026-05-04,9,1638.1199951171875
SO.MX,2024-11-25,2024-12-05,8,1778.9000244140625
SO.MX,2025-12-17,2025-12-29,7,1572.8399658203125
SO.MX,2025-08-18,2025-08-26,6,1765.0
SO.MX,2024-04-01,2024-04-08,5,1185.0
SO.MX,2024-05-24,2024-05-31,5,1309.0
SO.MX,2024-07-25,2024-08-01,5,1515.0
SO.MX,2025-12-30,2026-01-07,5,1575.0
SO.MX,2026-02-19,2026-02-26,5,1644.0
SOLV.MX,2026-02-09,2026-05-15,64,1338.0
SOLV.MX,2025-02-27,2025-06-02,63,1700.0
SOLV.MX,2025-12-16,2026-02-04,33,1560.0
SOLV.MX,2025-08-04,2025-09-05,24,1350.06005859375
SOLV.MX,2025-06-03,2025-06-30,19,1431.0
SOLV.MX,2024-09-17,2024-10-14,18,1360.0
SOLV.MX,2024-11-22,2024-12-19,18,1418.0
SOLV.MX,2025-09-08,2025-10-03,18,1392.5
SOLV.MX,2025-02-05,2025-02-26,15,1340.0
SOLV.MX,2025-07-03,2025-07-24,15,1440.0
SOLV.MX,2024-11-05,2024-11-21,11,1400.0
SOLV.MX,2025-01-08,2025-01-23,11,1380.0
SOLV.MX,2025-11-04,2025-11-19,10,1273.0
SOLV.MX,2025-10-07,2025-10-20,9,1359.5
SOLV.MX,2025-10-21,2025-11-03,9,1359.0
SOLV.MX,2024-09-03,2024-09-13,8,1180.0
SOLV.MX,2026-05-18,2026-05-28,8,1337.989990234375
SOLV.MX,2026-06-03,2026-06-15,8,1349.949951171875
SOLV.MX,2025-12-03,2025-12-15,7,1557.0
SOLV.MX,2024-07-31,2024-08-08,6,1100.0
SOLV.MX,2025-01-24,2025-02-04,6,1500.0
SOLV.MX,2024-08-09,2024-08-16,5,1156.18994140625
SOLV.MX,2024-12-23,2024-12-31,5,1332.0
SOLV.MX,2025-07-25,2025-08-01,5,1351.949951171875
SOLV.MX,2026-06-16,2026-06-23,5,1300.0
SPG.MX,2024-09-27,2024-11-21,37,3293.0
SPG.MX,2025-06-25,2025-08-11,33,3007.0
SPG.MX,2026-05-20,2026-06-30,29,3529.0
SPG.MX,2024-12-31,2025-02-07,26,3560.0
SPG.MX,2023-09-11,2023-10-12,23,2000.0
SPG.MX,2024-02-16,2024-03-15,20,2558.0
SPG.MX,2023-11-16,2023-12-13,17,2065.0
SPG.MX,2024-03-19,2024-04-15,17,2589.0
SPG.MX,2024-12-03,2024-12-30,17,3680.0
SPG.MX,2026-03-27,2026-04-24,17,3300.0
SPG.MX,2026-02-23,2026-03-18,16,3480.0
SPG.MX,2024-05-07,2024-05-28,15,2491.0
SPG.MX,2024-07-15,2024-08-02,14,2660.0
SPG.MX,2023-05-31,2023-06-19,13,1858.0
SPG.MX,2024-08-14,2024-09-02,13,2945.0
SPG.MX,2025-11-04,2025-11-24,13,3400.0
SPG.MX,2023-02-10,2023-02-28,12,2308.0
SPG.MX,2025-08-15,2025-09-02,12,3241.0
SPG.MX,2025-10-08,2025-10-24,12,3245.0
SPG.MX,2026-04-27,2026-05-13,11,3499.159912109375
SPG.MX,2023-10-13,2023-10-27,10,1930.0
SPG.MX,2024-01-19,2024-02-02,10,2406.300048828125
SPG.MX,2025-06-10,2025-06-24,10,3098.0
SPG.MX,2026-01-06,2026-01-20,10,3337.0
SPG.MX,2025-02-14,2025-02-27,9,3775.0
SPG.MX,2025-05-23,2025-06-05,9,3029.0
SPG.MX,2025-09-24,2025-10-07,9,3250.0
SPG.MX,2025-12-04,2025-12-18,9,3378.8701171875
SPG.MX,2025-12-19,2026-01-05,9,3378.0
SPG.MX,2024-05-29,2024-06-10,8,2472.0
SPG.MX,2025-02-28,2025-03-12,8,3750.0
SPG.MX,2026-02-10,2026-02-20,8,3367.0
SPG.MX,2023-01-05,2023-01-16,7,2292.0
SPG.MX,2024-02-06,2024-02-15,7,2420.0
SPG.MX,2024-07-03,2024-07-12,7,2678.0
SPG.MX,2024-09-12,2024-09-24,7,3207.0
SPG.MX,2025-04-29,2025-05-09,7,3090.0
SPG.MX,2025-09-11,2025-09-23,7,3394.030029296875
SPG.MX,2026-01-23,2026-02-04,7,3216.0
SPG.MX,2023-07-11,2023-07-19,6,2062.719970703125
SPG.MX,2023-08-17,2023-08-25,6,1982.5
SPG.MX,2023-12-20,2023-12-29,6,2435.409912109375
SPG.MX,2024-04-18,2024-04-26,6,2405.0
SPG.MX,2024-06-12,2024-06-20,6,2885.0
SPG.MX,2024-08-05,2024-08-13,6,2895.0
SPG.MX,2024-11-22,2024-12-02,6,3732.0
SPG.MX,2025-04-16,2025-04-28,6,3009.0
SPG.MX,2025-11-25,2025-12-03,6,3413.0
SPG.MX,2023-11-01,2023-11-09,5,2005.0
SPG.MX,2024-06-24,2024-07-01,5,2690.0
SPG.MX,2024-09-03,2024-09-10,5,3150.0
SPG.MX,2025-04-04,2025-04-11,5,3100.0
SPG.MX,2025-09-03,2025-09-10,5,3334.0
SPG.MX,2025-10-27,2025-11-03,5,3303.0
SPGI.MX,2023-09-14,2023-09-28,10,6692.0498046875
SPGI.MX,2024-12-27,2025-01-10,9,10177.0
SPGI.MX,2025-04-23,2025-05-06,8,9318.9501953125
SPGI.MX,2025-06-04,2025-06-16,8,9920.0
SPGI.MX,2023-08-03,2023-08-14,7,6621.0
SPGI.MX,2025-11-25,2025-12-04,7,9060.0
SPGI.MX,2024-10-08,2024-10-16,6,10106.400390625
SPGI.MX,2025-01-30,2025-02-10,6,10748.0
SPGI.MX,2025-05-08,2025-05-16,6,10002.900390625
SPGI.MX,2026-01-13,2026-01-21,6,9672.0
SPGI.MX,2023-12-01,2023-12-08,5,7273.0
SPGI.MX,2023-12-27,2024-01-04,5,7435.5498046875
SPGI.MX,2024-07-12,2024-07-19,5,8469.400390625
SPGI.MX,2024-08-08,2024-08-15,5,8966.73046875
SPGI.MX,2024-09-04,2024-09-11,5,10212.5
SPGI.MX,2024-12-09,2024-12-17,5,10365.0
SPGI.MX,2025-05-21,2025-05-28,5,9889.83984375
SPGI.MX,2025-12-16,2025-12-23,5,8896.0
SPGI.MX,2026-06-03,2026-06-10,5,7140.0
SRE.MX,2025-05-08,2025-06-16,27,1500.0
SRE.MX,2026-01-27,2026-02-26,21,1500.0
SRE.MX,2025-10-14,2025-11-07,18,1670.0
SRE.MX,2026-04-09,2026-05-07,18,1738.0
SRE.MX,2025-12-15,2026-01-09,17,1565.0
SRE.MX,2024-07-18,2024-08-08,15,1375.010009765625
SRE.MX,2025-11-19,2025-12-10,15,1680.0
SRE.MX,2026-05-18,2026-06-08,15,1553.8800048828125
SRE.MX,2025-04-15,2025-05-07,13,1385.0
SRE.MX,2025-09-10,2025-09-26,11,1529.989990234375
SRE.MX,2024-12-02,2024-12-16,9,1872.0
SRE.MX,2024-12-17,2024-12-31,9,1761.5
SRE.MX,2025-03-18,2025-03-31,9,1424.5
SRE.MX,2025-09-30,2025-10-13,9,1638.0
SRE.MX,2025-01-02,2025-01-14,8,1788.0
SRE.MX,2025-06-26,2025-07-08,8,1402.0
SRE.MX,2025-07-17,2025-07-29,8,1428.0
SRE.MX,2025-08-28,2025-09-09,8,1539.0
SRE.MX,2026-06-10,2026-06-22,8,1583.6099853515625
SRE.MX,2025-02-26,2025-03-07,7,1461.6199951171875
SRE.MX,2025-08-12,2025-08-21,7,1500.0
SRE.MX,2026-03-13,2026-03-25,7,1700.0
SRE.MX,2026-03-04,2026-03-12,6,1600.0
SRE.MX,2024-08-09,2024-08-16,5,1439.0999755859375
SRE.MX,2024-11-15,2024-11-25,5,1850.0
SRE.MX,2025-01-16,2025-01-23,5,1741.5999755859375
SRE.MX,2025-02-11,2025-02-18,5,1659.2099609375
SRE.MX,2025-06-18,2025-06-25,5,1400.0
SRE.MX,2025-07-30,2025-08-06,5,1535.0
SRE.MX,2025-11-10,2025-11-18,5,1724.760009765625
SRE.MX,2026-01-12,2026-01-19,5,1593.0
SSNC.MX,2025-07-28,2026-02-10,135,1597.800048828125
SSNC.MX,2023-06-29,2023-11-17,100,1030.949951171875
SSNC.MX,2024-04-09,2024-08-28,100,1010.0
SSNC.MX,2023-12-01,2024-04-08,84,991.0
SSNC.MX,2023-03-29,2023-06-28,62,995.0
SSNC.MX,2026-02-11,2026-05-06,55,1240.81005859375
SSNC.MX,2024-08-29,2024-10-31,43,1484.68994140625
SSNC.MX,2023-01-26,2023-03-28,41,1093.719970703125
SSNC.MX,2024-12-30,2025-02-20,36,1562.0
SSNC.MX,2025-06-17,2025-07-22,25,1518.0999755859375
SSNC.MX,2024-11-22,2024-12-27,23,1552.949951171875
SSNC.MX,2025-03-12,2025-04-15,23,1651.3299560546875
SSNC.MX,2026-05-29,2026-06-30,22,1165.760009765625
SSNC.MX,2023-01-03,2023-01-25,16,1016.739990234375
SSNC.MX,2026-05-07,2026-05-28,15,1212.5899658203125
SSNC.MX,2024-11-05,2024-11-21,11,1455.989990234375
SSNC.MX,2025-05-19,2025-06-03,11,1539.5999755859375
SSNC.MX,2025-02-28,2025-03-11,7,1815.969970703125
SSNC.MX,2025-05-07,2025-05-14,5,1503.0400390625
STLD.MX,2023-08-28,2023-11-30,66,1703.5
STLD.MX,2024-04-01,2024-06-28,63,2508.27001953125
STLD.MX,2024-11-06,2025-01-16,47,3030.669921875
STLD.MX,2024-09-11,2024-11-05,37,2089.969970703125
STLD.MX,2025-05-27,2025-07-16,36,2298.0
STLD.MX,2023-04-19,2023-06-06,33,1912.0
STLD.MX,2025-07-17,2025-09-02,33,2420.0
STLD.MX,2025-04-07,2025-05-26,32,2300.0
STLD.MX,2023-12-01,2024-01-15,28,2060.0
STLD.MX,2024-01-24,2024-03-05,28,2026.4000244140625
STLD.MX,2024-07-08,2024-08-13,26,2237.0
STLD.MX,2023-01-27,2023-03-03,24,2307.0
STLD.MX,2025-03-05,2025-04-04,21,2575.0
STLD.MX,2026-03-17,2026-04-16,20,3048.0
STLD.MX,2023-08-03,2023-08-25,16,1853.1099853515625
STLD.MX,2025-09-24,2025-10-16,16,2516.75
STLD.MX,2023-07-12,2023-08-02,15,1816.8499755859375
STLD.MX,2024-03-06,2024-03-27,14,2221.010009765625
STLD.MX,2025-09-03,2025-09-23,13,2390.0
STLD.MX,2023-03-14,2023-03-31,12,2233.0
STLD.MX,2025-02-12,2025-02-27,11,2739.0
STLD.MX,2023-06-27,2023-07-11,10,1828.97998046875
STLD.MX,2025-01-23,2025-02-07,10,2455.0
STLD.MX,2024-08-14,2024-08-27,9,2177.0
STLD.MX,2026-03-02,2026-03-13,9,3445.0
STLD.MX,2026-06-17,2026-06-30,9,4735.0
STLD.MX,2023-01-13,2023-01-25,8,2106.659912109375
STLD.MX,2026-01-15,2026-01-27,8,3073.1201171875
STLD.MX,2023-06-07,2023-06-15,6,1754.6700439453125
STLD.MX,2023-06-16,2023-06-26,6,1749.22998046875
STLD.MX,2026-01-02,2026-01-12,6,3150.5
STLD.MX,2026-05-13,2026-05-21,6,4072.0
STLD.MX,2026-06-01,2026-06-09,6,4540.0
STLD.MX,2023-03-06,2023-03-13,5,2403.89990234375
STLD.MX,2025-10-24,2025-10-31,5,2818.0
STLD.MX,2025-12-23,2025-12-31,5,3186.0
STLD.MX,2026-02-13,2026-02-20,5,3327.0
STLD.MX,2026-05-05,2026-05-12,5,4040.0
STT.MX,2024-12-02,2025-07-17,155,2004.2099609375
STT.MX,2025-10-21,2026-03-30,108,2126.0
STT.MX,2023-04-19,2023-09-12,103,1350.0
STT.MX,2024-01-02,2024-05-15,91,1322.8399658203125
STT.MX,2023-09-13,2023-12-29,73,1220.489990234375
STT.MX,2024-07-16,2024-09-13,43,1454.0
STT.MX,2024-05-16,2024-07-15,42,1298.3699951171875
STT.MX,2023-02-13,2023-04-14,41,1746.0
STT.MX,2024-09-23,2024-11-20,40,1728.0
STT.MX,2025-08-27,2025-10-13,32,2153.0
STT.MX,2026-05-07,2026-06-22,32,2587.0
STT.MX,2025-07-18,2025-08-26,27,2020.0
STT.MX,2026-03-31,2026-05-06,22,2250.0
STT.MX,2023-01-27,2023-02-10,9,1705.3800048828125
STT.MX,2023-01-03,2023-01-12,7,1506.1099853515625
STT.MX,2023-01-18,2023-01-26,6,1505.0
STT.MX,2024-11-21,2024-11-29,6,1965.0
STT.MX,2026-06-23,2026-06-30,5,3040.0
STZ.MX,2024-04-25,2024-05-08,8,4475.0
STZ.MX,2023-05-26,2023-06-05,6,4093.0
STZ.MX,2023-10-26,2023-11-06,6,4205.0
STZ.MX,2023-09-18,2023-09-25,5,4447.0
STZ.MX,2023-11-16,2023-11-24,5,4070.0
SUI.MX,2024-11-07,2025-08-25,198,2449.989990234375
SUI.MX,2023-03-03,2023-11-15,178,2612.3798828125
SUI.MX,2024-06-20,2024-11-06,97,2114.25
SUI.MX,2025-11-04,2026-02-24,75,2309.719970703125
SUI.MX,2024-03-04,2024-06-19,73,2237.43994140625
SUI.MX,2023-11-16,2024-03-01,71,2090.0
SUI.MX,2026-03-30,2026-06-30,62,2200.0
SUI.MX,2025-08-26,2025-11-03,48,2350.1298828125
SUI.MX,2023-01-02,2023-02-03,24,3119.0
SUI.MX,2026-02-27,2026-03-27,19,2331.35009765625
SUI.MX,2023-02-07,2023-03-02,17,3030.530029296875
SWK.MX,2023-03-03,2023-09-21,140,1550.0
SWK.MX,2024-01-03,2024-05-29,100,1700.0
SWK.MX,2025-01-23,2025-04-29,64,1825.0
SWK.MX,2024-11-12,2025-01-22,47,1814.5799560546875
SWK.MX,2023-09-22,2023-11-28,45,1500.0
SWK.MX,2024-06-03,2024-07-22,35,1507.0
SWK.MX,2025-11-18,2026-01-09,35,1230.0
SWK.MX,2024-07-23,2024-09-05,32,1592.0
SWK.MX,2025-09-02,2025-10-13,28,1340.0
SWK.MX,2025-05-20,2025-06-26,27,1450.0
SWK.MX,2025-07-29,2025-09-01,24,1285.0
SWK.MX,2024-10-08,2024-11-07,22,2070.0
SWK.MX,2023-11-29,2024-01-02,21,1567.0
SWK.MX,2025-06-27,2025-07-25,20,1280.0
SWK.MX,2024-09-06,2024-10-07,19,1984.0
SWK.MX,2026-05-06,2026-05-29,17,1404.300048828125
SWK.MX,2023-01-23,2023-02-14,15,1750.0
SWK.MX,2023-01-02,2023-01-20,14,1550.0
SWK.MX,2025-04-30,2025-05-19,12,1170.0
SWK.MX,2023-02-15,2023-03-02,11,1722.0
SWK.MX,2026-06-10,2026-06-25,11,1377.780029296875
SWK.MX,2026-01-12,2026-01-26,10,1470.0
SWK.MX,2025-11-03,2025-11-14,9,1227.0
SWK.MX,2026-01-27,2026-02-09,8,1390.0
SWK.MX,2026-03-11,2026-03-24,8,1305.0899658203125
SWK.MX,2025-10-23,2025-10-31,6,1298.0
SWK.MX,2026-03-02,2026-03-10,6,1446.8800048828125
SWK.MX,2026-04-06,2026-04-14,6,1243.0799560546875
SWK.MX,2026-04-24,2026-05-05,6,1327.5400390625
SWK.MX,2026-06-01,2026-06-09,6,1331.469970703125
SWK.MX,2026-02-17,2026-02-24,5,1546.0
SWK.MX,2026-03-25,2026-04-01,5,1273.0
SYF.MX,2024-03-07,2024-06-17,68,700.0
SYF.MX,2024-06-18,2024-09-19,66,797.0
SYF.MX,2023-08-21,2023-11-15,61,562.0700073242188
SYF.MX,2025-10-14,2026-01-09,59,1348.0
SYF.MX,2025-02-05,2025-04-30,57,1390.0
SYF.MX,2026-01-12,2026-04-01,55,1452.4300537109375
SYF.MX,2023-06-05,2023-08-18,54,574.2000122070312
SYF.MX,2025-08-11,2025-10-13,44,1290.0
SYF.MX,2024-01-02,2024-02-26,38,645.239990234375
SYF.MX,2023-03-01,2023-04-17,30,652.75
SYF.MX,2023-11-16,2023-12-29,28,499.19000244140625
SYF.MX,2023-04-25,2023-06-02,27,525.0
SYF.MX,2025-05-02,2025-06-10,27,1050.0
SYF.MX,2026-05-28,2026-06-30,23,1225.699951171875
SYF.MX,2025-07-02,2025-07-31,21,1297.0
SYF.MX,2023-01-12,2023-02-10,20,634.0
SYF.MX,2026-04-06,2026-05-04,18,1224.43994140625
SYF.MX,2025-01-06,2025-01-27,15,1380.0
SYF.MX,2024-10-11,2024-10-31,14,1027.5999755859375
SYF.MX,2025-06-11,2025-06-30,13,1170.0
SYF.MX,2024-11-12,2024-11-29,12,1360.0
SYF.MX,2024-12-02,2024-12-18,11,1367.5999755859375
SYF.MX,2024-12-19,2025-01-03,9,1321.0
SYF.MX,2023-02-13,2023-02-21,6,685.0
SYF.MX,2024-02-27,2024-03-06,6,695.7000122070312
SYF.MX,2024-09-23,2024-09-30,5,967.0700073242188
SYF.MX,2024-10-02,2024-10-09,5,965.0
SYF.MX,2025-08-01,2025-08-08,5,1273.0
SYK.MX,2023-07-25,2023-10-02,49,4906.0
SYK.MX,2023-02-14,2023-03-31,32,4906.89990234375
SYK.MX,2023-05-18,2023-06-27,28,5067.35986328125
SYK.MX,2023-04-03,2023-05-02,18,5199.0400390625
SYK.MX,2025-12-10,2026-01-08,18,6399.7099609375
SYK.MX,2023-01-18,2023-02-13,17,4762.43017578125
SYK.MX,2025-11-14,2025-12-09,16,6760.0
SYK.MX,2025-01-06,2025-01-24,14,7340.009765625
SYK.MX,2024-07-18,2024-08-06,13,6014.0
SYK.MX,2023-01-02,2023-01-17,11,4877.56982421875
SYK.MX,2024-04-04,2024-04-19,11,5760.0
SYK.MX,2024-12-17,2025-01-03,11,7472.97021484375
SYK.MX,2026-06-05,2026-06-22,11,5307.919921875
SYK.MX,2023-05-03,2023-05-17,10,5153.43017578125
SYK.MX,2023-07-10,2023-07-24,10,5058.64013671875
SYK.MX,2024-09-10,2024-09-25,10,7316.18017578125
SYK.MX,2024-11-21,2024-12-05,10,7970.0
SYK.MX,2025-08-14,2025-08-28,10,7044.14990234375
SYK.MX,2023-10-18,2023-10-31,9,4963.0
SYK.MX,2024-03-04,2024-03-15,9,5983.0
SYK.MX,2025-01-28,2025-02-11,9,8216.0
SYK.MX,2024-03-19,2024-04-02,8,5979.27978515625
SYK.MX,2024-10-09,2024-10-21,8,6877.10986328125
SYK.MX,2024-11-07,2024-11-20,8,7309.89990234375
SYK.MX,2025-09-03,2025-09-15,8,7207.06005859375
SYK.MX,2025-10-20,2025-10-30,8,6982.0
SYK.MX,2026-05-06,2026-05-18,8,5025.0
SYK.MX,2023-06-28,2023-07-07,7,5119.5
SYK.MX,2023-12-14,2023-12-26,7,5148.6298828125
SYK.MX,2024-02-21,2024-03-01,7,5950.4599609375
SYK.MX,2024-08-07,2024-08-16,7,6171.0
SYK.MX,2024-10-22,2024-10-31,7,7299.02978515625
SYK.MX,2025-10-31,2025-11-11,7,6706.7998046875
SYK.MX,2026-03-03,2026-03-12,7,6769.22021484375
SYK.MX,2026-03-31,2026-04-13,7,5863.72021484375
SYK.MX,2026-04-23,2026-05-05,7,5710.0
SYK.MX,2026-05-19,2026-05-28,7,5542.0
SYK.MX,2023-10-03,2023-10-11,6,4772.0
SYK.MX,2023-11-09,2023-11-17,6,4833.10986328125
SYK.MX,2023-11-28,2023-12-06,6,4999.39990234375
SYK.MX,2025-04-22,2025-04-30,6,6829.16015625
SYK.MX,2025-05-05,2025-05-13,6,7520.0
SYK.MX,2025-05-14,2025-05-22,6,7491.06005859375
SYK.MX,2026-02-04,2026-02-12,6,6347.0
SYK.MX,2026-02-20,2026-03-02,6,6458.56982421875
SYK.MX,2024-01-17,2024-01-24,5,5390.83984375
SYK.MX,2024-01-30,2024-02-07,5,5429.5
SYK.MX,2024-06-21,2024-06-28,5,6196.830078125
SYK.MX,2024-07-05,2024-07-12,5,6010.0
SYK.MX,2024-09-26,2024-10-04,5,7079.77001953125
SYK.MX,2025-02-14,2025-02-21,5,7845.0
SYK.MX,2025-05-23,2025-05-30,5,7270.0
SYK.MX,2025-06-04,2025-06-11,5,7365.0
SYK.MX,2025-07-01,2025-07-08,5,7445.0
SYK.MX,2025-08-05,2025-08-12,5,7164.02978515625
SYK.MX,2025-10-10,2025-10-17,5,6819.0
SYK.MX,2026-03-23,2026-03-30,5,5947.2001953125
SYY.MX,2023-01-02,2025-06-11,611,1770.0
SYY.MX,2025-12-16,2026-03-25,67,1350.5
SYY.MX,2025-06-16,2025-09-08,60,1405.0
SYY.MX,2026-04-08,2026-06-30,57,1295.0
SYY.MX,2025-09-09,2025-11-27,55,1495.0
SYY.MX,2025-11-28,2025-12-10,8,1444.0
TDG.MX,2025-04-14,2025-06-23,47,27024.0
TDG.MX,2023-05-05,2023-07-10,46,13594.0
TDG.MX,2023-01-02,2023-02-14,30,12031.349609375
TDG.MX,2023-08-30,2023-10-06,27,15280.0
TDG.MX,2025-12-24,2026-02-04,27,23655.880859375
TDG.MX,2023-07-17,2023-08-22,26,14985.0
TDG.MX,2023-10-09,2023-11-13,24,15718.0498046875
TDG.MX,2025-08-06,2025-09-09,24,25957.0
TDG.MX,2023-03-03,2023-04-10,23,13900.0
TDG.MX,2025-11-21,2025-12-23,21,25136.0
TDG.MX,2025-01-03,2025-01-31,20,26390.0
TDG.MX,2026-02-05,2026-03-05,20,21800.0
TDG.MX,2023-12-15,2024-01-09,15,17100.0
TDG.MX,2024-01-10,2024-01-31,15,17072.0
TDG.MX,2024-04-11,2024-05-03,15,20051.150390625
TDG.MX,2024-08-07,2024-08-28,15,23297.19921875
TDG.MX,2024-09-06,2024-09-30,15,26320.0
TDG.MX,2024-11-11,2024-12-02,14,28314.419921875
TDG.MX,2024-02-23,2024-03-12,12,20570.0
TDG.MX,2026-06-03,2026-06-19,12,21235.0
TDG.MX,2025-02-19,2025-03-06,11,27620.0
TDG.MX,2024-07-09,2024-07-23,10,22872.599609375
TDG.MX,2024-10-02,2024-10-16,10,28464.08984375
TDG.MX,2023-02-17,2023-03-02,9,13607.900390625
TDG.MX,2024-05-28,2024-06-10,9,22550.240234375
TDG.MX,2025-03-27,2025-04-09,9,28255.0
TDG.MX,2025-07-18,2025-07-31,9,29913.0
TDG.MX,2026-04-28,2026-05-12,9,19906.0
TDG.MX,2023-12-01,2023-12-14,8,16578.0
TDG.MX,2025-02-06,2025-02-18,8,26200.0
TDG.MX,2025-10-09,2025-10-21,8,23600.0
TDG.MX,2026-05-14,2026-05-26,8,20108.51953125
TDG.MX,2024-05-10,2024-05-21,7,22115.029296875
TDG.MX,2024-12-04,2024-12-16,7,26542.0
TDG.MX,2026-03-26,2026-04-08,7,20610.0
TDG.MX,2026-04-09,2026-04-20,7,21320.0
TDG.MX,2023-04-25,2023-05-04,6,13800.0
TDG.MX,2023-11-22,2023-11-30,6,16748.0
TDG.MX,2024-02-06,2024-02-14,6,19335.05078125
TDG.MX,2024-06-28,2024-07-08,6,23800.3203125
TDG.MX,2025-10-31,2025-11-10,6,24252.0
TDG.MX,2024-02-15,2024-02-22,5,19535.0
TDG.MX,2024-03-13,2024-03-21,5,19832.990234375
TDG.MX,2024-04-03,2024-04-10,5,20400.0
TDG.MX,2024-10-17,2024-10-24,5,28090.0
TDG.MX,2024-12-24,2025-01-02,5,25800.0
TDG.MX,2025-07-02,2025-07-09,5,28267.390625
TDG.MX,2025-10-01,2025-10-08,5,24212.0
TDY.MX,2024-09-06,2026-02-27,368,8530.0
TDY.MX,2026-04-13,2026-06-30,54,11290.0
TDY.MX,2026-03-02,2026-04-10,26,11909.1201171875
TEAM.MX,2023-01-02,2024-09-18,431,4697.0
TEAM.MX,2025-01-15,2025-02-27,30,5120.0
TEAM.MX,2025-03-26,2025-04-25,20,4784.97021484375
TEAM.MX,2025-11-21,2025-12-18,18,2636.0
TEAM.MX,2025-02-28,2025-03-25,16,5697.259765625
TEAM.MX,2025-08-13,2025-09-02,14,3010.0
TEAM.MX,2024-09-25,2024-10-15,13,3000.0
TEAM.MX,2024-11-06,2024-11-25,12,4491.08984375
TEAM.MX,2025-05-16,2025-06-03,12,4328.2001953125
TEAM.MX,2024-10-16,2024-10-30,10,3750.0
TEAM.MX,2024-12-16,2024-12-30,9,5670.0
TEAM.MX,2024-12-02,2024-12-13,8,5520.0
TEAM.MX,2025-06-04,2025-06-16,8,4051.5
TEAM.MX,2025-06-27,2025-07-09,8,3818.449951171875
TEAM.MX,2025-05-02,2025-05-13,7,4134.0
TEAM.MX,2025-12-19,2025-12-31,7,2904.0
TEAM.MX,2026-01-02,2026-01-13,7,2778.0
TEAM.MX,2026-05-07,2026-05-18,7,1604.0
TEAM.MX,2025-07-29,2025-08-06,6,3740.64990234375
TEAM.MX,2025-10-21,2025-10-28,5,3050.0
TER.MX,2024-08-07,2024-10-23,53,2327.0
TER.MX,2023-11-15,2024-01-11,37,1581.739990234375
TER.MX,2023-09-27,2023-11-09,30,1712.0
TER.MX,2024-12-18,2025-01-21,22,2690.0
TER.MX,2024-04-29,2024-05-27,19,1975.0
TER.MX,2023-03-23,2023-04-19,17,1996.6099853515625
TER.MX,2024-01-12,2024-02-07,17,1751.3699951171875
TER.MX,2024-02-12,2024-03-06,17,1787.550048828125
TER.MX,2024-07-12,2024-08-06,17,2766.0
TER.MX,2024-10-24,2024-11-19,17,2246.0
TER.MX,2023-02-27,2023-03-22,16,1863.1099853515625
TER.MX,2024-11-20,2024-12-13,16,2096.199951171875
TER.MX,2023-02-02,2023-02-24,15,2060.110107421875
TER.MX,2025-01-30,2025-02-20,14,2270.64990234375
TER.MX,2023-01-02,2023-01-19,13,1634.4200439453125
TER.MX,2023-05-08,2023-05-25,13,1625.3199462890625
TER.MX,2023-07-26,2023-08-14,13,1915.0
TER.MX,2023-09-07,2023-09-26,13,1800.0
TER.MX,2024-04-09,2024-04-26,13,1825.0
TER.MX,2023-08-15,2023-08-31,12,1760.0
TER.MX,2024-06-26,2024-07-11,11,2676.800048828125
TER.MX,2023-04-20,2023-05-05,10,1799.719970703125
TER.MX,2024-03-08,2024-03-22,9,1820.0
TER.MX,2025-05-22,2025-06-04,9,1550.0
TER.MX,2023-06-07,2023-06-19,8,1807.0
TER.MX,2024-03-25,2024-04-08,8,1845.0
TER.MX,2025-02-28,2025-03-12,8,2227.0
TER.MX,2025-04-08,2025-04-22,8,1464.0
TER.MX,2023-07-12,2023-07-21,7,1861.4200439453125
TER.MX,2023-01-20,2023-01-30,6,1824.8699951171875
TER.MX,2023-05-26,2023-06-05,6,1794.0999755859375
TER.MX,2024-05-28,2024-06-05,6,2410.0
TER.MX,2024-06-17,2024-06-25,6,2645.0
TER.MX,2025-05-13,2025-05-21,6,1648.0
TER.MX,2026-01-21,2026-01-29,6,4040.0
TER.MX,2023-06-27,2023-07-04,5,1863.719970703125
TER.MX,2024-06-06,2024-06-13,5,2495.0
TER.MX,2025-04-30,2025-05-08,5,1450.0
TFC.MX,2024-12-02,2025-07-28,162,959.7999877929688
TFC.MX,2026-04-06,2026-06-30,59,843.0
TFC.MX,2024-04-08,2024-06-12,46,633.8599853515625
TFC.MX,2024-06-13,2024-08-16,46,670.0
TFC.MX,2026-01-12,2026-03-03,35,894.280029296875
TFC.MX,2024-09-17,2024-11-05,34,770.0
TFC.MX,2023-04-28,2023-06-13,31,586.0
TFC.MX,2025-07-29,2025-09-09,30,842.5599975585938
TFC.MX,2023-02-09,2023-03-14,23,901.22998046875
TFC.MX,2025-11-06,2025-12-09,22,830.0
TFC.MX,2024-08-19,2024-09-13,19,780.0
TFC.MX,2026-03-04,2026-04-01,19,860.0
TFC.MX,2023-10-18,2023-11-13,17,500.0
TFC.MX,2024-11-06,2024-11-29,16,895.0
TFC.MX,2023-03-28,2023-04-20,15,606.0
TFC.MX,2025-12-10,2026-01-05,15,900.0
TFC.MX,2024-02-23,2024-03-14,14,603.22998046875
TFC.MX,2025-10-16,2025-11-05,14,780.0
TFC.MX,2023-01-02,2023-01-19,13,815.010009765625
TFC.MX,2023-08-22,2023-09-08,13,490.0
TFC.MX,2025-09-10,2025-09-29,12,839.0
TFC.MX,2023-07-12,2023-07-26,10,555.0
TFC.MX,2023-12-18,2024-01-03,10,635.0
TFC.MX,2023-07-27,2023-08-09,9,556.0
TFC.MX,2023-10-04,2023-10-17,9,485.0
TFC.MX,2023-11-15,2023-11-29,9,550.0
TFC.MX,2024-01-22,2024-02-02,9,640.0
TFC.MX,2023-01-27,2023-02-08,7,916.4099731445312
TFC.MX,2023-03-15,2023-03-27,7,605.5800170898438
TFC.MX,2024-02-06,2024-02-15,7,615.0
TFC.MX,2025-09-30,2025-10-08,6,850.0
TFC.MX,2023-09-11,2023-09-18,5,520.5
TFC.MX,2023-09-26,2023-10-03,5,500.0
TFC.MX,2024-03-27,2024-04-05,5,632.0
THC.MX,2025-11-19,2026-06-30,150,3547.5
THC.MX,2023-12-01,2024-06-20,136,1222.0
THC.MX,2023-07-14,2023-11-27,94,1380.5
THC.MX,2024-06-21,2024-09-13,60,2464.0
THC.MX,2024-11-15,2025-01-20,42,3142.0
THC.MX,2025-03-06,2025-05-09,42,2547.7900390625
THC.MX,2025-08-19,2025-10-16,41,3323.0
THC.MX,2024-09-17,2024-11-06,35,3000.469970703125
THC.MX,2025-01-21,2025-03-05,30,2720.0
THC.MX,2023-02-10,2023-03-23,28,1096.280029296875
THC.MX,2023-05-26,2023-06-28,23,1236.0
THC.MX,2025-06-27,2025-07-28,21,3328.75
THC.MX,2023-03-31,2023-04-27,17,1064.8800048828125
THC.MX,2025-06-03,2025-06-23,14,3345.0
THC.MX,2023-04-28,2023-05-18,13,1311.8599853515625
THC.MX,2025-05-12,2025-05-27,11,3045.0
THC.MX,2023-06-29,2023-07-13,10,1393.02001953125
THC.MX,2025-10-28,2025-11-10,9,3770.0
THC.MX,2025-08-07,2025-08-18,7,3013.0
THC.MX,2025-07-29,2025-08-06,6,3000.0
THC.MX,2024-11-07,2024-11-14,5,3300.0
TJX.MX,2023-08-30,2023-09-19,14,1544.0
TJX.MX,2023-07-10,2023-07-27,13,1423.8499755859375
TJX.MX,2023-10-10,2023-10-26,12,1593.0
TJX.MX,2023-07-28,2023-08-11,10,1450.0
TJX.MX,2023-06-13,2023-06-26,9,1393.1500244140625
TJX.MX,2023-06-27,2023-07-07,8,1413.0
TJX.MX,2023-12-20,2024-01-03,8,1552.22998046875
TJX.MX,2025-10-15,2025-10-27,8,2678.72998046875
TJX.MX,2023-09-28,2023-10-09,7,1565.81005859375
TJX.MX,2024-05-03,2024-05-14,7,1615.030029296875
TJX.MX,2024-07-19,2024-07-30,7,2029.780029296875
TJX.MX,2023-01-30,2023-02-08,6,1533.52001953125
TJX.MX,2023-03-09,2023-03-17,6,1359.5
TJX.MX,2023-03-21,2023-03-29,6,1421.47998046875
TJX.MX,2023-04-11,2023-04-19,6,1427.3900146484375
TJX.MX,2025-12-24,2026-01-05,6,2822.639892578125
TJX.MX,2023-03-30,2023-04-10,5,1388.0
TJX.MX,2023-09-20,2023-09-27,5,1574.0
TJX.MX,2024-01-16,2024-01-23,5,1630.0
TJX.MX,2024-11-07,2024-11-14,5,2312.0
TJX.MX,2025-05-30,2025-06-06,5,2439.739990234375
TMO.MX,2024-03-11,2024-03-20,6,10015.0
TMO.MX,2026-01-23,2026-02-03,6,11021.6396484375
TMO.MX,2024-03-22,2024-04-02,5,9781.0
TMO.MX,2025-11-13,2025-11-21,5,10696.23046875
TMO.MX,2025-11-25,2025-12-02,5,10905.509765625
TMO.MX,2026-06-17,2026-06-24,5,8064.02001953125
TMUS.MX,2024-12-10,2025-01-02,14,4735.0
TMUS.MX,2024-03-21,2024-04-10,12,2690.0
TMUS.MX,2024-04-18,2024-05-02,9,2673.25
TMUS.MX,2025-01-03,2025-01-16,9,4564.5
TMUS.MX,2024-02-08,2024-02-20,8,2752.0
TMUS.MX,2024-11-27,2024-12-09,8,5080.0
TMUS.MX,2025-02-05,2025-02-17,8,4950.0
TMUS.MX,2025-03-21,2025-04-02,8,5173.0
TMUS.MX,2025-05-14,2025-05-26,8,4515.0
TMUS.MX,2025-08-18,2025-08-27,7,4789.0
TMUS.MX,2023-05-16,2023-05-24,6,2500.0
TMUS.MX,2024-03-11,2024-03-20,6,2770.0
TMUS.MX,2024-07-12,2024-07-22,6,3177.75
TMUS.MX,2024-08-16,2024-08-26,6,3634.0
TMUS.MX,2025-03-10,2025-03-18,5,5450.0
TMUS.MX,2025-04-08,2025-04-15,5,5123.0
TMUS.MX,2025-06-09,2025-06-16,5,4604.0
TMUS.MX,2025-09-09,2025-09-17,5,4530.0
TMUS.MX,2026-06-17,2026-06-24,5,3110.0
TOST.MX,2023-01-05,2023-07-05,124,337.5
TOST.MX,2024-05-13,2024-10-15,109,458.0
TOST.MX,2025-04-02,2025-06-17,51,708.0
TOST.MX,2023-11-07,2023-12-18,27,305.0
TOST.MX,2024-02-26,2024-04-04,25,364.0
TOST.MX,2023-10-03,2023-11-06,23,309.0
TOST.MX,2024-04-05,2024-05-06,20,390.0
TOST.MX,2024-01-10,2024-02-06,18,320.0
TOST.MX,2024-10-29,2024-11-21,16,605.3699951171875
TOST.MX,2023-08-21,2023-09-08,14,363.0
TOST.MX,2025-02-27,2025-03-18,12,768.1500244140625
TOST.MX,2026-03-05,2026-03-24,12,537.0
TOST.MX,2023-08-02,2023-08-16,10,360.0
TOST.MX,2024-12-03,2024-12-18,10,855.0
TOST.MX,2026-02-18,2026-03-04,10,475.44000244140625
TOST.MX,2026-06-16,2026-06-30,10,435.0
TOST.MX,2025-03-19,2025-04-01,9,697.0
TOST.MX,2025-06-24,2025-07-07,9,855.0
TOST.MX,2025-12-31,2026-01-14,9,673.0
TOST.MX,2026-04-01,2026-04-16,9,460.0
TOST.MX,2023-07-06,2023-07-18,8,381.3399963378906
TOST.MX,2023-09-20,2023-10-02,8,332.0
TOST.MX,2024-10-16,2024-10-28,8,576.719970703125
TOST.MX,2025-01-10,2025-01-22,8,739.2899780273438
TOST.MX,2025-01-31,2025-02-13,8,855.6099853515625
TOST.MX,2023-07-19,2023-07-27,6,383.0
TOST.MX,2024-02-14,2024-02-22,6,330.0
TOST.MX,2024-11-22,2024-12-02,6,880.77001953125
TOST.MX,2024-12-26,2025-01-06,6,760.0
TOST.MX,2025-10-13,2025-10-21,6,659.1300048828125
TOST.MX,2023-09-12,2023-09-19,5,363.0
TOST.MX,2025-01-23,2025-01-30,5,796.9400024414062
TOST.MX,2025-08-14,2025-08-21,5,808.0
TOST.MX,2025-11-26,2025-12-03,5,613.1300048828125
TOST.MX,2025-12-22,2025-12-30,5,671.5499877929688
TOST.MX,2026-04-17,2026-04-27,5,497.0
TOST.MX,2026-05-14,2026-05-21,5,401.0
TPR.MX,2024-04-15,2024-09-23,113,687.0
TPR.MX,2025-02-04,2025-07-09,107,1509.27001953125
TPR.MX,2025-11-26,2026-05-07,107,2019.0
TPR.MX,2024-10-02,2025-01-31,83,894.0
TPR.MX,2023-08-17,2023-12-13,81,596.0
TPR.MX,2023-02-08,2023-06-05,79,822.0
TPR.MX,2024-01-23,2024-04-12,54,650.7000122070312
TPR.MX,2023-06-06,2023-08-10,47,739.5
TPR.MX,2025-08-06,2025-09-30,38,2107.0
TPR.MX,2026-05-08,2026-06-30,37,2350.0
TPR.MX,2023-01-02,2023-02-07,25,861.0
TPR.MX,2023-12-14,2024-01-22,25,616.0
TPR.MX,2025-10-24,2025-11-25,21,2110.0
TPR.MX,2025-07-10,2025-08-04,17,1830.0
TPR.MX,2025-10-01,2025-10-23,16,2075.18994140625
TRGP.MX,2023-07-19,2024-04-22,189,1289.0
TRGP.MX,2026-02-12,2026-06-30,93,3775.0
TRGP.MX,2023-03-14,2023-07-18,86,1350.0
TRGP.MX,2025-10-23,2026-01-06,49,2868.0
TRGP.MX,2025-08-14,2025-10-15,43,3060.0
TRGP.MX,2024-09-17,2024-11-15,42,2931.97998046875
TRGP.MX,2024-07-02,2024-08-14,31,2398.5
TRGP.MX,2025-05-29,2025-07-11,31,3032.5
TRGP.MX,2024-04-23,2024-06-05,30,1972.5
TRGP.MX,2025-01-24,2025-03-06,28,4236.0
TRGP.MX,2024-12-06,2025-01-14,24,4015.0
TRGP.MX,2025-07-17,2025-08-13,19,3062.18994140625
TRGP.MX,2024-06-06,2024-07-01,17,2067.739990234375
TRGP.MX,2025-03-07,2025-04-02,17,3550.0
TRGP.MX,2025-05-02,2025-05-27,17,3100.0
TRGP.MX,2026-01-23,2026-02-11,12,3327.0
TRGP.MX,2026-01-07,2026-01-22,11,3160.0
TRGP.MX,2024-08-15,2024-08-28,9,2655.97998046875
TRGP.MX,2024-11-20,2024-12-02,8,4120.0
TRGP.MX,2024-09-04,2024-09-13,7,2915.0
TRGP.MX,2025-04-04,2025-04-15,7,3460.0
TRGP.MX,2025-01-15,2025-01-23,6,4190.35986328125
TRGP.MX,2025-04-23,2025-04-30,5,3390.0
TRMB.MX,2023-01-02,2023-11-14,220,1184.0
TRMB.MX,2025-03-13,2025-12-11,189,1358.3499755859375
TRMB.MX,2024-04-09,2024-12-13,173,1030.0
TRMB.MX,2023-11-15,2024-04-08,95,756.1400146484375
TRMB.MX,2026-01-20,2026-04-23,62,1255.010009765625
TRMB.MX,2026-04-24,2026-06-30,46,1163.699951171875
TRMB.MX,2025-01-23,2025-03-12,33,1568.1800537109375
TRMB.MX,2024-12-16,2025-01-22,25,1498.3499755859375
TRMB.MX,2025-12-15,2026-01-19,23,1455.1700439453125
TROW.MX,2023-08-21,2024-05-02,173,1830.8499755859375
TROW.MX,2023-03-21,2023-08-18,105,2060.39990234375
TROW.MX,2024-08-05,2024-12-03,83,2017.5
TROW.MX,2025-10-30,2026-02-03,63,1918.800048828125
TROW.MX,2025-05-07,2025-07-29,59,1784.0400390625
TROW.MX,2023-01-02,2023-03-17,53,2040.0
TROW.MX,2024-06-03,2024-08-02,44,2061.5
TROW.MX,2024-12-04,2025-01-29,37,2491.0
TROW.MX,2026-05-14,2026-06-30,33,1765.3599853515625
TROW.MX,2026-02-27,2026-04-14,29,1645.31005859375
TROW.MX,2025-09-26,2025-10-29,23,1906.0
TROW.MX,2024-05-03,2024-05-31,20,1891.8599853515625
TROW.MX,2025-02-12,2025-03-12,20,2196.5400390625
TROW.MX,2025-08-04,2025-09-01,20,1995.760009765625
TROW.MX,2026-04-15,2026-05-13,18,1661.300048828125
TROW.MX,2025-09-02,2025-09-25,16,1995.5
TROW.MX,2026-02-04,2026-02-26,16,1774.68994140625
TROW.MX,2025-04-14,2025-05-06,13,1798.0
TROW.MX,2025-01-30,2025-02-11,7,2352.0
TROW.MX,2025-03-24,2025-04-02,7,1883.0
TROW.MX,2025-04-03,2025-04-10,5,1721.9200439453125
TRV.MX,2023-02-02,2023-07-04,103,3361.639892578125
TRV.MX,2025-08-18,2026-01-13,101,4981.85986328125
TRV.MX,2025-04-09,2025-08-14,88,4979.9501953125
TRV.MX,2023-07-19,2023-10-26,71,2851.1201171875
TRV.MX,2023-11-14,2024-02-26,69,2918.0
TRV.MX,2026-02-06,2026-04-14,44,5194.52001953125
TRV.MX,2026-05-04,2026-06-30,41,5323.0
TRV.MX,2024-04-24,2024-06-20,40,3649.739990234375
TRV.MX,2024-07-15,2024-08-27,31,3803.969970703125
TRV.MX,2024-03-04,2024-04-15,27,3720.0
TRV.MX,2024-12-06,2025-01-16,26,5252.490234375
TRV.MX,2025-01-23,2025-02-27,24,4980.0
TRV.MX,2023-01-02,2023-02-01,22,3648.0
TRV.MX,2024-11-06,2024-12-03,18,5210.0
TRV.MX,2024-06-21,2024-07-08,11,3808.89990234375
TRV.MX,2023-10-27,2023-11-13,10,2900.239990234375
TRV.MX,2026-04-15,2026-04-30,10,5198.0
TRV.MX,2024-10-07,2024-10-18,9,4350.2001953125
TRV.MX,2025-02-28,2025-03-13,9,5291.080078125
TRV.MX,2024-10-21,2024-10-31,8,5290.85009765625
TRV.MX,2026-01-14,2026-01-26,8,4795.14013671875
TRV.MX,2023-07-05,2023-07-14,7,2935.489990234375
TRV.MX,2024-09-23,2024-10-03,7,4654.0400390625
TRV.MX,2026-01-27,2026-02-05,6,4847.759765625
TRV.MX,2024-04-16,2024-04-23,5,3650.0
TRV.MX,2024-09-12,2024-09-20,5,4560.419921875
TRV.MX,2025-03-19,2025-03-26,5,5235.0
TRV.MX,2025-03-27,2025-04-03,5,5347.91015625
TS.MX,2023-01-02,2023-09-01,169,285.0
TS.MX,2025-12-05,2026-06-30,138,365.0
TS.MX,2023-09-04,2024-02-13,110,286.0
TS.MX,2024-07-31,2024-10-25,60,290.0
TS.MX,2024-11-27,2025-02-21,58,370.70001220703125
TS.MX,2025-02-24,2025-05-14,53,389.0
TS.MX,2025-07-07,2025-09-04,43,354.489990234375
TS.MX,2024-03-21,2024-05-10,33,328.70001220703125
TS.MX,2024-06-26,2024-07-30,24,299.5
TS.MX,2025-09-17,2025-10-20,23,342.0
TS.MX,2024-02-14,2024-03-15,22,300.0
TS.MX,2025-11-03,2025-12-04,22,372.0
TS.MX,2025-05-15,2025-06-13,21,339.7099914550781
TS.MX,2024-05-28,2024-06-25,20,300.0
TS.MX,2024-11-05,2024-11-26,14,336.25
TS.MX,2025-06-16,2025-07-04,14,340.0
TS.MX,2024-05-13,2024-05-22,7,327.9800109863281
TS.MX,2025-09-05,2025-09-15,6,337.0
TS.MX,2025-10-21,2025-10-29,6,310.0
TSN.MX,2025-03-10,2025-04-25,31,1264.3199462890625
TSN.MX,2023-03-23,2023-04-25,21,1048.0
TSN.MX,2026-05-04,2026-06-01,20,1174.0
TSN.MX,2026-04-06,2026-04-30,17,1160.0
TSN.MX,2025-12-16,2026-01-09,16,1030.0
TSN.MX,2024-12-05,2024-12-30,15,1285.0
TSN.MX,2026-02-10,2026-03-02,14,1120.0
TSN.MX,2025-08-28,2025-09-15,12,1050.0
TSN.MX,2025-02-04,2025-02-19,11,1165.0
TSN.MX,2024-09-25,2024-10-09,9,1138.5
TSN.MX,2026-03-09,2026-03-23,9,1086.5
TSN.MX,2023-01-02,2023-01-12,8,1214.0
TSN.MX,2023-06-23,2023-07-05,8,850.02001953125
TSN.MX,2023-10-06,2023-10-18,8,880.0
TSN.MX,2025-01-17,2025-01-29,8,1166.5
TSN.MX,2025-06-24,2025-07-04,8,1085.0
TSN.MX,2026-01-14,2026-01-26,8,1080.0
TSN.MX,2026-06-12,2026-06-24,8,987.0
TSN.MX,2023-08-08,2023-08-17,7,930.0
TSN.MX,2023-11-22,2023-12-01,7,832.0
TSN.MX,2023-02-17,2023-02-24,5,1190.0
TSN.MX,2023-02-28,2023-03-07,5,1085.0
TSN.MX,2023-08-21,2023-08-28,5,920.0
TSN.MX,2024-01-03,2024-01-10,5,935.0
TSN.MX,2024-02-16,2024-02-23,5,893.0
TSN.MX,2024-03-11,2024-03-19,5,935.0
TSN.MX,2024-08-08,2024-08-15,5,1170.0
TSN.MX,2025-02-20,2025-02-27,5,1167.0
TSN.MX,2025-05-22,2025-05-29,5,1090.0
TSN.MX,2025-12-05,2025-12-15,5,1025.25
TTMI.MX,2026-05-05,2026-05-19,10,2755.0
TTMI.MX,2026-06-17,2026-06-30,9,3538.60009765625
TTMI.MX,2026-04-14,2026-04-24,7,2102.5
TTMI.MX,2026-03-26,2026-04-07,6,1735.0
TTMI.MX,2026-05-20,2026-05-28,6,2950.0
TTMI.MX,2026-05-29,2026-06-08,6,3180.0
TTMI.MX,2026-06-09,2026-06-16,5,3050.0
TTWO.MX,2023-03-29,2023-06-05,45,2111.0
TTWO.MX,2023-07-07,2023-09-05,42,2459.85009765625
TTWO.MX,2023-02-09,2023-03-28,32,2090.0
TTWO.MX,2023-01-05,2023-01-31,18,1950.0
TTWO.MX,2023-10-12,2023-11-06,16,2544.0
TTWO.MX,2024-07-16,2024-08-02,13,2723.0
TTWO.MX,2024-05-06,2024-05-22,12,2498.590087890625
TTWO.MX,2024-08-05,2024-08-20,11,2790.0
TTWO.MX,2023-06-16,2023-06-29,9,2350.0
TTWO.MX,2023-09-28,2023-10-11,9,2453.800048828125
TTWO.MX,2023-09-14,2023-09-26,8,2468.6298828125
TTWO.MX,2024-01-05,2024-01-17,8,2700.0
TTWO.MX,2023-06-06,2023-06-15,7,2374.1201171875
TTWO.MX,2024-09-06,2024-09-18,7,3012.9599609375
TTWO.MX,2024-09-19,2024-09-30,7,3033.530029296875
TTWO.MX,2024-11-08,2024-11-20,7,3500.0
TTWO.MX,2024-10-15,2024-10-23,6,3085.219970703125
TTWO.MX,2024-12-09,2024-12-18,6,3850.0
TTWO.MX,2025-08-15,2025-08-25,6,4330.0
TTWO.MX,2023-09-06,2023-09-13,5,2470.14990234375
TTWO.MX,2024-01-23,2024-01-30,5,2813.81005859375
TTWO.MX,2024-03-25,2024-04-03,5,2412.070068359375
TTWO.MX,2024-10-02,2024-10-09,5,3000.0
TTWO.MX,2024-11-21,2024-11-28,5,3777.0
TTWO.MX,2025-01-07,2025-01-14,5,3693.010009765625
TTWO.MX,2025-12-17,2025-12-24,5,4415.0
TTWO.MX,2026-03-11,2026-03-19,5,3720.0
TWLO.MX,2025-12-17,2026-01-09,15,2513.0
TWLO.MX,2025-11-05,2025-11-25,13,2450.0
TWLO.MX,2025-05-12,2025-05-27,11,2150.0
TWLO.MX,2023-04-18,2023-05-02,9,1078.25
TWLO.MX,2024-04-09,2024-04-22,9,1000.0
TWLO.MX,2026-02-17,2026-02-27,8,1840.0
TWLO.MX,2024-09-06,2024-09-18,7,1173.0
TWLO.MX,2026-06-08,2026-06-17,7,3820.0
TWLO.MX,2023-02-17,2023-02-27,6,1295.010009765625
TWLO.MX,2024-08-09,2024-08-19,6,1130.0
TWLO.MX,2024-11-25,2024-12-03,6,2100.0
TWLO.MX,2025-07-02,2025-07-10,6,2115.0
TWLO.MX,2026-03-23,2026-03-31,6,2277.0
TWLO.MX,2023-01-13,2023-01-20,5,1007.0
TWLO.MX,2023-09-20,2023-09-27,5,1030.0
TWLO.MX,2025-01-16,2025-01-23,5,2405.0
TWLO.MX,2025-06-12,2025-06-19,5,2180.0
TWLO.MX,2026-03-05,2026-03-12,5,2204.0
TXN.MX,2023-01-03,2023-02-03,23,3180.0
TXN.MX,2023-03-22,2023-04-25,22,3334.02001953125
TXN.MX,2023-08-22,2023-09-21,22,2820.0
TXN.MX,2023-02-22,2023-03-21,18,3131.89990234375
TXN.MX,2024-03-13,2024-04-04,13,2884.0
TXN.MX,2024-02-16,2024-03-05,12,2734.22998046875
TXN.MX,2024-04-05,2024-04-23,12,2763.169921875
TXN.MX,2024-06-13,2024-06-28,11,3626.68994140625
TXN.MX,2025-02-20,2025-03-06,10,4076.0
TXN.MX,2023-05-04,2023-05-17,9,2905.0
TXN.MX,2023-06-07,2023-06-20,9,3000.0
TXN.MX,2024-12-18,2025-01-02,9,3800.0
TXN.MX,2023-10-12,2023-10-24,8,2793.5
TXN.MX,2023-02-10,2023-02-21,7,3282.0
TXN.MX,2023-10-25,2023-11-06,7,2583.0
TXN.MX,2024-09-23,2024-10-03,7,3952.330078125
TXN.MX,2026-02-10,2026-02-19,7,3788.550048828125
TXN.MX,2023-07-07,2023-07-17,6,2991.0
TXN.MX,2023-11-17,2023-11-28,6,2664.89990234375
TXN.MX,2024-04-29,2024-05-08,6,3050.0
TXN.MX,2024-05-17,2024-05-27,6,3287.340087890625
TXN.MX,2024-08-07,2024-08-15,6,3500.0
TXN.MX,2025-05-12,2025-05-20,6,3700.0
TXN.MX,2025-05-27,2025-06-04,6,3513.469970703125
TXN.MX,2023-05-30,2023-06-06,5,3127.0
TXN.MX,2023-06-21,2023-06-28,5,2946.25
TXN.MX,2023-07-27,2023-08-03,5,3000.0
TXN.MX,2023-09-27,2023-10-04,5,2801.800048828125
TXN.MX,2023-12-28,2024-01-05,5,2922.0
TXN.MX,2024-01-08,2024-01-15,5,2831.969970703125
TXN.MX,2024-06-05,2024-06-12,5,3439.14990234375
TXN.MX,2024-09-04,2024-09-11,5,4026.320068359375
TXN.MX,2024-09-12,2024-09-20,5,3821.0
TXN.MX,2024-10-04,2024-10-11,5,3927.0
TXN.MX,2024-11-01,2024-11-08,5,4162.0
TXN.MX,2024-11-12,2024-11-20,5,4373.0
TXN.MX,2025-05-02,2025-05-09,5,3235.0
TXN.MX,2026-01-12,2026-01-19,5,3400.0
TXRH.MX,2025-08-20,2026-01-30,112,3279.75
TXRH.MX,2026-02-03,2026-06-30,100,3140.0
TXRH.MX,2025-05-28,2025-08-19,59,3821.0
TXRH.MX,2025-04-23,2025-05-21,19,3250.0
TXRH.MX,2025-04-07,2025-04-15,6,3197.389892578125
TXT.MX,2025-10-30,2026-04-01,103,1501.0
TXT.MX,2023-07-05,2023-10-31,84,1140.7900390625
TXT.MX,2023-11-01,2024-02-14,69,1355.699951171875
TXT.MX,2026-04-06,2026-06-30,59,1563.0899658203125
TXT.MX,2024-07-02,2024-09-13,53,1588.0
TXT.MX,2025-05-21,2025-07-09,35,1440.4300537109375
TXT.MX,2024-04-01,2024-05-15,31,1592.4599609375
TXT.MX,2025-08-12,2025-09-25,31,1461.0
TXT.MX,2023-01-27,2023-03-13,30,1352.0999755859375
TXT.MX,2025-02-21,2025-04-07,30,1476.8800048828125
TXT.MX,2024-02-15,2024-03-27,28,1480.0
TXT.MX,2024-11-20,2024-12-31,27,1655.3499755859375
TXT.MX,2023-06-01,2023-07-04,23,1096.010009765625
TXT.MX,2025-07-10,2025-08-11,22,1552.239990234375
TXT.MX,2025-04-08,2025-05-09,20,1288.9599609375
TXT.MX,2023-05-04,2023-05-31,19,1170.75
TXT.MX,2024-10-09,2024-11-05,19,1673.25
TXT.MX,2023-01-02,2023-01-26,18,1371.0
TXT.MX,2023-03-14,2023-04-12,18,1274.5999755859375
TXT.MX,2025-09-26,2025-10-22,18,1534.5
TXT.MX,2024-06-06,2024-07-01,17,1506.800048828125
TXT.MX,2024-05-16,2024-06-05,14,1461.6700439453125
TXT.MX,2024-09-17,2024-10-08,14,1712.739990234375
TXT.MX,2023-04-13,2023-05-03,13,1231.8900146484375
TXT.MX,2025-01-31,2025-02-20,13,1644.0
TXT.MX,2025-01-17,2025-01-30,9,1643.9000244140625
TXT.MX,2024-11-06,2024-11-19,8,1776.4300537109375
TXT.MX,2025-01-08,2025-01-16,6,1555.22998046875
TXT.MX,2025-05-12,2025-05-20,6,1472.0400390625
TYL.MX,2024-07-19,2026-06-30,485,9360.0
TYL.MX,2023-08-29,2023-12-11,72,6561.0
TYL.MX,2023-04-03,2023-06-07,44,6374.0
TYL.MX,2024-01-02,2024-03-04,43,7249.58984375
TYL.MX,2024-03-05,2024-05-02,38,7330.0
TYL.MX,2023-02-07,2023-03-31,37,6301.10009765625
TYL.MX,2024-05-08,2024-06-25,34,8118.31982421875
TYL.MX,2023-06-08,2023-07-17,27,6766.0
TYL.MX,2023-07-24,2023-08-28,25,6771.0
TYL.MX,2023-01-03,2023-02-03,23,6202.0
TYL.MX,2024-06-26,2024-07-18,16,8940.0
TYL.MX,2023-12-13,2023-12-29,11,7094.419921875
U.MX,2025-04-16,2025-05-05,10,374.0
U.MX,2026-06-10,2026-06-22,8,465.0
U.MX,2025-03-25,2025-04-03,7,462.6499938964844
U.MX,2023-04-17,2023-04-25,6,536.27001953125
U.MX,2025-01-23,2025-01-31,6,460.0
U.MX,2025-02-11,2025-02-18,5,407.0
U.MX,2025-11-14,2025-11-24,5,665.02001953125
U.MX,2026-01-06,2026-01-13,5,790.0
U.MX,2026-04-24,2026-05-04,5,431.0
U.MX,2026-06-23,2026-06-30,5,488.4200134277344
UAL.MX,2026-01-05,2026-01-12,5,2070.0
ULTA.MX,2023-01-26,2023-06-01,85,9508.849609375
ULTA.MX,2023-06-06,2023-08-24,57,7300.0
ULTA.MX,2023-12-13,2024-02-26,50,8415.0
ULTA.MX,2023-09-13,2023-11-06,37,7172.0
ULTA.MX,2026-02-05,2026-03-11,24,11721.7900390625
ULTA.MX,2023-11-07,2023-11-30,16,6910.0
ULTA.MX,2025-12-08,2025-12-31,15,10400.0
ULTA.MX,2026-01-13,2026-02-04,15,11899.990234375
ULTA.MX,2025-10-27,2025-11-14,14,9648.7099609375
ULTA.MX,2025-08-28,2025-09-17,13,9859.0
ULTA.MX,2025-11-18,2025-12-05,13,9417.0
ULTA.MX,2026-03-27,2026-04-17,13,9382.0
ULTA.MX,2024-02-27,2024-03-13,11,9491.0
ULTA.MX,2023-01-05,2023-01-18,9,9515.0
ULTA.MX,2025-06-16,2025-06-27,9,8777.0703125
ULTA.MX,2025-04-09,2025-04-23,8,7277.0
ULTA.MX,2023-09-01,2023-09-12,7,7098.009765625
ULTA.MX,2025-01-27,2025-02-06,7,8642.0
ULTA.MX,2026-03-17,2026-03-26,7,9207.830078125
ULTA.MX,2026-04-20,2026-04-30,7,9823.91015625
ULTA.MX,2025-03-25,2025-04-02,6,7410.0
ULTA.MX,2025-06-30,2025-07-08,6,8800.0
ULTA.MX,2025-07-31,2025-08-08,6,9813.8798828125
ULTA.MX,2026-01-02,2026-01-12,6,11039.0
ULTA.MX,2023-12-01,2023-12-08,5,8132.0
ULTA.MX,2024-04-11,2024-04-18,5,7300.0
ULTA.MX,2025-05-09,2025-05-16,5,7655.0
ULTA.MX,2025-05-19,2025-05-26,5,7983.0
ULTA.MX,2025-06-06,2025-06-13,5,8887.0
ULTA.MX,2025-09-24,2025-10-01,5,9600.0
ULTA.MX,2026-05-22,2026-05-29,5,8894.2001953125
UNP.MX,2024-03-06,2024-05-09,42,4274.2998046875
UNP.MX,2025-09-26,2025-10-30,24,4288.0
UNP.MX,2024-11-14,2024-12-11,18,4837.0
UNP.MX,2024-12-30,2025-01-22,16,4706.0
UNP.MX,2025-12-16,2026-01-08,15,4270.0
UNP.MX,2025-09-04,2025-09-25,14,4159.990234375
UNP.MX,2023-12-27,2024-01-16,13,4155.7998046875
UNP.MX,2024-09-18,2024-10-07,12,4824.7001953125
UNP.MX,2025-03-14,2025-04-02,12,4724.0
UNP.MX,2023-10-18,2023-11-01,10,3784.0
UNP.MX,2024-08-26,2024-09-09,10,4793.2001953125
UNP.MX,2025-04-24,2025-05-09,10,4200.0
UNP.MX,2025-10-31,2025-11-14,10,4060.0
UNP.MX,2025-11-21,2025-12-05,10,4100.0
UNP.MX,2026-01-26,2026-02-10,10,4000.0
UNP.MX,2026-04-30,2026-05-15,10,4650.0
UNP.MX,2024-10-31,2024-11-13,9,4670.0
UNP.MX,2026-06-03,2026-06-16,9,4617.27978515625
UNP.MX,2025-05-20,2025-05-30,8,4416.0400390625
UNP.MX,2023-05-03,2023-05-12,7,3512.4599609375
UNP.MX,2024-02-13,2024-02-22,7,4211.5
UNP.MX,2024-10-16,2024-10-25,7,4822.31005859375
UNP.MX,2025-02-11,2025-02-20,7,5084.2900390625
UNP.MX,2025-07-31,2025-08-11,7,4205.0
UNP.MX,2026-02-18,2026-02-27,7,4511.35009765625
UNP.MX,2026-03-05,2026-03-17,7,4650.0
UNP.MX,2026-04-17,2026-04-29,7,4379.0
UNP.MX,2023-01-02,2023-01-10,6,4028.72998046875
UNP.MX,2023-09-01,2023-09-11,6,3764.669921875
UNP.MX,2024-08-15,2024-08-23,6,4540.0
UNP.MX,2025-08-15,2025-08-25,6,4116.0
UNP.MX,2026-01-09,2026-01-19,6,4087.0
UNP.MX,2026-03-18,2026-03-26,6,4222.0
UNP.MX,2026-03-27,2026-04-08,6,4350.0
UNP.MX,2026-06-22,2026-06-30,6,4513.31005859375
UNP.MX,2023-04-03,2023-04-12,5,3596.590087890625
UNP.MX,2023-05-30,2023-06-06,5,3408.0
UNP.MX,2023-09-12,2023-09-19,5,3687.5
UNP.MX,2023-10-06,2023-10-13,5,3608.010009765625
UNP.MX,2023-11-03,2023-11-10,5,3706.31005859375
UNP.MX,2023-12-06,2023-12-14,5,4016.0
UNP.MX,2024-06-13,2024-06-20,5,4103.91015625
UNP.MX,2024-07-18,2024-07-25,5,4330.0
UNP.MX,2024-08-07,2024-08-14,5,4580.0
UNP.MX,2024-12-19,2024-12-27,5,4567.0
UNP.MX,2025-03-04,2025-03-11,5,5042.0
UNP.MX,2025-04-04,2025-04-11,5,4411.0
UNP.MX,2025-05-12,2025-05-19,5,4495.0
UNP.MX,2025-08-26,2025-09-02,5,4150.0
UNP.MX,2026-05-18,2026-05-25,5,4672.91015625
UPS.MX,2023-03-09,2023-03-28,12,3330.0
UPS.MX,2023-06-08,2023-06-22,10,2970.0
UPS.MX,2023-02-10,2023-02-22,8,3466.0
UPS.MX,2023-06-27,2023-07-07,8,2988.0
UPS.MX,2023-05-16,2023-05-25,7,2919.0
UPS.MX,2023-01-09,2023-01-17,6,3500.0
UPS.MX,2024-02-26,2024-03-05,6,2524.0
UPS.MX,2024-05-14,2024-05-22,6,2530.0
UPS.MX,2024-05-28,2024-06-05,6,2300.0
UPS.MX,2023-03-30,2023-04-10,5,3452.0
UPS.MX,2023-08-29,2023-09-05,5,2881.0
UPS.MX,2023-10-02,2023-10-09,5,2715.0
UPS.MX,2023-12-26,2024-01-03,5,2680.0
UPS.MX,2024-03-12,2024-03-20,5,2634.89990234375
UPS.MX,2024-06-25,2024-07-02,5,2450.0
URI.MX,2024-03-14,2024-06-19,65,11200.0
URI.MX,2023-10-31,2024-02-06,64,7195.10986328125
URI.MX,2025-05-19,2025-08-13,62,14050.0
URI.MX,2025-03-12,2025-05-14,41,12349.0
URI.MX,2024-12-04,2025-01-22,32,17470.0
URI.MX,2025-09-11,2025-10-23,29,17688.830078125
URI.MX,2025-10-24,2025-12-05,29,17001.23046875
URI.MX,2024-09-25,2024-10-31,25,15850.6298828125
URI.MX,2025-02-05,2025-03-11,24,15250.0
URI.MX,2024-11-04,2024-12-02,19,15950.0
URI.MX,2025-12-18,2026-01-12,15,14417.3701171875
URI.MX,2026-03-02,2026-03-24,15,14175.4697265625
URI.MX,2024-02-23,2024-03-13,13,11260.0
URI.MX,2024-06-20,2024-07-08,12,11825.0
URI.MX,2026-05-14,2026-06-01,12,16669.650390625
URI.MX,2023-05-12,2023-05-29,11,5750.0
URI.MX,2024-08-06,2024-08-21,11,13306.0
URI.MX,2026-03-30,2026-04-16,11,13343.7001953125
URI.MX,2024-08-22,2024-09-05,10,13902.0
URI.MX,2026-01-15,2026-01-29,10,16329.009765625
URI.MX,2023-01-12,2023-01-25,9,7290.259765625
URI.MX,2024-07-09,2024-07-22,9,11410.0
URI.MX,2025-08-28,2025-09-10,9,17817.75
URI.MX,2023-03-03,2023-03-15,8,8600.1103515625
URI.MX,2024-09-11,2024-09-24,8,13973.9697265625
URI.MX,2026-06-12,2026-06-24,8,18470.0
URI.MX,2023-09-06,2023-09-15,7,8331.0302734375
URI.MX,2024-07-25,2024-08-05,7,13940.0
URI.MX,2026-02-18,2026-02-27,7,15125.0
URI.MX,2026-06-02,2026-06-11,7,17328.94921875
URI.MX,2023-01-03,2023-01-11,6,6863.1298828125
URI.MX,2023-04-11,2023-04-19,6,6770.1298828125
URI.MX,2023-04-20,2023-04-28,6,6750.0
URI.MX,2023-06-29,2023-07-07,6,7397.10986328125
URI.MX,2023-07-25,2023-08-02,6,7570.52001953125
URI.MX,2023-08-18,2023-08-28,6,7607.47998046875
URI.MX,2023-09-25,2023-10-03,6,7599.080078125
URI.MX,2023-10-16,2023-10-24,6,7885.0
URI.MX,2026-02-09,2026-02-17,6,15375.0
URI.MX,2026-04-28,2026-05-07,6,16650.0
URI.MX,2023-06-05,2023-06-12,5,6273.8701171875
URI.MX,2023-06-13,2023-06-20,5,7053.10986328125
URI.MX,2023-06-21,2023-06-28,5,7100.02978515625
URI.MX,2023-08-29,2023-09-05,5,7830.02978515625
URI.MX,2024-02-07,2024-02-14,5,11220.0
URI.MX,2025-08-20,2025-08-27,5,16940.0
URI.MX,2026-04-17,2026-04-27,5,13760.599609375
USB.MX,2025-05-15,2025-07-09,39,863.5700073242188
USB.MX,2023-10-20,2023-12-07,32,560.0
USB.MX,2023-09-06,2023-10-19,31,671.0
USB.MX,2023-08-04,2023-09-05,22,682.0
USB.MX,2025-11-10,2025-12-11,22,870.0
USB.MX,2024-04-10,2024-05-10,21,690.0
USB.MX,2024-05-13,2024-06-07,19,698.27001953125
USB.MX,2025-04-11,2025-05-13,19,770.0
USB.MX,2023-02-09,2023-03-06,17,915.260009765625
USB.MX,2023-03-22,2023-04-18,17,657.0
USB.MX,2023-12-19,2024-01-15,17,753.6699829101562
USB.MX,2024-01-25,2024-02-19,16,734.8099975585938
USB.MX,2023-01-02,2023-01-23,15,852.219970703125
USB.MX,2024-06-21,2024-07-12,15,717.9000244140625
USB.MX,2025-12-18,2026-01-09,14,969.1199951171875
USB.MX,2026-03-17,2026-04-08,14,915.0
USB.MX,2023-06-28,2023-07-14,12,550.0
USB.MX,2024-07-26,2024-08-13,12,828.969970703125
USB.MX,2024-11-19,2024-12-05,12,1015.5
USB.MX,2025-03-10,2025-03-26,11,865.0
USB.MX,2025-07-30,2025-08-14,11,871.0
USB.MX,2025-10-17,2025-11-03,11,850.0
USB.MX,2026-05-26,2026-06-10,11,951.8699951171875
USB.MX,2023-01-24,2023-02-08,10,883.530029296875
USB.MX,2023-05-15,2023-05-29,10,518.0
USB.MX,2024-03-22,2024-04-09,10,750.0
USB.MX,2025-08-25,2025-09-08,10,900.0
USB.MX,2025-09-24,2025-10-08,10,925.0
USB.MX,2024-02-27,2024-03-11,9,709.75
USB.MX,2025-02-11,2025-02-24,9,975.0
USB.MX,2026-06-11,2026-06-24,9,983.219970703125
USB.MX,2024-10-17,2024-10-29,8,994.8499755859375
USB.MX,2025-01-21,2025-01-31,8,1010.0
USB.MX,2026-04-09,2026-04-21,8,978.1099853515625
USB.MX,2023-04-19,2023-04-28,7,645.0
USB.MX,2024-09-17,2024-09-26,7,852.0
USB.MX,2025-01-06,2025-01-15,7,990.6099853515625
USB.MX,2026-01-12,2026-01-21,7,964.0
USB.MX,2026-02-06,2026-02-17,7,1044.6600341796875
USB.MX,2026-02-18,2026-02-27,7,1012.0
USB.MX,2026-04-23,2026-05-05,7,985.0
USB.MX,2023-03-07,2023-03-15,6,830.0
USB.MX,2024-01-16,2024-01-24,6,695.4099731445312
USB.MX,2024-12-06,2024-12-17,6,1049.43994140625
USB.MX,2025-07-21,2025-07-29,6,857.5499877929688
USB.MX,2026-01-22,2026-01-30,6,987.0
USB.MX,2026-03-05,2026-03-13,6,950.0
USB.MX,2024-07-18,2024-07-25,5,806.7999877929688
USB.MX,2024-08-14,2024-08-21,5,800.0
USB.MX,2024-10-09,2024-10-16,5,875.5
USB.MX,2024-10-30,2024-11-06,5,986.9000244140625
USB.MX,2024-12-26,2025-01-03,5,985.1099853515625
USB.MX,2025-04-03,2025-04-10,5,779.969970703125
USB.MX,2025-07-11,2025-07-18,5,882.0
USB.MX,2025-09-09,2025-09-17,5,919.4000244140625
USB.MX,2026-05-06,2026-05-13,5,972.5
USFD.MX,2023-01-02,2024-09-05,423,728.0
USFD.MX,2024-09-06,2026-04-30,408,1162.0
USFD.MX,2026-06-01,2026-06-30,21,1409.4000244140625
USFD.MX,2026-05-04,2026-05-29,19,1597.93994140625
VEEV.MX,2024-12-06,2025-01-27,33,5150.0
VEEV.MX,2023-08-29,2023-10-11,31,3227.0
VEEV.MX,2025-03-13,2025-04-14,21,4587.0400390625
VEEV.MX,2025-06-02,2025-07-01,21,5369.72021484375
VEEV.MX,2023-05-03,2023-05-30,19,3196.0
VEEV.MX,2024-01-08,2024-02-01,18,3141.7900390625
VEEV.MX,2024-03-08,2024-04-08,18,3861.679931640625
VEEV.MX,2023-02-17,2023-03-14,17,3075.0
VEEV.MX,2023-11-15,2023-12-11,17,3151.969970703125
VEEV.MX,2024-06-13,2024-07-08,17,3612.489990234375
VEEV.MX,2024-09-25,2024-10-21,17,4055.0
VEEV.MX,2023-10-17,2023-11-09,16,3741.0
VEEV.MX,2024-08-16,2024-09-09,16,3605.35009765625
VEEV.MX,2025-09-10,2025-10-03,16,5100.009765625
VEEV.MX,2023-12-13,2024-01-05,15,3019.5400390625
VEEV.MX,2026-03-13,2026-04-08,15,3267.52001953125
VEEV.MX,2023-01-02,2023-01-20,14,3073.3798828125
VEEV.MX,2023-08-08,2023-08-28,14,3308.0
VEEV.MX,2024-04-23,2024-05-13,13,3353.81005859375
VEEV.MX,2025-10-30,2025-11-19,13,5307.85986328125
VEEV.MX,2023-03-29,2023-04-18,12,3230.0
VEEV.MX,2023-06-20,2023-07-06,12,3420.0
VEEV.MX,2023-07-20,2023-08-07,12,3350.0
VEEV.MX,2024-10-22,2024-11-07,12,4348.0
VEEV.MX,2025-02-10,2025-02-26,12,4902.06982421875
VEEV.MX,2025-04-29,2025-05-16,12,4495.509765625
VEEV.MX,2024-02-13,2024-02-28,11,3706.85009765625
VEEV.MX,2025-12-10,2025-12-26,10,4160.0
VEEV.MX,2025-02-27,2025-03-12,9,4551.35986328125
VEEV.MX,2023-03-15,2023-03-28,8,3230.090087890625
VEEV.MX,2023-04-19,2023-05-02,8,3296.31005859375
VEEV.MX,2023-06-05,2023-06-15,8,3375.0
VEEV.MX,2024-07-18,2024-07-30,8,3272.5
VEEV.MX,2024-11-20,2024-12-02,8,4260.10009765625
VEEV.MX,2023-01-26,2023-02-07,7,3227.239990234375
VEEV.MX,2025-04-15,2025-04-28,7,4481.490234375
VEEV.MX,2025-07-14,2025-07-23,7,5290.0
VEEV.MX,2025-08-07,2025-08-18,7,5134.7998046875
VEEV.MX,2026-02-20,2026-03-03,7,3153.0
VEEV.MX,2023-02-08,2023-02-16,6,3363.860107421875
VEEV.MX,2024-04-12,2024-04-22,6,3432.840087890625
VEEV.MX,2024-08-02,2024-08-12,6,3520.0
VEEV.MX,2025-11-25,2025-12-03,6,4390.0
VEEV.MX,2026-01-22,2026-01-30,6,3900.0
VEEV.MX,2024-02-02,2024-02-12,5,3546.699951171875
VEEV.MX,2025-10-14,2025-10-21,5,5260.0
VEEV.MX,2025-12-29,2026-01-06,5,4000.0
VEEV.MX,2026-01-14,2026-01-21,5,3972.93994140625
VG.MX,2025-12-16,2026-03-02,51,103.33999633789062
VG.MX,2025-11-24,2025-12-09,11,126.22000122070312
VG.MX,2026-04-14,2026-04-30,11,216.7899932861328
VG.MX,2026-06-15,2026-06-30,11,208.69000244140625
VG.MX,2026-05-12,2026-05-25,9,229.2899932861328
VG.MX,2026-06-04,2026-06-12,6,220.0
VICI.MX,2025-08-28,2025-09-18,14,625.0
VICI.MX,2023-06-14,2023-06-30,12,560.0
VICI.MX,2026-05-14,2026-05-29,11,483.5
VICI.MX,2025-05-29,2025-06-11,9,613.5
VICI.MX,2023-01-25,2023-02-07,8,631.6500244140625
VICI.MX,2023-08-16,2023-08-28,8,515.0
VICI.MX,2023-08-29,2023-09-08,8,520.5
VICI.MX,2024-10-09,2024-10-21,8,624.3300170898438
VICI.MX,2025-06-12,2025-06-24,8,611.0
VICI.MX,2023-05-12,2023-05-23,7,564.75
VICI.MX,2023-12-04,2023-12-14,7,528.1199951171875
VICI.MX,2024-05-17,2024-05-28,7,506.0
VICI.MX,2025-03-20,2025-03-31,7,641.6500244140625
VICI.MX,2025-04-01,2025-04-10,7,660.0
VICI.MX,2025-07-29,2025-08-07,7,645.5
VICI.MX,2023-03-13,2023-03-22,6,608.0
VICI.MX,2023-06-05,2023-06-13,6,559.4099731445312
VICI.MX,2023-09-25,2023-10-03,6,471.5
VICI.MX,2025-05-20,2025-05-28,6,617.8800048828125
VICI.MX,2025-07-18,2025-07-28,6,620.0
VICI.MX,2026-03-11,2026-03-20,6,505.95001220703125
VICI.MX,2023-03-03,2023-03-10,5,614.3300170898438
VICI.MX,2024-01-02,2024-01-09,5,554.0
VICI.MX,2024-04-09,2024-04-16,5,486.29998779296875
VICI.MX,2024-06-13,2024-06-20,5,520.0
VICI.MX,2024-08-07,2024-08-14,5,608.5
VICI.MX,2024-09-04,2024-09-11,5,630.0
VICI.MX,2024-10-31,2024-11-07,5,637.0700073242188
VICI.MX,2024-11-12,2024-11-20,5,635.0
VICI.MX,2025-02-06,2025-02-13,5,614.0
VICI.MX,2025-08-12,2025-08-19,5,626.0
VICI.MX,2025-09-23,2025-09-30,5,582.2999877929688
VLO.MX,2025-02-06,2025-03-03,17,2762.0
VLO.MX,2025-10-14,2025-11-05,16,2971.39990234375
VLO.MX,2025-12-04,2025-12-30,16,3141.929931640625
VLO.MX,2024-10-16,2024-11-06,15,2707.0
VLO.MX,2025-01-07,2025-01-27,14,2469.010009765625
VLO.MX,2025-07-17,2025-08-06,14,2717.14990234375
VLO.MX,2024-06-11,2024-06-27,12,2832.0
VLO.MX,2023-12-21,2024-01-09,11,2226.25
VLO.MX,2024-08-08,2024-08-23,11,2899.739990234375
VLO.MX,2025-06-12,2025-06-26,10,2508.0
VLO.MX,2023-08-17,2023-08-30,9,2273.0
VLO.MX,2023-12-06,2023-12-20,9,2136.5
VLO.MX,2024-02-08,2024-02-21,9,2427.0
VLO.MX,2025-04-11,2025-04-28,9,2198.3701171875
VLO.MX,2023-09-27,2023-10-09,8,2540.0
VLO.MX,2024-02-26,2024-03-07,8,2440.0
VLO.MX,2025-09-30,2025-10-10,8,3090.0
VLO.MX,2026-02-13,2026-02-25,8,3439.0
VLO.MX,2023-06-12,2023-06-21,7,1995.199951171875
VLO.MX,2023-07-10,2023-07-19,7,1954.760009765625
VLO.MX,2024-04-09,2024-04-18,7,2907.25
VLO.MX,2025-06-27,2025-07-08,7,2534.31005859375
VLO.MX,2025-11-12,2025-11-24,7,3269.72998046875
VLO.MX,2023-11-21,2023-11-29,6,2097.0
VLO.MX,2024-07-02,2024-07-10,6,2896.679931640625
VLO.MX,2024-07-30,2024-08-07,6,3080.449951171875
VLO.MX,2024-09-12,2024-09-23,6,2610.43994140625
VLO.MX,2024-11-11,2024-11-20,6,2800.0
VLO.MX,2024-11-27,2024-12-05,6,2896.0
VLO.MX,2025-11-25,2025-12-03,6,3230.14990234375
VLO.MX,2023-03-06,2023-03-13,5,2500.72998046875
VLO.MX,2023-03-21,2023-03-28,5,2460.0
VLO.MX,2023-06-30,2023-07-07,5,2014.0
VLO.MX,2023-08-31,2023-09-07,5,2166.0
VLO.MX,2024-01-30,2024-02-07,5,2390.0
VLO.MX,2024-03-08,2024-03-15,5,2492.530029296875
VLO.MX,2024-12-09,2024-12-17,5,2736.68994140625
VLO.MX,2024-12-27,2025-01-06,5,2384.0
VLO.MX,2025-01-28,2025-02-05,5,2939.77001953125
VLO.MX,2025-03-20,2025-03-27,5,2629.0
VLO.MX,2025-04-29,2025-05-07,5,2258.030029296875
VLO.MX,2025-05-13,2025-05-20,5,2642.139892578125
VLO.MX,2025-05-21,2025-05-28,5,2489.8701171875
VLTO.MX,2026-02-19,2026-06-30,88,1640.4100341796875
VLTO.MX,2024-05-28,2024-07-23,40,1605.25
VLTO.MX,2024-12-13,2025-01-24,28,1954.4000244140625
VLTO.MX,2024-09-12,2024-10-22,26,2137.760009765625
VLTO.MX,2025-10-08,2025-11-11,24,1918.1500244140625
VLTO.MX,2025-09-08,2025-10-07,20,1979.9200439453125
VLTO.MX,2025-12-01,2025-12-30,19,1859.5999755859375
VLTO.MX,2024-02-15,2024-03-12,18,1444.0
VLTO.MX,2025-04-09,2025-05-08,18,1833.739990234375
VLTO.MX,2025-02-06,2025-02-28,16,2008.1099853515625
VLTO.MX,2025-07-17,2025-08-07,15,1920.0
VLTO.MX,2025-05-09,2025-05-29,14,1897.0
VLTO.MX,2025-08-08,2025-08-28,14,1997.72998046875
VLTO.MX,2024-04-24,2024-05-14,13,1550.0
VLTO.MX,2025-12-31,2026-01-20,13,1750.5
VLTO.MX,2024-11-07,2024-11-26,12,2054.090087890625
VLTO.MX,2025-03-03,2025-03-19,11,2048.0
VLTO.MX,2025-05-30,2025-06-16,11,1958.25
VLTO.MX,2025-11-12,2025-11-28,11,1821.8499755859375
VLTO.MX,2024-08-07,2024-08-21,10,2010.0
VLTO.MX,2024-11-27,2024-12-11,10,2249.5
VLTO.MX,2025-07-02,2025-07-16,10,1916.0
VLTO.MX,2024-01-31,2024-02-14,9,1315.0
VLTO.MX,2024-03-26,2024-04-10,9,1491.300048828125
VLTO.MX,2024-08-29,2024-09-11,9,2190.239990234375
VLTO.MX,2024-10-23,2024-11-04,8,2253.0
VLTO.MX,2026-02-05,2026-02-17,8,1548.239990234375
VLTO.MX,2024-01-08,2024-01-17,7,1300.0
VLTO.MX,2025-06-17,2025-06-26,7,1847.6600341796875
VLTO.MX,2023-12-27,2024-01-05,6,1407.0
VLTO.MX,2024-04-15,2024-04-23,6,1498.25
VLTO.MX,2024-07-29,2024-08-06,6,1950.800048828125
VLTO.MX,2025-01-27,2025-02-05,6,2056.0
VLTO.MX,2026-01-26,2026-02-04,6,1744.0
VLTO.MX,2024-03-14,2024-03-22,5,1383.219970703125
VLTO.MX,2025-03-27,2025-04-03,5,1993.050048828125
VMC.MX,2025-05-14,2025-08-14,66,5169.6298828125
VMC.MX,2026-03-13,2026-06-11,59,4734.259765625
VMC.MX,2025-09-09,2025-11-03,38,5439.330078125
VMC.MX,2025-01-22,2025-02-28,26,5635.31982421875
VMC.MX,2025-12-08,2026-01-14,24,5400.0
VMC.MX,2025-11-05,2025-12-05,21,5310.0
VMC.MX,2024-11-07,2024-12-05,19,5779.6201171875
VMC.MX,2025-08-15,2025-09-08,16,5475.5
VMC.MX,2024-10-21,2024-11-06,12,5187.5498046875
VMC.MX,2026-01-15,2026-02-03,12,5329.35986328125
VMC.MX,2026-06-12,2026-06-30,12,4930.41015625
VMC.MX,2025-01-06,2025-01-21,11,5242.56005859375
VMC.MX,2026-02-25,2026-03-12,11,5272.7001953125
VMC.MX,2025-04-08,2025-04-23,9,4643.0498046875
VMC.MX,2025-04-30,2025-05-13,8,5082.10009765625
VMC.MX,2024-10-09,2024-10-18,7,4688.3798828125
VMC.MX,2025-03-27,2025-04-07,7,4865.8798828125
VMC.MX,2026-02-11,2026-02-20,7,5532.08984375
VMC.MX,2024-12-06,2024-12-17,6,5801.27978515625
VMC.MX,2024-12-26,2025-01-03,5,5325.7099609375
VRSK.MX,2023-01-02,2023-05-03,82,3408.110107421875
VRSK.MX,2023-12-13,2024-03-08,59,4265.85986328125
VRSK.MX,2024-04-01,2024-06-20,57,3864.06005859375
VRSK.MX,2023-05-04,2023-07-21,56,3702.050048828125
VRSK.MX,2024-11-21,2025-01-27,44,5860.419921875
VRSK.MX,2025-10-30,2026-01-06,44,4027.5
VRSK.MX,2025-02-06,2025-04-08,42,6035.10986328125
VRSK.MX,2025-04-15,2025-06-16,41,5923.4501953125
VRSK.MX,2025-06-17,2025-07-28,29,5841.4501953125
VRSK.MX,2026-04-10,2026-05-18,24,2822.300048828125
VRSK.MX,2026-02-25,2026-03-31,23,3383.0
VRSK.MX,2023-07-24,2023-08-23,22,3940.0
VRSK.MX,2024-09-04,2024-10-08,22,5460.89990234375
VRSK.MX,2026-01-14,2026-02-12,20,3985.02001953125
VRSK.MX,2023-10-02,2023-10-27,19,4141.06982421875
VRSK.MX,2024-07-01,2024-07-25,18,4925.85986328125
VRSK.MX,2025-07-29,2025-08-21,17,5552.5
VRSK.MX,2025-09-22,2025-10-15,17,4450.0
VRSK.MX,2023-11-07,2023-11-30,16,4091.5
VRSK.MX,2024-10-11,2024-10-31,14,5158.580078125
VRSK.MX,2023-09-12,2023-09-29,13,4231.85986328125
VRSK.MX,2023-08-24,2023-09-11,12,4007.0
VRSK.MX,2024-08-16,2024-09-03,12,4990.35009765625
VRSK.MX,2025-08-22,2025-09-09,12,5030.0
VRSK.MX,2026-05-19,2026-06-04,12,2820.0
VRSK.MX,2024-03-11,2024-03-27,11,3945.56005859375
VRSK.MX,2025-10-16,2025-10-29,9,4290.0
VRSK.MX,2024-08-05,2024-08-15,8,5064.02978515625
VRSK.MX,2024-11-07,2024-11-20,8,5569.25
VRSK.MX,2026-06-05,2026-06-17,8,3200.0
VRSK.MX,2026-06-18,2026-06-30,8,2970.0
VRSK.MX,2023-12-01,2023-12-11,6,4169.47021484375
VRSK.MX,2024-06-21,2024-06-28,5,4899.85986328125
VRSN.MX,2023-05-22,2023-11-16,127,4084.0
VRSN.MX,2026-01-12,2026-06-30,115,4420.66015625
VRSN.MX,2024-06-06,2024-10-24,98,3165.0
VRSN.MX,2023-12-18,2024-03-27,68,3710.0
VRSN.MX,2025-04-24,2025-07-24,64,4964.27001953125
VRSN.MX,2023-02-22,2023-05-11,52,3747.85009765625
VRSN.MX,2025-02-05,2025-04-04,41,4555.52978515625
VRSN.MX,2025-07-30,2025-09-25,40,5030.0
VRSN.MX,2024-10-25,2024-12-19,37,3672.5
VRSN.MX,2023-01-02,2023-02-21,35,3600.81005859375
VRSN.MX,2024-04-01,2024-05-06,24,3142.719970703125
VRSN.MX,2025-10-31,2025-12-05,24,4443.0
VRSN.MX,2025-12-08,2026-01-09,21,4562.0
VRSN.MX,2023-11-17,2023-12-15,18,3720.0
VRSN.MX,2024-05-22,2024-06-05,10,2912.080078125
VRSN.MX,2025-04-07,2025-04-23,10,4799.8798828125
VRSN.MX,2025-01-21,2025-02-04,9,4318.0
VRSN.MX,2025-09-26,2025-10-09,9,5202.0
VRSN.MX,2024-12-20,2024-12-31,6,4065.0
VRSN.MX,2025-10-14,2025-10-22,6,4931.0
VRSN.MX,2023-05-12,2023-05-19,5,3874.0
VRSN.MX,2025-10-23,2025-10-30,5,4617.0
VRTX.MX,2025-07-09,2025-07-28,13,8816.4599609375
VRTX.MX,2026-01-15,2026-02-04,13,7731.22021484375
VRTX.MX,2024-03-08,2024-03-22,9,6956.080078125
VRTX.MX,2025-04-21,2025-05-05,9,9360.0
VRTX.MX,2024-07-02,2024-07-12,8,8629.3798828125
VRTX.MX,2025-02-28,2025-03-12,8,9807.259765625
VRTX.MX,2025-12-23,2026-01-06,8,8242.9599609375
VRTX.MX,2023-08-17,2023-08-28,7,5896.0
VRTX.MX,2024-09-12,2024-09-24,7,9135.25
VRTX.MX,2025-01-06,2025-01-15,7,8149.43017578125
VRTX.MX,2025-02-11,2025-02-20,7,9483.400390625
VRTX.MX,2025-05-29,2025-06-09,7,8784.0
VRTX.MX,2025-12-10,2025-12-22,7,7931.009765625
VRTX.MX,2026-02-06,2026-02-17,7,8117.39990234375
VRTX.MX,2023-02-22,2023-03-02,6,5394.2998046875
VRTX.MX,2023-06-26,2023-07-04,6,5962.0
VRTX.MX,2023-07-21,2023-07-31,6,6146.52978515625
VRTX.MX,2023-08-29,2023-09-06,6,5869.0
VRTX.MX,2023-09-14,2023-09-22,6,5948.2998046875
VRTX.MX,2025-03-14,2025-03-25,6,10085.0
VRTX.MX,2025-06-30,2025-07-08,6,8335.0
VRTX.MX,2025-11-21,2025-12-01,6,8020.0
VRTX.MX,2026-02-23,2026-03-03,6,8370.0
VRTX.MX,2023-04-18,2023-04-25,5,5870.06005859375
VRTX.MX,2024-08-08,2024-08-15,5,8855.0
VRTX.MX,2025-08-13,2025-08-20,5,7352.3701171875
VRTX.MX,2026-03-30,2026-04-08,5,8000.0
VST.MX,2023-03-29,2023-08-30,107,424.5
VST.MX,2023-10-09,2024-02-20,90,577.5
VST.MX,2023-01-02,2023-03-28,59,438.5
VST.MX,2023-08-31,2023-10-06,26,530.9000244140625
VST.MX,2024-04-09,2024-05-02,16,1215.699951171875
VST.MX,2024-08-13,2024-08-28,11,1540.0
VST.MX,2024-03-21,2024-04-08,10,1156.4599609375
VST.MX,2024-02-29,2024-03-13,9,918.0
VST.MX,2024-05-06,2024-05-17,9,1386.0
VST.MX,2024-07-01,2024-07-11,8,1612.1500244140625
VST.MX,2024-05-20,2024-05-28,6,1521.0
VST.MX,2024-09-04,2024-09-12,6,1530.0899658203125
VST.MX,2024-08-01,2024-08-08,5,1478.0
VTR.MX,2023-02-07,2024-06-19,342,980.3300170898438
VTR.MX,2025-03-14,2025-08-25,112,1329.1400146484375
VTR.MX,2025-12-18,2026-04-20,81,1428.27001953125
VTR.MX,2025-08-26,2025-12-17,78,1254.3399658203125
VTR.MX,2024-11-04,2025-01-28,57,1287.7900390625
VTR.MX,2024-08-29,2024-11-01,44,1202.719970703125
VTR.MX,2024-07-05,2024-08-28,38,950.0399780273438
VTR.MX,2025-01-29,2025-03-13,30,1257.1099853515625
VTR.MX,2023-01-02,2023-02-03,24,1132.0
VTR.MX,2026-04-27,2026-05-18,14,1475.0
VTR.MX,2026-06-09,2026-06-22,9,1431.43994140625
VTR.MX,2024-06-20,2024-07-02,8,920.489990234375
VTR.MX,2026-05-19,2026-05-28,7,1536.1099853515625
VTR.MX,2026-05-29,2026-06-05,5,1463.800048828125
VTR.MX,2026-06-23,2026-06-30,5,1503.8800048828125
VZ.MX,2024-09-18,2024-09-25,5,855.0
W.MX,2024-12-19,2025-04-23,83,890.8200073242188
W.MX,2023-08-14,2023-11-06,59,1284.0
W.MX,2023-03-17,2023-06-06,53,613.4199829101562
W.MX,2025-05-12,2025-07-23,52,781.5
W.MX,2025-12-09,2026-02-19,48,1708.0
W.MX,2025-09-02,2025-10-27,38,1440.0
W.MX,2026-03-18,2026-05-11,34,1388.0
W.MX,2023-01-02,2023-02-03,24,1286.3299560546875
W.MX,2023-11-29,2024-01-05,24,1000.0
W.MX,2024-09-26,2024-10-30,23,1012.0599975585938
W.MX,2026-05-12,2026-06-12,23,1033.0
W.MX,2023-06-07,2023-07-05,20,897.280029296875
W.MX,2024-08-27,2024-09-25,20,839.5
W.MX,2024-04-09,2024-05-07,19,1069.0
W.MX,2024-07-29,2024-08-22,18,1015.0
W.MX,2024-05-08,2024-05-31,17,1121.0
W.MX,2024-06-25,2024-07-15,14,909.0
W.MX,2023-07-10,2023-07-27,13,1110.0
W.MX,2024-01-08,2024-01-25,13,935.0
W.MX,2024-02-28,2024-03-19,13,998.5
W.MX,2024-03-20,2024-04-08,11,1032.300048828125
W.MX,2023-02-07,2023-02-21,10,1208.0
W.MX,2023-02-23,2023-03-09,10,710.0
W.MX,2024-02-13,2024-02-27,10,870.0
W.MX,2024-11-15,2024-12-02,10,776.0
W.MX,2024-12-03,2024-12-18,10,985.0
W.MX,2025-04-24,2025-05-09,10,578.2100219726562
W.MX,2025-08-18,2025-09-01,10,1502.0
W.MX,2026-06-16,2026-06-30,10,1428.0
W.MX,2023-11-15,2023-11-28,8,862.0
W.MX,2024-11-04,2024-11-14,8,855.0
W.MX,2026-02-20,2026-03-04,8,1396.6600341796875
W.MX,2024-06-13,2024-06-24,7,1009.1099853515625
W.MX,2025-11-13,2025-11-24,6,1952.3699951171875
W.MX,2026-03-05,2026-03-13,6,1382.8299560546875
W.MX,2023-07-28,2023-08-04,5,1230.0
W.MX,2023-11-07,2023-11-14,5,811.0900268554688
W.MX,2024-01-30,2024-02-07,5,888.0
W.MX,2024-06-05,2024-06-12,5,1026.550048828125
WAB.MX,2023-07-28,2023-12-26,103,1971.0
WAB.MX,2025-07-29,2025-10-13,53,3662.6201171875
WAB.MX,2024-02-09,2024-04-22,48,2315.0
WAB.MX,2025-12-22,2026-03-03,48,4002.5
WAB.MX,2025-03-24,2025-05-27,43,3736.0
WAB.MX,2023-01-25,2023-03-14,33,1950.0
WAB.MX,2023-04-10,2023-05-25,32,1773.0
WAB.MX,2024-06-07,2024-07-22,31,2875.0
WAB.MX,2024-04-23,2024-06-05,30,2503.889892578125
WAB.MX,2023-12-27,2024-02-08,29,2137.0
WAB.MX,2026-03-18,2026-05-04,29,4232.81005859375
WAB.MX,2024-10-15,2024-11-20,25,3690.0
WAB.MX,2023-06-09,2023-07-13,24,1703.050048828125
WAB.MX,2025-05-28,2025-07-01,24,3900.0
WAB.MX,2024-09-10,2024-10-14,22,3292.0
WAB.MX,2025-01-15,2025-02-13,20,3857.0
WAB.MX,2025-10-14,2025-11-11,20,3608.0
WAB.MX,2024-07-23,2024-08-16,18,2860.0
WAB.MX,2026-05-05,2026-05-28,17,4569.39013671875
WAB.MX,2023-01-02,2023-01-24,16,1963.0
WAB.MX,2026-06-03,2026-06-25,16,4582.0
WAB.MX,2024-12-09,2024-12-30,13,4160.0
WAB.MX,2025-11-12,2025-12-02,13,3842.5
WAB.MX,2025-02-27,2025-03-18,12,3720.0
WAB.MX,2024-08-23,2024-09-09,11,3083.0
WAB.MX,2024-11-21,2024-12-06,11,3830.0
WAB.MX,2025-12-03,2025-12-19,11,3910.0
WAB.MX,2023-05-26,2023-06-08,9,1664.530029296875
WAB.MX,2023-07-14,2023-07-27,9,1869.93994140625
WAB.MX,2023-03-15,2023-03-28,8,1818.0
WAB.MX,2025-07-02,2025-07-14,8,4050.0
WAB.MX,2025-07-16,2025-07-28,8,3968.0
WAB.MX,2025-01-06,2025-01-14,6,3965.0
WAB.MX,2023-03-29,2023-04-05,5,1800.0
WAB.MX,2025-02-14,2025-02-21,5,3866.739990234375
WAB.MX,2026-03-04,2026-03-11,5,4586.43994140625
WAT.MX,2023-04-03,2023-07-14,71,5565.0
WAT.MX,2023-07-17,2023-10-13,64,4514.0
WAT.MX,2023-01-02,2023-02-20,34,6610.8798828125
WAT.MX,2024-11-07,2024-12-13,24,7620.0
WAT.MX,2026-05-29,2026-06-30,22,6660.4501953125
WAT.MX,2025-05-20,2025-06-12,17,6942.0
WAT.MX,2024-03-05,2024-04-01,16,5815.14013671875
WAT.MX,2026-05-06,2026-05-28,16,6020.0
WAT.MX,2023-02-21,2023-03-14,15,5974.0
WAT.MX,2025-08-14,2025-09-03,14,5525.0
WAT.MX,2023-10-16,2023-11-03,13,4573.0
WAT.MX,2024-01-18,2024-02-07,13,5305.330078125
WAT.MX,2024-10-11,2024-10-30,13,6830.10986328125
WAT.MX,2025-02-14,2025-03-05,13,7555.1298828125
WAT.MX,2024-08-07,2024-08-23,12,6207.0
WAT.MX,2024-08-26,2024-09-11,12,6501.0
WAT.MX,2023-03-15,2023-03-31,11,5648.0
WAT.MX,2024-01-02,2024-01-17,11,5620.35986328125
WAT.MX,2024-12-19,2025-01-07,11,7343.7998046875
WAT.MX,2025-04-15,2025-05-05,11,6515.72998046875
WAT.MX,2024-02-16,2024-03-01,10,5575.8701171875
WAT.MX,2025-06-25,2025-07-08,9,6551.0
WAT.MX,2025-10-30,2025-11-12,9,6378.43994140625
WAT.MX,2025-11-25,2025-12-08,9,7513.0
WAT.MX,2024-06-18,2024-06-28,8,5414.02978515625
WAT.MX,2024-07-17,2024-07-29,8,5550.0
WAT.MX,2025-01-31,2025-02-13,8,8605.9501953125
WAT.MX,2025-12-22,2026-01-05,8,6909.60009765625
WAT.MX,2024-07-05,2024-07-16,7,5105.0
WAT.MX,2025-03-25,2025-04-03,7,7417.0
WAT.MX,2026-03-03,2026-03-12,7,5496.47998046875
WAT.MX,2026-03-31,2026-04-13,7,5374.2998046875
WAT.MX,2023-11-09,2023-11-17,6,4521.22998046875
WAT.MX,2023-12-20,2023-12-29,6,5580.0
WAT.MX,2024-04-04,2024-04-12,6,5565.0
WAT.MX,2024-09-12,2024-09-23,6,6309.0
WAT.MX,2024-10-02,2024-10-10,6,6935.0
WAT.MX,2025-03-13,2025-03-24,6,7351.0
WAT.MX,2025-08-05,2025-08-13,6,5342.0
WAT.MX,2025-11-13,2025-11-24,6,7096.0
WAT.MX,2023-11-21,2023-11-28,5,4760.10986328125
WAT.MX,2023-11-29,2023-12-06,5,4750.10986328125
WAT.MX,2024-05-06,2024-05-13,5,5450.02978515625
WAT.MX,2024-05-20,2024-05-27,5,5830.0
WAT.MX,2024-07-30,2024-08-06,5,6050.0
WAT.MX,2025-01-21,2025-01-28,5,8540.0
WAT.MX,2025-05-06,2025-05-13,5,6690.0
WAT.MX,2025-06-16,2025-06-23,5,6596.240234375
WAT.MX,2025-07-25,2025-08-01,5,5565.0
WAT.MX,2025-09-10,2025-09-18,5,5432.02001953125
WAT.MX,2025-10-01,2025-10-08,5,5800.0
WAT.MX,2026-01-27,2026-02-04,5,6718.5
WAT.MX,2026-02-12,2026-02-19,5,5425.0
WBD.MX,2026-06-09,2026-06-23,10,461.0
WBD.MX,2025-06-16,2025-06-23,5,201.0
WBD.MX,2026-04-17,2026-04-27,5,474.0
WBD.MX,2026-05-21,2026-05-28,5,475.0
WDAY.MX,2025-03-20,2025-05-21,41,5060.0
WDAY.MX,2023-10-24,2023-12-14,34,3862.590087890625
WDAY.MX,2023-08-25,2023-10-09,31,3925.0
WDAY.MX,2024-06-18,2024-07-30,30,3906.0
WDAY.MX,2023-07-12,2023-08-22,29,3710.0
WDAY.MX,2024-10-15,2024-11-22,27,4845.0
WDAY.MX,2023-04-12,2023-05-18,25,3462.0
WDAY.MX,2024-03-22,2024-04-29,24,4617.14013671875
WDAY.MX,2024-08-22,2024-09-25,23,4515.0
WDAY.MX,2026-04-10,2026-05-12,20,2000.0
WDAY.MX,2023-12-15,2024-01-15,19,4692.72021484375
WDAY.MX,2024-01-16,2024-02-13,19,4803.91015625
WDAY.MX,2024-07-31,2024-08-21,15,4305.10986328125
WDAY.MX,2026-03-17,2026-04-09,15,2413.199951171875
WDAY.MX,2023-05-19,2023-06-08,14,3460.0
WDAY.MX,2023-06-16,2023-07-06,14,3771.0
WDAY.MX,2025-02-26,2025-03-19,14,5515.0
WDAY.MX,2025-06-24,2025-07-11,13,4500.0
WDAY.MX,2025-09-17,2025-10-06,13,4306.0
WDAY.MX,2025-06-05,2025-06-23,12,4800.0
WDAY.MX,2024-12-17,2025-01-03,11,5636.89013671875
WDAY.MX,2024-05-29,2024-06-12,10,3626.909912109375
WDAY.MX,2026-02-27,2026-03-13,10,2238.800048828125
WDAY.MX,2023-01-12,2023-01-25,9,3073.56005859375
WDAY.MX,2023-02-13,2023-02-24,9,3483.0
WDAY.MX,2023-10-10,2023-10-23,9,3976.6298828125
WDAY.MX,2024-09-26,2024-10-10,9,4713.0
WDAY.MX,2025-01-16,2025-01-29,9,5429.0
WDAY.MX,2024-05-16,2024-05-28,8,4246.0
WDAY.MX,2025-08-07,2025-08-19,8,4130.0
WDAY.MX,2023-01-02,2023-01-11,7,3242.60009765625
WDAY.MX,2023-01-31,2023-02-10,7,3373.580078125
WDAY.MX,2023-03-15,2023-03-27,7,3487.0
WDAY.MX,2024-02-14,2024-02-23,7,5228.0
WDAY.MX,2024-05-02,2024-05-13,7,4269.18994140625
WDAY.MX,2025-12-16,2025-12-26,7,3875.0
WDAY.MX,2026-02-11,2026-02-20,7,2500.0
WDAY.MX,2025-01-06,2025-01-14,6,5228.0
WDAY.MX,2025-08-27,2025-09-04,6,4250.0
WDAY.MX,2025-10-17,2025-10-27,6,4310.0
WDAY.MX,2025-12-29,2026-01-07,6,3945.0
WDAY.MX,2024-03-04,2024-03-11,5,4648.009765625
WDAY.MX,2024-03-12,2024-03-20,5,4548.490234375
WDAY.MX,2026-06-22,2026-06-29,5,1949.0
WDC.MX,2023-06-07,2023-08-08,44,695.0
WDC.MX,2023-02-15,2023-04-11,36,806.5
WDC.MX,2023-10-16,2023-11-27,28,820.0
WDC.MX,2023-08-09,2023-09-05,19,727.8499755859375
WDC.MX,2024-04-29,2024-05-27,19,1180.0
WDC.MX,2024-06-10,2024-07-02,16,1400.0
WDC.MX,2025-04-16,2025-05-13,16,701.280029296875
WDC.MX,2025-06-30,2025-07-22,16,1180.0
WDC.MX,2025-08-13,2025-09-02,14,1420.0
WDC.MX,2023-01-06,2023-01-25,13,712.0
WDC.MX,2023-12-14,2024-01-04,13,887.7999877929688
WDC.MX,2025-03-13,2025-04-01,12,844.0
WDC.MX,2024-01-05,2024-01-19,10,845.5
WDC.MX,2024-08-23,2024-09-06,10,1271.0
WDC.MX,2024-11-21,2024-12-05,10,1340.0
WDC.MX,2023-04-17,2023-04-28,9,648.0999755859375
WDC.MX,2024-03-01,2024-03-14,9,1081.0
WDC.MX,2024-07-12,2024-07-25,9,1390.0
WDC.MX,2025-04-02,2025-04-15,9,849.469970703125
WDC.MX,2025-06-16,2025-06-27,9,1080.0
WDC.MX,2024-07-31,2024-08-12,8,1230.0
WDC.MX,2025-05-14,2025-05-26,8,964.7999877929688
WDC.MX,2023-05-02,2023-05-11,7,605.219970703125
WDC.MX,2023-10-04,2023-10-13,7,811.0
WDC.MX,2023-12-01,2023-12-13,7,835.3300170898438
WDC.MX,2024-04-03,2024-04-12,7,1143.0
WDC.MX,2023-09-13,2023-09-21,6,739.0
WDC.MX,2024-02-13,2024-02-21,6,953.0
WDC.MX,2025-01-17,2025-01-27,6,1363.0
WDC.MX,2024-12-19,2024-12-27,5,1245.0
WDC.MX,2025-05-27,2025-06-03,5,994.0
WELL.MX,2023-02-23,2023-07-13,96,1395.030029296875
WELL.MX,2023-07-14,2023-11-15,87,1338.5899658203125
WELL.MX,2023-11-16,2024-03-01,71,1485.0
WELL.MX,2024-03-04,2024-06-03,61,1583.949951171875
WELL.MX,2026-02-10,2026-04-30,53,3436.0
WELL.MX,2025-01-07,2025-02-26,35,2500.0
WELL.MX,2024-07-03,2024-08-20,34,1890.0
WELL.MX,2024-11-13,2025-01-03,33,2776.0
WELL.MX,2024-09-20,2024-11-01,29,2420.0
WELL.MX,2025-07-02,2025-08-06,25,2829.39990234375
WELL.MX,2023-01-02,2023-02-03,24,1458.280029296875
WELL.MX,2025-03-28,2025-04-29,20,2945.0
WELL.MX,2024-06-04,2024-07-01,19,1870.97998046875
WELL.MX,2025-05-30,2025-06-25,18,2971.0
WELL.MX,2025-11-12,2025-12-08,17,3524.409912109375
WELL.MX,2025-12-09,2026-01-02,15,3625.0
WELL.MX,2024-08-29,2024-09-19,14,2381.5
WELL.MX,2025-05-06,2025-05-26,14,2960.43994140625
WELL.MX,2025-09-12,2025-10-03,14,3121.0
WELL.MX,2025-10-08,2025-10-27,13,3137.0
WELL.MX,2023-02-07,2023-02-22,11,1426.1700439453125
WELL.MX,2025-02-27,2025-03-13,10,3104.5
WELL.MX,2025-10-28,2025-11-11,10,3336.9599609375
WELL.MX,2026-05-13,2026-05-27,10,3736.0
WELL.MX,2026-06-02,2026-06-16,10,3402.830078125
WELL.MX,2025-08-07,2025-08-20,9,3177.56005859375
WELL.MX,2025-03-14,2025-03-27,8,2938.050048828125
WELL.MX,2026-01-05,2026-01-15,8,3325.0
WELL.MX,2026-06-17,2026-06-26,7,3602.85009765625
WELL.MX,2025-09-03,2025-09-11,6,3152.64990234375
WELL.MX,2026-01-26,2026-02-04,6,3198.0
WELL.MX,2026-05-04,2026-05-12,6,3811.0
WELL.MX,2024-08-21,2024-08-28,5,2248.5
WMB.MX,2024-01-16,2025-01-13,248,593.0999755859375
WMB.MX,2026-01-08,2026-06-16,107,1074.0
WMB.MX,2025-02-26,2025-07-28,104,1140.0
WMB.MX,2025-07-29,2025-10-31,67,1107.5
WMB.MX,2023-06-12,2023-08-04,39,528.2100219726562
WMB.MX,2023-11-16,2024-01-15,38,615.0
WMB.MX,2023-10-02,2023-11-15,31,575.3200073242188
WMB.MX,2025-01-14,2025-02-17,23,1200.0
WMB.MX,2025-12-04,2026-01-07,21,1145.0
WMB.MX,2025-11-04,2025-12-03,20,1067.5
WMB.MX,2023-08-07,2023-08-28,15,545.0
WMB.MX,2023-02-10,2023-03-01,13,592.4299926757812
WMB.MX,2023-09-12,2023-09-29,13,612.9000244140625
WMB.MX,2023-05-03,2023-05-19,12,520.0
WMB.MX,2023-04-14,2023-05-02,11,547.6500244140625
WMB.MX,2023-03-29,2023-04-13,9,527.0
WMB.MX,2023-08-29,2023-09-11,9,542.0
WMB.MX,2026-06-17,2026-06-30,9,1250.0
WMB.MX,2023-01-19,2023-01-31,8,610.6300048828125
WMB.MX,2023-03-10,2023-03-23,8,537.0
WMB.MX,2023-01-02,2023-01-10,6,631.0
WMB.MX,2023-05-30,2023-06-07,6,504.0
WMB.MX,2023-01-11,2023-01-18,5,613.0800170898438
WMB.MX,2023-03-02,2023-03-09,5,551.0
WMB.MX,2023-05-22,2023-05-29,5,519.3599853515625
WMI.MX,2023-05-22,2023-07-18,41,2900.0
WMI.MX,2023-07-19,2023-09-11,38,2778.39990234375
WMI.MX,2023-01-02,2023-01-27,19,3471.0
WMI.MX,2023-02-03,2023-02-28,16,2835.0
WMI.MX,2024-12-20,2025-01-14,15,3994.0
WMI.MX,2023-03-15,2023-04-04,13,2847.0
WMI.MX,2024-05-17,2024-06-04,12,3565.300048828125
WMI.MX,2024-06-06,2024-06-24,12,3541.89990234375
WMI.MX,2025-06-03,2025-06-19,12,4605.0
WMI.MX,2025-08-07,2025-08-22,11,4340.009765625
WMI.MX,2024-07-02,2024-07-16,10,3850.0
WMI.MX,2025-05-14,2025-05-28,10,4315.0
WMI.MX,2023-04-21,2023-05-05,9,2977.77001953125
WMI.MX,2023-05-08,2023-05-19,9,2985.60009765625
WMI.MX,2024-08-07,2024-08-20,9,4010.0
WMI.MX,2024-09-04,2024-09-18,9,4135.0
WMI.MX,2025-07-15,2025-07-28,9,4204.75
WMI.MX,2024-10-09,2024-10-21,8,4015.659912109375
WMI.MX,2025-01-16,2025-01-28,8,4227.5
WMI.MX,2025-02-06,2025-02-18,8,4477.0
WMI.MX,2025-04-24,2025-05-07,8,4384.0
WMI.MX,2023-03-03,2023-03-14,7,2698.27001953125
WMI.MX,2023-04-11,2023-04-20,7,2946.5
WMI.MX,2024-03-08,2024-03-20,7,3495.429931640625
WMI.MX,2024-07-26,2024-08-06,7,3617.5400390625
WMI.MX,2024-12-09,2024-12-19,7,4410.0
WMI.MX,2023-12-29,2024-01-09,6,2972.5
WMI.MX,2024-02-15,2024-02-23,6,3352.800048828125
WMI.MX,2024-07-17,2024-07-25,6,3938.5
WMI.MX,2025-03-25,2025-04-02,6,4778.16015625
WMI.MX,2025-07-29,2025-08-06,6,4460.0
WMI.MX,2025-10-03,2025-10-13,6,4046.340087890625
WMI.MX,2023-12-01,2023-12-08,5,2962.5
WMI.MX,2024-03-22,2024-04-02,5,3541.989990234375
WMI.MX,2024-09-19,2024-09-26,5,3923.0
WMI.MX,2024-09-27,2024-10-07,5,3997.0
WMI.MX,2024-10-22,2024-10-29,5,4270.0
WMI.MX,2025-04-11,2025-04-22,5,4650.0
WMI.MX,2026-04-07,2026-04-14,5,4141.169921875
WMS.MX,2024-09-26,2025-09-15,242,3058.699951171875
WMS.MX,2025-09-17,2026-06-01,173,2700.0
WMS.MX,2026-06-08,2026-06-30,16,2100.0
WPC.MX,2025-11-28,2026-06-30,143,1236.0
WPC.MX,2024-10-08,2025-04-04,122,1150.0
WPC.MX,2025-06-27,2025-11-27,107,1210.0
WPC.MX,2024-06-04,2024-10-07,87,991.02001953125
WPC.MX,2023-08-30,2023-12-28,82,1083.6600341796875
WPC.MX,2023-05-30,2023-07-27,42,1206.73046875
WPC.MX,2025-04-07,2025-06-06,41,1163.75
WPC.MX,2023-03-17,2023-05-17,39,1460.463623046875
WPC.MX,2023-12-29,2024-02-23,38,1050.0
WPC.MX,2024-04-15,2024-06-03,34,930.0
WPC.MX,2024-02-26,2024-04-12,31,932.0
WPC.MX,2023-02-07,2023-03-15,26,1598.6182861328125
WPC.MX,2023-07-28,2023-08-28,21,1151.18896484375
WPC.MX,2023-01-02,2023-01-25,17,1578.339599609375
WPC.MX,2025-06-09,2025-06-26,13,1170.0
WPC.MX,2023-05-18,2023-05-29,7,1215.2215576171875
WPC.MX,2023-01-26,2023-02-03,6,1634.041015625
WRB.MX,2024-04-15,2025-04-25,258,912.6666870117188
WRB.MX,2025-07-21,2026-06-30,235,1277.0
WRB.MX,2023-06-23,2024-04-12,201,669.3400268554688
WRB.MX,2023-01-02,2023-06-22,118,892.3333129882812
WRB.MX,2025-04-28,2025-07-18,58,1384.0
WSM.MX,2025-02-14,2025-10-09,164,4299.0
WSM.MX,2025-10-10,2026-05-15,145,3403.0
WSM.MX,2024-10-28,2025-01-27,61,2652.0
WSM.MX,2024-03-25,2024-05-23,40,2601.0400390625
WSM.MX,2024-02-07,2024-03-22,31,1700.0
WSM.MX,2026-05-18,2026-06-30,31,2920.330078125
WSM.MX,2024-08-23,2024-10-08,30,2611.0
WSM.MX,2024-07-12,2024-08-22,29,2821.0
WSM.MX,2023-02-02,2023-03-13,26,1316.0
WSM.MX,2023-10-10,2023-11-15,25,1438.5999755859375
WSM.MX,2023-12-29,2024-02-06,25,1710.1800537109375
WSM.MX,2023-07-12,2023-08-10,21,1108.9749755859375
WSM.MX,2024-06-18,2024-07-11,17,2800.0
WSM.MX,2023-12-05,2023-12-28,15,1714.0050048828125
WSM.MX,2024-05-24,2024-06-13,14,2399.5
WSM.MX,2023-04-12,2023-05-02,13,1077.0
WSM.MX,2023-05-24,2023-06-12,13,1008.0
WSM.MX,2023-08-21,2023-09-06,12,1102.8349609375
WSM.MX,2023-06-15,2023-06-30,11,1080.9300537109375
WSM.MX,2025-01-28,2025-02-13,11,4378.10009765625
WSM.MX,2023-09-25,2023-10-09,10,1355.3050537109375
WSM.MX,2023-09-07,2023-09-20,9,1268.1400146484375
WSM.MX,2023-01-18,2023-01-30,8,1205.5
WSM.MX,2023-11-24,2023-12-04,6,1556.0550537109375
WSM.MX,2023-01-03,2023-01-10,5,1125.0
WSM.MX,2023-08-11,2023-08-18,5,1125.0
WST.MX,2025-12-04,2026-06-30,139,5112.509765625
WST.MX,2023-08-24,2024-01-23,103,6627.0
WST.MX,2025-08-01,2025-12-03,86,4435.0
WST.MX,2024-01-24,2024-05-03,67,6043.9501953125
WST.MX,2025-02-14,2025-05-16,61,4500.0
WST.MX,2024-11-01,2025-01-27,57,6410.7900390625
WST.MX,2023-04-13,2023-06-15,44,6610.0
WST.MX,2024-07-17,2024-09-10,39,5692.0
WST.MX,2023-01-02,2023-02-21,35,6759.81982421875
WST.MX,2024-09-11,2024-10-31,34,5969.080078125
WST.MX,2023-02-22,2023-04-12,32,5595.91015625
WST.MX,2023-07-17,2023-08-18,24,6456.89013671875
WST.MX,2024-05-09,2024-06-12,24,6080.0
WST.MX,2023-06-16,2023-07-14,20,6270.0
WST.MX,2025-07-03,2025-07-31,20,4140.0
WST.MX,2025-06-09,2025-06-27,14,4298.5
WST.MX,2024-06-27,2024-07-16,13,6089.0
WST.MX,2024-06-13,2024-06-26,9,6356.0
WST.MX,2025-01-31,2025-02-12,7,7059.68994140625
WST.MX,2025-05-22,2025-05-30,6,4098.0
WTS.MX,2024-05-16,2024-12-09,144,3584.9599609375
WTS.MX,2023-01-02,2023-07-06,128,2796.10009765625
WTS.MX,2023-11-16,2024-05-15,120,3330.5400390625
WTS.MX,2025-02-12,2025-07-11,103,4453.1298828125
WTS.MX,2025-07-14,2025-11-10,84,4715.3798828125
WTS.MX,2023-08-03,2023-11-15,73,3248.0
WTS.MX,2025-11-11,2026-02-25,71,5035.66015625
WTS.MX,2026-03-26,2026-06-30,64,5253.4599609375
WTS.MX,2024-12-10,2025-01-10,20,4453.14990234375
WTS.MX,2025-01-13,2025-02-11,20,4200.0
WTS.MX,2023-07-07,2023-08-02,18,3014.669921875
WTS.MX,2026-02-26,2026-03-13,11,5672.0
WTS.MX,2026-03-17,2026-03-25,6,5439.10986328125
WY.MX,2023-11-16,2025-01-22,294,540.0
WY.MX,2023-01-02,2023-11-15,221,613.0900268554688
WY.MX,2025-01-23,2025-09-02,153,607.1599731445312
WY.MX,2025-12-16,2026-06-30,132,416.4200134277344
WY.MX,2025-09-03,2025-12-15,70,458.0
XEL.MX,2023-06-08,2024-02-29,184,1125.0
XEL.MX,2025-04-23,2025-10-21,127,1403.1300048828125
XEL.MX,2024-09-30,2025-03-26,120,1230.0
XEL.MX,2024-05-13,2024-08-12,65,938.52001953125
XEL.MX,2026-03-02,2026-05-12,46,1450.0
XEL.MX,2024-03-11,2024-05-10,40,885.0
XEL.MX,2024-08-13,2024-09-27,32,1095.0
XEL.MX,2025-11-06,2025-12-24,32,1519.8699951171875
XEL.MX,2023-04-11,2023-05-23,29,1293.9599609375
XEL.MX,2026-05-13,2026-06-23,29,1375.0
XEL.MX,2025-03-27,2025-04-22,16,1403.0
XEL.MX,2025-12-26,2026-01-19,15,1413.449951171875
XEL.MX,2023-03-21,2023-04-10,12,1217.030029296875
XEL.MX,2026-01-30,2026-02-17,11,1316.8599853515625
XEL.MX,2025-10-22,2025-11-05,10,1527.0
XEL.MX,2023-01-26,2023-02-08,8,1292.0
XEL.MX,2026-02-18,2026-02-27,7,1372.2900390625
XEL.MX,2023-01-17,2023-01-25,6,1332.0
XEL.MX,2023-05-30,2023-06-07,6,1131.8800048828125
XEL.MX,2026-01-21,2026-01-29,6,1337.0
XEL.MX,2023-02-09,2023-02-16,5,1262.0
XPO.MX,2024-01-19,2026-01-05,490,1446.030029296875
XPO.MX,2023-08-08,2023-12-14,89,1244.0
XPO.MX,2023-03-23,2023-07-06,72,576.0
XPO.MX,2026-03-02,2026-05-26,56,3713.39990234375
XPO.MX,2026-01-06,2026-02-18,30,2650.0
XPO.MX,2023-01-02,2023-02-10,28,705.1859741210938
XPO.MX,2023-02-13,2023-03-22,26,674.9000244140625
XPO.MX,2026-05-27,2026-06-30,24,3711.0
XPO.MX,2023-07-14,2023-08-07,16,1032.0
XPO.MX,2023-12-15,2023-12-28,8,1497.6600341796875
XPO.MX,2023-12-29,2024-01-09,6,1492.0
XYL.MX,2024-12-10,2025-09-04,184,2609.280029296875
XYL.MX,2024-05-16,2024-11-29,138,2385.820068359375
XYL.MX,2023-09-01,2024-02-02,105,1761.300048828125
XYL.MX,2024-02-06,2024-05-15,67,2018.4000244140625
XYL.MX,2025-09-05,2025-12-11,67,2590.199951171875
XYL.MX,2023-04-14,2023-07-06,58,1894.4300537109375
XYL.MX,2025-12-15,2026-03-04,54,2470.3798828125
XYL.MX,2026-03-05,2026-05-25,52,2260.0
XYL.MX,2023-02-07,2023-04-13,44,2023.27001953125
XYL.MX,2023-01-02,2023-02-03,24,2101.0
XYL.MX,2023-07-07,2023-08-08,22,1883.300048828125
XYL.MX,2023-08-09,2023-08-31,16,1752.3499755859375
XYL.MX,2026-06-15,2026-06-30,11,1930.0
XYL.MX,2026-05-26,2026-06-09,10,1940.0
XYL.MX,2024-12-02,2024-12-09,5,2625.0
YUM.MX,2024-03-12,2024-06-04,56,2370.0
YUM.MX,2025-04-24,2025-06-19,39,2874.3701171875
YUM.MX,2025-11-13,2026-01-13,39,2749.5
YUM.MX,2023-01-02,2023-02-21,35,2527.989990234375
YUM.MX,2023-02-22,2023-04-14,34,2380.300048828125
YUM.MX,2023-12-19,2024-02-08,34,2238.699951171875
YUM.MX,2025-06-20,2025-08-06,33,2670.0
YUM.MX,2026-03-11,2026-04-30,32,2750.0
YUM.MX,2023-05-23,2023-06-28,26,2400.0
YUM.MX,2023-11-09,2023-12-18,25,2216.590087890625
YUM.MX,2024-12-09,2025-01-14,23,2810.0
YUM.MX,2024-10-31,2024-12-02,21,2650.0
YUM.MX,2025-10-14,2025-11-12,21,2671.89990234375
YUM.MX,2025-03-06,2025-04-03,19,3228.199951171875
YUM.MX,2023-09-05,2023-09-29,18,2245.0
YUM.MX,2024-02-13,2024-03-08,18,2239.0
YUM.MX,2025-08-11,2025-09-04,18,2642.5
YUM.MX,2024-06-13,2024-07-04,15,2539.800048828125
YUM.MX,2026-05-11,2026-06-01,15,2591.0
YUM.MX,2025-01-17,2025-02-07,14,2610.0
YUM.MX,2026-02-18,2026-03-10,14,2792.0
YUM.MX,2024-10-07,2024-10-24,13,2607.530029296875
YUM.MX,2026-01-14,2026-02-03,13,2782.0
YUM.MX,2023-05-04,2023-05-22,12,2435.0
YUM.MX,2025-09-26,2025-10-13,11,2793.56005859375
YUM.MX,2023-10-24,2023-11-08,10,2180.0
YUM.MX,2024-08-19,2024-09-02,10,2522.0
YUM.MX,2025-09-05,2025-09-22,10,2696.5
YUM.MX,2023-07-31,2023-08-11,9,2308.0
YUM.MX,2024-08-05,2024-08-16,9,2546.110107421875
YUM.MX,2025-02-10,2025-02-21,9,3023.0
YUM.MX,2026-02-04,2026-02-17,9,2694.969970703125
YUM.MX,2023-04-19,2023-05-02,8,2469.25
YUM.MX,2023-10-02,2023-10-12,8,2214.2900390625
YUM.MX,2025-04-04,2025-04-16,8,3160.0
YUM.MX,2023-06-30,2023-07-11,7,2374.080078125
YUM.MX,2024-09-03,2024-09-12,7,2650.0
YUM.MX,2026-06-11,2026-06-22,7,2660.0
YUM.MX,2024-07-11,2024-07-19,6,2298.590087890625
YUM.MX,2023-10-16,2023-10-23,5,2104.39990234375
YUM.MX,2026-06-03,2026-06-10,5,2589.830078125
YUMC.MX,2023-10-16,2024-02-27,90,970.5599975585938
YUMC.MX,2023-02-13,2023-05-11,59,1137.0
YUMC.MX,2025-01-15,2025-03-28,50,897.77001953125
YUMC.MX,2023-06-30,2023-09-07,49,972.97998046875
YUMC.MX,2024-05-24,2024-07-29,46,595.0
YUMC.MX,2026-05-11,2026-06-30,36,813.7999877929688
YUMC.MX,2024-02-28,2024-04-19,34,747.9000244140625
YUMC.MX,2025-04-10,2025-05-28,31,919.0
YUMC.MX,2026-03-20,2026-05-08,31,930.0
YUMC.MX,2023-09-08,2023-10-13,25,909.0399780273438
YUMC.MX,2024-04-22,2024-05-23,22,635.0999755859375
YUMC.MX,2024-10-11,2024-11-11,21,900.0
YUMC.MX,2025-05-29,2025-06-25,19,870.0
YUMC.MX,2023-05-12,2023-06-05,16,1067.97998046875
YUMC.MX,2024-07-30,2024-08-20,15,550.6199951171875
YUMC.MX,2024-08-21,2024-09-11,15,631.75
YUMC.MX,2024-11-14,2024-12-06,15,1020.0
YUMC.MX,2026-02-25,2026-03-19,15,963.0999755859375
YUMC.MX,2023-01-17,2023-02-03,13,1106.75
YUMC.MX,2024-12-09,2024-12-27,12,1000.0
YUMC.MX,2025-12-23,2026-01-09,11,872.0
YUMC.MX,2023-01-02,2023-01-16,10,1106.6700439453125
YUMC.MX,2023-06-16,2023-06-29,9,1000.8599853515625
YUMC.MX,2025-07-01,2025-07-11,8,862.4000244140625
YUMC.MX,2025-12-04,2025-12-17,8,853.3300170898438
YUMC.MX,2025-03-31,2025-04-09,7,1012.0
YUMC.MX,2025-07-23,2025-08-01,7,910.5
YUMC.MX,2026-01-12,2026-01-21,7,876.2000122070312
YUMC.MX,2026-02-06,2026-02-17,7,969.0
YUMC.MX,2024-09-24,2024-10-03,6,753.0999755859375
YUMC.MX,2025-01-06,2025-01-14,6,917.0
YUMC.MX,2025-08-06,2025-08-14,6,837.0
YUMC.MX,2023-06-08,2023-06-15,5,1020.0
YUMC.MX,2025-11-25,2025-12-02,5,880.0
YUMC.MX,2026-01-23,2026-01-30,5,848.0
ZBH.MX,2024-11-05,2025-11-11,255,2183.10009765625
ZBH.MX,2025-11-12,2026-06-12,142,1648.0
ZBH.MX,2024-05-15,2024-11-04,121,2015.0
ZBH.MX,2023-10-30,2024-02-14,71,1850.1099853515625
ZBH.MX,2024-03-14,2024-05-14,39,2080.719970703125
ZBH.MX,2024-02-15,2024-03-13,19,2105.0
ZBH.MX,2026-06-15,2026-06-30,11,1502.0
ZBH.MX,2023-04-28,2023-05-15,10,2475.1298828125
ZBH.MX,2023-02-02,2023-02-16,9,2370.110107421875
ZBH.MX,2023-05-16,2023-05-29,9,2350.0
ZBH.MX,2023-01-13,2023-01-25,8,2321.070068359375
ZBH.MX,2023-09-06,2023-09-15,7,2120.10009765625
ZBH.MX,2023-01-03,2023-01-11,6,2455.110107421875
ZBH.MX,2023-02-22,2023-03-02,6,2265.4599609375
ZBH.MX,2023-03-07,2023-03-15,6,2231.0
ZBH.MX,2023-03-30,2023-04-11,6,2280.110107421875
ZBH.MX,2023-06-29,2023-07-07,6,2483.110107421875
ZBH.MX,2023-08-03,2023-08-11,6,2160.530029296875
ZBH.MX,2023-08-18,2023-08-28,6,2012.4300537109375
ZBH.MX,2023-09-25,2023-10-03,6,2022.8199462890625
ZBH.MX,2023-04-12,2023-04-19,5,2385.110107421875
ZBH.MX,2023-04-20,2023-04-27,5,2491.0
ZBH.MX,2023-06-05,2023-06-12,5,2264.280029296875
ZBH.MX,2023-06-13,2023-06-20,5,2355.110107421875
ZBH.MX,2023-06-21,2023-06-28,5,2448.030029296875
ZBH.MX,2023-07-25,2023-08-01,5,2352.580078125
ZBH.MX,2023-10-17,2023-10-24,5,1920.0
ZBRA.MX,2024-02-26,2024-10-02,151,4751.419921875
ZBRA.MX,2025-01-23,2025-04-28,63,8545.4501953125
ZBRA.MX,2023-04-03,2023-06-26,57,5584.0
ZBRA.MX,2026-01-23,2026-04-17,56,4163.2998046875
ZBRA.MX,2023-01-02,2023-03-21,54,5108.0
ZBRA.MX,2025-11-04,2026-01-02,39,5120.0
ZBRA.MX,2023-09-29,2023-11-14,31,4194.39990234375
ZBRA.MX,2025-08-12,2025-09-25,31,6007.0
ZBRA.MX,2025-05-20,2025-06-26,27,5738.39990234375
ZBRA.MX,2025-07-03,2025-08-11,27,6088.0
ZBRA.MX,2023-06-27,2023-08-01,25,4828.7900390625
ZBRA.MX,2024-01-19,2024-02-23,24,4271.0
ZBRA.MX,2023-08-11,2023-09-07,19,4428.0
ZBRA.MX,2024-10-21,2024-11-15,19,7475.27001953125
ZBRA.MX,2026-06-03,2026-06-29,18,4360.0
ZBRA.MX,2024-11-19,2024-12-13,17,7685.0
ZBRA.MX,2025-10-02,2025-10-23,15,5450.0
ZBRA.MX,2024-12-16,2025-01-06,13,8215.48046875
ZBRA.MX,2025-04-29,2025-05-19,13,5079.0
ZBRA.MX,2026-04-20,2026-05-11,13,4040.0
ZBRA.MX,2023-09-12,2023-09-28,12,4389.0
ZBRA.MX,2023-12-22,2024-01-11,12,4503.2900390625
ZBRA.MX,2024-10-03,2024-10-18,11,7112.41015625
ZBRA.MX,2025-01-07,2025-01-22,11,8053.31982421875
ZBRA.MX,2023-11-29,2023-12-14,10,4007.860107421875
ZBRA.MX,2026-05-19,2026-06-02,10,4362.0
ZBRA.MX,2023-11-15,2023-11-28,8,3771.419921875
ZBRA.MX,2023-03-22,2023-03-31,7,5441.89990234375
ZBRA.MX,2023-08-02,2023-08-10,6,4085.0
ZM.MX,2026-03-03,2026-03-25,15,1275.1199951171875
ZM.MX,2025-04-11,2025-04-25,8,1444.6400146484375
ZM.MX,2025-06-10,2025-06-19,7,1566.0
ZM.MX,2025-07-31,2025-08-11,7,1400.0
ZM.MX,2026-06-18,2026-06-29,7,1503.1099853515625
ZM.MX,2024-05-21,2024-05-29,6,1063.0
ZM.MX,2025-03-13,2025-03-24,6,1450.0
ZM.MX,2024-09-05,2024-09-12,5,1370.0
ZM.MX,2025-01-17,2025-01-24,5,1625.0
ZM.MX,2025-06-27,2025-07-04,5,1471.760009765625
ZS.MX,2023-08-04,2023-09-04,21,2495.0
ZS.MX,2023-06-20,2023-07-13,17,2550.0
ZS.MX,2025-12-04,2025-12-30,16,4428.0
ZS.MX,2025-04-30,2025-05-21,14,4380.0
ZS.MX,2025-02-10,2025-02-27,13,4360.0
ZS.MX,2025-10-14,2025-10-31,13,5612.75
ZS.MX,2023-01-13,2023-01-31,12,2007.0
ZS.MX,2023-11-14,2023-12-01,12,3252.0
ZS.MX,2023-02-15,2023-03-01,10,2659.3701171875
ZS.MX,2023-09-11,2023-09-25,10,2860.0
ZS.MX,2023-12-04,2023-12-19,10,3452.0
ZS.MX,2023-12-20,2024-01-05,10,3748.0
ZS.MX,2024-05-08,2024-05-22,10,2872.010009765625
ZS.MX,2023-01-02,2023-01-12,8,2080.679931640625
ZS.MX,2023-02-01,2023-02-14,8,2350.0
ZS.MX,2023-09-28,2023-10-09,7,2642.6298828125
ZS.MX,2024-07-15,2024-07-24,7,3700.0
ZS.MX,2024-08-05,2024-08-14,7,3212.22998046875
ZS.MX,2023-03-16,2023-03-27,6,2022.3499755859375
ZS.MX,2023-06-02,2023-06-12,6,2555.0
ZS.MX,2023-10-24,2023-11-01,6,3000.0
ZS.MX,2025-07-29,2025-08-06,6,5481.0
ZS.MX,2025-08-19,2025-08-27,6,5242.85986328125
ZS.MX,2024-12-30,2025-01-07,5,3790.0
ZS.MX,2025-03-14,2025-03-24,5,3900.0
ZTS.MX,2023-01-03,2023-01-20,13,2835.0
ZTS.MX,2023-02-14,2023-03-03,13,3198.0
ZTS.MX,2023-01-31,2023-02-13,8,3087.860107421875
ZTS.MX,2023-09-14,2023-09-26,8,2993.85009765625
ZTS.MX,2023-03-06,2023-03-15,7,3055.0
ZTS.MX,2023-05-08,2023-05-17,7,3221.699951171875
ZTS.MX,2023-06-29,2023-07-10,7,2939.0
ZTS.MX,2023-07-31,2023-08-09,7,3140.0
ZTS.MX,2023-06-09,2023-06-19,6,2846.0
ZTS.MX,2023-08-29,2023-09-06,6,3236.0
ZTS.MX,2026-03-04,2026-03-12,6,2210.0
ZTS.MX,2023-04-11,2023-04-18,5,3098.800048828125
ZTS.MX,2023-05-18,2023-05-25,5,3165.0
ZTS.MX,2023-07-11,2023-07-18,5,2897.0
ZTS.MX,2023-08-11,2023-08-18,5,3246.0
ZTS.MX,2023-10-24,2023-10-31,5,3040.0
ZTS.MX,2024-09-12,2024-09-20,5,3616.030029296875
ZTS.MX,2024-10-08,2024-10-15,5,3647.949951171875
