provider_symbol,month,sessions,reason
A.MX,2023-03,3,sessions=3<15 complete-indicator days
A.MX,2023-04,18,"undefined features: rs_last,rs_mean,rs_std,so_last"
A.MX,2023-05,22,"undefined features: rs_last,rs_mean,rs_std,so_last"
A.MX,2023-06,22,"undefined features: rs_last,rs_mean,rs_std,so_last"
A.MX,2023-07,21,"undefined features: rs_last,rs_mean,rs_std,so_last"
A.MX,2023-08,23,"undefined features: rs_last,rs_mean,rs_std,so_last"
A.MX,2023-09,21,"undefined features: rs_last,rs_mean,rs_std,so_last"
A.MX,2023-10,22,"undefined features: rs_last,rs_mean,rs_std,so_last"
A.MX,2023-11,20,"undefined features: rs_last,rs_mean,rs_std,so_last"
A.MX,2024-01,22,"undefined features: rs_last,rs_mean,rs_std,so_last"
A.MX,2024-02,20,"undefined features: rs_last,rs_mean,rs_std,so_last"
A.MX,2024-03,18,"undefined features: rs_last,rs_mean,rs_std,so_last"
A.MX,2024-04,22,"undefined features: rs_last,rs_mean,rs_std,so_last"
A.MX,2024-05,22,"undefined features: rs_last,rs_mean,rs_std,so_last"
A.MX,2024-06,20,"undefined features: rs_last,rs_mean,rs_std"
A.MX,2024-07,23,"undefined features: rs_last,rs_mean,rs_std"
A.MX,2024-08,22,"undefined features: rs_last,rs_mean,rs_std"
A.MX,2024-09,20,"undefined features: rs_last,rs_mean,rs_std"
A.MX,2024-10,22,"undefined features: rs_last,rs_mean,rs_std,so_last"
A.MX,2025-01,22,"undefined features: rs_last,rs_mean,rs_std,so_last"
A.MX,2025-02,19,"undefined features: rs_last,rs_mean,rs_std,so_last"
A.MX,2025-03,20,"undefined features: rs_last,rs_mean,rs_std,so_last"
A.MX,2025-04,20,"undefined features: rs_last,rs_mean,rs_std,so_last"
A.MX,2025-05,21,"undefined features: rs_last,rs_mean,rs_std,so_last"
A.MX,2025-06,21,"undefined features: rs_last,rs_mean,rs_std,so_last"
A.MX,2025-08,21,"undefined features: rs_last,rs_mean,rs_std,so_last"
A.MX,2025-09,21,"undefined features: rs_last,rs_mean,rs_std,so_last"
A.MX,2025-10,23,"undefined features: rs_last,rs_mean,rs_std,so_last"
A.MX,2023-12,0,rejected by data-quality gates
A.MX,2024-11,0,rejected by data-quality gates
A.MX,2024-12,0,rejected by data-quality gates
A.MX,2025-07,0,rejected by data-quality gates
A.MX,2025-11,0,rejected by data-quality gates
A.MX,2025-12,0,rejected by data-quality gates
A.MX,2026-01,0,rejected by data-quality gates
A.MX,2026-02,0,rejected by data-quality gates
A.MX,2026-03,0,rejected by data-quality gates
A.MX,2026-04,0,rejected by data-quality gates
A.MX,2026-05,0,rejected by data-quality gates
A.MX,2026-06,0,rejected by data-quality gates
AAPL.MX,2023-03,3,sessions=3<15 complete-indicator days
ABBV.MX,2023-03,3,sessions=3<15 complete-indicator days
ABBV.MX,2024-03,0,rejected by data-quality gates
ABBV.MX,2024-05,0,rejected by data-quality gates
ABBV.MX,2024-10,0,rejected by data-quality gates
ABBV.MX,2025-03,0,rejected by data-quality gates
ABBV.MX,2025-06,0,rejected by data-quality gates
ABBV.MX,2025-12,0,rejected by data-quality gates
ABBV.MX,2026-03,0,rejected by data-quality gates
ABNB.MX,2023-03,3,sessions=3<15 complete-indicator days
ABT.MX,2023-03,3,sessions=3<15 complete-indicator days
ABT.MX,2023-04,0,rejected by data-quality gates
ABT.MX,2023-05,0,rejected by data-quality gates
ABT.MX,2023-07,0,rejected by data-quality gates
ABT.MX,2023-08,0,rejected by data-quality gates
ABT.MX,2023-09,0,rejected by data-quality gates
ABT.MX,2023-10,0,rejected by data-quality gates
ABT.MX,2023-11,0,rejected by data-quality gates
ABT.MX,2023-12,0,rejected by data-quality gates
ABT.MX,2024-01,0,rejected by data-quality gates
ABT.MX,2024-02,0,rejected by data-quality gates
ABT.MX,2024-03,0,rejected by data-quality gates
ABT.MX,2024-04,0,rejected by data-quality gates
ABT.MX,2024-05,0,rejected by data-quality gates
ABT.MX,2024-06,0,rejected by data-quality gates
ABT.MX,2024-07,0,rejected by data-quality gates
ABT.MX,2024-08,0,rejected by data-quality gates
ABT.MX,2024-09,0,rejected by data-quality gates
ABT.MX,2024-10,0,rejected by data-quality gates
ABT.MX,2024-11,0,rejected by data-quality gates
ABT.MX,2025-01,0,rejected by data-quality gates
ABT.MX,2025-02,0,rejected by data-quality gates
ABT.MX,2025-04,0,rejected by data-quality gates
ABT.MX,2025-05,0,rejected by data-quality gates
ABT.MX,2025-06,0,rejected by data-quality gates
ABT.MX,2025-08,0,rejected by data-quality gates
ABT.MX,2025-09,0,rejected by data-quality gates
ABT.MX,2025-10,0,rejected by data-quality gates
ABT.MX,2025-11,0,rejected by data-quality gates
ABT.MX,2025-12,0,rejected by data-quality gates
ABT.MX,2026-01,0,rejected by data-quality gates
ABT.MX,2026-03,0,rejected by data-quality gates
AC.MX,2023-03,3,sessions=3<15 complete-indicator days
ADBE.MX,2023-03,3,sessions=3<15 complete-indicator days
ADI.MX,2023-03,3,sessions=3<15 complete-indicator days
ADI.MX,2023-12,19,"undefined features: rs_last,rs_mean,rs_std"
ADI.MX,2024-01,22,"undefined features: rs_last,rs_mean,rs_std,so_last"
ADI.MX,2024-05,22,"undefined features: rs_last,rs_mean,rs_std"
ADI.MX,2023-04,0,rejected by data-quality gates
ADI.MX,2023-05,0,rejected by data-quality gates
ADI.MX,2023-06,0,rejected by data-quality gates
ADI.MX,2023-07,0,rejected by data-quality gates
ADI.MX,2023-08,0,rejected by data-quality gates
ADI.MX,2023-09,0,rejected by data-quality gates
ADI.MX,2023-10,0,rejected by data-quality gates
ADI.MX,2023-11,0,rejected by data-quality gates
ADI.MX,2024-02,0,rejected by data-quality gates
ADI.MX,2024-03,0,rejected by data-quality gates
ADI.MX,2024-04,0,rejected by data-quality gates
ADI.MX,2024-06,0,rejected by data-quality gates
ADI.MX,2024-07,0,rejected by data-quality gates
ADI.MX,2024-08,0,rejected by data-quality gates
ADI.MX,2024-09,0,rejected by data-quality gates
ADI.MX,2024-10,0,rejected by data-quality gates
ADI.MX,2024-11,0,rejected by data-quality gates
ADI.MX,2024-12,0,rejected by data-quality gates
ADI.MX,2025-01,0,rejected by data-quality gates
ADI.MX,2025-02,0,rejected by data-quality gates
ADI.MX,2025-03,0,rejected by data-quality gates
ADI.MX,2025-04,0,rejected by data-quality gates
ADI.MX,2025-05,0,rejected by data-quality gates
ADI.MX,2025-06,0,rejected by data-quality gates
ADI.MX,2025-07,0,rejected by data-quality gates
ADI.MX,2025-08,0,rejected by data-quality gates
ADI.MX,2025-09,0,rejected by data-quality gates
ADI.MX,2025-10,0,rejected by data-quality gates
ADI.MX,2025-11,0,rejected by data-quality gates
ADI.MX,2025-12,0,rejected by data-quality gates
ADI.MX,2026-01,0,rejected by data-quality gates
ADI.MX,2026-03,0,rejected by data-quality gates
ADI.MX,2026-04,0,rejected by data-quality gates
ADI.MX,2026-06,0,rejected by data-quality gates
ADM.MX,2023-03,3,sessions=3<15 complete-indicator days
ADM.MX,2025-05,21,"undefined features: rs_last,rs_mean,rs_std,so_last"
ADM.MX,2025-08,21,"undefined features: rs_last,rs_mean,rs_std"
ADM.MX,2025-09,21,"undefined features: rs_last,rs_mean,rs_std"
ADM.MX,2023-04,0,rejected by data-quality gates
ADM.MX,2023-05,0,rejected by data-quality gates
ADM.MX,2023-06,0,rejected by data-quality gates
ADM.MX,2023-07,0,rejected by data-quality gates
ADM.MX,2023-08,0,rejected by data-quality gates
ADM.MX,2023-09,0,rejected by data-quality gates
ADM.MX,2023-10,0,rejected by data-quality gates
ADM.MX,2023-11,0,rejected by data-quality gates
ADM.MX,2023-12,0,rejected by data-quality gates
ADM.MX,2024-01,0,rejected by data-quality gates
ADM.MX,2024-02,0,rejected by data-quality gates
ADM.MX,2024-03,0,rejected by data-quality gates
ADM.MX,2024-04,0,rejected by data-quality gates
ADM.MX,2024-05,0,rejected by data-quality gates
ADM.MX,2024-06,0,rejected by data-quality gates
ADM.MX,2024-07,0,rejected by data-quality gates
ADM.MX,2024-08,0,rejected by data-quality gates
ADM.MX,2024-09,0,rejected by data-quality gates
ADM.MX,2024-10,0,rejected by data-quality gates
ADM.MX,2024-11,0,rejected by data-quality gates
ADM.MX,2024-12,0,rejected by data-quality gates
ADM.MX,2025-01,0,rejected by data-quality gates
ADM.MX,2025-02,0,rejected by data-quality gates
ADM.MX,2025-03,0,rejected by data-quality gates
ADM.MX,2025-04,0,rejected by data-quality gates
ADM.MX,2025-06,0,rejected by data-quality gates
ADM.MX,2025-07,0,rejected by data-quality gates
ADM.MX,2025-10,0,rejected by data-quality gates
ADM.MX,2025-11,0,rejected by data-quality gates
ADM.MX,2025-12,0,rejected by data-quality gates
ADM.MX,2026-01,0,rejected by data-quality gates
ADM.MX,2026-02,0,rejected by data-quality gates
ADM.MX,2026-03,0,rejected by data-quality gates
ADM.MX,2026-04,0,rejected by data-quality gates
ADM.MX,2026-05,0,rejected by data-quality gates
ADM.MX,2026-06,0,rejected by data-quality gates
ADSK.MX,2023-03,3,sessions=3<15 complete-indicator days
ADSK.MX,2025-05,21,"undefined features: rs_last,rs_mean,rs_std"
ADSK.MX,2023-04,0,rejected by data-quality gates
ADSK.MX,2023-05,0,rejected by data-quality gates
ADSK.MX,2023-06,0,rejected by data-quality gates
ADSK.MX,2023-07,0,rejected by data-quality gates
ADSK.MX,2023-08,0,rejected by data-quality gates
ADSK.MX,2023-09,0,rejected by data-quality gates
ADSK.MX,2023-10,0,rejected by data-quality gates
ADSK.MX,2023-11,0,rejected by data-quality gates
ADSK.MX,2023-12,0,rejected by data-quality gates
ADSK.MX,2024-01,0,rejected by data-quality gates
ADSK.MX,2024-02,0,rejected by data-quality gates
ADSK.MX,2024-03,0,rejected by data-quality gates
ADSK.MX,2024-04,0,rejected by data-quality gates
ADSK.MX,2024-05,0,rejected by data-quality gates
ADSK.MX,2024-07,0,rejected by data-quality gates
ADSK.MX,2024-08,0,rejected by data-quality gates
ADSK.MX,2024-09,0,rejected by data-quality gates
ADSK.MX,2024-10,0,rejected by data-quality gates
ADSK.MX,2024-11,0,rejected by data-quality gates
ADSK.MX,2024-12,0,rejected by data-quality gates
ADSK.MX,2025-01,0,rejected by data-quality gates
ADSK.MX,2025-02,0,rejected by data-quality gates
ADSK.MX,2025-03,0,rejected by data-quality gates
ADSK.MX,2025-04,0,rejected by data-quality gates
ADSK.MX,2025-06,0,rejected by data-quality gates
ADSK.MX,2025-07,0,rejected by data-quality gates
ADSK.MX,2025-08,0,rejected by data-quality gates
ADSK.MX,2025-09,0,rejected by data-quality gates
ADSK.MX,2025-10,0,rejected by data-quality gates
ADSK.MX,2025-11,0,rejected by data-quality gates
ADSK.MX,2025-12,0,rejected by data-quality gates
ADSK.MX,2026-01,0,rejected by data-quality gates
ADSK.MX,2026-02,0,rejected by data-quality gates
ADSK.MX,2026-03,0,rejected by data-quality gates
ADSK.MX,2026-04,0,rejected by data-quality gates
AEP.MX,2023-03,3,sessions=3<15 complete-indicator days
AEP.MX,2023-05,22,"undefined features: rs_last,rs_mean,rs_std,so_last"
AEP.MX,2023-08,23,"undefined features: rs_last,rs_mean,rs_std,so_last"
AEP.MX,2023-09,21,"undefined features: rs_last,rs_mean,rs_std,so_last"
AEP.MX,2023-10,22,"undefined features: rs_last,rs_mean,rs_std,so_last"
AEP.MX,2023-11,20,"undefined features: rs_last,rs_mean,rs_std,so_last"
AEP.MX,2023-12,19,"undefined features: rs_last,rs_mean,rs_std,so_last"
AEP.MX,2024-01,22,"undefined features: rs_last,rs_mean,rs_std,so_last"
AEP.MX,2024-02,20,"undefined features: rs_last,rs_mean,rs_std,so_last"
AEP.MX,2024-03,18,"undefined features: rs_last,rs_mean,rs_std,so_last"
AEP.MX,2024-04,22,"undefined features: rs_last,rs_mean,rs_std,so_last"
AEP.MX,2024-05,22,"undefined features: rs_last,rs_mean,rs_std,so_last"
AEP.MX,2024-06,20,"undefined features: rs_last,rs_mean,rs_std,so_last"
AEP.MX,2024-07,23,"undefined features: rs_last,rs_mean,rs_std,so_last"
AEP.MX,2024-08,22,"undefined features: rs_last,rs_mean,rs_std"
AEP.MX,2024-09,20,"undefined features: rs_last,rs_mean,rs_std,so_last"
AEP.MX,2024-10,22,"undefined features: rs_last,rs_mean,rs_std,so_last"
AEP.MX,2024-11,20,"undefined features: rs_last,rs_mean,rs_std,so_last"
AEP.MX,2024-12,20,"undefined features: rs_last,rs_mean,rs_std,so_last"
AEP.MX,2025-01,22,"undefined features: rs_last,rs_mean,rs_std,so_last"
AEP.MX,2025-02,19,"undefined features: rs_last,rs_mean,rs_std,so_last"
AEP.MX,2025-03,20,"undefined features: rs_last,rs_mean,rs_std,so_last"
AEP.MX,2025-04,20,"undefined features: rs_last,rs_mean,rs_std,so_last"
AEP.MX,2025-05,21,"undefined features: rs_last,rs_mean,rs_std,so_last"
AEP.MX,2025-06,21,"undefined features: rs_last,rs_mean,rs_std,so_last"
AEP.MX,2025-07,23,"undefined features: rs_last,rs_mean,rs_std,so_last"
AEP.MX,2025-08,21,"undefined features: rs_last,rs_mean,rs_std,so_last"
AEP.MX,2025-09,21,"undefined features: rs_last,rs_mean,rs_std,so_last"
AEP.MX,2025-10,23,"undefined features: rs_last,rs_mean,rs_std,so_last"
AEP.MX,2025-11,19,"undefined features: rs_last,rs_mean,rs_std,so_last"
AEP.MX,2025-12,21,"undefined features: rs_last,rs_mean,rs_std,so_last"
AEP.MX,2026-01,21,"undefined features: rs_last,rs_mean,rs_std,so_last"
AEP.MX,2026-02,19,"undefined features: rs_last,rs_mean,rs_std"
AEP.MX,2026-03,21,"undefined features: rs_last,rs_mean,rs_std"
AEP.MX,2026-04,19,"undefined features: rs_last,rs_mean,rs_std,so_last"
AEP.MX,2023-04,0,rejected by data-quality gates
AEP.MX,2023-06,0,rejected by data-quality gates
AEP.MX,2023-07,0,rejected by data-quality gates
AEP.MX,2026-05,0,rejected by data-quality gates
AEP.MX,2026-06,0,rejected by data-quality gates
AFRM.MX,2023-03,3,sessions=3<15 complete-indicator days
AFRM.MX,2025-04,0,rejected by data-quality gates
AFRM.MX,2025-05,0,rejected by data-quality gates
AFRM.MX,2025-06,0,rejected by data-quality gates
AFRM.MX,2026-04,0,rejected by data-quality gates
AGNC.MX,2023-03,3,sessions=3<15 complete-indicator days
AGNC.MX,2023-09,0,rejected by data-quality gates
AGNC.MX,2023-11,0,rejected by data-quality gates
AGNC.MX,2024-09,0,rejected by data-quality gates
AGUA.MX,2023-03,3,sessions=3<15 complete-indicator days
AIG.MX,2023-03,3,sessions=3<15 complete-indicator days
AIG.MX,2023-07,21,"undefined features: rs_last,rs_mean,rs_std"
AIG.MX,2024-01,22,"undefined features: rs_last,rs_mean,rs_std"
AIG.MX,2024-02,20,"undefined features: rs_last,rs_mean,rs_std"
AIG.MX,2024-03,18,"undefined features: rs_last,rs_mean,rs_std"
AIG.MX,2024-06,20,undefined features: so_std
AIG.MX,2024-07,23,"undefined features: rs_last,rs_mean,rs_std,so_last"
AIG.MX,2024-08,22,"undefined features: rs_last,rs_mean,rs_std"
AIG.MX,2024-11,20,"undefined features: rs_last,rs_mean,rs_std,so_last"
AIG.MX,2025-02,19,"undefined features: rs_last,rs_mean,rs_std,so_last"
AIG.MX,2025-03,20,"undefined features: rs_last,rs_mean,rs_std,so_last"
AIG.MX,2025-04,20,"undefined features: rs_last,rs_mean,rs_std"
AIG.MX,2025-05,21,"undefined features: rs_last,rs_mean,rs_std"
AIG.MX,2025-06,21,"undefined features: rs_last,rs_mean,rs_std,so_last"
AIG.MX,2025-07,23,"undefined features: rs_last,rs_mean,rs_std,so_last"
AIG.MX,2025-09,21,"undefined features: rs_last,rs_mean,rs_std,so_last"
AIG.MX,2025-10,23,"undefined features: rs_last,rs_mean,rs_std"
AIG.MX,2025-11,19,"undefined features: rs_last,rs_mean,rs_std,so_last"
AIG.MX,2026-02,19,"undefined features: rs_last,rs_mean,rs_std,so_last"
AIG.MX,2026-03,21,"undefined features: rs_last,rs_mean,rs_std,so_last"
AIG.MX,2023-04,0,rejected by data-quality gates
AIG.MX,2023-05,0,rejected by data-quality gates
AIG.MX,2023-06,0,rejected by data-quality gates
AIG.MX,2023-08,0,rejected by data-quality gates
AIG.MX,2023-09,0,rejected by data-quality gates
AIG.MX,2023-10,0,rejected by data-quality gates
AIG.MX,2023-11,0,rejected by data-quality gates
AIG.MX,2023-12,0,rejected by data-quality gates
AIG.MX,2024-04,0,rejected by data-quality gates
AIG.MX,2024-05,0,rejected by data-quality gates
AIG.MX,2024-09,0,rejected by data-quality gates
AIG.MX,2024-10,0,rejected by data-quality gates
AIG.MX,2024-12,0,rejected by data-quality gates
AIG.MX,2025-01,0,rejected by data-quality gates
AIG.MX,2025-08,0,rejected by data-quality gates
AIG.MX,2025-12,0,rejected by data-quality gates
AIG.MX,2026-01,0,rejected by data-quality gates
AIG.MX,2026-04,0,rejected by data-quality gates
AIG.MX,2026-05,0,rejected by data-quality gates
AIG.MX,2026-06,0,rejected by data-quality gates
AIZ.MX,2024-12,18,"undefined features: rs_last,rs_mean,rs_std,so_last"
AIZ.MX,2025-01,22,"undefined features: rs_last,rs_mean,rs_std,so_last"
AIZ.MX,2025-02,19,"undefined features: rs_last,rs_mean,rs_std,so_last"
AIZ.MX,2025-03,20,"undefined features: rs_last,rs_mean,rs_std,so_last"
AIZ.MX,2025-04,20,"undefined features: rs_last,rs_mean,rs_std,so_last"
AIZ.MX,2025-05,21,"undefined features: rs_last,rs_mean,rs_std,so_last"
AIZ.MX,2025-06,21,"undefined features: rs_last,rs_mean,rs_std,so_last"
AIZ.MX,2025-07,23,"undefined features: rs_last,rs_mean,rs_std,so_last"
AIZ.MX,2025-08,21,"undefined features: rs_last,rs_mean,rs_std,so_last"
AIZ.MX,2025-09,21,"undefined features: rs_last,rs_mean,rs_std,so_last"
AIZ.MX,2025-10,23,"undefined features: rs_last,rs_mean,rs_std,so_last"
AIZ.MX,2025-11,19,"undefined features: rs_last,rs_mean,rs_std,so_last"
AIZ.MX,2025-12,21,"undefined features: rs_last,rs_mean,rs_std,so_last"
AIZ.MX,2026-01,21,"undefined features: rs_last,rs_mean,rs_std,so_last"
AIZ.MX,2026-02,19,"undefined features: rs_last,rs_mean,rs_std,so_last"
AIZ.MX,2026-03,21,"undefined features: rs_last,rs_mean,rs_std,so_last"
AIZ.MX,2026-04,19,"undefined features: rs_last,rs_mean,rs_std,so_last"
AIZ.MX,2026-05,20,"undefined features: rs_last,rs_mean,rs_std,so_last"
AIZ.MX,2026-06,22,"undefined features: rs_last,rs_mean,rs_std"
AJG.MX,2023-03,3,sessions=3<15 complete-indicator days
AJG.MX,2023-04,18,"undefined features: rs_last,rs_mean,rs_std,so_last"
AJG.MX,2023-05,22,"undefined features: rs_last,rs_mean,rs_std,so_last"
AJG.MX,2023-06,22,"undefined features: rs_last,rs_mean,rs_std,so_last"
AJG.MX,2023-07,21,"undefined features: rs_last,rs_mean,rs_std,so_last"
AJG.MX,2023-08,23,"undefined features: rs_last,rs_mean,rs_std,so_last"
AJG.MX,2023-09,21,"undefined features: rs_last,rs_mean,rs_std,so_last"
AJG.MX,2023-10,22,"undefined features: rs_last,rs_mean,rs_std,so_last"
AJG.MX,2023-11,20,"undefined features: rs_last,rs_mean,rs_std,so_last"
AJG.MX,2023-12,19,"undefined features: rs_last,rs_mean,rs_std"
AJG.MX,2024-01,22,"undefined features: rs_last,rs_mean,rs_std"
AJG.MX,2024-02,20,"undefined features: rs_last,rs_mean,rs_std"
AJG.MX,2024-03,18,"undefined features: rs_last,rs_mean,rs_std"
AJG.MX,2024-04,22,"undefined features: rs_last,rs_mean,rs_std,so_last"
AJG.MX,2024-05,22,"undefined features: rs_last,rs_mean,rs_std,so_last"
AJG.MX,2024-06,20,"undefined features: rs_last,rs_mean,rs_std,so_last"
AJG.MX,2024-07,23,"undefined features: rs_last,rs_mean,rs_std,so_last"
AJG.MX,2024-08,22,"undefined features: rs_last,rs_mean,rs_std,so_last"
AJG.MX,2024-09,20,"undefined features: rs_last,rs_mean,rs_std,so_last"
AJG.MX,2025-02,19,"undefined features: rs_last,rs_mean,rs_std"
AJG.MX,2025-09,21,"undefined features: rs_last,rs_mean,rs_std"
AJG.MX,2024-10,0,rejected by data-quality gates
AJG.MX,2024-11,0,rejected by data-quality gates
AJG.MX,2024-12,0,rejected by data-quality gates
AJG.MX,2025-01,0,rejected by data-quality gates
AJG.MX,2025-03,0,rejected by data-quality gates
AJG.MX,2025-04,0,rejected by data-quality gates
AJG.MX,2025-05,0,rejected by data-quality gates
AJG.MX,2025-06,0,rejected by data-quality gates
AJG.MX,2025-07,0,rejected by data-quality gates
AJG.MX,2025-08,0,rejected by data-quality gates
AJG.MX,2025-10,0,rejected by data-quality gates
AJG.MX,2025-11,0,rejected by data-quality gates
AJG.MX,2025-12,0,rejected by data-quality gates
AJG.MX,2026-01,0,rejected by data-quality gates
AJG.MX,2026-02,0,rejected by data-quality gates
AJG.MX,2026-03,0,rejected by data-quality gates
AJG.MX,2026-04,0,rejected by data-quality gates
AJG.MX,2026-05,0,rejected by data-quality gates
AJG.MX,2026-06,0,rejected by data-quality gates
AKAM.MX,2023-03,3,sessions=3<15 complete-indicator days
AKAM.MX,2023-04,18,"undefined features: rs_last,rs_mean,rs_std,so_last"
AKAM.MX,2023-07,21,"undefined features: rs_last,rs_mean,rs_std,so_last"
AKAM.MX,2023-08,23,"undefined features: rs_last,rs_mean,rs_std,so_last"
AKAM.MX,2023-09,21,"undefined features: rs_last,rs_mean,rs_std,so_last"
AKAM.MX,2023-10,22,"undefined features: rs_last,rs_mean,rs_std,so_last"
AKAM.MX,2023-11,20,"undefined features: rs_last,rs_mean,rs_std,so_last"
AKAM.MX,2023-12,19,"undefined features: rs_last,rs_mean,rs_std,so_last"
AKAM.MX,2024-01,22,"undefined features: rs_last,rs_mean,rs_std,so_last"
AKAM.MX,2024-02,20,"undefined features: rs_last,rs_mean,rs_std"
AKAM.MX,2024-03,18,"undefined features: rs_last,rs_mean,rs_std"
AKAM.MX,2024-04,22,"undefined features: rs_last,rs_mean,rs_std,so_last"
AKAM.MX,2024-05,22,"undefined features: rs_last,rs_mean,rs_std,so_last"
AKAM.MX,2024-06,20,"undefined features: rs_last,rs_mean,rs_std,so_last"
AKAM.MX,2024-07,23,"undefined features: rs_last,rs_mean,rs_std,so_last"
AKAM.MX,2024-09,20,"undefined features: rs_last,rs_mean,rs_std,so_last"
AKAM.MX,2024-10,22,"undefined features: rs_last,rs_mean,rs_std,so_last"
AKAM.MX,2024-11,20,"undefined features: rs_last,rs_mean,rs_std,so_last"
AKAM.MX,2024-12,20,"undefined features: rs_last,rs_mean,rs_std,so_last"
AKAM.MX,2025-02,19,"undefined features: rs_last,rs_mean,rs_std,so_std"
AKAM.MX,2025-03,20,"undefined features: rs_last,rs_mean,rs_std,so_last"
AKAM.MX,2025-04,20,"undefined features: rs_last,rs_mean,rs_std,so_last"
AKAM.MX,2025-05,21,"undefined features: rs_last,rs_mean,rs_std,so_last"
AKAM.MX,2025-06,21,"undefined features: rs_last,rs_mean,rs_std,so_last"
AKAM.MX,2025-07,23,"undefined features: rs_last,rs_mean,rs_std,so_last"
AKAM.MX,2025-09,21,"undefined features: rs_last,rs_mean,rs_std,so_last"
AKAM.MX,2025-10,23,"undefined features: rs_last,rs_mean,rs_std,so_last"
AKAM.MX,2025-11,19,"undefined features: rs_last,rs_mean,rs_std,so_last"
AKAM.MX,2025-12,21,"undefined features: rs_last,rs_mean,rs_std,so_last"
AKAM.MX,2026-01,21,"undefined features: rs_last,rs_mean,rs_std,so_last"
AKAM.MX,2023-05,0,rejected by data-quality gates
AKAM.MX,2023-06,0,rejected by data-quality gates
AKAM.MX,2024-08,0,rejected by data-quality gates
AKAM.MX,2025-01,0,rejected by data-quality gates
AKAM.MX,2025-08,0,rejected by data-quality gates
AKAM.MX,2026-02,0,rejected by data-quality gates
AKAM.MX,2026-03,0,rejected by data-quality gates
AKAM.MX,2026-04,0,rejected by data-quality gates
AKAM.MX,2026-05,0,rejected by data-quality gates
AKAM.MX,2026-06,0,rejected by data-quality gates
ALAB.MX,2024-09,5,sessions=5<15 complete-indicator days
ALAB.MX,2024-10,22,"undefined features: rs_last,rs_mean,rs_std,so_last"
ALAB.MX,2024-11,0,rejected by data-quality gates
ALAB.MX,2024-12,0,rejected by data-quality gates
ALAB.MX,2025-01,0,rejected by data-quality gates
ALAB.MX,2025-02,0,rejected by data-quality gates
ALAB.MX,2025-03,0,rejected by data-quality gates
ALAB.MX,2025-04,0,rejected by data-quality gates
ALAB.MX,2025-05,0,rejected by data-quality gates
ALAB.MX,2025-06,0,rejected by data-quality gates
ALAB.MX,2025-07,0,rejected by data-quality gates
ALB.MX,2023-03,3,sessions=3<15 complete-indicator days
ALB.MX,2023-05,0,rejected by data-quality gates
ALB.MX,2023-06,0,rejected by data-quality gates
ALB.MX,2023-07,0,rejected by data-quality gates
ALB.MX,2023-09,0,rejected by data-quality gates
ALB.MX,2023-10,0,rejected by data-quality gates
ALB.MX,2024-04,0,rejected by data-quality gates
ALB.MX,2024-05,0,rejected by data-quality gates
ALB.MX,2024-11,0,rejected by data-quality gates
ALB.MX,2024-12,0,rejected by data-quality gates
ALB.MX,2025-01,0,rejected by data-quality gates
ALB.MX,2025-05,0,rejected by data-quality gates
ALB.MX,2025-06,0,rejected by data-quality gates
ALB.MX,2025-08,0,rejected by data-quality gates
ALB.MX,2025-09,0,rejected by data-quality gates
ALB.MX,2026-02,0,rejected by data-quality gates
ALB.MX,2026-03,0,rejected by data-quality gates
ALB.MX,2026-05,0,rejected by data-quality gates
ALGN.MX,2023-03,3,sessions=3<15 complete-indicator days
ALGN.MX,2024-09,20,"undefined features: rs_last,rs_mean,rs_std,so_last"
ALGN.MX,2024-10,22,"undefined features: rs_last,rs_mean,rs_std"
ALGN.MX,2024-11,20,"undefined features: rs_last,rs_mean,rs_std"
ALGN.MX,2024-12,20,"undefined features: rs_last,rs_mean,rs_std"
ALGN.MX,2025-01,22,"undefined features: rs_last,rs_mean,rs_std"
ALGN.MX,2025-06,21,"undefined features: rs_last,rs_mean,rs_std,so_last"
ALGN.MX,2026-02,19,"undefined features: rs_last,rs_mean,rs_std"
ALGN.MX,2023-04,0,rejected by data-quality gates
ALGN.MX,2023-05,0,rejected by data-quality gates
ALGN.MX,2023-06,0,rejected by data-quality gates
ALGN.MX,2023-07,0,rejected by data-quality gates
ALGN.MX,2023-08,0,rejected by data-quality gates
ALGN.MX,2023-09,0,rejected by data-quality gates
ALGN.MX,2023-10,0,rejected by data-quality gates
ALGN.MX,2023-11,0,rejected by data-quality gates
ALGN.MX,2024-01,0,rejected by data-quality gates
ALGN.MX,2024-02,0,rejected by data-quality gates
ALGN.MX,2024-03,0,rejected by data-quality gates
ALGN.MX,2024-04,0,rejected by data-quality gates
ALGN.MX,2024-05,0,rejected by data-quality gates
ALGN.MX,2024-06,0,rejected by data-quality gates
ALGN.MX,2024-07,0,rejected by data-quality gates
ALGN.MX,2024-08,0,rejected by data-quality gates
ALGN.MX,2025-02,0,rejected by data-quality gates
ALGN.MX,2025-03,0,rejected by data-quality gates
ALGN.MX,2025-04,0,rejected by data-quality gates
ALGN.MX,2025-05,0,rejected by data-quality gates
ALGN.MX,2025-07,0,rejected by data-quality gates
ALGN.MX,2025-08,0,rejected by data-quality gates
ALGN.MX,2025-09,0,rejected by data-quality gates
ALGN.MX,2025-10,0,rejected by data-quality gates
ALGN.MX,2025-11,0,rejected by data-quality gates
ALGN.MX,2025-12,0,rejected by data-quality gates
ALGN.MX,2026-01,0,rejected by data-quality gates
ALGN.MX,2026-03,0,rejected by data-quality gates
ALGN.MX,2026-04,0,rejected by data-quality gates
ALGN.MX,2026-05,0,rejected by data-quality gates
ALGN.MX,2026-06,0,rejected by data-quality gates
ALNY.MX,2023-03,3,sessions=3<15 complete-indicator days
ALNY.MX,2023-04,18,"undefined features: rs_last,rs_mean,rs_std"
ALNY.MX,2023-05,22,"undefined features: rs_last,rs_mean,rs_std"
ALNY.MX,2023-12,19,"undefined features: rs_last,rs_mean,rs_std"
ALNY.MX,2024-05,22,"undefined features: rs_last,rs_mean,rs_std,so_last"
ALNY.MX,2024-06,20,"undefined features: rs_last,rs_mean,rs_std"
ALNY.MX,2024-07,23,"undefined features: rs_last,rs_mean,rs_std"
ALNY.MX,2024-08,22,"undefined features: rs_last,rs_mean,rs_std"
ALNY.MX,2024-09,20,"undefined features: rs_last,rs_mean,rs_std,so_last"
ALNY.MX,2024-10,22,"undefined features: rs_last,rs_mean,rs_std"
ALNY.MX,2025-01,22,"undefined features: rs_last,rs_mean,rs_std,so_last"
ALNY.MX,2025-02,19,"undefined features: rs_last,rs_mean,rs_std,so_last"
ALNY.MX,2025-03,20,"undefined features: rs_last,rs_mean,rs_std,so_last"
ALNY.MX,2025-04,20,"undefined features: rs_last,rs_mean,rs_std,so_last"
ALNY.MX,2025-05,21,"undefined features: rs_last,rs_mean,rs_std,so_last"
ALNY.MX,2025-06,21,"undefined features: rs_last,rs_mean,rs_std,so_last"
ALNY.MX,2025-07,23,"undefined features: rs_last,rs_mean,rs_std,so_last"
ALNY.MX,2025-08,21,"undefined features: rs_last,rs_mean,rs_std"
ALNY.MX,2025-10,23,"undefined features: rs_last,rs_mean,rs_std,so_last"
ALNY.MX,2025-11,19,"undefined features: rs_last,rs_mean,rs_std,so_last"
ALNY.MX,2025-12,21,"undefined features: rs_last,rs_mean,rs_std,so_last"
ALNY.MX,2026-01,21,"undefined features: rs_last,rs_mean,rs_std,so_last"
ALNY.MX,2026-02,19,"undefined features: rs_last,rs_mean,rs_std,so_last"
ALNY.MX,2026-03,21,"undefined features: rs_last,rs_mean,rs_std,so_last"
ALNY.MX,2026-04,19,"undefined features: rs_last,rs_mean,rs_std,so_last"
ALNY.MX,2023-06,0,rejected by data-quality gates
ALNY.MX,2023-07,0,rejected by data-quality gates
ALNY.MX,2023-08,0,rejected by data-quality gates
ALNY.MX,2023-09,0,rejected by data-quality gates
ALNY.MX,2023-10,0,rejected by data-quality gates
ALNY.MX,2023-11,0,rejected by data-quality gates
ALNY.MX,2024-01,0,rejected by data-quality gates
ALNY.MX,2024-02,0,rejected by data-quality gates
ALNY.MX,2024-03,0,rejected by data-quality gates
ALNY.MX,2024-04,0,rejected by data-quality gates
ALNY.MX,2024-11,0,rejected by data-quality gates
ALNY.MX,2024-12,0,rejected by data-quality gates
ALNY.MX,2025-09,0,rejected by data-quality gates
ALNY.MX,2026-05,0,rejected by data-quality gates
ALNY.MX,2026-06,0,rejected by data-quality gates
ALPEKA.MX,2023-03,3,sessions=3<15 complete-indicator days
ALSEA.MX,2023-03,3,sessions=3<15 complete-indicator days
AMAT.MX,2023-03,3,sessions=3<15 complete-indicator days
AMAT.MX,2023-04,0,rejected by data-quality gates
AMAT.MX,2023-08,0,rejected by data-quality gates
AMAT.MX,2023-09,0,rejected by data-quality gates
AMAT.MX,2023-10,0,rejected by data-quality gates
AMD.MX,2023-03,3,sessions=3<15 complete-indicator days
AME.MX,2023-03,3,sessions=3<15 complete-indicator days
AME.MX,2023-04,18,"undefined features: rs_std,so_std"
AME.MX,2023-05,22,"undefined features: rs_last,rs_mean,rs_std"
AME.MX,2023-06,22,"undefined features: rs_last,rs_mean,rs_std,so_last"
AME.MX,2023-07,21,"undefined features: rs_last,rs_mean,rs_std"
AME.MX,2023-08,23,"undefined features: rs_last,rs_mean,rs_std"
AME.MX,2023-09,21,"undefined features: rs_last,rs_mean,rs_std"
AME.MX,2023-12,19,"undefined features: rs_last,rs_mean,rs_std"
AME.MX,2024-01,22,"undefined features: rs_last,rs_mean,rs_std,so_std"
AME.MX,2024-02,20,"undefined features: rs_last,rs_mean,rs_std,so_last"
AME.MX,2024-03,18,"undefined features: rs_last,rs_mean,rs_std,so_last"
AME.MX,2024-04,22,"undefined features: rs_last,rs_mean,rs_std"
AME.MX,2025-01,22,"undefined features: rs_last,rs_mean,rs_std,so_last"
AME.MX,2025-02,19,"undefined features: rs_last,rs_mean,rs_std,so_last"
AME.MX,2025-03,20,"undefined features: rs_last,rs_mean,rs_std,so_last"
AME.MX,2025-04,20,"undefined features: rs_last,rs_mean,rs_std,so_last"
AME.MX,2025-06,21,"undefined features: rs_last,rs_mean,rs_std,so_last"
AME.MX,2025-07,23,"undefined features: rs_last,rs_mean,rs_std,so_last"
AME.MX,2025-08,21,"undefined features: rs_last,rs_mean,rs_std"
AME.MX,2025-09,21,"undefined features: rs_last,rs_mean,rs_std,so_last"
AME.MX,2025-11,19,undefined features: so_std
AME.MX,2025-12,21,"undefined features: rs_last,rs_mean,rs_std,so_last"
AME.MX,2026-01,21,"undefined features: rs_last,rs_mean,rs_std,so_last"
AME.MX,2026-02,19,"undefined features: rs_last,rs_mean,rs_std,so_last"
AME.MX,2026-03,21,"undefined features: rs_last,rs_mean,rs_std"
AME.MX,2026-04,19,"undefined features: rs_last,rs_mean,rs_std"
AME.MX,2023-10,0,rejected by data-quality gates
AME.MX,2023-11,0,rejected by data-quality gates
AME.MX,2024-05,0,rejected by data-quality gates
AME.MX,2024-06,0,rejected by data-quality gates
AME.MX,2024-07,0,rejected by data-quality gates
AME.MX,2024-08,0,rejected by data-quality gates
AME.MX,2024-09,0,rejected by data-quality gates
AME.MX,2024-10,0,rejected by data-quality gates
AME.MX,2024-11,0,rejected by data-quality gates
AME.MX,2024-12,0,rejected by data-quality gates
AME.MX,2025-05,0,rejected by data-quality gates
AME.MX,2025-10,0,rejected by data-quality gates
AME.MX,2026-05,0,rejected by data-quality gates
AME.MX,2026-06,0,rejected by data-quality gates
AMGN.MX,2023-03,3,sessions=3<15 complete-indicator days
AMGN.MX,2024-05,22,undefined features: rs_std
AMGN.MX,2024-06,20,"undefined features: rs_last,rs_mean,rs_std"
AMGN.MX,2024-07,23,"undefined features: rs_last,rs_mean,rs_std"
AMGN.MX,2024-08,22,"undefined features: rs_last,rs_mean,rs_std"
AMGN.MX,2023-04,0,rejected by data-quality gates
AMGN.MX,2023-05,0,rejected by data-quality gates
AMGN.MX,2023-06,0,rejected by data-quality gates
AMGN.MX,2023-07,0,rejected by data-quality gates
AMGN.MX,2023-08,0,rejected by data-quality gates
AMGN.MX,2023-09,0,rejected by data-quality gates
AMGN.MX,2023-10,0,rejected by data-quality gates
AMGN.MX,2023-11,0,rejected by data-quality gates
AMGN.MX,2023-12,0,rejected by data-quality gates
AMGN.MX,2024-01,0,rejected by data-quality gates
AMGN.MX,2024-02,0,rejected by data-quality gates
AMGN.MX,2024-03,0,rejected by data-quality gates
AMGN.MX,2024-04,0,rejected by data-quality gates
AMGN.MX,2024-09,0,rejected by data-quality gates
AMGN.MX,2024-10,0,rejected by data-quality gates
AMGN.MX,2024-11,0,rejected by data-quality gates
AMGN.MX,2024-12,0,rejected by data-quality gates
AMGN.MX,2025-01,0,rejected by data-quality gates
AMGN.MX,2025-02,0,rejected by data-quality gates
AMGN.MX,2025-03,0,rejected by data-quality gates
AMGN.MX,2025-04,0,rejected by data-quality gates
AMGN.MX,2025-05,0,rejected by data-quality gates
AMGN.MX,2025-07,0,rejected by data-quality gates
AMGN.MX,2025-08,0,rejected by data-quality gates
AMGN.MX,2025-10,0,rejected by data-quality gates
AMGN.MX,2025-11,0,rejected by data-quality gates
AMGN.MX,2025-12,0,rejected by data-quality gates
AMGN.MX,2026-01,0,rejected by data-quality gates
AMGN.MX,2026-02,0,rejected by data-quality gates
AMGN.MX,2026-03,0,rejected by data-quality gates
AMGN.MX,2026-04,0,rejected by data-quality gates
AMGN.MX,2026-05,0,rejected by data-quality gates
AMGN.MX,2026-06,0,rejected by data-quality gates
AMP.MX,2023-03,3,sessions=3<15 complete-indicator days
AMP.MX,2023-09,21,"undefined features: rs_last,rs_mean,rs_std"
AMP.MX,2023-12,19,"undefined features: rs_last,rs_mean,rs_std"
AMP.MX,2024-11,20,"undefined features: rs_last,rs_mean,rs_std"
AMP.MX,2026-01,21,"undefined features: rs_last,rs_mean,rs_std,so_std"
AMP.MX,2026-06,22,"undefined features: rs_last,rs_mean,rs_std,so_last"
AMP.MX,2023-04,0,rejected by data-quality gates
AMP.MX,2023-05,0,rejected by data-quality gates
AMP.MX,2023-06,0,rejected by data-quality gates
AMP.MX,2023-07,0,rejected by data-quality gates
AMP.MX,2023-08,0,rejected by data-quality gates
AMP.MX,2023-10,0,rejected by data-quality gates
AMP.MX,2023-11,0,rejected by data-quality gates
AMP.MX,2024-01,0,rejected by data-quality gates
AMP.MX,2024-02,0,rejected by data-quality gates
AMP.MX,2024-03,0,rejected by data-quality gates
AMP.MX,2024-04,0,rejected by data-quality gates
AMP.MX,2024-05,0,rejected by data-quality gates
AMP.MX,2024-06,0,rejected by data-quality gates
AMP.MX,2024-07,0,rejected by data-quality gates
AMP.MX,2024-08,0,rejected by data-quality gates
AMP.MX,2024-09,0,rejected by data-quality gates
AMP.MX,2024-10,0,rejected by data-quality gates
AMP.MX,2024-12,0,rejected by data-quality gates
AMP.MX,2025-01,0,rejected by data-quality gates
AMP.MX,2025-02,0,rejected by data-quality gates
AMP.MX,2025-03,0,rejected by data-quality gates
AMP.MX,2025-04,0,rejected by data-quality gates
AMP.MX,2025-05,0,rejected by data-quality gates
AMP.MX,2025-06,0,rejected by data-quality gates
AMP.MX,2025-07,0,rejected by data-quality gates
AMP.MX,2025-08,0,rejected by data-quality gates
AMP.MX,2025-09,0,rejected by data-quality gates
AMP.MX,2025-10,0,rejected by data-quality gates
AMP.MX,2025-11,0,rejected by data-quality gates
AMP.MX,2025-12,0,rejected by data-quality gates
AMP.MX,2026-02,0,rejected by data-quality gates
AMP.MX,2026-03,0,rejected by data-quality gates
AMP.MX,2026-04,0,rejected by data-quality gates
AMP.MX,2026-05,0,rejected by data-quality gates
AMT.MX,2023-03,3,sessions=3<15 complete-indicator days
AMT.MX,2025-02,19,"undefined features: rs_last,rs_mean,rs_std"
AMT.MX,2025-03,20,"undefined features: rs_last,rs_mean,rs_std"
AMT.MX,2025-04,20,"undefined features: rs_last,rs_mean,rs_std"
AMT.MX,2025-06,21,"undefined features: rs_last,rs_mean,rs_std"
AMT.MX,2023-04,0,rejected by data-quality gates
AMT.MX,2023-05,0,rejected by data-quality gates
AMT.MX,2023-06,0,rejected by data-quality gates
AMT.MX,2023-07,0,rejected by data-quality gates
AMT.MX,2023-08,0,rejected by data-quality gates
AMT.MX,2023-09,0,rejected by data-quality gates
AMT.MX,2023-10,0,rejected by data-quality gates
AMT.MX,2023-11,0,rejected by data-quality gates
AMT.MX,2023-12,0,rejected by data-quality gates
AMT.MX,2024-01,0,rejected by data-quality gates
AMT.MX,2024-02,0,rejected by data-quality gates
AMT.MX,2024-03,0,rejected by data-quality gates
AMT.MX,2024-04,0,rejected by data-quality gates
AMT.MX,2024-05,0,rejected by data-quality gates
AMT.MX,2024-06,0,rejected by data-quality gates
AMT.MX,2024-07,0,rejected by data-quality gates
AMT.MX,2024-08,0,rejected by data-quality gates
AMT.MX,2024-09,0,rejected by data-quality gates
AMT.MX,2024-10,0,rejected by data-quality gates
AMT.MX,2024-11,0,rejected by data-quality gates
AMT.MX,2024-12,0,rejected by data-quality gates
AMT.MX,2025-01,0,rejected by data-quality gates
AMT.MX,2025-05,0,rejected by data-quality gates
AMT.MX,2025-07,0,rejected by data-quality gates
AMT.MX,2025-08,0,rejected by data-quality gates
AMT.MX,2025-09,0,rejected by data-quality gates
AMT.MX,2025-11,0,rejected by data-quality gates
AMT.MX,2025-12,0,rejected by data-quality gates
AMT.MX,2026-01,0,rejected by data-quality gates
AMT.MX,2026-02,0,rejected by data-quality gates
AMT.MX,2026-03,0,rejected by data-quality gates
AMT.MX,2026-04,0,rejected by data-quality gates
AMT.MX,2026-05,0,rejected by data-quality gates
AMT.MX,2026-06,0,rejected by data-quality gates
AMXB.MX,2023-03,3,sessions=3<15 complete-indicator days
AMXB.MX,2023-04,18,"undefined features: rs_last,rs_mean,rs_std"
AMXB.MX,2023-05,22,"undefined features: rs_last,rs_mean,rs_std,so_last"
AMXB.MX,2023-06,22,"undefined features: rs_last,rs_mean,rs_std,so_last"
AMXB.MX,2023-07,21,"undefined features: rs_last,rs_mean,rs_std,so_last"
AMXB.MX,2023-08,23,"undefined features: rs_last,rs_mean,rs_std,so_last"
AMZN.MX,2023-03,3,sessions=3<15 complete-indicator days
ANB.MX,2023-03,3,sessions=3<15 complete-indicator days
ANB.MX,2023-08,23,"undefined features: rs_last,rs_mean,rs_std,so_last"
ANB.MX,2023-09,21,"undefined features: rs_last,rs_mean,rs_std"
ANB.MX,2023-10,22,"undefined features: rs_last,rs_mean,rs_std,so_last"
ANB.MX,2023-11,20,"undefined features: rs_last,rs_mean,rs_std,so_last"
ANB.MX,2024-09,20,undefined features: rs_std
ANB.MX,2026-03,21,"undefined features: rs_last,rs_mean,rs_std"
ANB.MX,2026-05,20,"undefined features: rs_last,rs_mean,rs_std"
ANB.MX,2026-06,22,undefined features: rs_std
ANB.MX,2023-04,0,rejected by data-quality gates
ANB.MX,2023-05,0,rejected by data-quality gates
ANB.MX,2023-06,0,rejected by data-quality gates
ANB.MX,2023-07,0,rejected by data-quality gates
ANB.MX,2023-12,0,rejected by data-quality gates
ANB.MX,2024-01,0,rejected by data-quality gates
ANB.MX,2024-02,0,rejected by data-quality gates
ANB.MX,2024-03,0,rejected by data-quality gates
ANB.MX,2024-04,0,rejected by data-quality gates
ANB.MX,2024-05,0,rejected by data-quality gates
ANB.MX,2024-06,0,rejected by data-quality gates
ANB.MX,2024-07,0,rejected by data-quality gates
ANB.MX,2024-08,0,rejected by data-quality gates
ANB.MX,2024-10,0,rejected by data-quality gates
ANB.MX,2024-11,0,rejected by data-quality gates
ANB.MX,2024-12,0,rejected by data-quality gates
ANB.MX,2025-01,0,rejected by data-quality gates
ANB.MX,2025-02,0,rejected by data-quality gates
ANB.MX,2025-03,0,rejected by data-quality gates
ANB.MX,2025-04,0,rejected by data-quality gates
ANB.MX,2025-05,0,rejected by data-quality gates
ANB.MX,2025-06,0,rejected by data-quality gates
ANB.MX,2025-07,0,rejected by data-quality gates
ANB.MX,2025-08,0,rejected by data-quality gates
ANB.MX,2025-09,0,rejected by data-quality gates
ANB.MX,2025-10,0,rejected by data-quality gates
ANB.MX,2025-11,0,rejected by data-quality gates
ANB.MX,2025-12,0,rejected by data-quality gates
ANB.MX,2026-01,0,rejected by data-quality gates
ANB.MX,2026-02,0,rejected by data-quality gates
ANB.MX,2026-04,0,rejected by data-quality gates
ANET.MX,2023-03,3,sessions=3<15 complete-indicator days
ANET.MX,2024-01,22,"undefined features: rs_last,rs_mean,rs_std"
ANET.MX,2023-04,0,rejected by data-quality gates
ANET.MX,2023-05,0,rejected by data-quality gates
ANET.MX,2023-07,0,rejected by data-quality gates
ANET.MX,2023-08,0,rejected by data-quality gates
ANET.MX,2023-09,0,rejected by data-quality gates
ANET.MX,2023-10,0,rejected by data-quality gates
ANET.MX,2023-11,0,rejected by data-quality gates
ANET.MX,2023-12,0,rejected by data-quality gates
ANET.MX,2024-03,0,rejected by data-quality gates
ANET.MX,2024-04,0,rejected by data-quality gates
ANET.MX,2024-05,0,rejected by data-quality gates
ANET.MX,2024-07,0,rejected by data-quality gates
ANET.MX,2024-08,0,rejected by data-quality gates
ANET.MX,2024-09,0,rejected by data-quality gates
ANET.MX,2024-10,0,rejected by data-quality gates
APA.MX,2023-03,3,sessions=3<15 complete-indicator days
APA.MX,2023-08,0,rejected by data-quality gates
APA.MX,2023-09,0,rejected by data-quality gates
APA.MX,2023-10,0,rejected by data-quality gates
APA.MX,2023-11,0,rejected by data-quality gates
APA.MX,2023-12,0,rejected by data-quality gates
APA.MX,2024-03,0,rejected by data-quality gates
APA.MX,2024-04,0,rejected by data-quality gates
APA.MX,2024-05,0,rejected by data-quality gates
APA.MX,2024-06,0,rejected by data-quality gates
APA.MX,2024-07,0,rejected by data-quality gates
APA.MX,2024-08,0,rejected by data-quality gates
APA.MX,2024-10,0,rejected by data-quality gates
APA.MX,2024-12,0,rejected by data-quality gates
APA.MX,2025-01,0,rejected by data-quality gates
APA.MX,2025-02,0,rejected by data-quality gates
APA.MX,2025-03,0,rejected by data-quality gates
APA.MX,2025-04,0,rejected by data-quality gates
APA.MX,2025-05,0,rejected by data-quality gates
APA.MX,2025-06,0,rejected by data-quality gates
APA.MX,2025-07,0,rejected by data-quality gates
APA.MX,2025-08,0,rejected by data-quality gates
APA.MX,2025-09,0,rejected by data-quality gates
APA.MX,2025-10,0,rejected by data-quality gates
APA.MX,2025-11,0,rejected by data-quality gates
APA.MX,2025-12,0,rejected by data-quality gates
APA.MX,2026-01,0,rejected by data-quality gates
APA.MX,2026-02,0,rejected by data-quality gates
APA.MX,2026-04,0,rejected by data-quality gates
APA.MX,2026-05,0,rejected by data-quality gates
APA.MX,2026-06,0,rejected by data-quality gates
APD.MX,2023-03,3,sessions=3<15 complete-indicator days
APD.MX,2023-04,18,"undefined features: rs_last,rs_mean,rs_std,so_last"
APD.MX,2023-05,22,"undefined features: rs_last,rs_mean,rs_std,so_last"
APD.MX,2023-06,22,"undefined features: rs_last,rs_mean,rs_std,so_last"
APD.MX,2023-07,21,"undefined features: rs_last,rs_mean,rs_std,so_last"
APD.MX,2023-08,23,"undefined features: rs_last,rs_mean,rs_std,so_last"
APD.MX,2023-09,21,"undefined features: rs_last,rs_mean,rs_std,so_last"
APD.MX,2023-10,22,"undefined features: rs_last,rs_mean,rs_std,so_last"
APD.MX,2023-11,20,"undefined features: rs_last,rs_mean,rs_std,so_last"
APD.MX,2023-12,19,"undefined features: rs_last,rs_mean,rs_std,so_last"
APD.MX,2024-01,22,"undefined features: rs_last,rs_mean,rs_std,so_last"
APD.MX,2024-05,22,"undefined features: rs_last,rs_mean,rs_std,so_last"
APD.MX,2024-06,20,"undefined features: rs_last,rs_mean,rs_std"
APD.MX,2024-08,22,"undefined features: rs_last,rs_mean,rs_std"
APD.MX,2024-09,20,"undefined features: rs_last,rs_mean,rs_std"
APD.MX,2024-11,20,"undefined features: rs_last,rs_mean,rs_std,so_last"
APD.MX,2025-08,21,"undefined features: rs_last,rs_mean,rs_std,so_last"
APD.MX,2025-09,21,"undefined features: rs_last,rs_mean,rs_std,so_last"
APD.MX,2025-10,23,"undefined features: rs_last,rs_mean,rs_std,so_last"
APD.MX,2026-01,21,"undefined features: rs_last,rs_mean,rs_std,so_last"
APD.MX,2026-02,19,"undefined features: rs_last,rs_mean,rs_std"
APD.MX,2026-03,21,"undefined features: rs_last,rs_mean,rs_std"
APD.MX,2026-05,20,"undefined features: rs_last,rs_mean,rs_std,so_last"
APD.MX,2026-06,22,"undefined features: rs_last,rs_mean,rs_std,so_last"
APD.MX,2024-02,0,rejected by data-quality gates
APD.MX,2024-03,0,rejected by data-quality gates
APD.MX,2024-04,0,rejected by data-quality gates
APD.MX,2024-07,0,rejected by data-quality gates
APD.MX,2024-10,0,rejected by data-quality gates
APD.MX,2024-12,0,rejected by data-quality gates
APD.MX,2025-01,0,rejected by data-quality gates
APD.MX,2025-02,0,rejected by data-quality gates
APD.MX,2025-03,0,rejected by data-quality gates
APD.MX,2025-04,0,rejected by data-quality gates
APD.MX,2025-05,0,rejected by data-quality gates
APD.MX,2025-06,0,rejected by data-quality gates
APD.MX,2025-07,0,rejected by data-quality gates
APD.MX,2025-11,0,rejected by data-quality gates
APD.MX,2025-12,0,rejected by data-quality gates
APD.MX,2026-04,0,rejected by data-quality gates
APH.MX,2023-03,3,sessions=3<15 complete-indicator days
APH.MX,2023-06,22,"undefined features: rs_last,rs_mean,rs_std"
APH.MX,2023-07,21,"undefined features: rs_last,rs_mean,rs_std"
APH.MX,2023-08,23,"undefined features: rs_last,rs_mean,rs_std,so_last"
APH.MX,2023-09,21,"undefined features: rs_last,rs_mean,rs_std,so_last"
APH.MX,2023-10,22,"undefined features: rs_last,rs_mean,rs_std"
APH.MX,2023-11,20,"undefined features: rs_last,rs_mean,rs_std,so_last"
APH.MX,2023-12,19,"undefined features: rs_last,rs_mean,rs_std"
APH.MX,2024-01,22,"undefined features: rs_last,rs_mean,rs_std"
APH.MX,2024-02,20,"undefined features: rs_last,rs_mean,rs_std"
APH.MX,2024-03,18,"undefined features: rs_last,rs_mean,rs_std"
APH.MX,2024-04,22,"undefined features: rs_last,rs_mean,rs_std"
APH.MX,2024-05,22,"undefined features: rs_last,rs_mean,rs_std"
APH.MX,2024-09,20,"undefined features: rs_last,rs_mean,rs_std,so_last"
APH.MX,2024-10,22,"undefined features: rs_last,rs_mean,rs_std,so_last"
APH.MX,2025-02,19,"undefined features: rs_last,rs_mean,rs_std"
APH.MX,2025-07,23,"undefined features: rs_last,rs_mean,rs_std"
APH.MX,2023-04,0,rejected by data-quality gates
APH.MX,2023-05,0,rejected by data-quality gates
APH.MX,2024-06,0,rejected by data-quality gates
APH.MX,2024-07,0,rejected by data-quality gates
APH.MX,2024-08,0,rejected by data-quality gates
APH.MX,2024-11,0,rejected by data-quality gates
APH.MX,2024-12,0,rejected by data-quality gates
APH.MX,2025-01,0,rejected by data-quality gates
APH.MX,2025-03,0,rejected by data-quality gates
APH.MX,2025-04,0,rejected by data-quality gates
APH.MX,2025-05,0,rejected by data-quality gates
APH.MX,2025-06,0,rejected by data-quality gates
APH.MX,2025-09,0,rejected by data-quality gates
APH.MX,2025-10,0,rejected by data-quality gates
APH.MX,2026-04,0,rejected by data-quality gates
APP.MX,2025-01,0,rejected by data-quality gates
ARMK.MX,2023-03,3,sessions=3<15 complete-indicator days
ARMK.MX,2023-10,22,"undefined features: rs_last,rs_mean,rs_std,so_last"
ARMK.MX,2023-11,20,"undefined features: rs_last,rs_mean,rs_std,so_last"
ARMK.MX,2023-12,19,"undefined features: rs_last,rs_mean,rs_std,so_last"
ARMK.MX,2024-01,22,"undefined features: rs_last,rs_mean,rs_std,so_last"
ARMK.MX,2024-02,20,"undefined features: rs_last,rs_mean,rs_std"
ARMK.MX,2024-03,18,"undefined features: rs_last,rs_mean,rs_std"
ARMK.MX,2024-04,22,"undefined features: rs_last,rs_mean,rs_std"
ARMK.MX,2024-05,22,"undefined features: rs_last,rs_mean,rs_std,so_last"
ARMK.MX,2024-06,20,"undefined features: rs_last,rs_mean,rs_std,so_last"
ARMK.MX,2024-07,23,"undefined features: rs_last,rs_mean,rs_std,so_last"
ARMK.MX,2024-08,22,"undefined features: rs_last,rs_mean,rs_std"
ARMK.MX,2024-09,20,"undefined features: rs_last,rs_mean,rs_std"
ARMK.MX,2024-10,22,"undefined features: rs_last,rs_mean,rs_std"
ARMK.MX,2024-11,20,"undefined features: rs_last,rs_mean,rs_std,so_last"
ARMK.MX,2024-12,20,"undefined features: rs_last,rs_mean,rs_std,so_last"
ARMK.MX,2025-01,22,"undefined features: rs_last,rs_mean,rs_std,so_last"
ARMK.MX,2025-02,19,"undefined features: rs_last,rs_mean,rs_std,so_last"
ARMK.MX,2025-03,20,"undefined features: rs_last,rs_mean,rs_std,so_last"
ARMK.MX,2025-04,20,"undefined features: rs_last,rs_mean,rs_std,so_last"
ARMK.MX,2025-05,21,"undefined features: rs_last,rs_mean,rs_std,so_last"
ARMK.MX,2025-06,21,"undefined features: rs_last,rs_mean,rs_std,so_last"
ARMK.MX,2025-07,23,"undefined features: rs_last,rs_mean,rs_std,so_last"
ARMK.MX,2025-08,21,"undefined features: rs_last,rs_mean,rs_std,so_last"
ARMK.MX,2025-09,21,"undefined features: rs_last,rs_mean,rs_std,so_last"
ARMK.MX,2025-10,23,"undefined features: rs_last,rs_mean,rs_std,so_last"
ARMK.MX,2025-11,19,"undefined features: rs_last,rs_mean,rs_std,so_last"
ARMK.MX,2025-12,21,"undefined features: rs_last,rs_mean,rs_std,so_last"
ARMK.MX,2026-01,21,"undefined features: rs_last,rs_mean,rs_std,so_last"
ARMK.MX,2026-02,19,"undefined features: rs_last,rs_mean,rs_std,so_last"
ARMK.MX,2026-03,21,"undefined features: rs_last,rs_mean,rs_std"
ARMK.MX,2026-04,19,"undefined features: rs_last,rs_mean,rs_std"
ARMK.MX,2026-05,20,"undefined features: rs_last,rs_mean,rs_std,so_last"
ARMK.MX,2026-06,22,"undefined features: rs_last,rs_mean,rs_std,so_last"
ARMK.MX,2023-04,0,rejected by data-quality gates
ARMK.MX,2023-05,0,rejected by data-quality gates
ARMK.MX,2023-06,0,rejected by data-quality gates
ARMK.MX,2023-07,0,rejected by data-quality gates
ARMK.MX,2023-08,0,rejected by data-quality gates
ARMK.MX,2023-09,0,rejected by data-quality gates
ASTS.MX,2024-12,0,rejected by data-quality gates
ASTS.MX,2025-01,0,rejected by data-quality gates
ASTS.MX,2025-04,0,rejected by data-quality gates
ASURB.MX,2023-03,3,sessions=3<15 complete-indicator days
AVB.MX,2023-03,3,sessions=3<15 complete-indicator days
AVB.MX,2023-05,22,"undefined features: rs_std,so_last,so_mean,so_std"
AVB.MX,2023-06,22,"undefined features: rs_last,rs_mean,rs_std,so_last"
AVB.MX,2023-07,21,"undefined features: rs_last,rs_mean,rs_std,so_last"
AVB.MX,2023-08,23,"undefined features: rs_last,rs_mean,rs_std,so_last"
AVB.MX,2023-09,21,"undefined features: rs_last,rs_mean,rs_std,so_last"
AVB.MX,2023-10,22,"undefined features: rs_last,rs_mean,rs_std,so_last"
AVB.MX,2024-01,22,"undefined features: rs_last,rs_mean,rs_std,so_last"
AVB.MX,2024-02,20,"undefined features: rs_last,rs_mean,rs_std,so_last"
AVB.MX,2024-03,18,"undefined features: rs_last,rs_mean,rs_std,so_last"
AVB.MX,2024-04,22,"undefined features: rs_last,rs_mean,rs_std,so_last"
AVB.MX,2024-05,22,"undefined features: rs_last,rs_mean,rs_std,so_last"
AVB.MX,2024-06,20,"undefined features: rs_last,rs_mean,rs_std,so_last"
AVB.MX,2024-07,23,"undefined features: rs_last,rs_mean,rs_std,so_last"
AVB.MX,2024-08,22,"undefined features: rs_last,rs_mean,rs_std,so_last"
AVB.MX,2024-09,20,"undefined features: rs_last,rs_mean,rs_std,so_last"
AVB.MX,2024-10,22,"undefined features: rs_last,rs_mean,rs_std,so_last"
AVB.MX,2024-11,20,"undefined features: rs_last,rs_mean,rs_std,so_last"
AVB.MX,2024-12,20,"undefined features: rs_last,rs_mean,rs_std,so_last"
AVB.MX,2025-01,22,"undefined features: rs_last,rs_mean,rs_std,so_last"
AVB.MX,2025-02,19,"undefined features: rs_last,rs_mean,rs_std,so_last"
AVB.MX,2025-03,20,"undefined features: rs_last,rs_mean,rs_std"
AVB.MX,2025-04,20,"undefined features: rs_last,rs_mean,rs_std"
AVB.MX,2025-05,21,"undefined features: rs_last,rs_mean,rs_std,so_last"
AVB.MX,2025-06,21,"undefined features: rs_last,rs_mean,rs_std,so_last"
AVB.MX,2025-08,21,"undefined features: rs_last,rs_mean,rs_std,so_last"
AVB.MX,2025-09,21,"undefined features: rs_last,rs_mean,rs_std,so_last"
AVB.MX,2025-10,23,"undefined features: rs_last,rs_mean,rs_std,so_last"
AVB.MX,2025-11,19,"undefined features: rs_last,rs_mean,rs_std,so_last"
AVB.MX,2025-12,21,"undefined features: rs_last,rs_mean,rs_std,so_last"
AVB.MX,2026-01,21,"undefined features: rs_last,rs_mean,rs_std,so_last"
AVB.MX,2026-02,19,"undefined features: rs_last,rs_mean,rs_std,so_last"
AVB.MX,2026-03,21,"undefined features: rs_last,rs_mean,rs_std,so_last"
AVB.MX,2026-04,19,"undefined features: rs_last,rs_mean,rs_std,so_last"
AVB.MX,2026-05,20,"undefined features: rs_last,rs_mean,rs_std,so_last"
AVB.MX,2026-06,22,"undefined features: rs_last,rs_mean,rs_std,so_last"
AVB.MX,2023-04,0,rejected by data-quality gates
AVB.MX,2023-11,0,rejected by data-quality gates
AVB.MX,2023-12,0,rejected by data-quality gates
AVB.MX,2025-07,0,rejected by data-quality gates
AVGO.MX,2023-06,1,sessions=1<15 complete-indicator days
AVGO.MX,2023-07,14,sessions=14<15 complete-indicator days
AVGO.MX,2023-08,11,sessions=11<15 complete-indicator days
AVGO.MX,2023-09,11,sessions=11<15 complete-indicator days
AVGO.MX,2023-10,11,sessions=11<15 complete-indicator days
AVGO.MX,2023-11,11,sessions=11<15 complete-indicator days
AVGO.MX,2024-01,11,sessions=11<15 complete-indicator days
AVGO.MX,2024-02,14,sessions=14<15 complete-indicator days
AWK.MX,2023-03,3,sessions=3<15 complete-indicator days
AWK.MX,2023-08,23,"undefined features: rs_last,rs_mean,rs_std"
AWK.MX,2023-10,22,"undefined features: rs_last,rs_mean,rs_std,so_last"
AWK.MX,2023-11,20,"undefined features: rs_last,rs_mean,rs_std,so_last"
AWK.MX,2023-12,19,"undefined features: rs_last,rs_mean,rs_std,so_last"
AWK.MX,2024-01,22,"undefined features: rs_last,rs_mean,rs_std,so_last"
AWK.MX,2024-02,20,"undefined features: rs_last,rs_mean,rs_std,so_last"
AWK.MX,2024-05,22,"undefined features: rs_last,rs_mean,rs_std"
AWK.MX,2024-06,20,"undefined features: rs_last,rs_mean,rs_std,so_last"
AWK.MX,2024-07,23,"undefined features: rs_last,rs_mean,rs_std"
AWK.MX,2024-08,22,"undefined features: rs_last,rs_mean,rs_std,so_last"
AWK.MX,2024-09,20,"undefined features: rs_last,rs_mean,rs_std,so_last"
AWK.MX,2024-10,22,"undefined features: rs_last,rs_mean,rs_std,so_last"
AWK.MX,2024-11,20,"undefined features: rs_last,rs_mean,rs_std,so_last"
AWK.MX,2024-12,20,"undefined features: rs_last,rs_mean,rs_std,so_last"
AWK.MX,2025-01,22,"undefined features: rs_last,rs_mean,rs_std,so_last"
AWK.MX,2025-02,19,"undefined features: rs_last,rs_mean,rs_std,so_last"
AWK.MX,2025-03,20,"undefined features: rs_last,rs_mean,rs_std,so_last"
AWK.MX,2025-04,20,"undefined features: rs_last,rs_mean,rs_std,so_last"
AWK.MX,2025-05,21,"undefined features: rs_last,rs_mean,rs_std,so_last"
AWK.MX,2025-06,21,"undefined features: rs_last,rs_mean,rs_std,so_last"
AWK.MX,2025-07,23,"undefined features: rs_last,rs_mean,rs_std,so_last"
AWK.MX,2025-08,21,"undefined features: rs_last,rs_mean,rs_std,so_last"
AWK.MX,2025-10,23,"undefined features: rs_last,rs_mean,rs_std,so_last"
AWK.MX,2025-11,19,"undefined features: rs_last,rs_mean,rs_std,so_last"
AWK.MX,2023-04,0,rejected by data-quality gates
AWK.MX,2023-05,0,rejected by data-quality gates
AWK.MX,2023-06,0,rejected by data-quality gates
AWK.MX,2023-07,0,rejected by data-quality gates
AWK.MX,2023-09,0,rejected by data-quality gates
AWK.MX,2024-03,0,rejected by data-quality gates
AWK.MX,2024-04,0,rejected by data-quality gates
AWK.MX,2025-09,0,rejected by data-quality gates
AWK.MX,2025-12,0,rejected by data-quality gates
AWK.MX,2026-01,0,rejected by data-quality gates
AWK.MX,2026-02,0,rejected by data-quality gates
AWK.MX,2026-03,0,rejected by data-quality gates
AWK.MX,2026-04,0,rejected by data-quality gates
AWK.MX,2026-05,0,rejected by data-quality gates
AWK.MX,2026-06,0,rejected by data-quality gates
AXP.MX,2023-03,3,sessions=3<15 complete-indicator days
AXTELCPO.MX,2023-03,3,sessions=3<15 complete-indicator days
AZO.MX,2023-03,3,sessions=3<15 complete-indicator days
AZO.MX,2025-01,22,"undefined features: rs_last,rs_mean,rs_std"
AZO.MX,2025-02,19,"undefined features: rs_last,rs_mean,rs_std"
AZO.MX,2023-04,0,rejected by data-quality gates
AZO.MX,2023-05,0,rejected by data-quality gates
AZO.MX,2023-06,0,rejected by data-quality gates
AZO.MX,2023-07,0,rejected by data-quality gates
AZO.MX,2023-08,0,rejected by data-quality gates
AZO.MX,2023-09,0,rejected by data-quality gates
AZO.MX,2023-10,0,rejected by data-quality gates
AZO.MX,2023-11,0,rejected by data-quality gates
AZO.MX,2023-12,0,rejected by data-quality gates
AZO.MX,2024-01,0,rejected by data-quality gates
AZO.MX,2024-02,0,rejected by data-quality gates
AZO.MX,2024-03,0,rejected by data-quality gates
AZO.MX,2024-04,0,rejected by data-quality gates
AZO.MX,2024-05,0,rejected by data-quality gates
AZO.MX,2024-07,0,rejected by data-quality gates
AZO.MX,2024-08,0,rejected by data-quality gates
AZO.MX,2024-09,0,rejected by data-quality gates
AZO.MX,2024-10,0,rejected by data-quality gates
AZO.MX,2024-11,0,rejected by data-quality gates
AZO.MX,2024-12,0,rejected by data-quality gates
AZO.MX,2025-03,0,rejected by data-quality gates
AZO.MX,2025-04,0,rejected by data-quality gates
AZO.MX,2025-05,0,rejected by data-quality gates
AZO.MX,2025-06,0,rejected by data-quality gates
AZO.MX,2025-07,0,rejected by data-quality gates
AZO.MX,2025-08,0,rejected by data-quality gates
AZO.MX,2025-09,0,rejected by data-quality gates
AZO.MX,2025-10,0,rejected by data-quality gates
AZO.MX,2025-11,0,rejected by data-quality gates
AZO.MX,2025-12,0,rejected by data-quality gates
AZO.MX,2026-01,0,rejected by data-quality gates
AZO.MX,2026-02,0,rejected by data-quality gates
AZO.MX,2026-03,0,rejected by data-quality gates
AZO.MX,2026-04,0,rejected by data-quality gates
AZO.MX,2026-05,0,rejected by data-quality gates
AZO.MX,2026-06,0,rejected by data-quality gates
BA.MX,2023-03,3,sessions=3<15 complete-indicator days
BAC.MX,2023-03,3,sessions=3<15 complete-indicator days
BAX.MX,2023-03,3,sessions=3<15 complete-indicator days
BAX.MX,2023-04,18,"undefined features: rs_last,rs_mean,rs_std"
BAX.MX,2023-09,21,"undefined features: rs_last,rs_mean,rs_std,so_last"
BAX.MX,2023-10,22,"undefined features: rs_last,rs_mean,rs_std,so_last"
BAX.MX,2023-11,20,"undefined features: rs_last,rs_mean,rs_std,so_last"
BAX.MX,2023-12,19,"undefined features: rs_last,rs_mean,rs_std,so_last"
BAX.MX,2024-01,22,"undefined features: rs_last,rs_mean,rs_std,so_last"
BAX.MX,2024-03,18,"undefined features: rs_last,rs_mean,rs_std,so_last"
BAX.MX,2024-08,22,"undefined features: rs_last,rs_mean,rs_std"
BAX.MX,2024-09,20,"undefined features: rs_last,rs_mean,rs_std,so_last"
BAX.MX,2024-10,22,"undefined features: rs_last,rs_mean,rs_std,so_last"
BAX.MX,2025-03,20,"undefined features: rs_last,rs_mean,rs_std"
BAX.MX,2025-04,20,"undefined features: rs_last,rs_mean,rs_std,so_last"
BAX.MX,2025-06,21,"undefined features: rs_last,rs_mean,rs_std,so_last"
BAX.MX,2025-09,21,"undefined features: rs_last,rs_mean,rs_std"
BAX.MX,2026-04,19,undefined features: rs_std
BAX.MX,2026-06,22,"undefined features: rs_last,rs_mean,rs_std"
BAX.MX,2023-05,0,rejected by data-quality gates
BAX.MX,2023-06,0,rejected by data-quality gates
BAX.MX,2023-07,0,rejected by data-quality gates
BAX.MX,2023-08,0,rejected by data-quality gates
BAX.MX,2024-02,0,rejected by data-quality gates
BAX.MX,2024-04,0,rejected by data-quality gates
BAX.MX,2024-05,0,rejected by data-quality gates
BAX.MX,2024-06,0,rejected by data-quality gates
BAX.MX,2024-07,0,rejected by data-quality gates
BAX.MX,2024-11,0,rejected by data-quality gates
BAX.MX,2024-12,0,rejected by data-quality gates
BAX.MX,2025-01,0,rejected by data-quality gates
BAX.MX,2025-02,0,rejected by data-quality gates
BAX.MX,2025-05,0,rejected by data-quality gates
BAX.MX,2025-07,0,rejected by data-quality gates
BAX.MX,2025-08,0,rejected by data-quality gates
BAX.MX,2025-10,0,rejected by data-quality gates
BAX.MX,2025-11,0,rejected by data-quality gates
BAX.MX,2025-12,0,rejected by data-quality gates
BAX.MX,2026-01,0,rejected by data-quality gates
BAX.MX,2026-02,0,rejected by data-quality gates
BAX.MX,2026-03,0,rejected by data-quality gates
BAX.MX,2026-05,0,rejected by data-quality gates
BBAJIOO.MX,2023-03,3,sessions=3<15 complete-indicator days
BBVA.MX,2023-03,3,sessions=3<15 complete-indicator days
BBY.MX,2023-03,3,sessions=3<15 complete-indicator days
BBY.MX,2023-07,21,"undefined features: rs_last,rs_mean,rs_std"
BBY.MX,2023-08,23,"undefined features: rs_last,rs_mean,rs_std"
BBY.MX,2023-09,21,"undefined features: rs_last,rs_mean,rs_std,so_last"
BBY.MX,2023-11,20,"undefined features: rs_last,rs_mean,rs_std,so_last"
BBY.MX,2023-12,19,"undefined features: rs_last,rs_mean,rs_std,so_last"
BBY.MX,2025-02,19,"undefined features: rs_last,rs_mean,rs_std"
BBY.MX,2023-04,0,rejected by data-quality gates
BBY.MX,2023-05,0,rejected by data-quality gates
BBY.MX,2023-06,0,rejected by data-quality gates
BBY.MX,2023-10,0,rejected by data-quality gates
BBY.MX,2024-01,0,rejected by data-quality gates
BBY.MX,2024-02,0,rejected by data-quality gates
BBY.MX,2024-03,0,rejected by data-quality gates
BBY.MX,2024-04,0,rejected by data-quality gates
BBY.MX,2024-05,0,rejected by data-quality gates
BBY.MX,2024-06,0,rejected by data-quality gates
BBY.MX,2024-07,0,rejected by data-quality gates
BBY.MX,2024-08,0,rejected by data-quality gates
BBY.MX,2024-09,0,rejected by data-quality gates
BBY.MX,2024-11,0,rejected by data-quality gates
BBY.MX,2024-12,0,rejected by data-quality gates
BBY.MX,2025-01,0,rejected by data-quality gates
BBY.MX,2025-03,0,rejected by data-quality gates
BBY.MX,2025-04,0,rejected by data-quality gates
BBY.MX,2025-05,0,rejected by data-quality gates
BBY.MX,2025-06,0,rejected by data-quality gates
BBY.MX,2025-07,0,rejected by data-quality gates
BBY.MX,2025-08,0,rejected by data-quality gates
BBY.MX,2025-09,0,rejected by data-quality gates
BBY.MX,2025-10,0,rejected by data-quality gates
BBY.MX,2025-11,0,rejected by data-quality gates
BBY.MX,2026-01,0,rejected by data-quality gates
BBY.MX,2026-02,0,rejected by data-quality gates
BBY.MX,2026-03,0,rejected by data-quality gates
BBY.MX,2026-04,0,rejected by data-quality gates
BBY.MX,2026-06,0,rejected by data-quality gates
BDX.MX,2023-03,3,sessions=3<15 complete-indicator days
BDX.MX,2024-12,20,"undefined features: rs_last,rs_mean,rs_std"
BDX.MX,2025-01,22,"undefined features: rs_last,rs_mean,rs_std,so_last"
BDX.MX,2025-07,23,"undefined features: rs_last,rs_mean,rs_std,so_last"
BDX.MX,2025-08,21,"undefined features: rs_last,rs_mean,rs_std"
BDX.MX,2025-09,21,"undefined features: rs_last,rs_mean,rs_std,so_last"
BDX.MX,2025-10,23,"undefined features: rs_last,rs_mean,rs_std,so_last"
BDX.MX,2025-12,21,"undefined features: rs_last,rs_mean,rs_std"
BDX.MX,2026-01,21,"undefined features: rs_last,rs_mean,rs_std,so_last"
BDX.MX,2023-04,0,rejected by data-quality gates
BDX.MX,2023-05,0,rejected by data-quality gates
BDX.MX,2023-06,0,rejected by data-quality gates
BDX.MX,2023-07,0,rejected by data-quality gates
BDX.MX,2023-08,0,rejected by data-quality gates
BDX.MX,2023-09,0,rejected by data-quality gates
BDX.MX,2023-10,0,rejected by data-quality gates
BDX.MX,2023-11,0,rejected by data-quality gates
BDX.MX,2023-12,0,rejected by data-quality gates
BDX.MX,2024-01,0,rejected by data-quality gates
BDX.MX,2024-02,0,rejected by data-quality gates
BDX.MX,2024-03,0,rejected by data-quality gates
BDX.MX,2024-04,0,rejected by data-quality gates
BDX.MX,2024-05,0,rejected by data-quality gates
BDX.MX,2024-06,0,rejected by data-quality gates
BDX.MX,2024-07,0,rejected by data-quality gates
BDX.MX,2024-08,0,rejected by data-quality gates
BDX.MX,2024-09,0,rejected by data-quality gates
BDX.MX,2024-10,0,rejected by data-quality gates
BDX.MX,2024-11,0,rejected by data-quality gates
BDX.MX,2025-02,0,rejected by data-quality gates
BDX.MX,2025-03,0,rejected by data-quality gates
BDX.MX,2025-04,0,rejected by data-quality gates
BDX.MX,2025-05,0,rejected by data-quality gates
BDX.MX,2025-06,0,rejected by data-quality gates
BDX.MX,2025-11,0,rejected by data-quality gates
BDX.MX,2026-02,0,rejected by data-quality gates
BDX.MX,2026-03,0,rejected by data-quality gates
BDX.MX,2026-04,0,rejected by data-quality gates
BDX.MX,2026-05,0,rejected by data-quality gates
BDX.MX,2026-06,0,rejected by data-quality gates
BE.MX,2023-08,12,sessions=12<15 complete-indicator days
BE.MX,2023-10,22,"undefined features: rs_last,rs_mean,rs_std,so_last"
BE.MX,2023-11,20,"undefined features: rs_last,rs_mean,rs_std,so_last"
BE.MX,2023-12,19,"undefined features: rs_last,rs_mean,rs_std,so_last"
BE.MX,2024-06,20,"undefined features: rs_last,rs_mean,rs_std,so_last"
BE.MX,2024-07,23,"undefined features: rs_last,rs_mean,rs_std,so_last"
BE.MX,2024-08,22,"undefined features: rs_last,rs_mean,rs_std"
BE.MX,2024-09,20,"undefined features: rs_last,rs_mean,rs_std,so_last"
BE.MX,2024-10,22,"undefined features: rs_last,rs_mean,rs_std,so_last"
BE.MX,2024-11,20,"undefined features: rs_last,rs_mean,rs_std,so_last"
BE.MX,2024-12,20,"undefined features: rs_last,rs_mean,rs_std"
BE.MX,2025-06,21,"undefined features: rs_last,rs_mean,rs_std"
BE.MX,2023-09,0,rejected by data-quality gates
BE.MX,2024-01,0,rejected by data-quality gates
BE.MX,2024-02,0,rejected by data-quality gates
BE.MX,2024-03,0,rejected by data-quality gates
BE.MX,2024-04,0,rejected by data-quality gates
BE.MX,2024-05,0,rejected by data-quality gates
BE.MX,2025-01,0,rejected by data-quality gates
BE.MX,2025-02,0,rejected by data-quality gates
BE.MX,2025-03,0,rejected by data-quality gates
BE.MX,2025-04,0,rejected by data-quality gates
BE.MX,2025-05,0,rejected by data-quality gates
BE.MX,2025-07,0,rejected by data-quality gates
BE.MX,2025-08,0,rejected by data-quality gates
BEN.MX,2023-03,3,sessions=3<15 complete-indicator days
BEN.MX,2023-04,18,"undefined features: rs_last,rs_mean,rs_std,so_last"
BEN.MX,2023-05,22,"undefined features: rs_last,rs_mean,rs_std,so_last"
BEN.MX,2023-06,22,"undefined features: rs_last,rs_mean,rs_std,so_last"
BEN.MX,2023-07,21,"undefined features: rs_last,rs_mean,rs_std,so_last"
BEN.MX,2023-08,23,"undefined features: rs_last,rs_mean,rs_std,so_last"
BEN.MX,2023-09,21,"undefined features: rs_last,rs_mean,rs_std,so_last"
BEN.MX,2023-10,22,"undefined features: rs_last,rs_mean,rs_std,so_last"
BEN.MX,2023-11,20,"undefined features: rs_last,rs_mean,rs_std,so_last"
BEN.MX,2023-12,19,"undefined features: rs_last,rs_mean,rs_std,so_last"
BEN.MX,2024-01,22,"undefined features: rs_last,rs_mean,rs_std,so_last"
BEN.MX,2024-02,20,"undefined features: rs_last,rs_mean,rs_std,so_last"
BEN.MX,2024-03,18,"undefined features: rs_last,rs_mean,rs_std,so_last"
BEN.MX,2024-04,22,"undefined features: rs_last,rs_mean,rs_std,so_last"
BEN.MX,2024-05,22,"undefined features: rs_last,rs_mean,rs_std,so_last"
BEN.MX,2024-06,20,"undefined features: rs_last,rs_mean,rs_std,so_last"
BEN.MX,2024-07,23,"undefined features: rs_last,rs_mean,rs_std,so_last"
BEN.MX,2024-08,22,"undefined features: rs_last,rs_mean,rs_std,so_last"
BEN.MX,2024-10,22,"undefined features: rs_last,rs_mean,rs_std,so_last"
BEN.MX,2024-11,20,"undefined features: rs_last,rs_mean,rs_std,so_last"
BEN.MX,2024-12,20,"undefined features: rs_last,rs_mean,rs_std,so_last"
BEN.MX,2025-01,22,"undefined features: rs_last,rs_mean,rs_std,so_last"
BEN.MX,2025-02,19,"undefined features: rs_last,rs_mean,rs_std,so_last"
BEN.MX,2025-03,20,"undefined features: rs_last,rs_mean,rs_std,so_last"
BEN.MX,2025-04,20,"undefined features: rs_last,rs_mean,rs_std,so_last"
BEN.MX,2025-05,21,"undefined features: rs_last,rs_mean,rs_std"
BEN.MX,2025-06,21,"undefined features: rs_last,rs_mean,rs_std"
BEN.MX,2025-07,23,"undefined features: rs_last,rs_mean,rs_std,so_last"
BEN.MX,2025-08,21,"undefined features: rs_last,rs_mean,rs_std,so_last"
BEN.MX,2025-09,21,"undefined features: rs_last,rs_mean,rs_std,so_last"
BEN.MX,2025-12,21,"undefined features: rs_last,rs_mean,rs_std,so_last"
BEN.MX,2026-01,21,"undefined features: rs_last,rs_mean,rs_std"
BEN.MX,2026-02,19,"undefined features: rs_last,rs_mean,rs_std"
BEN.MX,2026-03,21,"undefined features: rs_last,rs_mean,rs_std,so_last"
BEN.MX,2026-05,20,undefined features: so_std
BEN.MX,2026-06,22,"undefined features: rs_last,rs_mean,rs_std,so_last"
BEN.MX,2024-09,0,rejected by data-quality gates
BEN.MX,2025-10,0,rejected by data-quality gates
BEN.MX,2025-11,0,rejected by data-quality gates
BEN.MX,2026-04,0,rejected by data-quality gates
BIIB.MX,2023-03,3,sessions=3<15 complete-indicator days
BIIB.MX,2023-12,19,"undefined features: rs_last,rs_mean,rs_std"
BIIB.MX,2026-02,19,"undefined features: rs_last,rs_mean,rs_std"
BIIB.MX,2023-04,0,rejected by data-quality gates
BIIB.MX,2023-05,0,rejected by data-quality gates
BIIB.MX,2023-06,0,rejected by data-quality gates
BIIB.MX,2023-07,0,rejected by data-quality gates
BIIB.MX,2023-08,0,rejected by data-quality gates
BIIB.MX,2023-09,0,rejected by data-quality gates
BIIB.MX,2023-10,0,rejected by data-quality gates
BIIB.MX,2023-11,0,rejected by data-quality gates
BIIB.MX,2024-01,0,rejected by data-quality gates
BIIB.MX,2024-02,0,rejected by data-quality gates
BIIB.MX,2024-03,0,rejected by data-quality gates
BIIB.MX,2024-04,0,rejected by data-quality gates
BIIB.MX,2024-05,0,rejected by data-quality gates
BIIB.MX,2024-06,0,rejected by data-quality gates
BIIB.MX,2024-07,0,rejected by data-quality gates
BIIB.MX,2024-08,0,rejected by data-quality gates
BIIB.MX,2024-09,0,rejected by data-quality gates
BIIB.MX,2024-10,0,rejected by data-quality gates
BIIB.MX,2024-11,0,rejected by data-quality gates
BIIB.MX,2024-12,0,rejected by data-quality gates
BIIB.MX,2025-01,0,rejected by data-quality gates
BIIB.MX,2025-02,0,rejected by data-quality gates
BIIB.MX,2025-03,0,rejected by data-quality gates
BIIB.MX,2025-04,0,rejected by data-quality gates
BIIB.MX,2025-05,0,rejected by data-quality gates
BIIB.MX,2025-06,0,rejected by data-quality gates
BIIB.MX,2025-07,0,rejected by data-quality gates
BIIB.MX,2025-08,0,rejected by data-quality gates
BIIB.MX,2025-10,0,rejected by data-quality gates
BIIB.MX,2025-11,0,rejected by data-quality gates
BIIB.MX,2025-12,0,rejected by data-quality gates
BIIB.MX,2026-01,0,rejected by data-quality gates
BIIB.MX,2026-03,0,rejected by data-quality gates
BIIB.MX,2026-04,0,rejected by data-quality gates
BIIB.MX,2026-05,0,rejected by data-quality gates
BIIB.MX,2026-06,0,rejected by data-quality gates
BIMBOA.MX,2023-03,3,sessions=3<15 complete-indicator days
BKNG.MX,2023-03,3,sessions=3<15 complete-indicator days
BKNG.MX,2023-12,19,"undefined features: rs_last,rs_mean,rs_std"
BKNG.MX,2024-02,20,undefined features: rs_std
BKNG.MX,2023-04,0,rejected by data-quality gates
BKNG.MX,2023-05,0,rejected by data-quality gates
BKNG.MX,2023-06,0,rejected by data-quality gates
BKNG.MX,2023-07,0,rejected by data-quality gates
BKNG.MX,2023-08,0,rejected by data-quality gates
BKNG.MX,2023-09,0,rejected by data-quality gates
BKNG.MX,2023-10,0,rejected by data-quality gates
BKNG.MX,2023-11,0,rejected by data-quality gates
BKNG.MX,2024-01,0,rejected by data-quality gates
BKNG.MX,2024-03,0,rejected by data-quality gates
BKNG.MX,2024-04,0,rejected by data-quality gates
BKNG.MX,2024-05,0,rejected by data-quality gates
BKNG.MX,2024-06,0,rejected by data-quality gates
BKNG.MX,2024-07,0,rejected by data-quality gates
BKNG.MX,2024-08,0,rejected by data-quality gates
BKNG.MX,2024-09,0,rejected by data-quality gates
BKNG.MX,2024-10,0,rejected by data-quality gates
BKNG.MX,2024-11,0,rejected by data-quality gates
BKNG.MX,2024-12,0,rejected by data-quality gates
BKNG.MX,2025-01,0,rejected by data-quality gates
BKNG.MX,2025-02,0,rejected by data-quality gates
BKNG.MX,2025-03,0,rejected by data-quality gates
BKNG.MX,2025-04,0,rejected by data-quality gates
BKNG.MX,2025-05,0,rejected by data-quality gates
BKNG.MX,2025-06,0,rejected by data-quality gates
BKNG.MX,2025-07,0,rejected by data-quality gates
BKNG.MX,2025-08,0,rejected by data-quality gates
BKNG.MX,2025-09,0,rejected by data-quality gates
BKNG.MX,2025-10,0,rejected by data-quality gates
BKNG.MX,2025-11,0,rejected by data-quality gates
BKNG.MX,2025-12,0,rejected by data-quality gates
BKNG.MX,2026-01,0,rejected by data-quality gates
BKNG.MX,2026-02,0,rejected by data-quality gates
BKNG.MX,2026-03,0,rejected by data-quality gates
BKR.MX,2023-03,3,sessions=3<15 complete-indicator days
BKR.MX,2023-05,22,"undefined features: rs_last,rs_mean,rs_std,so_last"
BKR.MX,2023-08,23,"undefined features: rs_last,rs_mean,rs_std"
BKR.MX,2024-08,22,"undefined features: rs_last,rs_mean,rs_std"
BKR.MX,2024-12,20,"undefined features: rs_last,rs_mean,rs_std"
BKR.MX,2025-11,19,undefined features: rs_std
BKR.MX,2026-02,19,"undefined features: rs_last,rs_mean,rs_std"
BKR.MX,2023-04,0,rejected by data-quality gates
BKR.MX,2023-06,0,rejected by data-quality gates
BKR.MX,2023-07,0,rejected by data-quality gates
BKR.MX,2023-09,0,rejected by data-quality gates
BKR.MX,2023-10,0,rejected by data-quality gates
BKR.MX,2023-11,0,rejected by data-quality gates
BKR.MX,2023-12,0,rejected by data-quality gates
BKR.MX,2024-01,0,rejected by data-quality gates
BKR.MX,2024-02,0,rejected by data-quality gates
BKR.MX,2024-03,0,rejected by data-quality gates
BKR.MX,2024-04,0,rejected by data-quality gates
BKR.MX,2024-05,0,rejected by data-quality gates
BKR.MX,2024-06,0,rejected by data-quality gates
BKR.MX,2024-07,0,rejected by data-quality gates
BKR.MX,2024-09,0,rejected by data-quality gates
BKR.MX,2024-10,0,rejected by data-quality gates
BKR.MX,2024-11,0,rejected by data-quality gates
BKR.MX,2025-01,0,rejected by data-quality gates
BKR.MX,2025-02,0,rejected by data-quality gates
BKR.MX,2025-03,0,rejected by data-quality gates
BKR.MX,2025-04,0,rejected by data-quality gates
BKR.MX,2025-05,0,rejected by data-quality gates
BKR.MX,2025-06,0,rejected by data-quality gates
BKR.MX,2025-07,0,rejected by data-quality gates
BKR.MX,2025-08,0,rejected by data-quality gates
BKR.MX,2025-09,0,rejected by data-quality gates
BKR.MX,2025-10,0,rejected by data-quality gates
BKR.MX,2025-12,0,rejected by data-quality gates
BKR.MX,2026-01,0,rejected by data-quality gates
BKR.MX,2026-03,0,rejected by data-quality gates
BKR.MX,2026-04,0,rejected by data-quality gates
BKR.MX,2026-05,0,rejected by data-quality gates
BKR.MX,2026-06,0,rejected by data-quality gates
BLK.MX,2023-03,3,sessions=3<15 complete-indicator days
BLK.MX,2023-04,0,rejected by data-quality gates
BLK.MX,2023-05,0,rejected by data-quality gates
BLK.MX,2023-07,0,rejected by data-quality gates
BLK.MX,2023-08,0,rejected by data-quality gates
BLK.MX,2023-09,0,rejected by data-quality gates
BLK.MX,2023-10,0,rejected by data-quality gates
BLK.MX,2023-11,0,rejected by data-quality gates
BLK.MX,2023-12,0,rejected by data-quality gates
BLK.MX,2024-01,0,rejected by data-quality gates
BLK.MX,2024-03,0,rejected by data-quality gates
BLK.MX,2024-04,0,rejected by data-quality gates
BLK.MX,2024-05,0,rejected by data-quality gates
BLK.MX,2024-08,0,rejected by data-quality gates
BLK.MX,2024-09,0,rejected by data-quality gates
BLK.MX,2025-04,0,rejected by data-quality gates
BLK.MX,2025-05,0,rejected by data-quality gates
BLK.MX,2025-06,0,rejected by data-quality gates
BLK.MX,2025-07,0,rejected by data-quality gates
BLK.MX,2025-09,0,rejected by data-quality gates
BLK.MX,2025-10,0,rejected by data-quality gates
BLK.MX,2025-11,0,rejected by data-quality gates
BLK.MX,2025-12,0,rejected by data-quality gates
BLK.MX,2026-01,0,rejected by data-quality gates
BLK.MX,2026-02,0,rejected by data-quality gates
BLK.MX,2026-04,0,rejected by data-quality gates
BLK.MX,2026-05,0,rejected by data-quality gates
BMRN.MX,2023-03,3,sessions=3<15 complete-indicator days
BMRN.MX,2023-04,18,"undefined features: rs_last,rs_mean,rs_std"
BMRN.MX,2023-07,21,"undefined features: rs_last,rs_mean,rs_std,so_last"
BMRN.MX,2023-12,19,"undefined features: rs_last,rs_mean,rs_std,so_last"
BMRN.MX,2024-01,22,"undefined features: rs_last,rs_mean,rs_std"
BMRN.MX,2024-02,20,"undefined features: rs_last,rs_mean,rs_std"
BMRN.MX,2024-03,18,"undefined features: rs_last,rs_mean,rs_std,so_last"
BMRN.MX,2024-06,20,"undefined features: rs_last,rs_mean,rs_std"
BMRN.MX,2024-07,23,"undefined features: rs_last,rs_mean,rs_std,so_last"
BMRN.MX,2024-08,22,"undefined features: rs_last,rs_mean,rs_std"
BMRN.MX,2024-09,20,"undefined features: rs_last,rs_mean,rs_std,so_last"
BMRN.MX,2024-10,22,"undefined features: rs_last,rs_mean,rs_std,so_last"
BMRN.MX,2024-11,20,"undefined features: rs_last,rs_mean,rs_std,so_last"
BMRN.MX,2024-12,20,"undefined features: rs_last,rs_mean,rs_std,so_last"
BMRN.MX,2025-01,22,"undefined features: rs_last,rs_mean,rs_std,so_last"
BMRN.MX,2025-04,20,"undefined features: rs_last,rs_mean,rs_std,so_last"
BMRN.MX,2025-05,21,"undefined features: rs_last,rs_mean,rs_std,so_last"
BMRN.MX,2026-01,21,"undefined features: rs_last,rs_mean,rs_std,so_last"
BMRN.MX,2023-05,0,rejected by data-quality gates
BMRN.MX,2023-06,0,rejected by data-quality gates
BMRN.MX,2023-08,0,rejected by data-quality gates
BMRN.MX,2023-09,0,rejected by data-quality gates
BMRN.MX,2023-10,0,rejected by data-quality gates
BMRN.MX,2023-11,0,rejected by data-quality gates
BMRN.MX,2024-04,0,rejected by data-quality gates
BMRN.MX,2024-05,0,rejected by data-quality gates
BMRN.MX,2025-02,0,rejected by data-quality gates
BMRN.MX,2025-03,0,rejected by data-quality gates
BMRN.MX,2025-06,0,rejected by data-quality gates
BMRN.MX,2025-07,0,rejected by data-quality gates
BMRN.MX,2025-08,0,rejected by data-quality gates
BMRN.MX,2025-09,0,rejected by data-quality gates
BMRN.MX,2025-10,0,rejected by data-quality gates
BMRN.MX,2025-11,0,rejected by data-quality gates
BMRN.MX,2025-12,0,rejected by data-quality gates
BMRN.MX,2026-02,0,rejected by data-quality gates
BMRN.MX,2026-03,0,rejected by data-quality gates
BMRN.MX,2026-04,0,rejected by data-quality gates
BMRN.MX,2026-05,0,rejected by data-quality gates
BMRN.MX,2026-06,0,rejected by data-quality gates
BMY.MX,2023-03,3,sessions=3<15 complete-indicator days
BMY.MX,2023-04,0,rejected by data-quality gates
BMY.MX,2023-05,0,rejected by data-quality gates
BMY.MX,2023-09,0,rejected by data-quality gates
BMY.MX,2025-05,0,rejected by data-quality gates
BMY.MX,2025-06,0,rejected by data-quality gates
BMY.MX,2025-07,0,rejected by data-quality gates
BMY.MX,2025-08,0,rejected by data-quality gates
BMY.MX,2025-09,0,rejected by data-quality gates
BMY.MX,2026-03,0,rejected by data-quality gates
BMY.MX,2026-04,0,rejected by data-quality gates
BMY.MX,2026-05,0,rejected by data-quality gates
BMY.MX,2026-06,0,rejected by data-quality gates
BNS.MX,2023-03,3,sessions=3<15 complete-indicator days
BNS.MX,2023-04,18,"undefined features: rs_last,rs_mean,rs_std,so_last"
BNS.MX,2024-03,18,"undefined features: rs_last,rs_mean,rs_std"
BNS.MX,2024-09,20,"undefined features: rs_last,rs_mean,rs_std"
BNS.MX,2024-10,22,"undefined features: rs_last,rs_mean,rs_std"
BNS.MX,2025-04,20,"undefined features: rs_last,rs_mean,rs_std,so_last"
BNS.MX,2025-08,21,"undefined features: rs_last,rs_mean,rs_std"
BNS.MX,2025-09,21,"undefined features: rs_last,rs_mean,rs_std"
BNS.MX,2026-03,21,"undefined features: rs_last,rs_mean,rs_std,so_last"
BNS.MX,2026-04,19,"undefined features: rs_last,rs_mean,rs_std,so_last"
BNS.MX,2026-05,20,"undefined features: rs_last,rs_mean,rs_std,so_last"
BNS.MX,2026-06,22,"undefined features: rs_last,rs_mean,rs_std"
BNS.MX,2023-05,0,rejected by data-quality gates
BNS.MX,2023-06,0,rejected by data-quality gates
BNS.MX,2023-07,0,rejected by data-quality gates
BNS.MX,2023-08,0,rejected by data-quality gates
BNS.MX,2023-09,0,rejected by data-quality gates
BNS.MX,2023-10,0,rejected by data-quality gates
BNS.MX,2023-11,0,rejected by data-quality gates
BNS.MX,2023-12,0,rejected by data-quality gates
BNS.MX,2024-01,0,rejected by data-quality gates
BNS.MX,2024-02,0,rejected by data-quality gates
BNS.MX,2024-04,0,rejected by data-quality gates
BNS.MX,2024-05,0,rejected by data-quality gates
BNS.MX,2024-06,0,rejected by data-quality gates
BNS.MX,2024-07,0,rejected by data-quality gates
BNS.MX,2024-08,0,rejected by data-quality gates
BNS.MX,2024-11,0,rejected by data-quality gates
BNS.MX,2024-12,0,rejected by data-quality gates
BNS.MX,2025-01,0,rejected by data-quality gates
BNS.MX,2025-02,0,rejected by data-quality gates
BNS.MX,2025-03,0,rejected by data-quality gates
BNS.MX,2025-05,0,rejected by data-quality gates
BNS.MX,2025-06,0,rejected by data-quality gates
BNS.MX,2025-07,0,rejected by data-quality gates
BNS.MX,2025-10,0,rejected by data-quality gates
BNS.MX,2025-11,0,rejected by data-quality gates
BNS.MX,2025-12,0,rejected by data-quality gates
BNS.MX,2026-01,0,rejected by data-quality gates
BNS.MX,2026-02,0,rejected by data-quality gates
BOLSAA.MX,2023-03,3,sessions=3<15 complete-indicator days
BRKB.MX,2023-03,3,sessions=3<15 complete-indicator days
BRO.MX,2023-07,4,sessions=4<15 complete-indicator days
BRO.MX,2023-08,23,"undefined features: rs_last,rs_mean,rs_std"
BRO.MX,2024-08,22,"undefined features: rs_last,rs_mean,rs_std"
BRO.MX,2023-09,0,rejected by data-quality gates
BRO.MX,2023-10,0,rejected by data-quality gates
BRO.MX,2023-11,0,rejected by data-quality gates
BRO.MX,2023-12,0,rejected by data-quality gates
BRO.MX,2024-01,0,rejected by data-quality gates
BRO.MX,2024-02,0,rejected by data-quality gates
BRO.MX,2024-03,0,rejected by data-quality gates
BRO.MX,2024-04,0,rejected by data-quality gates
BRO.MX,2024-05,0,rejected by data-quality gates
BRO.MX,2024-06,0,rejected by data-quality gates
BRO.MX,2024-07,0,rejected by data-quality gates
BRO.MX,2024-09,0,rejected by data-quality gates
BRO.MX,2024-10,0,rejected by data-quality gates
BRO.MX,2024-11,0,rejected by data-quality gates
BRO.MX,2024-12,0,rejected by data-quality gates
BRO.MX,2025-01,0,rejected by data-quality gates
BRO.MX,2025-02,0,rejected by data-quality gates
BRO.MX,2025-03,0,rejected by data-quality gates
BRO.MX,2025-04,0,rejected by data-quality gates
BRO.MX,2025-05,0,rejected by data-quality gates
BRO.MX,2025-06,0,rejected by data-quality gates
BRO.MX,2025-07,0,rejected by data-quality gates
BRO.MX,2025-08,0,rejected by data-quality gates
BRO.MX,2025-09,0,rejected by data-quality gates
BRO.MX,2025-10,0,rejected by data-quality gates
BRO.MX,2025-11,0,rejected by data-quality gates
BRO.MX,2025-12,0,rejected by data-quality gates
BRO.MX,2026-01,0,rejected by data-quality gates
BRO.MX,2026-02,0,rejected by data-quality gates
BRO.MX,2026-04,0,rejected by data-quality gates
BRO.MX,2026-05,0,rejected by data-quality gates
BRO.MX,2026-06,0,rejected by data-quality gates
BSX.MX,2023-03,3,sessions=3<15 complete-indicator days
BSX.MX,2023-04,0,rejected by data-quality gates
BSX.MX,2023-05,0,rejected by data-quality gates
BSX.MX,2023-06,0,rejected by data-quality gates
BSX.MX,2023-07,0,rejected by data-quality gates
BSX.MX,2023-08,0,rejected by data-quality gates
BSX.MX,2023-09,0,rejected by data-quality gates
BSX.MX,2023-10,0,rejected by data-quality gates
BSX.MX,2023-11,0,rejected by data-quality gates
BSX.MX,2023-12,0,rejected by data-quality gates
BSX.MX,2024-01,0,rejected by data-quality gates
BSX.MX,2024-02,0,rejected by data-quality gates
BSX.MX,2024-03,0,rejected by data-quality gates
BSX.MX,2024-04,0,rejected by data-quality gates
BSX.MX,2024-05,0,rejected by data-quality gates
BSX.MX,2024-06,0,rejected by data-quality gates
BSX.MX,2024-07,0,rejected by data-quality gates
BSX.MX,2024-08,0,rejected by data-quality gates
BSX.MX,2024-09,0,rejected by data-quality gates
BSX.MX,2024-10,0,rejected by data-quality gates
BSX.MX,2024-11,0,rejected by data-quality gates
BSX.MX,2024-12,0,rejected by data-quality gates
BSX.MX,2025-01,0,rejected by data-quality gates
BSX.MX,2025-02,0,rejected by data-quality gates
BSX.MX,2025-03,0,rejected by data-quality gates
BSX.MX,2025-05,0,rejected by data-quality gates
BSX.MX,2025-06,0,rejected by data-quality gates
BSX.MX,2025-07,0,rejected by data-quality gates
BURL.MX,2023-03,3,sessions=3<15 complete-indicator days
BURL.MX,2023-04,18,"undefined features: rs_last,rs_mean,rs_std,so_last"
BURL.MX,2023-05,22,"undefined features: rs_last,rs_mean,rs_std,so_last"
BURL.MX,2023-06,22,"undefined features: rs_last,rs_mean,rs_std,so_last"
BURL.MX,2023-07,21,"undefined features: rs_last,rs_mean,rs_std,so_last"
BURL.MX,2023-12,19,"undefined features: rs_last,rs_mean,rs_std"
BURL.MX,2024-01,22,"undefined features: rs_last,rs_mean,rs_std,so_last"
BURL.MX,2024-02,20,"undefined features: rs_last,rs_mean,rs_std,so_last"
BURL.MX,2024-03,18,"undefined features: rs_last,rs_mean,rs_std,so_last"
BURL.MX,2024-04,22,"undefined features: rs_last,rs_mean,rs_std,so_last"
BURL.MX,2024-05,22,"undefined features: rs_last,rs_mean,rs_std,so_last"
BURL.MX,2024-06,20,"undefined features: rs_last,rs_mean,rs_std,so_last"
BURL.MX,2024-07,23,"undefined features: rs_last,rs_mean,rs_std"
BURL.MX,2024-08,22,"undefined features: rs_last,rs_mean,rs_std,so_std"
BURL.MX,2024-09,20,"undefined features: rs_last,rs_mean,rs_std,so_last"
BURL.MX,2024-10,22,"undefined features: rs_last,rs_mean,rs_std,so_last"
BURL.MX,2025-01,22,"undefined features: rs_last,rs_mean,rs_std,so_last"
BURL.MX,2025-03,20,"undefined features: rs_last,rs_mean,rs_std,so_last"
BURL.MX,2025-04,20,"undefined features: rs_last,rs_mean,rs_std,so_last"
BURL.MX,2025-08,21,"undefined features: rs_last,rs_mean,rs_std"
BURL.MX,2025-11,19,"undefined features: rs_last,rs_mean,rs_std,so_last"
BURL.MX,2025-12,21,"undefined features: rs_last,rs_mean,rs_std,so_last"
BURL.MX,2026-01,21,"undefined features: rs_last,rs_mean,rs_std"
BURL.MX,2026-02,19,"undefined features: rs_last,rs_mean,rs_std,so_last"
BURL.MX,2026-03,21,"undefined features: rs_last,rs_mean,rs_std,so_last"
BURL.MX,2026-04,19,"undefined features: rs_last,rs_mean,rs_std"
BURL.MX,2026-05,20,undefined features: rs_std
BURL.MX,2023-08,0,rejected by data-quality gates
BURL.MX,2023-09,0,rejected by data-quality gates
BURL.MX,2023-10,0,rejected by data-quality gates
BURL.MX,2023-11,0,rejected by data-quality gates
BURL.MX,2024-11,0,rejected by data-quality gates
BURL.MX,2024-12,0,rejected by data-quality gates
BURL.MX,2025-02,0,rejected by data-quality gates
BURL.MX,2025-05,0,rejected by data-quality gates
BURL.MX,2025-06,0,rejected by data-quality gates
BURL.MX,2025-07,0,rejected by data-quality gates
BURL.MX,2025-09,0,rejected by data-quality gates
BURL.MX,2025-10,0,rejected by data-quality gates
BURL.MX,2026-06,0,rejected by data-quality gates
BWA.MX,2023-03,3,sessions=3<15 complete-indicator days
BWA.MX,2023-04,18,"undefined features: rs_last,rs_mean,rs_std,so_last"
BWA.MX,2023-05,22,"undefined features: rs_last,rs_mean,rs_std"
BWA.MX,2023-06,22,"undefined features: rs_last,rs_mean,rs_std,so_last"
BWA.MX,2023-07,21,"undefined features: rs_last,rs_mean,rs_std,so_last"
BWA.MX,2023-08,23,"undefined features: rs_last,rs_mean,rs_std,so_last"
BWA.MX,2023-09,21,"undefined features: rs_last,rs_mean,rs_std"
BWA.MX,2023-10,22,"undefined features: rs_last,rs_mean,rs_std,so_last"
BWA.MX,2023-12,19,"undefined features: rs_std,so_last,so_mean,so_std"
BWA.MX,2024-01,22,"undefined features: rs_last,rs_mean,rs_std,so_last"
BWA.MX,2024-02,20,"undefined features: rs_last,rs_mean,rs_std,so_last"
BWA.MX,2024-03,18,"undefined features: rs_last,rs_mean,rs_std,so_last"
BWA.MX,2024-04,22,"undefined features: rs_last,rs_mean,rs_std,so_last"
BWA.MX,2024-05,22,"undefined features: rs_last,rs_mean,rs_std,so_last"
BWA.MX,2024-06,20,"undefined features: rs_last,rs_mean,rs_std"
BWA.MX,2024-07,23,"undefined features: rs_last,rs_mean,rs_std,so_std"
BWA.MX,2024-08,22,"undefined features: rs_last,rs_mean,rs_std,so_last"
BWA.MX,2024-09,20,"undefined features: rs_last,rs_mean,rs_std,so_last"
BWA.MX,2024-10,22,"undefined features: rs_last,rs_mean,rs_std"
BWA.MX,2024-11,20,"undefined features: rs_last,rs_mean,rs_std,so_last"
BWA.MX,2024-12,20,"undefined features: rs_last,rs_mean,rs_std,so_last"
BWA.MX,2025-03,20,"undefined features: rs_last,rs_mean,rs_std,so_last"
BWA.MX,2025-04,20,"undefined features: rs_last,rs_mean,rs_std,so_last"
BWA.MX,2025-05,21,"undefined features: rs_last,rs_mean,rs_std,so_last"
BWA.MX,2025-06,21,"undefined features: rs_last,rs_mean,rs_std,so_last"
BWA.MX,2025-07,23,"undefined features: rs_last,rs_mean,rs_std,so_std"
BWA.MX,2025-09,21,"undefined features: rs_last,rs_mean,rs_std,so_last"
BWA.MX,2025-10,23,"undefined features: rs_last,rs_mean,rs_std,so_last"
BWA.MX,2026-01,21,"undefined features: rs_last,rs_mean,rs_std,so_last"
BWA.MX,2026-02,19,"undefined features: rs_last,rs_mean,rs_std"
BWA.MX,2026-03,21,"undefined features: rs_last,rs_mean,rs_std"
BWA.MX,2026-04,19,"undefined features: rs_last,rs_mean,rs_std,so_last"
BWA.MX,2026-05,20,"undefined features: rs_last,rs_mean,rs_std,so_last"
BWA.MX,2026-06,22,"undefined features: rs_last,rs_mean,rs_std,so_last"
BWA.MX,2023-11,0,rejected by data-quality gates
BWA.MX,2025-01,0,rejected by data-quality gates
BWA.MX,2025-02,0,rejected by data-quality gates
BWA.MX,2025-08,0,rejected by data-quality gates
BWA.MX,2025-11,0,rejected by data-quality gates
BWA.MX,2025-12,0,rejected by data-quality gates
BWXT.MX,2025-02,9,sessions=9<15 complete-indicator days
BWXT.MX,2025-06,21,"undefined features: rs_last,rs_mean,rs_std,so_last"
BWXT.MX,2025-07,23,"undefined features: rs_last,rs_mean,rs_std,so_last"
BWXT.MX,2025-08,21,"undefined features: rs_last,rs_mean,rs_std,so_last"
BWXT.MX,2025-09,21,"undefined features: rs_last,rs_mean,rs_std,so_last"
BWXT.MX,2025-10,23,"undefined features: rs_last,rs_mean,rs_std,so_last"
BWXT.MX,2025-11,19,"undefined features: rs_last,rs_mean,rs_std,so_last"
BWXT.MX,2026-04,19,"undefined features: rs_last,rs_mean,rs_std"
BWXT.MX,2025-03,0,rejected by data-quality gates
BWXT.MX,2025-04,0,rejected by data-quality gates
BWXT.MX,2025-05,0,rejected by data-quality gates
BWXT.MX,2025-12,0,rejected by data-quality gates
BWXT.MX,2026-01,0,rejected by data-quality gates
BWXT.MX,2026-02,0,rejected by data-quality gates
BWXT.MX,2026-03,0,rejected by data-quality gates
BWXT.MX,2026-05,0,rejected by data-quality gates
BWXT.MX,2026-06,0,rejected by data-quality gates
BX.MX,2023-03,3,sessions=3<15 complete-indicator days
BX.MX,2024-11,20,"undefined features: rs_last,rs_mean,rs_std"
BX.MX,2023-04,0,rejected by data-quality gates
BX.MX,2023-07,0,rejected by data-quality gates
BX.MX,2023-08,0,rejected by data-quality gates
BX.MX,2023-09,0,rejected by data-quality gates
BX.MX,2023-11,0,rejected by data-quality gates
BX.MX,2024-03,0,rejected by data-quality gates
BX.MX,2024-04,0,rejected by data-quality gates
BX.MX,2024-05,0,rejected by data-quality gates
BX.MX,2024-06,0,rejected by data-quality gates
BX.MX,2024-08,0,rejected by data-quality gates
BX.MX,2024-09,0,rejected by data-quality gates
BX.MX,2024-10,0,rejected by data-quality gates
BX.MX,2024-12,0,rejected by data-quality gates
BX.MX,2025-01,0,rejected by data-quality gates
BX.MX,2025-02,0,rejected by data-quality gates
BX.MX,2025-04,0,rejected by data-quality gates
BX.MX,2025-05,0,rejected by data-quality gates
BX.MX,2025-06,0,rejected by data-quality gates
BX.MX,2025-07,0,rejected by data-quality gates
BX.MX,2025-08,0,rejected by data-quality gates
BX.MX,2025-11,0,rejected by data-quality gates
BX.MX,2025-12,0,rejected by data-quality gates
BX.MX,2026-05,0,rejected by data-quality gates
BX.MX,2026-06,0,rejected by data-quality gates
BXP.MX,2023-03,3,sessions=3<15 complete-indicator days
BXP.MX,2023-04,18,"undefined features: rs_last,rs_mean,rs_std,so_last"
BXP.MX,2023-06,22,undefined features: so_std
BXP.MX,2023-07,21,"undefined features: rs_last,rs_mean,rs_std,so_last"
BXP.MX,2023-08,23,"undefined features: rs_last,rs_mean,rs_std,so_last"
BXP.MX,2023-09,21,"undefined features: rs_last,rs_mean,rs_std,so_last"
BXP.MX,2023-10,22,"undefined features: rs_last,rs_mean,rs_std,so_last"
BXP.MX,2023-11,20,"undefined features: rs_last,rs_mean,rs_std,so_last"
BXP.MX,2023-12,19,"undefined features: rs_last,rs_mean,rs_std"
BXP.MX,2024-01,22,"undefined features: rs_last,rs_mean,rs_std"
BXP.MX,2024-02,20,"undefined features: rs_last,rs_mean,rs_std,so_last"
BXP.MX,2024-03,18,"undefined features: rs_last,rs_mean,rs_std,so_last"
BXP.MX,2024-04,22,"undefined features: rs_last,rs_mean,rs_std,so_last"
BXP.MX,2024-05,22,"undefined features: rs_last,rs_mean,rs_std,so_last"
BXP.MX,2024-06,20,"undefined features: rs_last,rs_mean,rs_std,so_last"
BXP.MX,2024-08,22,"undefined features: rs_last,rs_mean,rs_std,so_last"
BXP.MX,2024-09,20,"undefined features: rs_last,rs_mean,rs_std,so_last"
BXP.MX,2024-10,22,"undefined features: rs_last,rs_mean,rs_std,so_last"
BXP.MX,2024-11,20,"undefined features: rs_last,rs_mean,rs_std,so_last"
BXP.MX,2024-12,20,"undefined features: rs_last,rs_mean,rs_std,so_last"
BXP.MX,2025-01,22,"undefined features: rs_last,rs_mean,rs_std,so_last"
BXP.MX,2025-02,19,"undefined features: rs_last,rs_mean,rs_std,so_last"
BXP.MX,2025-03,20,"undefined features: rs_last,rs_mean,rs_std,so_last"
BXP.MX,2025-04,20,"undefined features: rs_last,rs_mean,rs_std,so_last"
BXP.MX,2025-05,21,"undefined features: rs_last,rs_mean,rs_std,so_last"
BXP.MX,2025-06,21,"undefined features: rs_last,rs_mean,rs_std"
BXP.MX,2025-07,23,"undefined features: rs_last,rs_mean,rs_std"
BXP.MX,2025-08,21,"undefined features: rs_last,rs_mean,rs_std,so_last"
BXP.MX,2025-09,21,"undefined features: rs_last,rs_mean,rs_std,so_last"
BXP.MX,2025-10,23,"undefined features: rs_last,rs_mean,rs_std,so_last"
BXP.MX,2025-11,19,"undefined features: rs_last,rs_mean,rs_std,so_last"
BXP.MX,2025-12,21,"undefined features: rs_last,rs_mean,rs_std,so_last"
BXP.MX,2026-01,21,"undefined features: rs_last,rs_mean,rs_std,so_last"
BXP.MX,2026-02,19,"undefined features: rs_last,rs_mean,rs_std,so_last"
BXP.MX,2026-03,21,"undefined features: rs_last,rs_mean,rs_std,so_last"
BXP.MX,2026-04,19,"undefined features: rs_last,rs_mean,rs_std,so_last"
BXP.MX,2026-05,20,"undefined features: rs_last,rs_mean,rs_std,so_last"
BXP.MX,2026-06,22,"undefined features: rs_last,rs_mean,rs_std,so_last"
BXP.MX,2023-05,0,rejected by data-quality gates
BXP.MX,2024-07,0,rejected by data-quality gates
C.MX,2023-03,3,sessions=3<15 complete-indicator days
CAH.MX,2023-03,3,sessions=3<15 complete-indicator days
CAH.MX,2023-07,21,"undefined features: rs_last,rs_mean,rs_std"
CAH.MX,2023-10,22,"undefined features: rs_last,rs_mean,rs_std"
CAH.MX,2023-11,20,"undefined features: rs_last,rs_mean,rs_std"
CAH.MX,2024-01,22,"undefined features: rs_last,rs_mean,rs_std,so_last"
CAH.MX,2024-04,22,"undefined features: rs_last,rs_mean,rs_std,so_last"
CAH.MX,2024-06,20,"undefined features: rs_std,so_std"
CAH.MX,2024-07,23,"undefined features: rs_last,rs_mean,rs_std,so_last"
CAH.MX,2024-08,22,"undefined features: rs_last,rs_mean,rs_std,so_last"
CAH.MX,2024-09,20,"undefined features: rs_last,rs_mean,rs_std,so_last"
CAH.MX,2024-10,22,"undefined features: rs_last,rs_mean,rs_std"
CAH.MX,2025-01,22,"undefined features: rs_last,rs_mean,rs_std"
CAH.MX,2025-02,19,"undefined features: rs_last,rs_mean,rs_std,so_std"
CAH.MX,2025-09,21,"undefined features: rs_last,rs_mean,rs_std"
CAH.MX,2025-10,23,"undefined features: rs_last,rs_mean,rs_std"
CAH.MX,2026-06,22,"undefined features: rs_last,rs_mean,rs_std"
CAH.MX,2023-04,0,rejected by data-quality gates
CAH.MX,2023-05,0,rejected by data-quality gates
CAH.MX,2023-06,0,rejected by data-quality gates
CAH.MX,2023-08,0,rejected by data-quality gates
CAH.MX,2023-09,0,rejected by data-quality gates
CAH.MX,2023-12,0,rejected by data-quality gates
CAH.MX,2024-02,0,rejected by data-quality gates
CAH.MX,2024-03,0,rejected by data-quality gates
CAH.MX,2024-05,0,rejected by data-quality gates
CAH.MX,2024-11,0,rejected by data-quality gates
CAH.MX,2024-12,0,rejected by data-quality gates
CAH.MX,2025-03,0,rejected by data-quality gates
CAH.MX,2025-04,0,rejected by data-quality gates
CAH.MX,2025-05,0,rejected by data-quality gates
CAH.MX,2025-06,0,rejected by data-quality gates
CAH.MX,2025-07,0,rejected by data-quality gates
CAH.MX,2025-08,0,rejected by data-quality gates
CAH.MX,2025-11,0,rejected by data-quality gates
CAH.MX,2025-12,0,rejected by data-quality gates
CAH.MX,2026-01,0,rejected by data-quality gates
CAH.MX,2026-02,0,rejected by data-quality gates
CAH.MX,2026-03,0,rejected by data-quality gates
CAH.MX,2026-04,0,rejected by data-quality gates
CAH.MX,2026-05,0,rejected by data-quality gates
CARR.MX,2023-03,3,sessions=3<15 complete-indicator days
CARR.MX,2023-04,18,"undefined features: rs_last,rs_mean,rs_std,so_last"
CARR.MX,2023-05,22,"undefined features: rs_last,rs_mean,rs_std,so_last"
CARR.MX,2023-06,22,"undefined features: rs_last,rs_mean,rs_std,so_last"
CARR.MX,2023-07,21,"undefined features: rs_last,rs_mean,rs_std"
CARR.MX,2023-08,23,"undefined features: rs_last,rs_mean,rs_std,so_std"
CARR.MX,2023-09,21,"undefined features: rs_last,rs_mean,rs_std"
CARR.MX,2023-10,22,"undefined features: rs_last,rs_mean,rs_std,so_last"
CARR.MX,2023-11,20,"undefined features: rs_last,rs_mean,rs_std,so_last"
CARR.MX,2023-12,19,"undefined features: rs_last,rs_mean,rs_std,so_last"
CARR.MX,2024-03,18,"undefined features: rs_last,rs_mean,rs_std,so_last"
CARR.MX,2024-04,22,"undefined features: rs_last,rs_mean,rs_std"
CARR.MX,2024-05,22,"undefined features: rs_last,rs_mean,rs_std"
CARR.MX,2024-06,20,"undefined features: rs_last,rs_mean,rs_std"
CARR.MX,2024-07,23,"undefined features: rs_last,rs_mean,rs_std"
CARR.MX,2024-08,22,"undefined features: rs_last,rs_mean,rs_std,so_last"
CARR.MX,2024-09,20,"undefined features: rs_last,rs_mean,rs_std"
CARR.MX,2025-03,20,"undefined features: rs_last,rs_mean,rs_std"
CARR.MX,2026-04,19,"undefined features: rs_last,rs_mean,rs_std,so_std"
CARR.MX,2024-01,0,rejected by data-quality gates
CARR.MX,2024-02,0,rejected by data-quality gates
CARR.MX,2024-10,0,rejected by data-quality gates
CARR.MX,2024-11,0,rejected by data-quality gates
CARR.MX,2024-12,0,rejected by data-quality gates
CARR.MX,2025-01,0,rejected by data-quality gates
CARR.MX,2025-02,0,rejected by data-quality gates
CARR.MX,2025-04,0,rejected by data-quality gates
CARR.MX,2025-05,0,rejected by data-quality gates
CARR.MX,2025-06,0,rejected by data-quality gates
CARR.MX,2025-07,0,rejected by data-quality gates
CARR.MX,2025-08,0,rejected by data-quality gates
CARR.MX,2025-09,0,rejected by data-quality gates
CARR.MX,2025-10,0,rejected by data-quality gates
CARR.MX,2025-11,0,rejected by data-quality gates
CARR.MX,2025-12,0,rejected by data-quality gates
CARR.MX,2026-01,0,rejected by data-quality gates
CARR.MX,2026-02,0,rejected by data-quality gates
CARR.MX,2026-03,0,rejected by data-quality gates
CARR.MX,2026-05,0,rejected by data-quality gates
CARR.MX,2026-06,0,rejected by data-quality gates
CASY.MX,2024-12,19,"undefined features: rs_last,rs_mean,rs_std,so_last"
CASY.MX,2025-01,22,"undefined features: rs_last,rs_mean,rs_std,so_last"
CASY.MX,2025-02,19,"undefined features: rs_last,rs_mean,rs_std,so_last"
CASY.MX,2025-03,20,"undefined features: rs_last,rs_mean,rs_std,so_last"
CASY.MX,2025-04,20,"undefined features: rs_last,rs_mean,rs_std,so_last"
CASY.MX,2025-05,21,"undefined features: rs_last,rs_mean,rs_std,so_last"
CASY.MX,2025-06,21,"undefined features: rs_last,rs_mean,rs_std,so_last"
CASY.MX,2025-07,23,"undefined features: rs_last,rs_mean,rs_std,so_last"
CASY.MX,2025-08,21,"undefined features: rs_last,rs_mean,rs_std,so_last"
CASY.MX,2025-09,21,"undefined features: rs_last,rs_mean,rs_std"
CASY.MX,2025-10,23,"undefined features: rs_last,rs_mean,rs_std,so_last"
CASY.MX,2025-11,19,"undefined features: rs_last,rs_mean,rs_std,so_last"
CASY.MX,2025-12,21,"undefined features: rs_last,rs_mean,rs_std"
CASY.MX,2026-01,21,"undefined features: rs_last,rs_mean,rs_std"
CASY.MX,2026-02,19,"undefined features: rs_last,rs_mean,rs_std,so_last"
CASY.MX,2026-03,21,"undefined features: rs_last,rs_mean,rs_std,so_last"
CASY.MX,2026-04,19,"undefined features: rs_last,rs_mean,rs_std,so_last"
CASY.MX,2026-05,20,"undefined features: rs_last,rs_mean,rs_std,so_last"
CASY.MX,2026-06,22,"undefined features: rs_last,rs_mean,rs_std"
CAT.MX,2023-03,3,sessions=3<15 complete-indicator days
CAT.MX,2023-09,0,rejected by data-quality gates
CAT.MX,2023-10,0,rejected by data-quality gates
CAT.MX,2023-12,0,rejected by data-quality gates
CAT.MX,2024-03,0,rejected by data-quality gates
CBOE.MX,2023-03,3,sessions=3<15 complete-indicator days
CBOE.MX,2023-04,18,"undefined features: rs_last,rs_mean,rs_std"
CBOE.MX,2023-05,22,"undefined features: rs_last,rs_mean,rs_std"
CBOE.MX,2023-06,22,"undefined features: rs_last,rs_mean,rs_std,so_last"
CBOE.MX,2023-09,21,"undefined features: rs_last,rs_mean,rs_std,so_last"
CBOE.MX,2023-10,22,"undefined features: rs_last,rs_mean,rs_std"
CBOE.MX,2023-11,20,"undefined features: rs_last,rs_mean,rs_std,so_last"
CBOE.MX,2023-12,19,"undefined features: rs_last,rs_mean,rs_std,so_last"
CBOE.MX,2024-01,22,"undefined features: rs_last,rs_mean,rs_std,so_last"
CBOE.MX,2024-02,20,"undefined features: rs_last,rs_mean,rs_std,so_last"
CBOE.MX,2024-03,18,"undefined features: rs_last,rs_mean,rs_std,so_last"
CBOE.MX,2024-04,22,"undefined features: rs_last,rs_mean,rs_std,so_last"
CBOE.MX,2024-05,22,"undefined features: rs_last,rs_mean,rs_std,so_last"
CBOE.MX,2024-06,20,"undefined features: rs_last,rs_mean,rs_std,so_last"
CBOE.MX,2024-07,23,"undefined features: rs_last,rs_mean,rs_std,so_last"
CBOE.MX,2024-08,22,"undefined features: rs_last,rs_mean,rs_std"
CBOE.MX,2024-09,20,"undefined features: rs_last,rs_mean,rs_std,so_last"
CBOE.MX,2024-10,22,"undefined features: rs_last,rs_mean,rs_std"
CBOE.MX,2025-02,19,undefined features: rs_std
CBOE.MX,2025-03,20,"undefined features: rs_last,rs_mean,rs_std,so_last"
CBOE.MX,2025-04,20,"undefined features: rs_last,rs_mean,rs_std"
CBOE.MX,2025-05,21,"undefined features: rs_last,rs_mean,rs_std"
CBOE.MX,2025-07,23,"undefined features: rs_last,rs_mean,rs_std"
CBOE.MX,2026-01,21,"undefined features: rs_last,rs_mean,rs_std"
CBOE.MX,2026-02,19,"undefined features: rs_last,rs_mean,rs_std"
CBOE.MX,2023-07,0,rejected by data-quality gates
CBOE.MX,2023-08,0,rejected by data-quality gates
CBOE.MX,2024-11,0,rejected by data-quality gates
CBOE.MX,2024-12,0,rejected by data-quality gates
CBOE.MX,2025-01,0,rejected by data-quality gates
CBOE.MX,2025-06,0,rejected by data-quality gates
CBOE.MX,2025-08,0,rejected by data-quality gates
CBOE.MX,2025-09,0,rejected by data-quality gates
CBOE.MX,2025-10,0,rejected by data-quality gates
CBOE.MX,2025-11,0,rejected by data-quality gates
CBOE.MX,2025-12,0,rejected by data-quality gates
CBOE.MX,2026-03,0,rejected by data-quality gates
CBOE.MX,2026-04,0,rejected by data-quality gates
CBOE.MX,2026-05,0,rejected by data-quality gates
CBOE.MX,2026-06,0,rejected by data-quality gates
CBRE.MX,2023-03,3,sessions=3<15 complete-indicator days
CBRE.MX,2023-07,21,"undefined features: rs_last,rs_mean,rs_std"
CBRE.MX,2023-09,21,"undefined features: rs_last,rs_mean,rs_std"
CBRE.MX,2023-10,22,"undefined features: rs_last,rs_mean,rs_std,so_last"
CBRE.MX,2024-03,18,"undefined features: rs_last,rs_mean,rs_std,so_std"
CBRE.MX,2024-04,22,"undefined features: rs_last,rs_mean,rs_std,so_last"
CBRE.MX,2024-05,22,"undefined features: rs_last,rs_mean,rs_std,so_last"
CBRE.MX,2024-06,20,"undefined features: rs_last,rs_mean,rs_std,so_std"
CBRE.MX,2024-07,23,"undefined features: rs_last,rs_mean,rs_std"
CBRE.MX,2024-08,22,"undefined features: rs_last,rs_mean,rs_std"
CBRE.MX,2024-09,20,"undefined features: rs_last,rs_mean,rs_std"
CBRE.MX,2024-10,22,"undefined features: rs_last,rs_mean,rs_std"
CBRE.MX,2024-11,20,"undefined features: rs_last,rs_mean,rs_std"
CBRE.MX,2024-12,20,"undefined features: rs_last,rs_mean,rs_std,so_last"
CBRE.MX,2025-01,22,"undefined features: rs_last,rs_mean,rs_std,so_last"
CBRE.MX,2025-02,19,"undefined features: rs_last,rs_mean,rs_std"
CBRE.MX,2025-03,20,"undefined features: rs_last,rs_mean,rs_std,so_last"
CBRE.MX,2025-06,21,"undefined features: rs_last,rs_mean,rs_std"
CBRE.MX,2025-07,23,"undefined features: rs_last,rs_mean,rs_std"
CBRE.MX,2025-08,21,"undefined features: rs_last,rs_mean,rs_std"
CBRE.MX,2025-09,21,"undefined features: rs_last,rs_mean,rs_std"
CBRE.MX,2025-11,19,"undefined features: rs_last,rs_mean,rs_std,so_last"
CBRE.MX,2025-12,21,"undefined features: rs_last,rs_mean,rs_std"
CBRE.MX,2026-01,21,"undefined features: rs_last,rs_mean,rs_std"
CBRE.MX,2026-04,19,undefined features: rs_std
CBRE.MX,2023-04,0,rejected by data-quality gates
CBRE.MX,2023-05,0,rejected by data-quality gates
CBRE.MX,2023-06,0,rejected by data-quality gates
CBRE.MX,2023-08,0,rejected by data-quality gates
CBRE.MX,2023-11,0,rejected by data-quality gates
CBRE.MX,2023-12,0,rejected by data-quality gates
CBRE.MX,2024-01,0,rejected by data-quality gates
CBRE.MX,2024-02,0,rejected by data-quality gates
CBRE.MX,2025-04,0,rejected by data-quality gates
CBRE.MX,2025-05,0,rejected by data-quality gates
CBRE.MX,2025-10,0,rejected by data-quality gates
CBRE.MX,2026-02,0,rejected by data-quality gates
CBRE.MX,2026-03,0,rejected by data-quality gates
CBRE.MX,2026-05,0,rejected by data-quality gates
CBRE.MX,2026-06,0,rejected by data-quality gates
CDE.MX,2023-03,3,sessions=3<15 complete-indicator days
CDE.MX,2023-04,18,"undefined features: rs_last,rs_mean,rs_std,so_last"
CDE.MX,2023-05,22,"undefined features: rs_last,rs_mean,rs_std,so_last"
CDE.MX,2023-06,22,"undefined features: rs_last,rs_mean,rs_std,so_last"
CDE.MX,2023-07,21,"undefined features: rs_last,rs_mean,rs_std,so_last"
CDE.MX,2023-08,23,"undefined features: rs_last,rs_mean,rs_std,so_last"
CDE.MX,2023-09,21,"undefined features: rs_last,rs_mean,rs_std,so_last"
CDE.MX,2023-10,22,"undefined features: rs_last,rs_mean,rs_std,so_last"
CDE.MX,2023-11,20,"undefined features: rs_last,rs_mean,rs_std,so_last"
CDE.MX,2023-12,19,"undefined features: rs_last,rs_mean,rs_std,so_last"
CDE.MX,2024-01,22,"undefined features: rs_last,rs_mean,rs_std,so_last"
CDE.MX,2024-02,20,"undefined features: rs_last,rs_mean,rs_std,so_last"
CDE.MX,2024-03,18,"undefined features: rs_last,rs_mean,rs_std,so_last"
CDE.MX,2024-04,22,"undefined features: rs_last,rs_mean,rs_std,so_last"
CDE.MX,2024-05,22,"undefined features: rs_last,rs_mean,rs_std,so_last"
CDE.MX,2024-06,20,"undefined features: rs_last,rs_mean,rs_std,so_last"
CDE.MX,2024-07,23,"undefined features: rs_last,rs_mean,rs_std,so_last"
CDE.MX,2024-08,22,"undefined features: rs_last,rs_mean,rs_std"
CDE.MX,2025-04,20,"undefined features: rs_last,rs_mean,rs_std,so_last"
CDE.MX,2025-05,21,"undefined features: rs_last,rs_mean,rs_std,so_last"
CDE.MX,2024-09,0,rejected by data-quality gates
CDE.MX,2024-10,0,rejected by data-quality gates
CDE.MX,2024-11,0,rejected by data-quality gates
CDE.MX,2024-12,0,rejected by data-quality gates
CDE.MX,2025-01,0,rejected by data-quality gates
CDE.MX,2025-02,0,rejected by data-quality gates
CDE.MX,2025-03,0,rejected by data-quality gates
CDE.MX,2025-06,0,rejected by data-quality gates
CDE.MX,2025-07,0,rejected by data-quality gates
CDE.MX,2025-08,0,rejected by data-quality gates
CDE.MX,2025-12,0,rejected by data-quality gates
CDNS.MX,2023-03,3,sessions=3<15 complete-indicator days
CDNS.MX,2023-05,0,rejected by data-quality gates
CDNS.MX,2023-08,0,rejected by data-quality gates
CDNS.MX,2023-09,0,rejected by data-quality gates
CDNS.MX,2023-10,0,rejected by data-quality gates
CDNS.MX,2023-11,0,rejected by data-quality gates
CDNS.MX,2023-12,0,rejected by data-quality gates
CDNS.MX,2024-01,0,rejected by data-quality gates
CDNS.MX,2024-02,0,rejected by data-quality gates
CDNS.MX,2024-03,0,rejected by data-quality gates
CDNS.MX,2024-04,0,rejected by data-quality gates
CDNS.MX,2024-05,0,rejected by data-quality gates
CDNS.MX,2024-06,0,rejected by data-quality gates
CDNS.MX,2024-09,0,rejected by data-quality gates
CDNS.MX,2024-11,0,rejected by data-quality gates
CDNS.MX,2025-01,0,rejected by data-quality gates
CDNS.MX,2025-04,0,rejected by data-quality gates
CDNS.MX,2025-05,0,rejected by data-quality gates
CDNS.MX,2025-10,0,rejected by data-quality gates
CDNS.MX,2025-12,0,rejected by data-quality gates
CDW.MX,2023-03,3,sessions=3<15 complete-indicator days
CDW.MX,2023-04,18,"undefined features: rs_last,rs_mean,rs_std,so_last"
CDW.MX,2023-07,21,"undefined features: rs_last,rs_mean,rs_std"
CDW.MX,2023-08,23,"undefined features: rs_last,rs_mean,rs_std,so_last"
CDW.MX,2023-09,21,"undefined features: rs_last,rs_mean,rs_std,so_last"
CDW.MX,2023-10,22,"undefined features: rs_last,rs_mean,rs_std,so_last"
CDW.MX,2023-11,20,"undefined features: rs_last,rs_mean,rs_std,so_last"
CDW.MX,2023-12,19,"undefined features: rs_last,rs_mean,rs_std,so_last"
CDW.MX,2024-01,22,"undefined features: rs_last,rs_mean,rs_std,so_last"
CDW.MX,2024-02,20,"undefined features: rs_last,rs_mean,rs_std,so_last"
CDW.MX,2024-03,18,"undefined features: rs_last,rs_mean,rs_std,so_last"
CDW.MX,2024-04,22,"undefined features: rs_last,rs_mean,rs_std,so_last"
CDW.MX,2024-05,22,"undefined features: rs_last,rs_mean,rs_std,so_last"
CDW.MX,2024-06,20,"undefined features: rs_last,rs_mean,rs_std,so_last"
CDW.MX,2024-07,23,"undefined features: rs_last,rs_mean,rs_std"
CDW.MX,2024-08,22,"undefined features: rs_last,rs_mean,rs_std,so_last"
CDW.MX,2024-09,20,"undefined features: rs_last,rs_mean,rs_std"
CDW.MX,2025-01,22,"undefined features: rs_last,rs_mean,rs_std"
CDW.MX,2025-02,19,"undefined features: rs_last,rs_mean,rs_std,so_last"
CDW.MX,2025-04,20,"undefined features: rs_last,rs_mean,rs_std,so_last"
CDW.MX,2025-05,21,"undefined features: rs_last,rs_mean,rs_std,so_last"
CDW.MX,2025-06,21,"undefined features: rs_last,rs_mean,rs_std,so_last"
CDW.MX,2025-07,23,"undefined features: rs_last,rs_mean,rs_std,so_last"
CDW.MX,2025-08,21,"undefined features: rs_last,rs_mean,rs_std,so_last"
CDW.MX,2025-09,21,"undefined features: rs_last,rs_mean,rs_std,so_last"
CDW.MX,2025-10,23,"undefined features: rs_last,rs_mean,rs_std,so_last"
CDW.MX,2025-11,19,"undefined features: rs_last,rs_mean,rs_std,so_last"
CDW.MX,2025-12,21,"undefined features: rs_last,rs_mean,rs_std,so_last"
CDW.MX,2026-01,21,"undefined features: rs_last,rs_mean,rs_std,so_last"
CDW.MX,2026-02,19,"undefined features: rs_last,rs_mean,rs_std,so_last"
CDW.MX,2026-03,21,"undefined features: rs_last,rs_mean,rs_std,so_last"
CDW.MX,2026-04,19,"undefined features: rs_last,rs_mean,rs_std,so_last"
CDW.MX,2026-05,20,"undefined features: rs_last,rs_mean,rs_std,so_last"
CDW.MX,2023-05,0,rejected by data-quality gates
CDW.MX,2023-06,0,rejected by data-quality gates
CDW.MX,2024-10,0,rejected by data-quality gates
CDW.MX,2024-11,0,rejected by data-quality gates
CDW.MX,2024-12,0,rejected by data-quality gates
CDW.MX,2025-03,0,rejected by data-quality gates
CDW.MX,2026-06,0,rejected by data-quality gates
CEG.MX,2023-03,3,sessions=3<15 complete-indicator days
CEG.MX,2023-05,22,"undefined features: rs_last,rs_mean,rs_std,so_last"
CEG.MX,2023-06,22,"undefined features: rs_last,rs_mean,rs_std"
CEG.MX,2023-07,21,"undefined features: rs_last,rs_mean,rs_std"
CEG.MX,2023-08,23,"undefined features: rs_last,rs_mean,rs_std"
CEG.MX,2023-09,21,"undefined features: rs_last,rs_mean,rs_std"
CEG.MX,2023-10,22,"undefined features: rs_last,rs_mean,rs_std"
CEG.MX,2023-04,0,rejected by data-quality gates
CEG.MX,2023-11,0,rejected by data-quality gates
CEG.MX,2023-12,0,rejected by data-quality gates
CEG.MX,2024-01,0,rejected by data-quality gates
CEG.MX,2024-02,0,rejected by data-quality gates
CEG.MX,2024-03,0,rejected by data-quality gates
CEG.MX,2024-04,0,rejected by data-quality gates
CEG.MX,2024-05,0,rejected by data-quality gates
CEG.MX,2024-06,0,rejected by data-quality gates
CEG.MX,2024-07,0,rejected by data-quality gates
CEG.MX,2024-08,0,rejected by data-quality gates
CEG.MX,2024-09,0,rejected by data-quality gates
CEMEXCPO.MX,2023-03,3,sessions=3<15 complete-indicator days
CF.MX,2023-03,3,sessions=3<15 complete-indicator days
CF.MX,2023-08,23,"undefined features: rs_last,rs_mean,rs_std"
CF.MX,2023-09,21,"undefined features: rs_last,rs_mean,rs_std,so_last"
CF.MX,2023-10,22,"undefined features: rs_last,rs_mean,rs_std,so_last"
CF.MX,2024-01,22,"undefined features: rs_last,rs_mean,rs_std,so_last"
CF.MX,2024-02,20,"undefined features: rs_last,rs_mean,rs_std,so_last"
CF.MX,2024-03,18,"undefined features: rs_last,rs_mean,rs_std,so_last"
CF.MX,2024-04,22,"undefined features: rs_last,rs_mean,rs_std,so_last"
CF.MX,2024-05,22,"undefined features: rs_last,rs_mean,rs_std,so_last"
CF.MX,2024-06,20,"undefined features: rs_last,rs_mean,rs_std,so_last"
CF.MX,2024-07,23,"undefined features: rs_last,rs_mean,rs_std,so_last"
CF.MX,2024-08,22,"undefined features: rs_last,rs_mean,rs_std,so_last"
CF.MX,2024-09,20,"undefined features: rs_last,rs_mean,rs_std,so_last"
CF.MX,2024-10,22,"undefined features: rs_last,rs_mean,rs_std,so_last"
CF.MX,2024-11,20,"undefined features: rs_last,rs_mean,rs_std,so_last"
CF.MX,2024-12,20,"undefined features: rs_last,rs_mean,rs_std,so_last"
CF.MX,2025-01,22,"undefined features: rs_last,rs_mean,rs_std,so_last"
CF.MX,2025-02,19,"undefined features: rs_last,rs_mean,rs_std,so_last"
CF.MX,2025-03,20,"undefined features: rs_last,rs_mean,rs_std,so_last"
CF.MX,2025-04,20,"undefined features: rs_last,rs_mean,rs_std,so_last"
CF.MX,2025-05,21,"undefined features: rs_last,rs_mean,rs_std,so_last"
CF.MX,2025-06,21,"undefined features: rs_last,rs_mean,rs_std,so_last"
CF.MX,2025-07,23,"undefined features: rs_last,rs_mean,rs_std,so_last"
CF.MX,2025-08,21,"undefined features: rs_last,rs_mean,rs_std"
CF.MX,2025-09,21,"undefined features: rs_last,rs_mean,rs_std,so_last"
CF.MX,2025-10,23,"undefined features: rs_last,rs_mean,rs_std,so_last"
CF.MX,2025-11,19,"undefined features: rs_last,rs_mean,rs_std,so_last"
CF.MX,2025-12,21,"undefined features: rs_last,rs_mean,rs_std,so_last"
CF.MX,2026-01,21,"undefined features: rs_last,rs_mean,rs_std"
CF.MX,2026-02,19,"undefined features: rs_last,rs_mean,rs_std"
CF.MX,2026-06,22,"undefined features: rs_last,rs_mean,rs_std,so_last"
CF.MX,2023-04,0,rejected by data-quality gates
CF.MX,2023-05,0,rejected by data-quality gates
CF.MX,2023-06,0,rejected by data-quality gates
CF.MX,2023-07,0,rejected by data-quality gates
CF.MX,2023-11,0,rejected by data-quality gates
CF.MX,2023-12,0,rejected by data-quality gates
CF.MX,2026-03,0,rejected by data-quality gates
CF.MX,2026-04,0,rejected by data-quality gates
CF.MX,2026-05,0,rejected by data-quality gates
CFG.MX,2023-03,3,sessions=3<15 complete-indicator days
CFG.MX,2023-04,18,"undefined features: rs_last,rs_mean,rs_std,so_last"
CFG.MX,2023-05,22,"undefined features: rs_last,rs_mean,rs_std,so_last"
CFG.MX,2023-06,22,"undefined features: rs_last,rs_mean,rs_std,so_last"
CFG.MX,2023-07,21,"undefined features: rs_last,rs_mean,rs_std,so_last"
CFG.MX,2023-08,23,"undefined features: rs_last,rs_mean,rs_std,so_last"
CFG.MX,2023-09,21,"undefined features: rs_last,rs_mean,rs_std,so_last"
CFG.MX,2023-10,22,"undefined features: rs_last,rs_mean,rs_std,so_last"
CFG.MX,2023-11,20,"undefined features: rs_last,rs_mean,rs_std,so_last"
CFG.MX,2023-12,19,"undefined features: rs_last,rs_mean,rs_std,so_last"
CFG.MX,2024-01,22,"undefined features: rs_std,so_std"
CFG.MX,2024-04,22,"undefined features: rs_last,rs_mean,rs_std,so_last"
CFG.MX,2024-05,22,"undefined features: rs_last,rs_mean,rs_std,so_last"
CFG.MX,2024-06,20,"undefined features: rs_last,rs_mean,rs_std,so_last"
CFG.MX,2024-07,23,"undefined features: rs_last,rs_mean,rs_std"
CFG.MX,2024-08,22,"undefined features: rs_last,rs_mean,rs_std"
CFG.MX,2024-09,20,"undefined features: rs_last,rs_mean,rs_std,so_last"
CFG.MX,2024-11,20,"undefined features: rs_last,rs_mean,rs_std,so_std"
CFG.MX,2024-12,20,"undefined features: rs_last,rs_mean,rs_std,so_last"
CFG.MX,2025-01,22,"undefined features: rs_last,rs_mean,rs_std,so_last"
CFG.MX,2025-02,19,"undefined features: rs_last,rs_mean,rs_std,so_last"
CFG.MX,2025-05,21,"undefined features: rs_last,rs_mean,rs_std,so_last"
CFG.MX,2025-06,21,"undefined features: rs_last,rs_mean,rs_std,so_last"
CFG.MX,2025-07,23,"undefined features: rs_last,rs_mean,rs_std,so_last"
CFG.MX,2025-08,21,"undefined features: rs_last,rs_mean,rs_std,so_last"
CFG.MX,2025-09,21,"undefined features: rs_last,rs_mean,rs_std,so_last"
CFG.MX,2025-10,23,"undefined features: rs_last,rs_mean,rs_std"
CFG.MX,2025-11,19,"undefined features: rs_last,rs_mean,rs_std"
CFG.MX,2025-12,21,"undefined features: rs_last,rs_mean,rs_std"
CFG.MX,2026-01,21,"undefined features: rs_last,rs_mean,rs_std"
CFG.MX,2026-02,19,"undefined features: rs_last,rs_mean,rs_std"
CFG.MX,2026-03,21,"undefined features: rs_last,rs_mean,rs_std,so_last"
CFG.MX,2026-04,19,"undefined features: rs_last,rs_mean,rs_std,so_last"
CFG.MX,2026-05,20,"undefined features: rs_last,rs_mean,rs_std,so_last"
CFG.MX,2024-02,0,rejected by data-quality gates
CFG.MX,2024-03,0,rejected by data-quality gates
CFG.MX,2024-10,0,rejected by data-quality gates
CFG.MX,2025-03,0,rejected by data-quality gates
CFG.MX,2025-04,0,rejected by data-quality gates
CFG.MX,2026-06,0,rejected by data-quality gates
CG.MX,2023-03,3,sessions=3<15 complete-indicator days
CG.MX,2023-06,22,"undefined features: rs_last,rs_mean,rs_std,so_last"
CG.MX,2023-07,21,"undefined features: rs_last,rs_mean,rs_std"
CG.MX,2023-08,23,"undefined features: rs_last,rs_mean,rs_std,so_last"
CG.MX,2023-09,21,"undefined features: rs_last,rs_mean,rs_std,so_last"
CG.MX,2023-11,20,"undefined features: rs_last,rs_mean,rs_std,so_last"
CG.MX,2023-12,19,"undefined features: rs_last,rs_mean,rs_std"
CG.MX,2024-01,22,"undefined features: rs_last,rs_mean,rs_std"
CG.MX,2024-02,20,"undefined features: rs_last,rs_mean,rs_std,so_std"
CG.MX,2024-03,18,"undefined features: rs_last,rs_mean,rs_std"
CG.MX,2024-06,20,"undefined features: rs_last,rs_mean,rs_std,so_last"
CG.MX,2024-10,22,"undefined features: rs_last,rs_mean,rs_std,so_last"
CG.MX,2024-11,20,"undefined features: rs_last,rs_mean,rs_std,so_last"
CG.MX,2024-12,20,"undefined features: rs_last,rs_mean,rs_std,so_last"
CG.MX,2025-01,22,"undefined features: rs_last,rs_mean,rs_std"
CG.MX,2025-05,21,"undefined features: rs_last,rs_mean,rs_std,so_last"
CG.MX,2025-06,21,"undefined features: rs_last,rs_mean,rs_std,so_last"
CG.MX,2025-07,23,"undefined features: rs_last,rs_mean,rs_std"
CG.MX,2023-04,0,rejected by data-quality gates
CG.MX,2023-05,0,rejected by data-quality gates
CG.MX,2023-10,0,rejected by data-quality gates
CG.MX,2024-04,0,rejected by data-quality gates
CG.MX,2024-05,0,rejected by data-quality gates
CG.MX,2024-07,0,rejected by data-quality gates
CG.MX,2024-08,0,rejected by data-quality gates
CG.MX,2024-09,0,rejected by data-quality gates
CG.MX,2025-02,0,rejected by data-quality gates
CG.MX,2025-03,0,rejected by data-quality gates
CG.MX,2025-04,0,rejected by data-quality gates
CG.MX,2025-08,0,rejected by data-quality gates
CG.MX,2025-09,0,rejected by data-quality gates
CG.MX,2025-10,0,rejected by data-quality gates
CG.MX,2025-11,0,rejected by data-quality gates
CG.MX,2025-12,0,rejected by data-quality gates
CG.MX,2026-01,0,rejected by data-quality gates
CG.MX,2026-02,0,rejected by data-quality gates
CG.MX,2026-03,0,rejected by data-quality gates
CG.MX,2026-04,0,rejected by data-quality gates
CG.MX,2026-05,0,rejected by data-quality gates
CG.MX,2026-06,0,rejected by data-quality gates
CHD.MX,2023-03,3,sessions=3<15 complete-indicator days
CHD.MX,2024-12,20,"undefined features: rs_last,rs_mean,rs_std,so_last"
CHD.MX,2025-01,22,"undefined features: rs_last,rs_mean,rs_std"
CHD.MX,2026-02,19,"undefined features: rs_last,rs_mean,rs_std"
CHD.MX,2026-05,20,undefined features: rs_std
CHD.MX,2023-04,0,rejected by data-quality gates
CHD.MX,2023-05,0,rejected by data-quality gates
CHD.MX,2023-06,0,rejected by data-quality gates
CHD.MX,2023-07,0,rejected by data-quality gates
CHD.MX,2023-08,0,rejected by data-quality gates
CHD.MX,2023-09,0,rejected by data-quality gates
CHD.MX,2023-10,0,rejected by data-quality gates
CHD.MX,2023-11,0,rejected by data-quality gates
CHD.MX,2023-12,0,rejected by data-quality gates
CHD.MX,2024-01,0,rejected by data-quality gates
CHD.MX,2024-02,0,rejected by data-quality gates
CHD.MX,2024-04,0,rejected by data-quality gates
CHD.MX,2024-05,0,rejected by data-quality gates
CHD.MX,2024-06,0,rejected by data-quality gates
CHD.MX,2024-07,0,rejected by data-quality gates
CHD.MX,2024-08,0,rejected by data-quality gates
CHD.MX,2024-09,0,rejected by data-quality gates
CHD.MX,2024-10,0,rejected by data-quality gates
CHD.MX,2024-11,0,rejected by data-quality gates
CHD.MX,2025-02,0,rejected by data-quality gates
CHD.MX,2025-03,0,rejected by data-quality gates
CHD.MX,2025-04,0,rejected by data-quality gates
CHD.MX,2025-05,0,rejected by data-quality gates
CHD.MX,2025-06,0,rejected by data-quality gates
CHD.MX,2025-07,0,rejected by data-quality gates
CHD.MX,2025-08,0,rejected by data-quality gates
CHD.MX,2025-09,0,rejected by data-quality gates
CHD.MX,2025-10,0,rejected by data-quality gates
CHD.MX,2025-11,0,rejected by data-quality gates
CHD.MX,2025-12,0,rejected by data-quality gates
CHD.MX,2026-01,0,rejected by data-quality gates
CHD.MX,2026-03,0,rejected by data-quality gates
CHD.MX,2026-04,0,rejected by data-quality gates
CHD.MX,2026-06,0,rejected by data-quality gates
CHDRAUIB.MX,2023-03,3,sessions=3<15 complete-indicator days
CHTR.MX,2023-03,3,sessions=3<15 complete-indicator days
CHTR.MX,2023-06,22,"undefined features: rs_std,so_last,so_mean,so_std"
CHTR.MX,2023-07,21,"undefined features: rs_last,rs_mean,rs_std,so_last"
CHTR.MX,2023-08,23,"undefined features: rs_last,rs_mean,rs_std"
CHTR.MX,2023-10,22,"undefined features: rs_last,rs_mean,rs_std"
CHTR.MX,2024-05,22,"undefined features: rs_last,rs_mean,rs_std,so_last"
CHTR.MX,2024-06,20,"undefined features: rs_last,rs_mean,rs_std,so_last"
CHTR.MX,2024-11,20,"undefined features: rs_last,rs_mean,rs_std"
CHTR.MX,2025-02,19,"undefined features: rs_last,rs_mean,rs_std"
CHTR.MX,2025-03,20,"undefined features: rs_last,rs_mean,rs_std"
CHTR.MX,2025-04,20,"undefined features: rs_last,rs_mean,rs_std,so_last"
CHTR.MX,2025-05,21,"undefined features: rs_last,rs_mean,rs_std,so_last"
CHTR.MX,2023-04,0,rejected by data-quality gates
CHTR.MX,2023-05,0,rejected by data-quality gates
CHTR.MX,2023-09,0,rejected by data-quality gates
CHTR.MX,2023-11,0,rejected by data-quality gates
CHTR.MX,2023-12,0,rejected by data-quality gates
CHTR.MX,2024-01,0,rejected by data-quality gates
CHTR.MX,2024-02,0,rejected by data-quality gates
CHTR.MX,2024-03,0,rejected by data-quality gates
CHTR.MX,2024-04,0,rejected by data-quality gates
CHTR.MX,2024-07,0,rejected by data-quality gates
CHTR.MX,2024-08,0,rejected by data-quality gates
CHTR.MX,2024-09,0,rejected by data-quality gates
CHTR.MX,2024-10,0,rejected by data-quality gates
CHTR.MX,2024-12,0,rejected by data-quality gates
CHTR.MX,2025-01,0,rejected by data-quality gates
CHTR.MX,2025-06,0,rejected by data-quality gates
CHTR.MX,2025-07,0,rejected by data-quality gates
CHTR.MX,2025-08,0,rejected by data-quality gates
CHTR.MX,2025-09,0,rejected by data-quality gates
CHTR.MX,2025-10,0,rejected by data-quality gates
CHTR.MX,2025-11,0,rejected by data-quality gates
CHTR.MX,2025-12,0,rejected by data-quality gates
CHTR.MX,2026-01,0,rejected by data-quality gates
CHTR.MX,2026-02,0,rejected by data-quality gates
CHTR.MX,2026-03,0,rejected by data-quality gates
CHTR.MX,2026-04,0,rejected by data-quality gates
CHTR.MX,2026-06,0,rejected by data-quality gates
CI.MX,2023-03,3,sessions=3<15 complete-indicator days
CI.MX,2023-06,22,"undefined features: rs_last,rs_mean,rs_std,so_last"
CI.MX,2023-07,21,"undefined features: rs_last,rs_mean,rs_std,so_last"
CI.MX,2023-08,23,"undefined features: rs_last,rs_mean,rs_std,so_last"
CI.MX,2023-09,21,"undefined features: rs_last,rs_mean,rs_std"
CI.MX,2023-10,22,"undefined features: rs_last,rs_mean,rs_std"
CI.MX,2024-02,20,"undefined features: rs_last,rs_mean,rs_std,so_last"
CI.MX,2024-03,18,"undefined features: rs_last,rs_mean,rs_std"
CI.MX,2024-04,22,"undefined features: rs_last,rs_mean,rs_std"
CI.MX,2024-07,23,"undefined features: rs_last,rs_mean,rs_std"
CI.MX,2024-08,22,"undefined features: rs_last,rs_mean,rs_std,so_last"
CI.MX,2025-03,20,"undefined features: rs_last,rs_mean,rs_std,so_last"
CI.MX,2025-04,20,"undefined features: rs_last,rs_mean,rs_std"
CI.MX,2025-06,21,"undefined features: rs_last,rs_mean,rs_std"
CI.MX,2023-04,0,rejected by data-quality gates
CI.MX,2023-05,0,rejected by data-quality gates
CI.MX,2023-11,0,rejected by data-quality gates
CI.MX,2023-12,0,rejected by data-quality gates
CI.MX,2024-01,0,rejected by data-quality gates
CI.MX,2024-05,0,rejected by data-quality gates
CI.MX,2024-06,0,rejected by data-quality gates
CI.MX,2024-09,0,rejected by data-quality gates
CI.MX,2024-10,0,rejected by data-quality gates
CI.MX,2024-11,0,rejected by data-quality gates
CI.MX,2024-12,0,rejected by data-quality gates
CI.MX,2025-01,0,rejected by data-quality gates
CI.MX,2025-02,0,rejected by data-quality gates
CI.MX,2025-05,0,rejected by data-quality gates
CI.MX,2025-07,0,rejected by data-quality gates
CI.MX,2025-08,0,rejected by data-quality gates
CI.MX,2025-09,0,rejected by data-quality gates
CI.MX,2025-10,0,rejected by data-quality gates
CI.MX,2025-12,0,rejected by data-quality gates
CI.MX,2026-01,0,rejected by data-quality gates
CI.MX,2026-02,0,rejected by data-quality gates
CI.MX,2026-03,0,rejected by data-quality gates
CI.MX,2026-04,0,rejected by data-quality gates
CI.MX,2026-05,0,rejected by data-quality gates
CI.MX,2026-06,0,rejected by data-quality gates
CIEN.MX,2023-03,3,sessions=3<15 complete-indicator days
CIEN.MX,2023-04,18,"undefined features: rs_std,so_last,so_mean,so_std"
CIEN.MX,2023-05,22,"undefined features: rs_last,rs_mean,rs_std,so_last"
CIEN.MX,2023-09,21,"undefined features: rs_last,rs_mean,rs_std,so_last"
CIEN.MX,2023-12,19,"undefined features: rs_last,rs_mean,rs_std,so_last"
CIEN.MX,2024-03,18,"undefined features: rs_last,rs_mean,rs_std,so_last"
CIEN.MX,2024-04,22,"undefined features: rs_last,rs_mean,rs_std,so_last"
CIEN.MX,2024-05,22,"undefined features: rs_last,rs_mean,rs_std,so_last"
CIEN.MX,2024-06,20,"undefined features: rs_last,rs_mean,rs_std,so_last"
CIEN.MX,2024-07,23,"undefined features: rs_last,rs_mean,rs_std"
CIEN.MX,2024-08,22,"undefined features: rs_last,rs_mean,rs_std"
CIEN.MX,2024-09,20,"undefined features: rs_last,rs_mean,rs_std"
CIEN.MX,2024-10,22,"undefined features: rs_last,rs_mean,rs_std"
CIEN.MX,2024-11,20,"undefined features: rs_last,rs_mean,rs_std"
CIEN.MX,2023-06,0,rejected by data-quality gates
CIEN.MX,2023-07,0,rejected by data-quality gates
CIEN.MX,2023-08,0,rejected by data-quality gates
CIEN.MX,2023-10,0,rejected by data-quality gates
CIEN.MX,2023-11,0,rejected by data-quality gates
CIEN.MX,2024-01,0,rejected by data-quality gates
CIEN.MX,2024-02,0,rejected by data-quality gates
CIEN.MX,2024-12,0,rejected by data-quality gates
CIEN.MX,2025-01,0,rejected by data-quality gates
CIEN.MX,2025-02,0,rejected by data-quality gates
CIEN.MX,2025-03,0,rejected by data-quality gates
CIEN.MX,2025-04,0,rejected by data-quality gates
CIEN.MX,2025-05,0,rejected by data-quality gates
CIEN.MX,2025-06,0,rejected by data-quality gates
CIEN.MX,2025-07,0,rejected by data-quality gates
CIEN.MX,2025-08,0,rejected by data-quality gates
CIEN.MX,2025-09,0,rejected by data-quality gates
CIEN.MX,2025-10,0,rejected by data-quality gates
CIEN.MX,2025-11,0,rejected by data-quality gates
CIEN.MX,2025-12,0,rejected by data-quality gates
CIEN.MX,2026-01,0,rejected by data-quality gates
CL.MX,2023-03,3,sessions=3<15 complete-indicator days
CL.MX,2023-04,18,"undefined features: rs_last,rs_mean,rs_std"
CL.MX,2023-05,0,rejected by data-quality gates
CL.MX,2023-06,0,rejected by data-quality gates
CL.MX,2023-07,0,rejected by data-quality gates
CL.MX,2023-08,0,rejected by data-quality gates
CL.MX,2023-09,0,rejected by data-quality gates
CL.MX,2023-10,0,rejected by data-quality gates
CL.MX,2023-11,0,rejected by data-quality gates
CL.MX,2023-12,0,rejected by data-quality gates
CL.MX,2024-01,0,rejected by data-quality gates
CL.MX,2024-02,0,rejected by data-quality gates
CL.MX,2024-03,0,rejected by data-quality gates
CL.MX,2024-04,0,rejected by data-quality gates
CL.MX,2024-05,0,rejected by data-quality gates
CL.MX,2024-07,0,rejected by data-quality gates
CL.MX,2024-08,0,rejected by data-quality gates
CL.MX,2024-09,0,rejected by data-quality gates
CL.MX,2024-10,0,rejected by data-quality gates
CL.MX,2024-11,0,rejected by data-quality gates
CL.MX,2024-12,0,rejected by data-quality gates
CL.MX,2025-01,0,rejected by data-quality gates
CL.MX,2025-02,0,rejected by data-quality gates
CL.MX,2025-04,0,rejected by data-quality gates
CL.MX,2025-05,0,rejected by data-quality gates
CL.MX,2025-07,0,rejected by data-quality gates
CL.MX,2025-11,0,rejected by data-quality gates
CL.MX,2025-12,0,rejected by data-quality gates
CL.MX,2026-03,0,rejected by data-quality gates
CL.MX,2026-04,0,rejected by data-quality gates
CLX.MX,2023-03,3,sessions=3<15 complete-indicator days
CLX.MX,2023-08,23,"undefined features: rs_last,rs_mean,rs_std"
CLX.MX,2023-09,21,"undefined features: rs_last,rs_mean,rs_std"
CLX.MX,2024-02,20,"undefined features: rs_last,rs_mean,rs_std"
CLX.MX,2024-03,18,"undefined features: rs_last,rs_mean,rs_std,so_last"
CLX.MX,2024-04,22,"undefined features: rs_last,rs_mean,rs_std,so_last"
CLX.MX,2024-05,22,"undefined features: rs_last,rs_mean,rs_std,so_last"
CLX.MX,2024-06,20,"undefined features: rs_last,rs_mean,rs_std,so_last"
CLX.MX,2024-12,20,"undefined features: rs_last,rs_mean,rs_std"
CLX.MX,2025-01,22,"undefined features: rs_last,rs_mean,rs_std,so_last"
CLX.MX,2025-02,19,"undefined features: rs_last,rs_mean,rs_std,so_last"
CLX.MX,2025-03,20,"undefined features: rs_last,rs_mean,rs_std,so_last"
CLX.MX,2025-04,20,"undefined features: rs_last,rs_mean,rs_std,so_last"
CLX.MX,2023-04,0,rejected by data-quality gates
CLX.MX,2023-05,0,rejected by data-quality gates
CLX.MX,2023-06,0,rejected by data-quality gates
CLX.MX,2023-07,0,rejected by data-quality gates
CLX.MX,2023-10,0,rejected by data-quality gates
CLX.MX,2023-11,0,rejected by data-quality gates
CLX.MX,2023-12,0,rejected by data-quality gates
CLX.MX,2024-01,0,rejected by data-quality gates
CLX.MX,2024-07,0,rejected by data-quality gates
CLX.MX,2024-08,0,rejected by data-quality gates
CLX.MX,2024-09,0,rejected by data-quality gates
CLX.MX,2024-10,0,rejected by data-quality gates
CLX.MX,2024-11,0,rejected by data-quality gates
CLX.MX,2025-05,0,rejected by data-quality gates
CLX.MX,2025-06,0,rejected by data-quality gates
CLX.MX,2025-07,0,rejected by data-quality gates
CLX.MX,2025-08,0,rejected by data-quality gates
CLX.MX,2025-09,0,rejected by data-quality gates
CLX.MX,2025-10,0,rejected by data-quality gates
CLX.MX,2025-11,0,rejected by data-quality gates
CLX.MX,2025-12,0,rejected by data-quality gates
CLX.MX,2026-01,0,rejected by data-quality gates
CLX.MX,2026-02,0,rejected by data-quality gates
CLX.MX,2026-03,0,rejected by data-quality gates
CLX.MX,2026-04,0,rejected by data-quality gates
CLX.MX,2026-06,0,rejected by data-quality gates
CMCSA.MX,2023-03,3,sessions=3<15 complete-indicator days
CMCSA.MX,2023-04,0,rejected by data-quality gates
CMCSA.MX,2023-05,0,rejected by data-quality gates
CMCSA.MX,2023-06,0,rejected by data-quality gates
CMCSA.MX,2023-07,0,rejected by data-quality gates
CMCSA.MX,2023-08,0,rejected by data-quality gates
CMCSA.MX,2023-09,0,rejected by data-quality gates
CMCSA.MX,2023-10,0,rejected by data-quality gates
CMCSA.MX,2023-11,0,rejected by data-quality gates
CMCSA.MX,2023-12,0,rejected by data-quality gates
CMCSA.MX,2024-01,0,rejected by data-quality gates
CMCSA.MX,2024-02,0,rejected by data-quality gates
CMCSA.MX,2024-03,0,rejected by data-quality gates
CMCSA.MX,2024-04,0,rejected by data-quality gates
CMCSA.MX,2024-05,0,rejected by data-quality gates
CMCSA.MX,2024-11,0,rejected by data-quality gates
CME.MX,2023-03,3,sessions=3<15 complete-indicator days
CME.MX,2023-04,18,"undefined features: rs_last,rs_mean,rs_std,so_last"
CME.MX,2023-05,22,"undefined features: rs_last,rs_mean,rs_std,so_last"
CME.MX,2023-06,22,"undefined features: rs_last,rs_mean,rs_std,so_last"
CME.MX,2023-09,21,"undefined features: rs_last,rs_mean,rs_std"
CME.MX,2023-10,22,"undefined features: rs_last,rs_mean,rs_std"
CME.MX,2025-02,19,undefined features: rs_std
CME.MX,2025-03,20,"undefined features: rs_last,rs_mean,rs_std"
CME.MX,2023-07,0,rejected by data-quality gates
CME.MX,2023-08,0,rejected by data-quality gates
CME.MX,2023-11,0,rejected by data-quality gates
CME.MX,2023-12,0,rejected by data-quality gates
CME.MX,2024-01,0,rejected by data-quality gates
CME.MX,2024-02,0,rejected by data-quality gates
CME.MX,2024-03,0,rejected by data-quality gates
CME.MX,2024-04,0,rejected by data-quality gates
CME.MX,2024-05,0,rejected by data-quality gates
CME.MX,2024-06,0,rejected by data-quality gates
CME.MX,2024-07,0,rejected by data-quality gates
CME.MX,2024-08,0,rejected by data-quality gates
CME.MX,2024-09,0,rejected by data-quality gates
CME.MX,2024-10,0,rejected by data-quality gates
CME.MX,2024-11,0,rejected by data-quality gates
CME.MX,2024-12,0,rejected by data-quality gates
CME.MX,2025-01,0,rejected by data-quality gates
CME.MX,2025-04,0,rejected by data-quality gates
CME.MX,2025-05,0,rejected by data-quality gates
CME.MX,2025-06,0,rejected by data-quality gates
CME.MX,2025-07,0,rejected by data-quality gates
CME.MX,2025-08,0,rejected by data-quality gates
CME.MX,2025-09,0,rejected by data-quality gates
CME.MX,2025-10,0,rejected by data-quality gates
CME.MX,2025-11,0,rejected by data-quality gates
CME.MX,2025-12,0,rejected by data-quality gates
CME.MX,2026-01,0,rejected by data-quality gates
CME.MX,2026-02,0,rejected by data-quality gates
CME.MX,2026-03,0,rejected by data-quality gates
CME.MX,2026-04,0,rejected by data-quality gates
CME.MX,2026-05,0,rejected by data-quality gates
CME.MX,2026-06,0,rejected by data-quality gates
CMG.MX,2023-03,3,sessions=3<15 complete-indicator days
CMG.MX,2023-12,19,"undefined features: rs_last,rs_mean,rs_std"
CMG.MX,2023-04,0,rejected by data-quality gates
CMG.MX,2023-05,0,rejected by data-quality gates
CMG.MX,2023-06,0,rejected by data-quality gates
CMG.MX,2023-07,0,rejected by data-quality gates
CMG.MX,2023-08,0,rejected by data-quality gates
CMG.MX,2023-09,0,rejected by data-quality gates
CMG.MX,2023-10,0,rejected by data-quality gates
CMG.MX,2023-11,0,rejected by data-quality gates
CMG.MX,2024-01,0,rejected by data-quality gates
CMG.MX,2024-02,0,rejected by data-quality gates
CMG.MX,2024-03,0,rejected by data-quality gates
CMG.MX,2024-04,0,rejected by data-quality gates
CMG.MX,2024-05,0,rejected by data-quality gates
CMG.MX,2024-06,0,rejected by data-quality gates
CMI.MX,2023-03,3,sessions=3<15 complete-indicator days
CMI.MX,2024-01,22,"undefined features: rs_last,rs_mean,rs_std,so_last"
CMI.MX,2024-02,20,"undefined features: rs_last,rs_mean,rs_std"
CMI.MX,2024-06,20,undefined features: so_std
CMI.MX,2024-07,23,"undefined features: rs_last,rs_mean,rs_std"
CMI.MX,2024-08,22,"undefined features: rs_last,rs_mean,rs_std"
CMI.MX,2024-09,20,"undefined features: rs_last,rs_mean,rs_std"
CMI.MX,2024-10,22,"undefined features: rs_last,rs_mean,rs_std,so_last"
CMI.MX,2024-11,20,"undefined features: rs_last,rs_mean,rs_std,so_last"
CMI.MX,2024-12,20,"undefined features: rs_last,rs_mean,rs_std,so_last"
CMI.MX,2025-01,22,"undefined features: rs_last,rs_mean,rs_std,so_last"
CMI.MX,2025-02,19,"undefined features: rs_last,rs_mean,rs_std,so_last"
CMI.MX,2025-03,20,"undefined features: rs_last,rs_mean,rs_std,so_last"
CMI.MX,2025-04,20,"undefined features: rs_last,rs_mean,rs_std,so_last"
CMI.MX,2025-05,21,"undefined features: rs_last,rs_mean,rs_std,so_last"
CMI.MX,2025-06,21,"undefined features: rs_last,rs_mean,rs_std,so_last"
CMI.MX,2025-07,23,"undefined features: rs_last,rs_mean,rs_std,so_last"
CMI.MX,2025-08,21,"undefined features: rs_last,rs_mean,rs_std,so_last"
CMI.MX,2025-09,21,"undefined features: rs_last,rs_mean,rs_std,so_last"
CMI.MX,2025-10,23,"undefined features: rs_last,rs_mean,rs_std,so_last"
CMI.MX,2025-11,19,"undefined features: rs_last,rs_mean,rs_std"
CMI.MX,2025-12,21,"undefined features: rs_last,rs_mean,rs_std"
CMI.MX,2026-01,21,"undefined features: rs_last,rs_mean,rs_std"
CMI.MX,2026-03,21,undefined features: so_std
CMI.MX,2026-04,19,"undefined features: rs_last,rs_mean,rs_std"
CMI.MX,2023-04,0,rejected by data-quality gates
CMI.MX,2023-05,0,rejected by data-quality gates
CMI.MX,2023-06,0,rejected by data-quality gates
CMI.MX,2023-07,0,rejected by data-quality gates
CMI.MX,2023-08,0,rejected by data-quality gates
CMI.MX,2023-09,0,rejected by data-quality gates
CMI.MX,2023-10,0,rejected by data-quality gates
CMI.MX,2023-11,0,rejected by data-quality gates
CMI.MX,2023-12,0,rejected by data-quality gates
CMI.MX,2024-03,0,rejected by data-quality gates
CMI.MX,2024-04,0,rejected by data-quality gates
CMI.MX,2024-05,0,rejected by data-quality gates
CMI.MX,2026-02,0,rejected by data-quality gates
CMI.MX,2026-05,0,rejected by data-quality gates
CMI.MX,2026-06,0,rejected by data-quality gates
CNC.MX,2023-03,3,sessions=3<15 complete-indicator days
CNC.MX,2023-06,22,"undefined features: rs_last,rs_mean,rs_std,so_last"
CNC.MX,2023-07,21,"undefined features: rs_last,rs_mean,rs_std,so_last"
CNC.MX,2023-10,22,"undefined features: rs_last,rs_mean,rs_std"
CNC.MX,2024-06,20,"undefined features: rs_last,rs_mean,rs_std,so_last"
CNC.MX,2024-07,23,"undefined features: rs_last,rs_mean,rs_std"
CNC.MX,2024-08,22,"undefined features: rs_last,rs_mean,rs_std"
CNC.MX,2024-09,20,"undefined features: rs_last,rs_mean,rs_std"
CNC.MX,2025-01,22,"undefined features: rs_last,rs_mean,rs_std"
CNC.MX,2023-04,0,rejected by data-quality gates
CNC.MX,2023-05,0,rejected by data-quality gates
CNC.MX,2023-08,0,rejected by data-quality gates
CNC.MX,2023-09,0,rejected by data-quality gates
CNC.MX,2023-11,0,rejected by data-quality gates
CNC.MX,2023-12,0,rejected by data-quality gates
CNC.MX,2024-01,0,rejected by data-quality gates
CNC.MX,2024-02,0,rejected by data-quality gates
CNC.MX,2024-03,0,rejected by data-quality gates
CNC.MX,2024-04,0,rejected by data-quality gates
CNC.MX,2024-05,0,rejected by data-quality gates
CNC.MX,2024-10,0,rejected by data-quality gates
CNC.MX,2024-11,0,rejected by data-quality gates
CNC.MX,2024-12,0,rejected by data-quality gates
CNC.MX,2025-02,0,rejected by data-quality gates
CNC.MX,2025-03,0,rejected by data-quality gates
CNC.MX,2025-04,0,rejected by data-quality gates
CNC.MX,2025-05,0,rejected by data-quality gates
CNC.MX,2025-06,0,rejected by data-quality gates
CNC.MX,2026-06,0,rejected by data-quality gates
COF.MX,2023-03,3,sessions=3<15 complete-indicator days
COF.MX,2023-06,22,"undefined features: rs_last,rs_mean,rs_std"
COF.MX,2024-02,20,"undefined features: rs_last,rs_mean,rs_std"
COF.MX,2024-09,20,undefined features: rs_std
COF.MX,2023-04,0,rejected by data-quality gates
COF.MX,2023-05,0,rejected by data-quality gates
COF.MX,2023-07,0,rejected by data-quality gates
COF.MX,2023-08,0,rejected by data-quality gates
COF.MX,2023-09,0,rejected by data-quality gates
COF.MX,2023-10,0,rejected by data-quality gates
COF.MX,2023-11,0,rejected by data-quality gates
COF.MX,2023-12,0,rejected by data-quality gates
COF.MX,2024-01,0,rejected by data-quality gates
COF.MX,2024-03,0,rejected by data-quality gates
COF.MX,2024-04,0,rejected by data-quality gates
COF.MX,2024-05,0,rejected by data-quality gates
COF.MX,2024-06,0,rejected by data-quality gates
COF.MX,2024-07,0,rejected by data-quality gates
COF.MX,2024-08,0,rejected by data-quality gates
COF.MX,2024-10,0,rejected by data-quality gates
COF.MX,2024-11,0,rejected by data-quality gates
COF.MX,2024-12,0,rejected by data-quality gates
COF.MX,2025-01,0,rejected by data-quality gates
COF.MX,2025-02,0,rejected by data-quality gates
COF.MX,2025-03,0,rejected by data-quality gates
COF.MX,2025-04,0,rejected by data-quality gates
COF.MX,2025-05,0,rejected by data-quality gates
COF.MX,2025-06,0,rejected by data-quality gates
COF.MX,2025-07,0,rejected by data-quality gates
COF.MX,2025-08,0,rejected by data-quality gates
COF.MX,2025-09,0,rejected by data-quality gates
COF.MX,2025-10,0,rejected by data-quality gates
COF.MX,2025-11,0,rejected by data-quality gates
COF.MX,2025-12,0,rejected by data-quality gates
COF.MX,2026-02,0,rejected by data-quality gates
COF.MX,2026-03,0,rejected by data-quality gates
COF.MX,2026-04,0,rejected by data-quality gates
COF.MX,2026-05,0,rejected by data-quality gates
COF.MX,2026-06,0,rejected by data-quality gates
COIN.MX,2023-03,3,sessions=3<15 complete-indicator days
COO.MX,2023-03,3,sessions=3<15 complete-indicator days
COO.MX,2023-04,18,"undefined features: rs_last,rs_mean,rs_std,so_last"
COO.MX,2023-05,22,"undefined features: rs_last,rs_mean,rs_std,so_last"
COO.MX,2023-06,22,"undefined features: rs_last,rs_mean,rs_std,so_last"
COO.MX,2023-07,21,"undefined features: rs_last,rs_mean,rs_std,so_last"
COO.MX,2023-08,23,"undefined features: rs_last,rs_mean,rs_std,so_last"
COO.MX,2023-09,21,"undefined features: rs_last,rs_mean,rs_std,so_last"
COO.MX,2023-10,22,"undefined features: rs_last,rs_mean,rs_std,so_last"
COO.MX,2024-01,22,"undefined features: rs_last,rs_mean,rs_std"
COO.MX,2024-03,18,"undefined features: rs_last,rs_mean,rs_std"
COO.MX,2024-08,22,"undefined features: rs_last,rs_mean,rs_std"
COO.MX,2025-05,21,undefined features: rs_std
COO.MX,2025-11,19,"undefined features: rs_last,rs_mean,rs_std"
COO.MX,2026-06,22,"undefined features: rs_last,rs_mean,rs_std"
COO.MX,2023-11,0,rejected by data-quality gates
COO.MX,2023-12,0,rejected by data-quality gates
COO.MX,2024-02,0,rejected by data-quality gates
COO.MX,2024-04,0,rejected by data-quality gates
COO.MX,2024-05,0,rejected by data-quality gates
COO.MX,2024-06,0,rejected by data-quality gates
COO.MX,2024-07,0,rejected by data-quality gates
COO.MX,2024-09,0,rejected by data-quality gates
COO.MX,2024-10,0,rejected by data-quality gates
COO.MX,2024-11,0,rejected by data-quality gates
COO.MX,2024-12,0,rejected by data-quality gates
COO.MX,2025-01,0,rejected by data-quality gates
COO.MX,2025-02,0,rejected by data-quality gates
COO.MX,2025-03,0,rejected by data-quality gates
COO.MX,2025-04,0,rejected by data-quality gates
COO.MX,2025-06,0,rejected by data-quality gates
COO.MX,2025-07,0,rejected by data-quality gates
COO.MX,2025-08,0,rejected by data-quality gates
COO.MX,2025-09,0,rejected by data-quality gates
COO.MX,2025-10,0,rejected by data-quality gates
COO.MX,2025-12,0,rejected by data-quality gates
COO.MX,2026-01,0,rejected by data-quality gates
COO.MX,2026-02,0,rejected by data-quality gates
COO.MX,2026-03,0,rejected by data-quality gates
COO.MX,2026-04,0,rejected by data-quality gates
COO.MX,2026-05,0,rejected by data-quality gates
COP.MX,2023-03,3,sessions=3<15 complete-indicator days
COP.MX,2023-04,0,rejected by data-quality gates
COP.MX,2023-05,0,rejected by data-quality gates
COP.MX,2023-06,0,rejected by data-quality gates
COP.MX,2023-08,0,rejected by data-quality gates
COP.MX,2023-09,0,rejected by data-quality gates
COP.MX,2023-10,0,rejected by data-quality gates
COP.MX,2023-11,0,rejected by data-quality gates
COP.MX,2023-12,0,rejected by data-quality gates
COP.MX,2024-01,0,rejected by data-quality gates
COP.MX,2024-02,0,rejected by data-quality gates
COP.MX,2024-03,0,rejected by data-quality gates
COP.MX,2024-04,0,rejected by data-quality gates
COP.MX,2024-05,0,rejected by data-quality gates
COP.MX,2024-06,0,rejected by data-quality gates
COP.MX,2024-07,0,rejected by data-quality gates
COP.MX,2024-08,0,rejected by data-quality gates
COP.MX,2024-09,0,rejected by data-quality gates
COP.MX,2024-10,0,rejected by data-quality gates
COP.MX,2024-11,0,rejected by data-quality gates
COP.MX,2024-12,0,rejected by data-quality gates
COP.MX,2025-01,0,rejected by data-quality gates
COP.MX,2025-02,0,rejected by data-quality gates
COP.MX,2025-04,0,rejected by data-quality gates
COP.MX,2025-11,0,rejected by data-quality gates
COP.MX,2025-12,0,rejected by data-quality gates
COP.MX,2026-06,0,rejected by data-quality gates
COR.MX,2025-01,14,sessions=14<15 complete-indicator days
COR.MX,2025-03,20,"undefined features: rs_last,rs_mean,rs_std,so_last"
COR.MX,2025-11,19,"undefined features: rs_last,rs_mean,rs_std"
COR.MX,2026-02,19,"undefined features: rs_last,rs_mean,rs_std"
COR.MX,2026-03,21,"undefined features: rs_last,rs_mean,rs_std"
COR.MX,2026-04,19,"undefined features: rs_last,rs_mean,rs_std,so_last"
COR.MX,2026-06,22,undefined features: so_std
COR.MX,2025-02,0,rejected by data-quality gates
COR.MX,2025-04,0,rejected by data-quality gates
COR.MX,2025-05,0,rejected by data-quality gates
COR.MX,2025-06,0,rejected by data-quality gates
COR.MX,2025-07,0,rejected by data-quality gates
COR.MX,2025-08,0,rejected by data-quality gates
COR.MX,2025-09,0,rejected by data-quality gates
COR.MX,2025-10,0,rejected by data-quality gates
COR.MX,2025-12,0,rejected by data-quality gates
COR.MX,2026-01,0,rejected by data-quality gates
COR.MX,2026-05,0,rejected by data-quality gates
COST.MX,2023-03,3,sessions=3<15 complete-indicator days
CPNG.MX,2023-03,3,sessions=3<15 complete-indicator days
CPNG.MX,2023-04,18,"undefined features: rs_last,rs_mean,rs_std,so_last"
CPNG.MX,2023-06,22,"undefined features: rs_last,rs_mean,rs_std,so_last"
CPNG.MX,2023-07,21,"undefined features: rs_last,rs_mean,rs_std,so_last"
CPNG.MX,2023-08,23,"undefined features: rs_last,rs_mean,rs_std,so_last"
CPNG.MX,2024-07,23,"undefined features: rs_last,rs_mean,rs_std"
CPNG.MX,2024-08,22,"undefined features: rs_last,rs_mean,rs_std"
CPNG.MX,2024-12,20,"undefined features: rs_last,rs_mean,rs_std"
CPNG.MX,2025-02,19,undefined features: rs_std
CPNG.MX,2025-05,21,"undefined features: rs_last,rs_mean,rs_std"
CPNG.MX,2023-05,0,rejected by data-quality gates
CPNG.MX,2023-09,0,rejected by data-quality gates
CPNG.MX,2023-10,0,rejected by data-quality gates
CPNG.MX,2023-11,0,rejected by data-quality gates
CPNG.MX,2023-12,0,rejected by data-quality gates
CPNG.MX,2024-01,0,rejected by data-quality gates
CPNG.MX,2024-02,0,rejected by data-quality gates
CPNG.MX,2024-03,0,rejected by data-quality gates
CPNG.MX,2024-04,0,rejected by data-quality gates
CPNG.MX,2024-05,0,rejected by data-quality gates
CPNG.MX,2024-06,0,rejected by data-quality gates
CPNG.MX,2024-09,0,rejected by data-quality gates
CPNG.MX,2024-10,0,rejected by data-quality gates
CPNG.MX,2024-11,0,rejected by data-quality gates
CPNG.MX,2025-01,0,rejected by data-quality gates
CPNG.MX,2025-03,0,rejected by data-quality gates
CPNG.MX,2025-04,0,rejected by data-quality gates
CPNG.MX,2025-06,0,rejected by data-quality gates
CPNG.MX,2025-07,0,rejected by data-quality gates
CPRT.MX,2023-03,3,sessions=3<15 complete-indicator days
CPRT.MX,2023-04,0,rejected by data-quality gates
CPRT.MX,2023-05,0,rejected by data-quality gates
CPRT.MX,2023-06,0,rejected by data-quality gates
CPRT.MX,2023-07,0,rejected by data-quality gates
CPRT.MX,2023-08,0,rejected by data-quality gates
CPRT.MX,2023-09,0,rejected by data-quality gates
CPRT.MX,2023-10,0,rejected by data-quality gates
CPRT.MX,2023-11,0,rejected by data-quality gates
CPRT.MX,2023-12,0,rejected by data-quality gates
CPRT.MX,2024-01,0,rejected by data-quality gates
CPRT.MX,2024-02,0,rejected by data-quality gates
CPRT.MX,2024-03,0,rejected by data-quality gates
CPRT.MX,2024-04,0,rejected by data-quality gates
CPRT.MX,2024-05,0,rejected by data-quality gates
CPRT.MX,2024-07,0,rejected by data-quality gates
CPRT.MX,2024-08,0,rejected by data-quality gates
CPRT.MX,2024-09,0,rejected by data-quality gates
CPRT.MX,2024-10,0,rejected by data-quality gates
CPRT.MX,2024-11,0,rejected by data-quality gates
CPRT.MX,2024-12,0,rejected by data-quality gates
CPRT.MX,2025-01,0,rejected by data-quality gates
CPRT.MX,2025-02,0,rejected by data-quality gates
CPRT.MX,2025-03,0,rejected by data-quality gates
CPRT.MX,2025-04,0,rejected by data-quality gates
CPRT.MX,2025-05,0,rejected by data-quality gates
CPRT.MX,2025-06,0,rejected by data-quality gates
CPRT.MX,2025-11,0,rejected by data-quality gates
CPRT.MX,2026-01,0,rejected by data-quality gates
CPRT.MX,2026-02,0,rejected by data-quality gates
CPRT.MX,2026-05,0,rejected by data-quality gates
CRL.MX,2023-03,3,sessions=3<15 complete-indicator days
CRL.MX,2023-04,18,"undefined features: rs_last,rs_mean,rs_std,so_last"
CRL.MX,2024-01,22,"undefined features: rs_last,rs_mean,rs_std"
CRL.MX,2024-02,20,"undefined features: rs_last,rs_mean,rs_std,so_last"
CRL.MX,2024-03,18,"undefined features: rs_last,rs_mean,rs_std,so_last"
CRL.MX,2024-08,22,"undefined features: rs_last,rs_mean,rs_std,so_last"
CRL.MX,2024-09,20,"undefined features: rs_last,rs_mean,rs_std"
CRL.MX,2024-10,22,"undefined features: rs_last,rs_mean,rs_std,so_last"
CRL.MX,2024-11,20,"undefined features: rs_last,rs_mean,rs_std,so_last"
CRL.MX,2024-12,20,"undefined features: rs_last,rs_mean,rs_std"
CRL.MX,2025-01,22,"undefined features: rs_last,rs_mean,rs_std,so_last"
CRL.MX,2025-02,19,"undefined features: rs_last,rs_mean,rs_std,so_last"
CRL.MX,2025-03,20,"undefined features: rs_last,rs_mean,rs_std,so_last"
CRL.MX,2025-04,20,"undefined features: rs_last,rs_mean,rs_std,so_last"
CRL.MX,2025-05,21,"undefined features: rs_last,rs_mean,rs_std,so_last"
CRL.MX,2025-06,21,"undefined features: rs_last,rs_mean,rs_std,so_last"
CRL.MX,2025-07,23,"undefined features: rs_last,rs_mean,rs_std,so_last"
CRL.MX,2025-08,21,"undefined features: rs_last,rs_mean,rs_std,so_last"
CRL.MX,2025-09,21,"undefined features: rs_last,rs_mean,rs_std,so_last"
CRL.MX,2025-10,23,"undefined features: rs_last,rs_mean,rs_std,so_last"
CRL.MX,2025-11,19,"undefined features: rs_last,rs_mean,rs_std,so_last"
CRL.MX,2026-01,21,"undefined features: rs_last,rs_mean,rs_std,so_last"
CRL.MX,2026-02,19,"undefined features: rs_last,rs_mean,rs_std,so_last"
CRL.MX,2026-03,21,"undefined features: rs_last,rs_mean,rs_std,so_last"
CRL.MX,2026-04,19,"undefined features: rs_last,rs_mean,rs_std,so_last"
CRL.MX,2026-05,20,"undefined features: rs_last,rs_mean,rs_std,so_last"
CRL.MX,2026-06,22,"undefined features: rs_last,rs_mean,rs_std,so_last"
CRL.MX,2023-05,0,rejected by data-quality gates
CRL.MX,2023-06,0,rejected by data-quality gates
CRL.MX,2023-07,0,rejected by data-quality gates
CRL.MX,2023-08,0,rejected by data-quality gates
CRL.MX,2023-09,0,rejected by data-quality gates
CRL.MX,2023-10,0,rejected by data-quality gates
CRL.MX,2023-11,0,rejected by data-quality gates
CRL.MX,2023-12,0,rejected by data-quality gates
CRL.MX,2024-04,0,rejected by data-quality gates
CRL.MX,2024-05,0,rejected by data-quality gates
CRL.MX,2024-06,0,rejected by data-quality gates
CRL.MX,2024-07,0,rejected by data-quality gates
CRL.MX,2025-12,0,rejected by data-quality gates
CRM.MX,2023-03,3,sessions=3<15 complete-indicator days
CRWD.MX,2023-03,3,sessions=3<15 complete-indicator days
CSCO.MX,2023-03,3,sessions=3<15 complete-indicator days
CSX.MX,2023-03,3,sessions=3<15 complete-indicator days
CSX.MX,2023-04,18,"undefined features: rs_last,rs_mean,rs_std,so_last"
CSX.MX,2023-05,22,"undefined features: rs_last,rs_mean,rs_std,so_last"
CSX.MX,2023-06,22,"undefined features: rs_last,rs_mean,rs_std,so_last"
CSX.MX,2023-07,21,"undefined features: rs_last,rs_mean,rs_std,so_last"
CSX.MX,2023-08,23,"undefined features: rs_last,rs_mean,rs_std,so_last"
CSX.MX,2023-09,21,"undefined features: rs_last,rs_mean,rs_std,so_last"
CSX.MX,2024-01,22,"undefined features: rs_last,rs_mean,rs_std"
CSX.MX,2024-07,23,"undefined features: rs_last,rs_mean,rs_std"
CSX.MX,2024-08,22,"undefined features: rs_last,rs_mean,rs_std"
CSX.MX,2025-02,19,"undefined features: rs_last,rs_mean,rs_std,so_last"
CSX.MX,2025-06,21,"undefined features: rs_last,rs_mean,rs_std"
CSX.MX,2025-07,23,"undefined features: rs_last,rs_mean,rs_std"
CSX.MX,2025-10,23,"undefined features: rs_last,rs_mean,rs_std,so_last"
CSX.MX,2025-11,19,"undefined features: rs_last,rs_mean,rs_std,so_last"
CSX.MX,2025-12,21,"undefined features: rs_last,rs_mean,rs_std,so_last"
CSX.MX,2026-01,21,"undefined features: rs_last,rs_mean,rs_std,so_last"
CSX.MX,2026-02,19,"undefined features: rs_last,rs_mean,rs_std,so_last"
CSX.MX,2026-03,21,"undefined features: rs_last,rs_mean,rs_std,so_last"
CSX.MX,2026-04,19,"undefined features: rs_last,rs_mean,rs_std,so_last"
CSX.MX,2026-05,20,"undefined features: rs_last,rs_mean,rs_std"
CSX.MX,2026-06,22,"undefined features: rs_last,rs_mean,rs_std,so_last"
CSX.MX,2023-10,0,rejected by data-quality gates
CSX.MX,2023-11,0,rejected by data-quality gates
CSX.MX,2023-12,0,rejected by data-quality gates
CSX.MX,2024-02,0,rejected by data-quality gates
CSX.MX,2024-03,0,rejected by data-quality gates
CSX.MX,2024-04,0,rejected by data-quality gates
CSX.MX,2024-05,0,rejected by data-quality gates
CSX.MX,2024-06,0,rejected by data-quality gates
CSX.MX,2024-09,0,rejected by data-quality gates
CSX.MX,2024-10,0,rejected by data-quality gates
CSX.MX,2024-11,0,rejected by data-quality gates
CSX.MX,2024-12,0,rejected by data-quality gates
CSX.MX,2025-01,0,rejected by data-quality gates
CSX.MX,2025-03,0,rejected by data-quality gates
CSX.MX,2025-04,0,rejected by data-quality gates
CSX.MX,2025-05,0,rejected by data-quality gates
CSX.MX,2025-08,0,rejected by data-quality gates
CSX.MX,2025-09,0,rejected by data-quality gates
CTAS.MX,2023-03,3,sessions=3<15 complete-indicator days
CTAS.MX,2023-05,22,"undefined features: rs_last,rs_mean,rs_std,so_last"
CTAS.MX,2023-06,22,"undefined features: rs_last,rs_mean,rs_std,so_last"
CTAS.MX,2023-07,21,"undefined features: rs_last,rs_mean,rs_std,so_last"
CTAS.MX,2023-08,23,"undefined features: rs_last,rs_mean,rs_std,so_last"
CTAS.MX,2023-09,21,"undefined features: rs_last,rs_mean,rs_std,so_last"
CTAS.MX,2023-10,22,"undefined features: rs_last,rs_mean,rs_std,so_last"
CTAS.MX,2023-11,20,"undefined features: rs_last,rs_mean,rs_std"
CTAS.MX,2023-12,19,"undefined features: rs_last,rs_mean,rs_std"
CTAS.MX,2024-02,20,"undefined features: rs_last,rs_mean,rs_std,so_last"
CTAS.MX,2024-03,18,"undefined features: rs_last,rs_mean,rs_std,so_last"
CTAS.MX,2024-04,22,"undefined features: rs_last,rs_mean,rs_std,so_last"
CTAS.MX,2024-05,22,"undefined features: rs_last,rs_mean,rs_std"
CTAS.MX,2024-06,20,"undefined features: rs_last,rs_mean,rs_std"
CTAS.MX,2024-07,23,"undefined features: rs_last,rs_mean,rs_std"
CTAS.MX,2024-08,22,"undefined features: rs_last,rs_mean,rs_std,so_last"
CTAS.MX,2024-09,20,"undefined features: rs_last,rs_mean,rs_std"
CTAS.MX,2024-10,22,"undefined features: rs_last,rs_mean,rs_std"
CTAS.MX,2024-11,20,"undefined features: rs_last,rs_mean,rs_std"
CTAS.MX,2025-05,21,"undefined features: rs_last,rs_mean,rs_std"
CTAS.MX,2025-06,21,"undefined features: rs_last,rs_mean,rs_std"
CTAS.MX,2026-01,21,"undefined features: rs_last,rs_mean,rs_std,so_last"
CTAS.MX,2026-03,21,"undefined features: rs_last,rs_mean,rs_std,so_last"
CTAS.MX,2026-04,19,"undefined features: rs_last,rs_mean,rs_std,so_last"
CTAS.MX,2026-06,22,"undefined features: rs_std,so_std"
CTAS.MX,2023-04,0,rejected by data-quality gates
CTAS.MX,2024-01,0,rejected by data-quality gates
CTAS.MX,2024-12,0,rejected by data-quality gates
CTAS.MX,2025-01,0,rejected by data-quality gates
CTAS.MX,2025-02,0,rejected by data-quality gates
CTAS.MX,2025-03,0,rejected by data-quality gates
CTAS.MX,2025-04,0,rejected by data-quality gates
CTAS.MX,2025-07,0,rejected by data-quality gates
CTAS.MX,2025-08,0,rejected by data-quality gates
CTAS.MX,2025-09,0,rejected by data-quality gates
CTAS.MX,2025-10,0,rejected by data-quality gates
CTAS.MX,2025-11,0,rejected by data-quality gates
CTAS.MX,2025-12,0,rejected by data-quality gates
CTAS.MX,2026-02,0,rejected by data-quality gates
CTAS.MX,2026-05,0,rejected by data-quality gates
CTSH.MX,2023-03,3,sessions=3<15 complete-indicator days
CTSH.MX,2023-05,22,"undefined features: rs_last,rs_mean,rs_std"
CTSH.MX,2023-08,23,"undefined features: rs_last,rs_mean,rs_std,so_last"
CTSH.MX,2023-09,21,"undefined features: rs_last,rs_mean,rs_std"
CTSH.MX,2023-12,19,"undefined features: rs_last,rs_mean,rs_std"
CTSH.MX,2024-01,22,"undefined features: rs_last,rs_mean,rs_std"
CTSH.MX,2024-02,20,"undefined features: rs_last,rs_mean,rs_std,so_last"
CTSH.MX,2024-03,18,"undefined features: rs_last,rs_mean,rs_std,so_last"
CTSH.MX,2024-06,20,"undefined features: rs_last,rs_mean,rs_std"
CTSH.MX,2024-07,23,"undefined features: rs_last,rs_mean,rs_std"
CTSH.MX,2024-08,22,"undefined features: rs_last,rs_mean,rs_std"
CTSH.MX,2024-09,20,"undefined features: rs_last,rs_mean,rs_std,so_last"
CTSH.MX,2024-10,22,"undefined features: rs_last,rs_mean,rs_std"
CTSH.MX,2024-11,20,"undefined features: rs_last,rs_mean,rs_std,so_std"
CTSH.MX,2024-12,20,"undefined features: rs_last,rs_mean,rs_std,so_last"
CTSH.MX,2025-01,22,"undefined features: rs_last,rs_mean,rs_std,so_last"
CTSH.MX,2025-02,19,"undefined features: rs_last,rs_mean,rs_std,so_last"
CTSH.MX,2025-03,20,"undefined features: rs_last,rs_mean,rs_std,so_last"
CTSH.MX,2025-04,20,"undefined features: rs_last,rs_mean,rs_std,so_last"
CTSH.MX,2025-05,21,"undefined features: rs_last,rs_mean,rs_std,so_last"
CTSH.MX,2025-06,21,"undefined features: rs_last,rs_mean,rs_std,so_last"
CTSH.MX,2025-07,23,"undefined features: rs_last,rs_mean,rs_std,so_last"
CTSH.MX,2025-08,21,"undefined features: rs_last,rs_mean,rs_std,so_last"
CTSH.MX,2025-09,21,"undefined features: rs_std,so_std"
CTSH.MX,2023-04,0,rejected by data-quality gates
CTSH.MX,2023-06,0,rejected by data-quality gates
CTSH.MX,2023-07,0,rejected by data-quality gates
CTSH.MX,2023-10,0,rejected by data-quality gates
CTSH.MX,2023-11,0,rejected by data-quality gates
CTSH.MX,2024-04,0,rejected by data-quality gates
CTSH.MX,2024-05,0,rejected by data-quality gates
CTSH.MX,2025-10,0,rejected by data-quality gates
CTSH.MX,2025-11,0,rejected by data-quality gates
CTSH.MX,2025-12,0,rejected by data-quality gates
CTSH.MX,2026-01,0,rejected by data-quality gates
CTSH.MX,2026-02,0,rejected by data-quality gates
CTSH.MX,2026-03,0,rejected by data-quality gates
CTSH.MX,2026-04,0,rejected by data-quality gates
CTSH.MX,2026-05,0,rejected by data-quality gates
CTSH.MX,2026-06,0,rejected by data-quality gates
CTVA.MX,2023-03,3,sessions=3<15 complete-indicator days
CTVA.MX,2023-07,21,"undefined features: rs_last,rs_mean,rs_std,so_last"
CTVA.MX,2023-10,22,"undefined features: rs_last,rs_mean,rs_std,so_last"
CTVA.MX,2023-12,19,undefined features: rs_std
CTVA.MX,2024-03,18,"undefined features: rs_last,rs_mean,rs_std"
CTVA.MX,2024-04,22,"undefined features: rs_last,rs_mean,rs_std"
CTVA.MX,2024-11,20,"undefined features: rs_last,rs_mean,rs_std"
CTVA.MX,2024-12,20,"undefined features: rs_last,rs_mean,rs_std"
CTVA.MX,2025-02,19,"undefined features: rs_last,rs_mean,rs_std"
CTVA.MX,2025-03,20,"undefined features: rs_last,rs_mean,rs_std,so_last"
CTVA.MX,2025-04,20,"undefined features: rs_last,rs_mean,rs_std,so_last"
CTVA.MX,2025-05,21,"undefined features: rs_last,rs_mean,rs_std,so_last"
CTVA.MX,2025-06,21,"undefined features: rs_last,rs_mean,rs_std,so_last"
CTVA.MX,2025-07,23,"undefined features: rs_last,rs_mean,rs_std,so_last"
CTVA.MX,2025-08,21,"undefined features: rs_last,rs_mean,rs_std,so_last"
CTVA.MX,2025-09,21,"undefined features: rs_last,rs_mean,rs_std,so_last"
CTVA.MX,2026-02,19,"undefined features: rs_last,rs_mean,rs_std,so_last"
CTVA.MX,2026-03,21,"undefined features: rs_last,rs_mean,rs_std"
CTVA.MX,2026-04,19,"undefined features: rs_last,rs_mean,rs_std"
CTVA.MX,2026-06,22,"undefined features: rs_last,rs_mean,rs_std,so_last"
CTVA.MX,2023-04,0,rejected by data-quality gates
CTVA.MX,2023-05,0,rejected by data-quality gates
CTVA.MX,2023-06,0,rejected by data-quality gates
CTVA.MX,2023-08,0,rejected by data-quality gates
CTVA.MX,2023-09,0,rejected by data-quality gates
CTVA.MX,2023-11,0,rejected by data-quality gates
CTVA.MX,2024-01,0,rejected by data-quality gates
CTVA.MX,2024-02,0,rejected by data-quality gates
CTVA.MX,2024-05,0,rejected by data-quality gates
CTVA.MX,2024-06,0,rejected by data-quality gates
CTVA.MX,2024-07,0,rejected by data-quality gates
CTVA.MX,2024-08,0,rejected by data-quality gates
CTVA.MX,2024-09,0,rejected by data-quality gates
CTVA.MX,2024-10,0,rejected by data-quality gates
CTVA.MX,2025-01,0,rejected by data-quality gates
CTVA.MX,2025-10,0,rejected by data-quality gates
CTVA.MX,2025-11,0,rejected by data-quality gates
CTVA.MX,2025-12,0,rejected by data-quality gates
CTVA.MX,2026-01,0,rejected by data-quality gates
CTVA.MX,2026-05,0,rejected by data-quality gates
CUERVO.MX,2023-03,3,sessions=3<15 complete-indicator days
CVNA.MX,2023-03,3,sessions=3<15 complete-indicator days
CVNA.MX,2023-06,0,rejected by data-quality gates
CVNA.MX,2025-05,0,rejected by data-quality gates
CVNA.MX,2025-06,0,rejected by data-quality gates
CVNA.MX,2025-07,0,rejected by data-quality gates
CVNA.MX,2025-09,0,rejected by data-quality gates
CVNA.MX,2025-11,0,rejected by data-quality gates
CVNA.MX,2025-12,0,rejected by data-quality gates
CVNA.MX,2026-01,0,rejected by data-quality gates
CVNA.MX,2026-02,0,rejected by data-quality gates
CVNA.MX,2026-03,0,rejected by data-quality gates
CVNA.MX,2026-04,0,rejected by data-quality gates
CVS.MX,2023-03,3,sessions=3<15 complete-indicator days
CVX.MX,2023-03,3,sessions=3<15 complete-indicator days
D.MX,2023-03,3,sessions=3<15 complete-indicator days
D.MX,2023-04,18,"undefined features: rs_last,rs_mean,rs_std,so_last"
D.MX,2023-05,22,"undefined features: rs_last,rs_mean,rs_std,so_last"
D.MX,2023-06,22,"undefined features: rs_last,rs_mean,rs_std,so_last"
D.MX,2023-07,21,"undefined features: rs_last,rs_mean,rs_std,so_last"
D.MX,2023-08,23,"undefined features: rs_last,rs_mean,rs_std,so_last"
D.MX,2023-09,21,"undefined features: rs_last,rs_mean,rs_std,so_last"
D.MX,2023-10,22,"undefined features: rs_last,rs_mean,rs_std,so_last"
D.MX,2023-11,20,"undefined features: rs_last,rs_mean,rs_std,so_last"
D.MX,2023-12,19,"undefined features: rs_last,rs_mean,rs_std,so_last"
D.MX,2024-01,22,"undefined features: rs_last,rs_mean,rs_std,so_last"
D.MX,2024-02,20,"undefined features: rs_last,rs_mean,rs_std,so_last"
D.MX,2024-05,22,"undefined features: rs_last,rs_mean,rs_std"
D.MX,2024-06,20,"undefined features: rs_last,rs_mean,rs_std,so_last"
D.MX,2024-07,23,"undefined features: rs_last,rs_mean,rs_std,so_last"
D.MX,2024-08,22,"undefined features: rs_last,rs_mean,rs_std,so_last"
D.MX,2024-09,20,"undefined features: rs_last,rs_mean,rs_std"
D.MX,2024-10,22,"undefined features: rs_last,rs_mean,rs_std,so_last"
D.MX,2024-12,20,"undefined features: rs_last,rs_mean,rs_std,so_last"
D.MX,2025-01,22,"undefined features: rs_last,rs_mean,rs_std"
D.MX,2025-02,19,"undefined features: rs_last,rs_mean,rs_std"
D.MX,2025-04,20,"undefined features: rs_last,rs_mean,rs_std,so_last"
D.MX,2025-05,21,"undefined features: rs_last,rs_mean,rs_std,so_last"
D.MX,2025-06,21,"undefined features: rs_last,rs_mean,rs_std,so_last"
D.MX,2026-02,19,undefined features: rs_std
D.MX,2026-04,19,"undefined features: rs_last,rs_mean,rs_std,so_last"
D.MX,2026-05,20,"undefined features: rs_last,rs_mean,rs_std"
D.MX,2024-03,0,rejected by data-quality gates
D.MX,2024-04,0,rejected by data-quality gates
D.MX,2024-11,0,rejected by data-quality gates
D.MX,2025-03,0,rejected by data-quality gates
D.MX,2025-07,0,rejected by data-quality gates
D.MX,2025-08,0,rejected by data-quality gates
D.MX,2025-09,0,rejected by data-quality gates
D.MX,2025-10,0,rejected by data-quality gates
D.MX,2025-11,0,rejected by data-quality gates
D.MX,2025-12,0,rejected by data-quality gates
D.MX,2026-01,0,rejected by data-quality gates
D.MX,2026-03,0,rejected by data-quality gates
D.MX,2026-06,0,rejected by data-quality gates
DAL.MX,2023-03,3,sessions=3<15 complete-indicator days
DANHOS13.MX,2023-03,3,sessions=3<15 complete-indicator days
DASH.MX,2023-03,3,sessions=3<15 complete-indicator days
DASH.MX,2023-04,18,"undefined features: rs_last,rs_mean,rs_std,so_last"
DASH.MX,2023-05,22,"undefined features: rs_last,rs_mean,rs_std,so_last"
DASH.MX,2023-06,22,"undefined features: rs_last,rs_mean,rs_std,so_std"
DASH.MX,2023-07,21,"undefined features: rs_last,rs_mean,rs_std"
DASH.MX,2023-08,23,"undefined features: rs_last,rs_mean,rs_std,so_std"
DASH.MX,2024-06,20,"undefined features: rs_last,rs_mean,rs_std,so_last"
DASH.MX,2024-07,23,"undefined features: rs_last,rs_mean,rs_std,so_last"
DASH.MX,2024-08,22,"undefined features: rs_last,rs_mean,rs_std"
DASH.MX,2024-09,20,"undefined features: rs_last,rs_mean,rs_std"
DASH.MX,2023-09,0,rejected by data-quality gates
DASH.MX,2023-10,0,rejected by data-quality gates
DASH.MX,2023-11,0,rejected by data-quality gates
DASH.MX,2023-12,0,rejected by data-quality gates
DASH.MX,2024-01,0,rejected by data-quality gates
DASH.MX,2024-02,0,rejected by data-quality gates
DASH.MX,2024-03,0,rejected by data-quality gates
DASH.MX,2024-04,0,rejected by data-quality gates
DASH.MX,2024-05,0,rejected by data-quality gates
DASH.MX,2024-10,0,rejected by data-quality gates
DASH.MX,2024-11,0,rejected by data-quality gates
DASH.MX,2024-12,0,rejected by data-quality gates
DASH.MX,2025-01,0,rejected by data-quality gates
DASH.MX,2025-03,0,rejected by data-quality gates
DASH.MX,2025-04,0,rejected by data-quality gates
DASH.MX,2025-05,0,rejected by data-quality gates
DASH.MX,2025-06,0,rejected by data-quality gates
DASH.MX,2025-07,0,rejected by data-quality gates
DASH.MX,2025-08,0,rejected by data-quality gates
DASH.MX,2025-09,0,rejected by data-quality gates
DASH.MX,2025-10,0,rejected by data-quality gates
DASH.MX,2025-12,0,rejected by data-quality gates
DASH.MX,2026-01,0,rejected by data-quality gates
DASH.MX,2026-02,0,rejected by data-quality gates
DASH.MX,2026-03,0,rejected by data-quality gates
DASH.MX,2026-06,0,rejected by data-quality gates
DD.MX,2023-03,3,sessions=3<15 complete-indicator days
DD.MX,2023-04,18,"undefined features: rs_last,rs_mean,rs_std,so_last"
DD.MX,2023-05,22,"undefined features: rs_last,rs_mean,rs_std,so_last"
DD.MX,2023-08,23,"undefined features: rs_last,rs_mean,rs_std"
DD.MX,2023-09,21,"undefined features: rs_last,rs_mean,rs_std"
DD.MX,2024-01,22,"undefined features: rs_last,rs_mean,rs_std,so_last"
DD.MX,2024-03,18,"undefined features: rs_last,rs_mean,rs_std"
DD.MX,2024-04,22,"undefined features: rs_last,rs_mean,rs_std"
DD.MX,2024-05,22,"undefined features: rs_last,rs_mean,rs_std"
DD.MX,2024-06,20,"undefined features: rs_last,rs_mean,rs_std"
DD.MX,2024-07,23,"undefined features: rs_last,rs_mean,rs_std"
DD.MX,2024-12,20,"undefined features: rs_last,rs_mean,rs_std"
DD.MX,2025-01,22,"undefined features: rs_last,rs_mean,rs_std,so_last"
DD.MX,2025-02,19,"undefined features: rs_std,so_std"
DD.MX,2026-01,21,"undefined features: rs_last,rs_mean,rs_std"
DD.MX,2026-02,19,undefined features: rs_std
DD.MX,2026-04,20,"undefined features: rs_last,rs_mean,rs_std,so_last"
DD.MX,2023-06,0,rejected by data-quality gates
DD.MX,2023-07,0,rejected by data-quality gates
DD.MX,2023-10,0,rejected by data-quality gates
DD.MX,2023-11,0,rejected by data-quality gates
DD.MX,2023-12,0,rejected by data-quality gates
DD.MX,2024-02,0,rejected by data-quality gates
DD.MX,2024-08,0,rejected by data-quality gates
DD.MX,2024-09,0,rejected by data-quality gates
DD.MX,2024-10,0,rejected by data-quality gates
DD.MX,2024-11,0,rejected by data-quality gates
DD.MX,2025-03,0,rejected by data-quality gates
DD.MX,2025-04,0,rejected by data-quality gates
DD.MX,2025-05,0,rejected by data-quality gates
DD.MX,2025-06,0,rejected by data-quality gates
DD.MX,2025-07,0,rejected by data-quality gates
DD.MX,2025-08,0,rejected by data-quality gates
DD.MX,2025-09,0,rejected by data-quality gates
DD.MX,2025-10,0,rejected by data-quality gates
DD.MX,2025-11,0,rejected by data-quality gates
DD.MX,2025-12,0,rejected by data-quality gates
DD.MX,2026-03,0,rejected by data-quality gates
DD.MX,2026-05,0,rejected by data-quality gates
DD.MX,2026-06,0,rejected by data-quality gates
DDOG.MX,2023-03,3,sessions=3<15 complete-indicator days
DDOG.MX,2023-04,0,rejected by data-quality gates
DDOG.MX,2023-06,0,rejected by data-quality gates
DDOG.MX,2023-07,0,rejected by data-quality gates
DDOG.MX,2023-09,0,rejected by data-quality gates
DDOG.MX,2023-10,0,rejected by data-quality gates
DDOG.MX,2023-11,0,rejected by data-quality gates
DDOG.MX,2023-12,0,rejected by data-quality gates
DDOG.MX,2024-01,0,rejected by data-quality gates
DDOG.MX,2024-02,0,rejected by data-quality gates
DDOG.MX,2024-03,0,rejected by data-quality gates
DDOG.MX,2024-04,0,rejected by data-quality gates
DDOG.MX,2024-05,0,rejected by data-quality gates
DDOG.MX,2024-06,0,rejected by data-quality gates
DDOG.MX,2024-07,0,rejected by data-quality gates
DDOG.MX,2024-08,0,rejected by data-quality gates
DDOG.MX,2024-09,0,rejected by data-quality gates
DDOG.MX,2024-10,0,rejected by data-quality gates
DDOG.MX,2024-12,0,rejected by data-quality gates
DDOG.MX,2025-01,0,rejected by data-quality gates
DDOG.MX,2025-06,0,rejected by data-quality gates
DDOG.MX,2025-12,0,rejected by data-quality gates
DDOG.MX,2026-03,0,rejected by data-quality gates
DE.MX,2023-03,3,sessions=3<15 complete-indicator days
DE.MX,2023-08,0,rejected by data-quality gates
DE.MX,2024-11,0,rejected by data-quality gates
DE.MX,2025-01,0,rejected by data-quality gates
DE.MX,2025-02,0,rejected by data-quality gates
DE.MX,2025-03,0,rejected by data-quality gates
DE.MX,2025-04,0,rejected by data-quality gates
DE.MX,2025-05,0,rejected by data-quality gates
DE.MX,2025-06,0,rejected by data-quality gates
DE.MX,2025-07,0,rejected by data-quality gates
DE.MX,2025-08,0,rejected by data-quality gates
DE.MX,2025-09,0,rejected by data-quality gates
DE.MX,2025-10,0,rejected by data-quality gates
DE.MX,2025-11,0,rejected by data-quality gates
DE.MX,2025-12,0,rejected by data-quality gates
DE.MX,2026-01,0,rejected by data-quality gates
DE.MX,2026-02,0,rejected by data-quality gates
DE.MX,2026-03,0,rejected by data-quality gates
DE.MX,2026-04,0,rejected by data-quality gates
DE.MX,2026-06,0,rejected by data-quality gates
DELLC.MX,2023-03,3,sessions=3<15 complete-indicator days
DELLC.MX,2023-05,22,"undefined features: rs_last,rs_mean,rs_std"
DELLC.MX,2023-04,0,rejected by data-quality gates
DELLC.MX,2023-06,0,rejected by data-quality gates
DELLC.MX,2023-07,0,rejected by data-quality gates
DELLC.MX,2023-08,0,rejected by data-quality gates
DELLC.MX,2023-09,0,rejected by data-quality gates
DELLC.MX,2023-10,0,rejected by data-quality gates
DELLC.MX,2023-12,0,rejected by data-quality gates
DELLC.MX,2024-01,0,rejected by data-quality gates
DGG.MX,2023-03,3,sessions=3<15 complete-indicator days
DGG.MX,2023-11,20,"undefined features: rs_last,rs_mean,rs_std"
DGG.MX,2024-02,20,"undefined features: rs_last,rs_mean,rs_std,so_last"
DGG.MX,2025-05,21,"undefined features: rs_last,rs_mean,rs_std"
DGG.MX,2025-11,19,"undefined features: rs_last,rs_mean,rs_std,so_last"
DGG.MX,2023-04,0,rejected by data-quality gates
DGG.MX,2023-05,0,rejected by data-quality gates
DGG.MX,2023-06,0,rejected by data-quality gates
DGG.MX,2023-07,0,rejected by data-quality gates
DGG.MX,2023-08,0,rejected by data-quality gates
DGG.MX,2023-09,0,rejected by data-quality gates
DGG.MX,2023-10,0,rejected by data-quality gates
DGG.MX,2023-12,0,rejected by data-quality gates
DGG.MX,2024-01,0,rejected by data-quality gates
DGG.MX,2024-03,0,rejected by data-quality gates
DGG.MX,2024-04,0,rejected by data-quality gates
DGG.MX,2024-05,0,rejected by data-quality gates
DGG.MX,2024-06,0,rejected by data-quality gates
DGG.MX,2024-07,0,rejected by data-quality gates
DGG.MX,2024-08,0,rejected by data-quality gates
DGG.MX,2024-09,0,rejected by data-quality gates
DGG.MX,2024-10,0,rejected by data-quality gates
DGG.MX,2024-11,0,rejected by data-quality gates
DGG.MX,2025-01,0,rejected by data-quality gates
DGG.MX,2025-02,0,rejected by data-quality gates
DGG.MX,2025-03,0,rejected by data-quality gates
DGG.MX,2025-04,0,rejected by data-quality gates
DGG.MX,2025-06,0,rejected by data-quality gates
DGG.MX,2025-07,0,rejected by data-quality gates
DGG.MX,2025-08,0,rejected by data-quality gates
DGG.MX,2025-09,0,rejected by data-quality gates
DGG.MX,2025-10,0,rejected by data-quality gates
DGG.MX,2025-12,0,rejected by data-quality gates
DGG.MX,2026-01,0,rejected by data-quality gates
DGG.MX,2026-02,0,rejected by data-quality gates
DGG.MX,2026-03,0,rejected by data-quality gates
DGG.MX,2026-04,0,rejected by data-quality gates
DGG.MX,2026-05,0,rejected by data-quality gates
DGG.MX,2026-06,0,rejected by data-quality gates
DGX.MX,2023-03,3,sessions=3<15 complete-indicator days
DGX.MX,2023-04,18,"undefined features: rs_last,rs_mean,rs_std,so_last"
DGX.MX,2023-05,22,"undefined features: rs_last,rs_mean,rs_std,so_last"
DGX.MX,2023-06,22,"undefined features: rs_last,rs_mean,rs_std,so_last"
DGX.MX,2023-07,21,"undefined features: rs_last,rs_mean,rs_std,so_last"
DGX.MX,2023-08,23,"undefined features: rs_last,rs_mean,rs_std,so_last"
DGX.MX,2023-09,21,"undefined features: rs_last,rs_mean,rs_std,so_last"
DGX.MX,2023-10,22,"undefined features: rs_last,rs_mean,rs_std,so_last"
DGX.MX,2023-11,20,"undefined features: rs_last,rs_mean,rs_std,so_last"
DGX.MX,2023-12,19,"undefined features: rs_last,rs_mean,rs_std,so_last"
DGX.MX,2024-01,22,"undefined features: rs_last,rs_mean,rs_std,so_last"
DGX.MX,2024-02,20,"undefined features: rs_last,rs_mean,rs_std,so_last"
DGX.MX,2024-03,18,"undefined features: rs_last,rs_mean,rs_std,so_last"
DGX.MX,2024-04,22,"undefined features: rs_last,rs_mean,rs_std,so_last"
DGX.MX,2024-05,22,"undefined features: rs_last,rs_mean,rs_std,so_last"
DGX.MX,2024-06,20,"undefined features: rs_last,rs_mean,rs_std,so_last"
DGX.MX,2024-07,23,"undefined features: rs_last,rs_mean,rs_std,so_last"
DGX.MX,2024-08,22,"undefined features: rs_last,rs_mean,rs_std,so_last"
DGX.MX,2024-09,20,"undefined features: rs_last,rs_mean,rs_std,so_last"
DGX.MX,2024-10,22,"undefined features: rs_last,rs_mean,rs_std"
DGX.MX,2024-11,20,"undefined features: rs_last,rs_mean,rs_std,so_last"
DGX.MX,2024-12,20,"undefined features: rs_last,rs_mean,rs_std,so_last"
DGX.MX,2025-01,22,"undefined features: rs_last,rs_mean,rs_std,so_last"
DGX.MX,2025-02,19,"undefined features: rs_last,rs_mean,rs_std,so_last"
DGX.MX,2025-03,20,"undefined features: rs_last,rs_mean,rs_std,so_last"
DGX.MX,2025-04,20,"undefined features: rs_last,rs_mean,rs_std"
DGX.MX,2025-05,21,"undefined features: rs_last,rs_mean,rs_std"
DGX.MX,2025-08,21,"undefined features: rs_last,rs_mean,rs_std,so_std"
DGX.MX,2025-09,21,"undefined features: rs_last,rs_mean,rs_std"
DGX.MX,2026-02,19,"undefined features: rs_last,rs_mean,rs_std"
DGX.MX,2026-03,21,"undefined features: rs_last,rs_mean,rs_std"
DGX.MX,2026-04,19,"undefined features: rs_last,rs_mean,rs_std,so_last"
DGX.MX,2026-06,22,"undefined features: rs_last,rs_mean,rs_std"
DGX.MX,2025-06,0,rejected by data-quality gates
DGX.MX,2025-07,0,rejected by data-quality gates
DGX.MX,2025-10,0,rejected by data-quality gates
DGX.MX,2025-11,0,rejected by data-quality gates
DGX.MX,2025-12,0,rejected by data-quality gates
DGX.MX,2026-01,0,rejected by data-quality gates
DGX.MX,2026-05,0,rejected by data-quality gates
DHI.MX,2023-03,3,sessions=3<15 complete-indicator days
DHI.MX,2023-04,18,"undefined features: rs_last,rs_mean,rs_std"
DHI.MX,2023-05,22,"undefined features: rs_last,rs_mean,rs_std,so_last"
DHI.MX,2023-06,22,"undefined features: rs_last,rs_mean,rs_std,so_last"
DHI.MX,2023-07,21,"undefined features: rs_last,rs_mean,rs_std"
DHI.MX,2023-11,20,"undefined features: rs_last,rs_mean,rs_std"
DHI.MX,2023-12,19,"undefined features: rs_last,rs_mean,rs_std,so_last"
DHI.MX,2024-01,22,"undefined features: rs_last,rs_mean,rs_std"
DHI.MX,2024-02,20,"undefined features: rs_last,rs_mean,rs_std"
DHI.MX,2024-05,22,"undefined features: rs_last,rs_mean,rs_std,so_last"
DHI.MX,2024-06,20,"undefined features: rs_last,rs_mean,rs_std"
DHI.MX,2024-07,23,"undefined features: rs_last,rs_mean,rs_std"
DHI.MX,2024-09,20,undefined features: rs_std
DHI.MX,2024-12,20,"undefined features: rs_last,rs_mean,rs_std"
DHI.MX,2025-01,22,"undefined features: rs_last,rs_mean,rs_std,so_last"
DHI.MX,2025-05,21,"undefined features: rs_last,rs_mean,rs_std,so_last"
DHI.MX,2026-02,19,"undefined features: rs_last,rs_mean,rs_std"
DHI.MX,2026-03,21,"undefined features: rs_last,rs_mean,rs_std,so_std"
DHI.MX,2026-04,19,"undefined features: rs_last,rs_mean,rs_std"
DHI.MX,2026-05,20,"undefined features: rs_last,rs_mean,rs_std"
DHI.MX,2023-08,0,rejected by data-quality gates
DHI.MX,2023-09,0,rejected by data-quality gates
DHI.MX,2023-10,0,rejected by data-quality gates
DHI.MX,2024-03,0,rejected by data-quality gates
DHI.MX,2024-04,0,rejected by data-quality gates
DHI.MX,2024-08,0,rejected by data-quality gates
DHI.MX,2024-10,0,rejected by data-quality gates
DHI.MX,2024-11,0,rejected by data-quality gates
DHI.MX,2025-02,0,rejected by data-quality gates
DHI.MX,2025-03,0,rejected by data-quality gates
DHI.MX,2025-04,0,rejected by data-quality gates
DHI.MX,2025-06,0,rejected by data-quality gates
DHI.MX,2025-07,0,rejected by data-quality gates
DHI.MX,2025-08,0,rejected by data-quality gates
DHI.MX,2025-09,0,rejected by data-quality gates
DHI.MX,2025-10,0,rejected by data-quality gates
DHI.MX,2025-11,0,rejected by data-quality gates
DHI.MX,2025-12,0,rejected by data-quality gates
DHI.MX,2026-01,0,rejected by data-quality gates
DHI.MX,2026-06,0,rejected by data-quality gates
DHR.MX,2023-03,3,sessions=3<15 complete-indicator days
DHR.MX,2023-08,0,rejected by data-quality gates
DHR.MX,2023-09,0,rejected by data-quality gates
DHR.MX,2024-10,0,rejected by data-quality gates
DHR.MX,2024-11,0,rejected by data-quality gates
DHR.MX,2025-02,0,rejected by data-quality gates
DHR.MX,2025-05,0,rejected by data-quality gates
DHR.MX,2025-06,0,rejected by data-quality gates
DHR.MX,2025-11,0,rejected by data-quality gates
DHR.MX,2026-01,0,rejected by data-quality gates
DIS.MX,2023-03,3,sessions=3<15 complete-indicator days
DLR.MX,2023-03,3,sessions=3<15 complete-indicator days
DLR.MX,2023-04,18,"undefined features: rs_last,rs_mean,rs_std,so_last"
DLR.MX,2023-05,22,"undefined features: rs_last,rs_mean,rs_std,so_last"
DLR.MX,2023-06,22,"undefined features: rs_last,rs_mean,rs_std,so_last"
DLR.MX,2023-07,21,"undefined features: rs_last,rs_mean,rs_std,so_last"
DLR.MX,2023-08,23,"undefined features: rs_last,rs_mean,rs_std,so_last"
DLR.MX,2023-09,21,"undefined features: rs_last,rs_mean,rs_std,so_last"
DLR.MX,2023-10,22,"undefined features: rs_last,rs_mean,rs_std,so_last"
DLR.MX,2023-11,20,"undefined features: rs_last,rs_mean,rs_std,so_last"
DLR.MX,2023-12,19,"undefined features: rs_last,rs_mean,rs_std"
DLR.MX,2024-01,22,"undefined features: rs_last,rs_mean,rs_std"
DLR.MX,2024-02,20,"undefined features: rs_last,rs_mean,rs_std,so_last"
DLR.MX,2024-03,18,undefined features: rs_std
DLR.MX,2024-07,23,"undefined features: rs_last,rs_mean,rs_std"
DLR.MX,2024-08,22,"undefined features: rs_last,rs_mean,rs_std"
DLR.MX,2024-09,20,"undefined features: rs_last,rs_mean,rs_std"
DLR.MX,2024-10,22,"undefined features: rs_last,rs_mean,rs_std"
DLR.MX,2024-12,20,"undefined features: rs_last,rs_mean,rs_std,so_last"
DLR.MX,2025-05,21,"undefined features: rs_last,rs_mean,rs_std,so_std"
DLR.MX,2025-06,21,"undefined features: rs_last,rs_mean,rs_std"
DLR.MX,2026-03,21,"undefined features: rs_last,rs_mean,rs_std"
DLR.MX,2026-04,19,"undefined features: rs_last,rs_mean,rs_std,so_last"
DLR.MX,2026-05,20,"undefined features: rs_last,rs_mean,rs_std"
DLR.MX,2024-04,0,rejected by data-quality gates
DLR.MX,2024-05,0,rejected by data-quality gates
DLR.MX,2024-06,0,rejected by data-quality gates
DLR.MX,2024-11,0,rejected by data-quality gates
DLR.MX,2025-01,0,rejected by data-quality gates
DLR.MX,2025-02,0,rejected by data-quality gates
DLR.MX,2025-03,0,rejected by data-quality gates
DLR.MX,2025-04,0,rejected by data-quality gates
DLR.MX,2025-07,0,rejected by data-quality gates
DLR.MX,2025-08,0,rejected by data-quality gates
DLR.MX,2025-09,0,rejected by data-quality gates
DLR.MX,2025-10,0,rejected by data-quality gates
DLR.MX,2025-11,0,rejected by data-quality gates
DLR.MX,2025-12,0,rejected by data-quality gates
DLR.MX,2026-01,0,rejected by data-quality gates
DLR.MX,2026-02,0,rejected by data-quality gates
DLR.MX,2026-06,0,rejected by data-quality gates
DLTR.MX,2023-03,3,sessions=3<15 complete-indicator days
DLTR.MX,2025-12,21,undefined features: rs_std
DLTR.MX,2026-06,22,"undefined features: rs_last,rs_mean,rs_std"
DLTR.MX,2023-04,0,rejected by data-quality gates
DLTR.MX,2023-05,0,rejected by data-quality gates
DLTR.MX,2023-06,0,rejected by data-quality gates
DLTR.MX,2023-07,0,rejected by data-quality gates
DLTR.MX,2023-08,0,rejected by data-quality gates
DLTR.MX,2023-09,0,rejected by data-quality gates
DLTR.MX,2023-10,0,rejected by data-quality gates
DLTR.MX,2023-11,0,rejected by data-quality gates
DLTR.MX,2023-12,0,rejected by data-quality gates
DLTR.MX,2024-01,0,rejected by data-quality gates
DLTR.MX,2024-02,0,rejected by data-quality gates
DLTR.MX,2024-04,0,rejected by data-quality gates
DLTR.MX,2024-05,0,rejected by data-quality gates
DLTR.MX,2024-06,0,rejected by data-quality gates
DLTR.MX,2024-07,0,rejected by data-quality gates
DLTR.MX,2024-08,0,rejected by data-quality gates
DLTR.MX,2024-10,0,rejected by data-quality gates
DLTR.MX,2024-12,0,rejected by data-quality gates
DLTR.MX,2025-01,0,rejected by data-quality gates
DLTR.MX,2025-02,0,rejected by data-quality gates
DLTR.MX,2025-03,0,rejected by data-quality gates
DLTR.MX,2025-04,0,rejected by data-quality gates
DLTR.MX,2025-05,0,rejected by data-quality gates
DLTR.MX,2025-06,0,rejected by data-quality gates
DLTR.MX,2025-07,0,rejected by data-quality gates
DLTR.MX,2025-08,0,rejected by data-quality gates
DLTR.MX,2025-09,0,rejected by data-quality gates
DLTR.MX,2025-10,0,rejected by data-quality gates
DLTR.MX,2025-11,0,rejected by data-quality gates
DLTR.MX,2026-01,0,rejected by data-quality gates
DLTR.MX,2026-02,0,rejected by data-quality gates
DLTR.MX,2026-03,0,rejected by data-quality gates
DLTR.MX,2026-04,0,rejected by data-quality gates
DLTR.MX,2026-05,0,rejected by data-quality gates
DPZ.MX,2023-03,3,sessions=3<15 complete-indicator days
DPZ.MX,2023-05,0,rejected by data-quality gates
DPZ.MX,2023-08,0,rejected by data-quality gates
DPZ.MX,2023-09,0,rejected by data-quality gates
DPZ.MX,2023-10,0,rejected by data-quality gates
DPZ.MX,2023-11,0,rejected by data-quality gates
DPZ.MX,2023-12,0,rejected by data-quality gates
DPZ.MX,2024-01,0,rejected by data-quality gates
DPZ.MX,2024-03,0,rejected by data-quality gates
DPZ.MX,2024-04,0,rejected by data-quality gates
DPZ.MX,2024-05,0,rejected by data-quality gates
DPZ.MX,2024-09,0,rejected by data-quality gates
DPZ.MX,2024-12,0,rejected by data-quality gates
DPZ.MX,2025-05,0,rejected by data-quality gates
DPZ.MX,2025-06,0,rejected by data-quality gates
DPZ.MX,2025-07,0,rejected by data-quality gates
DPZ.MX,2025-08,0,rejected by data-quality gates
DPZ.MX,2025-09,0,rejected by data-quality gates
DPZ.MX,2025-12,0,rejected by data-quality gates
DPZ.MX,2026-01,0,rejected by data-quality gates
DUK.MX,2023-03,3,sessions=3<15 complete-indicator days
DUK.MX,2023-06,22,"undefined features: rs_last,rs_mean,rs_std,so_last"
DUK.MX,2023-08,23,"undefined features: rs_last,rs_mean,rs_std,so_last"
DUK.MX,2023-12,19,"undefined features: rs_last,rs_mean,rs_std,so_last"
DUK.MX,2024-01,22,"undefined features: rs_last,rs_mean,rs_std,so_last"
DUK.MX,2024-04,22,"undefined features: rs_last,rs_mean,rs_std,so_last"
DUK.MX,2024-05,22,"undefined features: rs_last,rs_mean,rs_std,so_last"
DUK.MX,2024-06,20,"undefined features: rs_last,rs_mean,rs_std"
DUK.MX,2024-07,23,"undefined features: rs_last,rs_mean,rs_std"
DUK.MX,2024-08,22,"undefined features: rs_last,rs_mean,rs_std"
DUK.MX,2024-09,20,"undefined features: rs_last,rs_mean,rs_std,so_last"
DUK.MX,2024-10,22,"undefined features: rs_last,rs_mean,rs_std"
DUK.MX,2024-11,20,"undefined features: rs_last,rs_mean,rs_std"
DUK.MX,2025-04,20,"undefined features: rs_last,rs_mean,rs_std"
DUK.MX,2025-05,21,"undefined features: rs_last,rs_mean,rs_std"
DUK.MX,2025-06,21,"undefined features: rs_last,rs_mean,rs_std,so_last"
DUK.MX,2025-07,23,"undefined features: rs_last,rs_mean,rs_std,so_last"
DUK.MX,2023-04,0,rejected by data-quality gates
DUK.MX,2023-05,0,rejected by data-quality gates
DUK.MX,2023-07,0,rejected by data-quality gates
DUK.MX,2023-09,0,rejected by data-quality gates
DUK.MX,2023-10,0,rejected by data-quality gates
DUK.MX,2023-11,0,rejected by data-quality gates
DUK.MX,2024-02,0,rejected by data-quality gates
DUK.MX,2024-03,0,rejected by data-quality gates
DUK.MX,2024-12,0,rejected by data-quality gates
DUK.MX,2025-01,0,rejected by data-quality gates
DUK.MX,2025-02,0,rejected by data-quality gates
DUK.MX,2025-03,0,rejected by data-quality gates
DUK.MX,2025-08,0,rejected by data-quality gates
DUK.MX,2025-09,0,rejected by data-quality gates
DUK.MX,2025-10,0,rejected by data-quality gates
DUK.MX,2025-11,0,rejected by data-quality gates
DUK.MX,2025-12,0,rejected by data-quality gates
DUK.MX,2026-01,0,rejected by data-quality gates
DUK.MX,2026-02,0,rejected by data-quality gates
DUK.MX,2026-03,0,rejected by data-quality gates
DUK.MX,2026-04,0,rejected by data-quality gates
DUK.MX,2026-05,0,rejected by data-quality gates
DUK.MX,2026-06,0,rejected by data-quality gates
DVA.MX,2023-03,3,sessions=3<15 complete-indicator days
DVA.MX,2023-04,18,"undefined features: rs_last,rs_mean,rs_std"
DVA.MX,2023-05,22,"undefined features: rs_last,rs_mean,rs_std"
DVA.MX,2023-06,22,"undefined features: rs_last,rs_mean,rs_std"
DVA.MX,2023-07,21,"undefined features: rs_last,rs_mean,rs_std,so_last"
DVA.MX,2023-08,23,"undefined features: rs_last,rs_mean,rs_std,so_last"
DVA.MX,2023-09,21,"undefined features: rs_last,rs_mean,rs_std,so_last"
DVA.MX,2023-10,22,"undefined features: rs_last,rs_mean,rs_std,so_last"
DVA.MX,2023-11,20,"undefined features: rs_last,rs_mean,rs_std,so_last"
DVA.MX,2023-12,19,"undefined features: rs_last,rs_mean,rs_std,so_last"
DVA.MX,2024-01,22,"undefined features: rs_last,rs_mean,rs_std,so_last"
DVA.MX,2024-02,20,"undefined features: rs_last,rs_mean,rs_std,so_last"
DVA.MX,2024-03,18,"undefined features: rs_last,rs_mean,rs_std,so_last"
DVA.MX,2024-04,22,"undefined features: rs_last,rs_mean,rs_std"
DVA.MX,2024-05,22,"undefined features: rs_last,rs_mean,rs_std"
DVA.MX,2024-06,20,"undefined features: rs_last,rs_mean,rs_std"
DVA.MX,2024-07,23,"undefined features: rs_last,rs_mean,rs_std"
DVA.MX,2024-08,22,"undefined features: rs_last,rs_mean,rs_std,so_last"
DVA.MX,2024-09,20,"undefined features: rs_last,rs_mean,rs_std,so_last"
DVA.MX,2024-10,22,"undefined features: rs_last,rs_mean,rs_std"
DVA.MX,2024-11,20,"undefined features: rs_last,rs_mean,rs_std"
DVA.MX,2024-12,20,"undefined features: rs_last,rs_mean,rs_std,so_last"
DVA.MX,2025-01,22,"undefined features: rs_last,rs_mean,rs_std,so_last"
DVA.MX,2025-02,19,"undefined features: rs_last,rs_mean,rs_std,so_last"
DVA.MX,2025-03,20,"undefined features: rs_last,rs_mean,rs_std,so_last"
DVA.MX,2025-04,20,"undefined features: rs_last,rs_mean,rs_std,so_last"
DVA.MX,2025-05,21,"undefined features: rs_last,rs_mean,rs_std,so_last"
DVA.MX,2025-06,21,"undefined features: rs_last,rs_mean,rs_std,so_last"
DVA.MX,2025-07,23,"undefined features: rs_last,rs_mean,rs_std,so_last"
DVA.MX,2025-08,21,"undefined features: rs_last,rs_mean,rs_std,so_last"
DVA.MX,2025-09,21,"undefined features: rs_last,rs_mean,rs_std,so_last"
DVA.MX,2025-10,23,"undefined features: rs_last,rs_mean,rs_std,so_last"
DVA.MX,2025-11,19,"undefined features: rs_last,rs_mean,rs_std,so_last"
DVA.MX,2025-12,21,"undefined features: rs_last,rs_mean,rs_std,so_last"
DVA.MX,2026-02,19,"undefined features: rs_last,rs_mean,rs_std,so_last"
DVA.MX,2026-03,21,"undefined features: rs_last,rs_mean,rs_std,so_last"
DVA.MX,2026-04,19,"undefined features: rs_last,rs_mean,rs_std,so_last"
DVA.MX,2026-05,20,"undefined features: rs_last,rs_mean,rs_std,so_last"
DVA.MX,2026-06,22,"undefined features: rs_last,rs_mean,rs_std"
DVA.MX,2026-01,0,rejected by data-quality gates
DVN.MX,2023-03,3,sessions=3<15 complete-indicator days
DVN.MX,2023-08,0,rejected by data-quality gates
DVN.MX,2024-03,0,rejected by data-quality gates
DVN.MX,2024-05,0,rejected by data-quality gates
DVN.MX,2024-07,0,rejected by data-quality gates
DVN.MX,2024-08,0,rejected by data-quality gates
DVN.MX,2025-03,0,rejected by data-quality gates
DVN.MX,2025-04,0,rejected by data-quality gates
DVN.MX,2025-05,0,rejected by data-quality gates
DVN.MX,2025-06,0,rejected by data-quality gates
DVN.MX,2025-08,0,rejected by data-quality gates
DVN.MX,2025-12,0,rejected by data-quality gates
DVN.MX,2026-06,0,rejected by data-quality gates
DXCM.MX,2023-03,3,sessions=3<15 complete-indicator days
DXCM.MX,2025-03,20,"undefined features: rs_last,rs_mean,rs_std"
DXCM.MX,2023-04,0,rejected by data-quality gates
DXCM.MX,2023-05,0,rejected by data-quality gates
DXCM.MX,2023-06,0,rejected by data-quality gates
DXCM.MX,2023-07,0,rejected by data-quality gates
DXCM.MX,2023-08,0,rejected by data-quality gates
DXCM.MX,2023-09,0,rejected by data-quality gates
DXCM.MX,2023-10,0,rejected by data-quality gates
DXCM.MX,2023-11,0,rejected by data-quality gates
DXCM.MX,2023-12,0,rejected by data-quality gates
DXCM.MX,2024-01,0,rejected by data-quality gates
DXCM.MX,2024-02,0,rejected by data-quality gates
DXCM.MX,2024-03,0,rejected by data-quality gates
DXCM.MX,2024-04,0,rejected by data-quality gates
DXCM.MX,2024-05,0,rejected by data-quality gates
DXCM.MX,2024-06,0,rejected by data-quality gates
DXCM.MX,2024-07,0,rejected by data-quality gates
DXCM.MX,2024-08,0,rejected by data-quality gates
DXCM.MX,2024-09,0,rejected by data-quality gates
DXCM.MX,2024-10,0,rejected by data-quality gates
DXCM.MX,2024-11,0,rejected by data-quality gates
DXCM.MX,2024-12,0,rejected by data-quality gates
DXCM.MX,2025-01,0,rejected by data-quality gates
DXCM.MX,2025-02,0,rejected by data-quality gates
DXCM.MX,2025-04,0,rejected by data-quality gates
DXCM.MX,2025-05,0,rejected by data-quality gates
DXCM.MX,2025-06,0,rejected by data-quality gates
DXCM.MX,2025-07,0,rejected by data-quality gates
DXCM.MX,2025-08,0,rejected by data-quality gates
DXCM.MX,2025-09,0,rejected by data-quality gates
DXCM.MX,2025-10,0,rejected by data-quality gates
DXCM.MX,2025-11,0,rejected by data-quality gates
DXCM.MX,2025-12,0,rejected by data-quality gates
DXCM.MX,2026-01,0,rejected by data-quality gates
DXCM.MX,2026-02,0,rejected by data-quality gates
DXCM.MX,2026-03,0,rejected by data-quality gates
DXCM.MX,2026-04,0,rejected by data-quality gates
DXCM.MX,2026-05,0,rejected by data-quality gates
DXCM.MX,2026-06,0,rejected by data-quality gates
EBAY.MX,2023-03,3,sessions=3<15 complete-indicator days
EBAY.MX,2023-04,0,rejected by data-quality gates
EBAY.MX,2023-05,0,rejected by data-quality gates
EBAY.MX,2023-06,0,rejected by data-quality gates
EBAY.MX,2023-08,0,rejected by data-quality gates
EBAY.MX,2023-09,0,rejected by data-quality gates
EBAY.MX,2023-10,0,rejected by data-quality gates
EBAY.MX,2023-12,0,rejected by data-quality gates
EBAY.MX,2024-01,0,rejected by data-quality gates
EBAY.MX,2024-02,0,rejected by data-quality gates
EBAY.MX,2024-03,0,rejected by data-quality gates
EBAY.MX,2024-04,0,rejected by data-quality gates
EBAY.MX,2024-05,0,rejected by data-quality gates
EBAY.MX,2024-08,0,rejected by data-quality gates
EBAY.MX,2024-09,0,rejected by data-quality gates
EBAY.MX,2024-10,0,rejected by data-quality gates
EBAY.MX,2024-12,0,rejected by data-quality gates
EBAY.MX,2025-01,0,rejected by data-quality gates
EBAY.MX,2025-03,0,rejected by data-quality gates
EBAY.MX,2025-06,0,rejected by data-quality gates
EBAY.MX,2025-07,0,rejected by data-quality gates
EBAY.MX,2025-09,0,rejected by data-quality gates
EBAY.MX,2025-10,0,rejected by data-quality gates
EBAY.MX,2025-12,0,rejected by data-quality gates
EBAY.MX,2026-01,0,rejected by data-quality gates
EBAY.MX,2026-02,0,rejected by data-quality gates
EBAY.MX,2026-03,0,rejected by data-quality gates
EBAY.MX,2026-04,0,rejected by data-quality gates
EBAY.MX,2026-05,0,rejected by data-quality gates
EBAY.MX,2026-06,0,rejected by data-quality gates
ECL.MX,2023-03,3,sessions=3<15 complete-indicator days
ECL.MX,2023-06,22,"undefined features: rs_last,rs_mean,rs_std,so_last"
ECL.MX,2023-09,21,"undefined features: rs_last,rs_mean,rs_std,so_last"
ECL.MX,2023-10,22,"undefined features: rs_last,rs_mean,rs_std,so_last"
ECL.MX,2023-12,19,"undefined features: rs_last,rs_mean,rs_std"
ECL.MX,2024-01,22,"undefined features: rs_last,rs_mean,rs_std"
ECL.MX,2024-10,22,"undefined features: rs_last,rs_mean,rs_std"
ECL.MX,2024-11,20,"undefined features: rs_last,rs_mean,rs_std,so_last"
ECL.MX,2024-12,20,"undefined features: rs_last,rs_mean,rs_std,so_last"
ECL.MX,2025-01,22,"undefined features: rs_last,rs_mean,rs_std,so_last"
ECL.MX,2025-02,19,"undefined features: rs_last,rs_mean,rs_std"
ECL.MX,2025-03,20,"undefined features: rs_last,rs_mean,rs_std"
ECL.MX,2025-06,21,"undefined features: rs_last,rs_mean,rs_std"
ECL.MX,2025-07,23,"undefined features: rs_last,rs_mean,rs_std,so_last"
ECL.MX,2025-08,21,"undefined features: rs_last,rs_mean,rs_std"
ECL.MX,2023-04,0,rejected by data-quality gates
ECL.MX,2023-05,0,rejected by data-quality gates
ECL.MX,2023-07,0,rejected by data-quality gates
ECL.MX,2023-08,0,rejected by data-quality gates
ECL.MX,2023-11,0,rejected by data-quality gates
ECL.MX,2024-02,0,rejected by data-quality gates
ECL.MX,2024-03,0,rejected by data-quality gates
ECL.MX,2024-04,0,rejected by data-quality gates
ECL.MX,2024-05,0,rejected by data-quality gates
ECL.MX,2024-06,0,rejected by data-quality gates
ECL.MX,2024-07,0,rejected by data-quality gates
ECL.MX,2024-08,0,rejected by data-quality gates
ECL.MX,2024-09,0,rejected by data-quality gates
ECL.MX,2025-04,0,rejected by data-quality gates
ECL.MX,2025-05,0,rejected by data-quality gates
ECL.MX,2025-09,0,rejected by data-quality gates
ECL.MX,2025-10,0,rejected by data-quality gates
ECL.MX,2025-11,0,rejected by data-quality gates
ECL.MX,2025-12,0,rejected by data-quality gates
ECL.MX,2026-01,0,rejected by data-quality gates
ECL.MX,2026-02,0,rejected by data-quality gates
ECL.MX,2026-03,0,rejected by data-quality gates
ECL.MX,2026-04,0,rejected by data-quality gates
ECL.MX,2026-05,0,rejected by data-quality gates
ECL.MX,2026-06,0,rejected by data-quality gates
EFX.MX,2023-03,3,sessions=3<15 complete-indicator days
EFX.MX,2023-04,18,"undefined features: rs_last,rs_mean,rs_std,so_last"
EFX.MX,2023-05,22,"undefined features: rs_last,rs_mean,rs_std,so_last"
EFX.MX,2023-08,23,"undefined features: rs_last,rs_mean,rs_std,so_last"
EFX.MX,2023-09,21,"undefined features: rs_last,rs_mean,rs_std,so_last"
EFX.MX,2023-10,22,"undefined features: rs_last,rs_mean,rs_std,so_last"
EFX.MX,2023-11,20,"undefined features: rs_last,rs_mean,rs_std,so_last"
EFX.MX,2023-12,19,"undefined features: rs_last,rs_mean,rs_std,so_last"
EFX.MX,2024-01,22,"undefined features: rs_last,rs_mean,rs_std,so_last"
EFX.MX,2024-02,20,"undefined features: rs_last,rs_mean,rs_std,so_last"
EFX.MX,2024-03,18,"undefined features: rs_last,rs_mean,rs_std,so_last"
EFX.MX,2024-04,22,"undefined features: rs_last,rs_mean,rs_std,so_last"
EFX.MX,2024-05,22,"undefined features: rs_last,rs_mean,rs_std,so_last"
EFX.MX,2024-06,20,"undefined features: rs_last,rs_mean,rs_std,so_last"
EFX.MX,2024-07,23,"undefined features: rs_last,rs_mean,rs_std,so_last"
EFX.MX,2024-08,22,"undefined features: rs_last,rs_mean,rs_std,so_last"
EFX.MX,2024-09,20,"undefined features: rs_last,rs_mean,rs_std"
EFX.MX,2024-11,20,undefined features: so_std
EFX.MX,2024-12,20,"undefined features: rs_last,rs_mean,rs_std,so_last"
EFX.MX,2025-01,22,"undefined features: rs_last,rs_mean,rs_std,so_last"
EFX.MX,2025-02,19,"undefined features: rs_last,rs_mean,rs_std,so_last"
EFX.MX,2025-10,23,"undefined features: rs_last,rs_mean,rs_std,so_last"
EFX.MX,2025-12,21,"undefined features: rs_last,rs_mean,rs_std,so_last"
EFX.MX,2026-03,21,"undefined features: rs_last,rs_mean,rs_std,so_last"
EFX.MX,2023-06,0,rejected by data-quality gates
EFX.MX,2023-07,0,rejected by data-quality gates
EFX.MX,2024-10,0,rejected by data-quality gates
EFX.MX,2025-03,0,rejected by data-quality gates
EFX.MX,2025-04,0,rejected by data-quality gates
EFX.MX,2025-05,0,rejected by data-quality gates
EFX.MX,2025-06,0,rejected by data-quality gates
EFX.MX,2025-07,0,rejected by data-quality gates
EFX.MX,2025-08,0,rejected by data-quality gates
EFX.MX,2025-09,0,rejected by data-quality gates
EFX.MX,2025-11,0,rejected by data-quality gates
EFX.MX,2026-01,0,rejected by data-quality gates
EFX.MX,2026-02,0,rejected by data-quality gates
EFX.MX,2026-04,0,rejected by data-quality gates
EFX.MX,2026-05,0,rejected by data-quality gates
EFX.MX,2026-06,0,rejected by data-quality gates
EL.MX,2023-03,3,sessions=3<15 complete-indicator days
EL.MX,2023-09,0,rejected by data-quality gates
EL.MX,2023-10,0,rejected by data-quality gates
EL.MX,2023-11,0,rejected by data-quality gates
EL.MX,2023-12,0,rejected by data-quality gates
EL.MX,2024-01,0,rejected by data-quality gates
EL.MX,2024-02,0,rejected by data-quality gates
EL.MX,2024-03,0,rejected by data-quality gates
EL.MX,2024-04,0,rejected by data-quality gates
EL.MX,2024-05,0,rejected by data-quality gates
EL.MX,2024-06,0,rejected by data-quality gates
EL.MX,2024-10,0,rejected by data-quality gates
EL.MX,2025-11,0,rejected by data-quality gates
EL.MX,2025-12,0,rejected by data-quality gates
EL.MX,2026-01,0,rejected by data-quality gates
EL.MX,2026-02,0,rejected by data-quality gates
EL.MX,2026-04,0,rejected by data-quality gates
EL.MX,2026-06,0,rejected by data-quality gates
ELAN.MX,2023-03,3,sessions=3<15 complete-indicator days
ELAN.MX,2023-04,18,"undefined features: rs_last,rs_mean,rs_std,so_last"
ELAN.MX,2023-05,22,"undefined features: rs_last,rs_mean,rs_std,so_last"
ELAN.MX,2023-06,22,"undefined features: rs_last,rs_mean,rs_std,so_last"
ELAN.MX,2023-07,21,"undefined features: rs_last,rs_mean,rs_std,so_last"
ELAN.MX,2023-08,23,"undefined features: rs_last,rs_mean,rs_std,so_last"
ELAN.MX,2023-09,21,"undefined features: rs_last,rs_mean,rs_std,so_last"
ELAN.MX,2023-10,22,"undefined features: rs_last,rs_mean,rs_std,so_last"
ELAN.MX,2023-11,20,"undefined features: rs_last,rs_mean,rs_std,so_last"
ELAN.MX,2023-12,19,"undefined features: rs_last,rs_mean,rs_std,so_last"
ELAN.MX,2024-01,22,"undefined features: rs_last,rs_mean,rs_std,so_last"
ELAN.MX,2024-02,20,"undefined features: rs_last,rs_mean,rs_std,so_last"
ELAN.MX,2024-03,18,"undefined features: rs_last,rs_mean,rs_std,so_last"
ELAN.MX,2024-04,22,"undefined features: rs_last,rs_mean,rs_std,so_last"
ELAN.MX,2024-06,20,"undefined features: rs_last,rs_mean,rs_std"
ELAN.MX,2024-07,23,"undefined features: rs_last,rs_mean,rs_std,so_last"
ELAN.MX,2024-08,22,"undefined features: rs_last,rs_mean,rs_std,so_last"
ELAN.MX,2024-09,20,"undefined features: rs_last,rs_mean,rs_std,so_last"
ELAN.MX,2024-10,22,"undefined features: rs_last,rs_mean,rs_std,so_last"
ELAN.MX,2024-11,20,"undefined features: rs_last,rs_mean,rs_std,so_last"
ELAN.MX,2024-12,20,"undefined features: rs_last,rs_mean,rs_std,so_last"
ELAN.MX,2025-01,22,"undefined features: rs_last,rs_mean,rs_std,so_last"
ELAN.MX,2025-03,20,"undefined features: rs_last,rs_mean,rs_std,so_last"
ELAN.MX,2025-04,20,"undefined features: rs_last,rs_mean,rs_std,so_last"
ELAN.MX,2025-05,21,"undefined features: rs_last,rs_mean,rs_std,so_std"
ELAN.MX,2025-06,21,"undefined features: rs_last,rs_mean,rs_std"
ELAN.MX,2025-07,23,"undefined features: rs_last,rs_mean,rs_std,so_last"
ELAN.MX,2025-08,21,"undefined features: rs_last,rs_mean,rs_std,so_last"
ELAN.MX,2025-09,21,"undefined features: rs_last,rs_mean,rs_std,so_last"
ELAN.MX,2025-10,23,"undefined features: rs_last,rs_mean,rs_std,so_last"
ELAN.MX,2025-11,19,"undefined features: rs_last,rs_mean,rs_std,so_last"
ELAN.MX,2025-12,21,"undefined features: rs_last,rs_mean,rs_std"
ELAN.MX,2026-01,21,"undefined features: rs_last,rs_mean,rs_std"
ELAN.MX,2026-02,19,"undefined features: rs_last,rs_mean,rs_std,so_last"
ELAN.MX,2026-03,21,"undefined features: rs_last,rs_mean,rs_std,so_last"
ELAN.MX,2026-04,19,"undefined features: rs_last,rs_mean,rs_std,so_last"
ELAN.MX,2026-05,20,"undefined features: rs_last,rs_mean,rs_std,so_last"
ELAN.MX,2026-06,22,"undefined features: rs_last,rs_mean,rs_std,so_last"
ELAN.MX,2024-05,0,rejected by data-quality gates
ELAN.MX,2025-02,0,rejected by data-quality gates
ELV.MX,2023-03,3,sessions=3<15 complete-indicator days
ELV.MX,2023-12,19,"undefined features: rs_last,rs_mean,rs_std"
ELV.MX,2024-01,22,"undefined features: rs_last,rs_mean,rs_std,so_last"
ELV.MX,2024-06,20,undefined features: rs_std
ELV.MX,2026-05,20,"undefined features: rs_last,rs_mean,rs_std"
ELV.MX,2023-04,0,rejected by data-quality gates
ELV.MX,2023-05,0,rejected by data-quality gates
ELV.MX,2023-06,0,rejected by data-quality gates
ELV.MX,2023-07,0,rejected by data-quality gates
ELV.MX,2023-08,0,rejected by data-quality gates
ELV.MX,2023-09,0,rejected by data-quality gates
ELV.MX,2023-10,0,rejected by data-quality gates
ELV.MX,2023-11,0,rejected by data-quality gates
ELV.MX,2024-02,0,rejected by data-quality gates
ELV.MX,2024-03,0,rejected by data-quality gates
ELV.MX,2024-04,0,rejected by data-quality gates
ELV.MX,2024-05,0,rejected by data-quality gates
ELV.MX,2024-07,0,rejected by data-quality gates
ELV.MX,2024-09,0,rejected by data-quality gates
ELV.MX,2024-10,0,rejected by data-quality gates
ELV.MX,2024-11,0,rejected by data-quality gates
ELV.MX,2024-12,0,rejected by data-quality gates
ELV.MX,2025-01,0,rejected by data-quality gates
ELV.MX,2025-02,0,rejected by data-quality gates
ELV.MX,2025-03,0,rejected by data-quality gates
ELV.MX,2025-04,0,rejected by data-quality gates
ELV.MX,2025-05,0,rejected by data-quality gates
ELV.MX,2025-06,0,rejected by data-quality gates
ELV.MX,2025-07,0,rejected by data-quality gates
ELV.MX,2025-08,0,rejected by data-quality gates
ELV.MX,2025-09,0,rejected by data-quality gates
ELV.MX,2025-10,0,rejected by data-quality gates
ELV.MX,2025-11,0,rejected by data-quality gates
ELV.MX,2025-12,0,rejected by data-quality gates
ELV.MX,2026-01,0,rejected by data-quality gates
ELV.MX,2026-02,0,rejected by data-quality gates
ELV.MX,2026-03,0,rejected by data-quality gates
ELV.MX,2026-04,0,rejected by data-quality gates
ELV.MX,2026-06,0,rejected by data-quality gates
EMR.MX,2023-03,3,sessions=3<15 complete-indicator days
EMR.MX,2023-12,19,"undefined features: rs_last,rs_mean,rs_std"
EMR.MX,2024-06,20,undefined features: so_std
EMR.MX,2024-07,23,"undefined features: rs_last,rs_mean,rs_std"
EMR.MX,2024-08,22,"undefined features: rs_last,rs_mean,rs_std,so_last"
EMR.MX,2024-09,20,"undefined features: rs_last,rs_mean,rs_std,so_last"
EMR.MX,2024-10,22,"undefined features: rs_last,rs_mean,rs_std,so_last"
EMR.MX,2024-11,20,"undefined features: rs_last,rs_mean,rs_std,so_last"
EMR.MX,2024-12,20,"undefined features: rs_last,rs_mean,rs_std,so_last"
EMR.MX,2025-01,22,"undefined features: rs_last,rs_mean,rs_std"
EMR.MX,2025-04,20,"undefined features: rs_last,rs_mean,rs_std,so_last"
EMR.MX,2025-06,21,"undefined features: rs_last,rs_mean,rs_std"
EMR.MX,2025-07,23,"undefined features: rs_last,rs_mean,rs_std"
EMR.MX,2026-05,20,"undefined features: rs_last,rs_mean,rs_std"
EMR.MX,2026-06,22,"undefined features: rs_last,rs_mean,rs_std"
EMR.MX,2023-04,0,rejected by data-quality gates
EMR.MX,2023-05,0,rejected by data-quality gates
EMR.MX,2023-06,0,rejected by data-quality gates
EMR.MX,2023-07,0,rejected by data-quality gates
EMR.MX,2023-08,0,rejected by data-quality gates
EMR.MX,2023-09,0,rejected by data-quality gates
EMR.MX,2023-10,0,rejected by data-quality gates
EMR.MX,2023-11,0,rejected by data-quality gates
EMR.MX,2024-01,0,rejected by data-quality gates
EMR.MX,2024-02,0,rejected by data-quality gates
EMR.MX,2024-03,0,rejected by data-quality gates
EMR.MX,2024-04,0,rejected by data-quality gates
EMR.MX,2024-05,0,rejected by data-quality gates
EMR.MX,2025-02,0,rejected by data-quality gates
EMR.MX,2025-03,0,rejected by data-quality gates
EMR.MX,2025-05,0,rejected by data-quality gates
EMR.MX,2025-08,0,rejected by data-quality gates
EMR.MX,2025-09,0,rejected by data-quality gates
EMR.MX,2025-10,0,rejected by data-quality gates
EMR.MX,2025-11,0,rejected by data-quality gates
EMR.MX,2025-12,0,rejected by data-quality gates
EMR.MX,2026-01,0,rejected by data-quality gates
EMR.MX,2026-02,0,rejected by data-quality gates
EMR.MX,2026-03,0,rejected by data-quality gates
EMR.MX,2026-04,0,rejected by data-quality gates
ENTG.MX,2023-03,3,sessions=3<15 complete-indicator days
ENTG.MX,2023-04,18,"undefined features: rs_last,rs_mean,rs_std,so_last"
ENTG.MX,2023-06,22,"undefined features: rs_last,rs_mean,rs_std"
ENTG.MX,2023-09,21,"undefined features: rs_last,rs_mean,rs_std,so_last"
ENTG.MX,2023-10,22,"undefined features: rs_std,so_std"
ENTG.MX,2023-12,19,"undefined features: rs_last,rs_mean,rs_std"
ENTG.MX,2024-01,22,"undefined features: rs_last,rs_mean,rs_std"
ENTG.MX,2024-02,20,"undefined features: rs_last,rs_mean,rs_std"
ENTG.MX,2024-03,18,"undefined features: rs_last,rs_mean,rs_std"
ENTG.MX,2024-04,22,undefined features: rs_std
ENTG.MX,2024-09,20,"undefined features: rs_last,rs_mean,rs_std"
ENTG.MX,2024-10,22,"undefined features: rs_last,rs_mean,rs_std"
ENTG.MX,2025-01,22,"undefined features: rs_last,rs_mean,rs_std,so_last"
ENTG.MX,2025-02,19,"undefined features: rs_last,rs_mean,rs_std,so_last"
ENTG.MX,2025-03,20,"undefined features: rs_last,rs_mean,rs_std,so_last"
ENTG.MX,2025-04,20,"undefined features: rs_last,rs_mean,rs_std,so_last"
ENTG.MX,2025-05,21,"undefined features: rs_last,rs_mean,rs_std,so_last"
ENTG.MX,2025-06,21,"undefined features: rs_last,rs_mean,rs_std,so_last"
ENTG.MX,2025-12,21,"undefined features: rs_last,rs_mean,rs_std,so_last"
ENTG.MX,2026-01,21,"undefined features: rs_last,rs_mean,rs_std,so_last"
ENTG.MX,2026-02,19,"undefined features: rs_last,rs_mean,rs_std,so_last"
ENTG.MX,2026-03,21,"undefined features: rs_last,rs_mean,rs_std"
ENTG.MX,2026-04,19,"undefined features: rs_last,rs_mean,rs_std,so_last"
ENTG.MX,2026-05,20,"undefined features: rs_last,rs_mean,rs_std,so_last"
ENTG.MX,2026-06,22,"undefined features: rs_last,rs_mean,rs_std"
ENTG.MX,2023-05,0,rejected by data-quality gates
ENTG.MX,2023-07,0,rejected by data-quality gates
ENTG.MX,2023-08,0,rejected by data-quality gates
ENTG.MX,2023-11,0,rejected by data-quality gates
ENTG.MX,2024-05,0,rejected by data-quality gates
ENTG.MX,2024-06,0,rejected by data-quality gates
ENTG.MX,2024-07,0,rejected by data-quality gates
ENTG.MX,2024-08,0,rejected by data-quality gates
ENTG.MX,2024-11,0,rejected by data-quality gates
ENTG.MX,2024-12,0,rejected by data-quality gates
ENTG.MX,2025-07,0,rejected by data-quality gates
ENTG.MX,2025-08,0,rejected by data-quality gates
ENTG.MX,2025-09,0,rejected by data-quality gates
ENTG.MX,2025-10,0,rejected by data-quality gates
ENTG.MX,2025-11,0,rejected by data-quality gates
EOG.MX,2023-03,3,sessions=3<15 complete-indicator days
EOG.MX,2024-04,22,"undefined features: rs_last,rs_mean,rs_std"
EOG.MX,2023-04,0,rejected by data-quality gates
EOG.MX,2023-05,0,rejected by data-quality gates
EOG.MX,2023-06,0,rejected by data-quality gates
EOG.MX,2023-07,0,rejected by data-quality gates
EOG.MX,2023-08,0,rejected by data-quality gates
EOG.MX,2023-09,0,rejected by data-quality gates
EOG.MX,2023-10,0,rejected by data-quality gates
EOG.MX,2023-11,0,rejected by data-quality gates
EOG.MX,2023-12,0,rejected by data-quality gates
EOG.MX,2024-01,0,rejected by data-quality gates
EOG.MX,2024-02,0,rejected by data-quality gates
EOG.MX,2024-03,0,rejected by data-quality gates
EOG.MX,2024-05,0,rejected by data-quality gates
EOG.MX,2024-06,0,rejected by data-quality gates
EOG.MX,2024-07,0,rejected by data-quality gates
EOG.MX,2024-08,0,rejected by data-quality gates
EOG.MX,2024-09,0,rejected by data-quality gates
EOG.MX,2024-10,0,rejected by data-quality gates
EOG.MX,2024-11,0,rejected by data-quality gates
EOG.MX,2024-12,0,rejected by data-quality gates
EOG.MX,2025-01,0,rejected by data-quality gates
EOG.MX,2025-02,0,rejected by data-quality gates
EOG.MX,2025-03,0,rejected by data-quality gates
EOG.MX,2025-04,0,rejected by data-quality gates
EOG.MX,2025-06,0,rejected by data-quality gates
EOG.MX,2025-07,0,rejected by data-quality gates
EOG.MX,2025-08,0,rejected by data-quality gates
EOG.MX,2025-09,0,rejected by data-quality gates
EOG.MX,2025-10,0,rejected by data-quality gates
EOG.MX,2025-11,0,rejected by data-quality gates
EOG.MX,2025-12,0,rejected by data-quality gates
EOG.MX,2026-02,0,rejected by data-quality gates
EOG.MX,2026-03,0,rejected by data-quality gates
EOG.MX,2026-04,0,rejected by data-quality gates
EOG.MX,2026-05,0,rejected by data-quality gates
EOG.MX,2026-06,0,rejected by data-quality gates
EQIX.MX,2023-03,3,sessions=3<15 complete-indicator days
EQIX.MX,2023-12,19,"undefined features: rs_last,rs_mean,rs_std"
EQIX.MX,2024-01,22,"undefined features: rs_last,rs_mean,rs_std,so_last"
EQIX.MX,2024-02,20,"undefined features: rs_last,rs_mean,rs_std"
EQIX.MX,2024-03,18,"undefined features: rs_last,rs_mean,rs_std"
EQIX.MX,2024-06,20,"undefined features: rs_last,rs_mean,rs_std,so_last"
EQIX.MX,2024-07,23,"undefined features: rs_last,rs_mean,rs_std,so_std"
EQIX.MX,2024-08,22,"undefined features: rs_last,rs_mean,rs_std"
EQIX.MX,2024-09,20,"undefined features: rs_last,rs_mean,rs_std,so_last"
EQIX.MX,2024-10,22,"undefined features: rs_last,rs_mean,rs_std,so_last"
EQIX.MX,2024-11,20,"undefined features: rs_last,rs_mean,rs_std,so_last"
EQIX.MX,2024-12,20,"undefined features: rs_last,rs_mean,rs_std,so_last"
EQIX.MX,2025-01,22,"undefined features: rs_last,rs_mean,rs_std,so_std"
EQIX.MX,2025-02,19,"undefined features: rs_last,rs_mean,rs_std"
EQIX.MX,2026-02,19,"undefined features: rs_last,rs_mean,rs_std"
EQIX.MX,2026-03,21,"undefined features: rs_last,rs_mean,rs_std"
EQIX.MX,2026-04,19,"undefined features: rs_last,rs_mean,rs_std"
EQIX.MX,2023-04,0,rejected by data-quality gates
EQIX.MX,2023-05,0,rejected by data-quality gates
EQIX.MX,2023-06,0,rejected by data-quality gates
EQIX.MX,2023-07,0,rejected by data-quality gates
EQIX.MX,2023-08,0,rejected by data-quality gates
EQIX.MX,2023-09,0,rejected by data-quality gates
EQIX.MX,2023-10,0,rejected by data-quality gates
EQIX.MX,2023-11,0,rejected by data-quality gates
EQIX.MX,2024-04,0,rejected by data-quality gates
EQIX.MX,2024-05,0,rejected by data-quality gates
EQIX.MX,2025-03,0,rejected by data-quality gates
EQIX.MX,2025-04,0,rejected by data-quality gates
EQIX.MX,2025-05,0,rejected by data-quality gates
EQIX.MX,2025-06,0,rejected by data-quality gates
EQIX.MX,2025-07,0,rejected by data-quality gates
EQIX.MX,2025-08,0,rejected by data-quality gates
EQIX.MX,2025-09,0,rejected by data-quality gates
EQIX.MX,2025-10,0,rejected by data-quality gates
EQIX.MX,2025-11,0,rejected by data-quality gates
EQIX.MX,2025-12,0,rejected by data-quality gates
EQIX.MX,2026-01,0,rejected by data-quality gates
EQIX.MX,2026-05,0,rejected by data-quality gates
EQIX.MX,2026-06,0,rejected by data-quality gates
EQR.MX,2023-03,3,sessions=3<15 complete-indicator days
EQR.MX,2023-04,18,"undefined features: rs_last,rs_mean,rs_std,so_last"
EQR.MX,2023-05,22,"undefined features: rs_last,rs_mean,rs_std,so_last"
EQR.MX,2023-06,22,"undefined features: rs_last,rs_mean,rs_std,so_last"
EQR.MX,2023-07,21,"undefined features: rs_last,rs_mean,rs_std,so_last"
EQR.MX,2023-08,23,"undefined features: rs_last,rs_mean,rs_std,so_last"
EQR.MX,2023-09,21,"undefined features: rs_last,rs_mean,rs_std,so_last"
EQR.MX,2023-10,22,"undefined features: rs_last,rs_mean,rs_std,so_last"
EQR.MX,2023-11,20,"undefined features: rs_last,rs_mean,rs_std,so_last"
EQR.MX,2023-12,19,"undefined features: rs_last,rs_mean,rs_std,so_last"
EQR.MX,2024-04,22,"undefined features: rs_last,rs_mean,rs_std,so_last"
EQR.MX,2024-05,22,"undefined features: rs_last,rs_mean,rs_std,so_last"
EQR.MX,2024-06,20,"undefined features: rs_last,rs_mean,rs_std,so_last"
EQR.MX,2024-07,23,"undefined features: rs_last,rs_mean,rs_std,so_last"
EQR.MX,2024-08,22,"undefined features: rs_last,rs_mean,rs_std,so_last"
EQR.MX,2024-09,20,"undefined features: rs_last,rs_mean,rs_std,so_last"
EQR.MX,2024-10,22,"undefined features: rs_last,rs_mean,rs_std,so_last"
EQR.MX,2024-11,20,"undefined features: rs_last,rs_mean,rs_std,so_last"
EQR.MX,2024-12,20,"undefined features: rs_last,rs_mean,rs_std,so_last"
EQR.MX,2025-01,22,"undefined features: rs_last,rs_mean,rs_std,so_last"
EQR.MX,2025-02,19,"undefined features: rs_last,rs_mean,rs_std,so_last"
EQR.MX,2025-03,20,"undefined features: rs_last,rs_mean,rs_std"
EQR.MX,2025-04,20,"undefined features: rs_last,rs_mean,rs_std"
EQR.MX,2025-05,21,"undefined features: rs_last,rs_mean,rs_std,so_last"
EQR.MX,2025-06,21,"undefined features: rs_last,rs_mean,rs_std,so_last"
EQR.MX,2025-07,23,"undefined features: rs_last,rs_mean,rs_std,so_last"
EQR.MX,2025-08,21,"undefined features: rs_last,rs_mean,rs_std,so_last"
EQR.MX,2025-09,21,"undefined features: rs_last,rs_mean,rs_std,so_last"
EQR.MX,2025-10,23,"undefined features: rs_last,rs_mean,rs_std,so_last"
EQR.MX,2025-11,19,"undefined features: rs_last,rs_mean,rs_std,so_last"
EQR.MX,2025-12,21,"undefined features: rs_last,rs_mean,rs_std,so_last"
EQR.MX,2026-01,21,"undefined features: rs_last,rs_mean,rs_std,so_last"
EQR.MX,2026-02,19,"undefined features: rs_last,rs_mean,rs_std,so_last"
EQR.MX,2026-05,20,"undefined features: rs_last,rs_mean,rs_std"
EQR.MX,2026-06,22,"undefined features: rs_last,rs_mean,rs_std,so_last"
EQR.MX,2024-01,0,rejected by data-quality gates
EQR.MX,2024-02,0,rejected by data-quality gates
EQR.MX,2024-03,0,rejected by data-quality gates
EQR.MX,2026-03,0,rejected by data-quality gates
EQR.MX,2026-04,0,rejected by data-quality gates
EQT.MX,2023-03,3,sessions=3<15 complete-indicator days
EQT.MX,2023-06,22,"undefined features: rs_last,rs_mean,rs_std"
EQT.MX,2023-07,21,"undefined features: rs_last,rs_mean,rs_std"
EQT.MX,2023-09,21,"undefined features: rs_last,rs_mean,rs_std,so_last"
EQT.MX,2023-10,22,"undefined features: rs_last,rs_mean,rs_std"
EQT.MX,2023-11,20,"undefined features: rs_last,rs_mean,rs_std,so_last"
EQT.MX,2023-12,19,"undefined features: rs_last,rs_mean,rs_std,so_last"
EQT.MX,2024-01,22,"undefined features: rs_last,rs_mean,rs_std,so_last"
EQT.MX,2024-02,20,"undefined features: rs_last,rs_mean,rs_std,so_last"
EQT.MX,2024-03,18,"undefined features: rs_last,rs_mean,rs_std,so_last"
EQT.MX,2024-04,22,"undefined features: rs_last,rs_mean,rs_std,so_last"
EQT.MX,2024-05,22,"undefined features: rs_last,rs_mean,rs_std,so_last"
EQT.MX,2024-06,20,"undefined features: rs_last,rs_mean,rs_std,so_last"
EQT.MX,2024-09,20,"undefined features: rs_last,rs_mean,rs_std"
EQT.MX,2024-12,20,"undefined features: rs_last,rs_mean,rs_std"
EQT.MX,2025-05,21,"undefined features: rs_last,rs_mean,rs_std,so_last"
EQT.MX,2025-06,21,"undefined features: rs_last,rs_mean,rs_std"
EQT.MX,2026-03,21,"undefined features: rs_last,rs_mean,rs_std"
EQT.MX,2023-04,0,rejected by data-quality gates
EQT.MX,2023-05,0,rejected by data-quality gates
EQT.MX,2023-08,0,rejected by data-quality gates
EQT.MX,2024-07,0,rejected by data-quality gates
EQT.MX,2024-08,0,rejected by data-quality gates
EQT.MX,2024-10,0,rejected by data-quality gates
EQT.MX,2024-11,0,rejected by data-quality gates
EQT.MX,2025-01,0,rejected by data-quality gates
EQT.MX,2025-02,0,rejected by data-quality gates
EQT.MX,2025-03,0,rejected by data-quality gates
EQT.MX,2025-04,0,rejected by data-quality gates
EQT.MX,2025-07,0,rejected by data-quality gates
EQT.MX,2025-08,0,rejected by data-quality gates
EQT.MX,2025-09,0,rejected by data-quality gates
EQT.MX,2025-10,0,rejected by data-quality gates
EQT.MX,2025-11,0,rejected by data-quality gates
EQT.MX,2025-12,0,rejected by data-quality gates
EQT.MX,2026-01,0,rejected by data-quality gates
EQT.MX,2026-02,0,rejected by data-quality gates
EQT.MX,2026-04,0,rejected by data-quality gates
EQT.MX,2026-05,0,rejected by data-quality gates
EQT.MX,2026-06,0,rejected by data-quality gates
ETR.MX,2023-11,10,sessions=10<15 complete-indicator days
ETR.MX,2023-12,19,"undefined features: rs_last,rs_mean,rs_std,so_last"
ETR.MX,2024-01,22,"undefined features: rs_last,rs_mean,rs_std"
ETR.MX,2024-02,20,"undefined features: rs_last,rs_mean,rs_std"
ETR.MX,2024-03,18,"undefined features: rs_last,rs_mean,rs_std,so_last"
ETR.MX,2024-05,22,"undefined features: rs_last,rs_mean,rs_std,so_last"
ETR.MX,2024-06,20,"undefined features: rs_last,rs_mean,rs_std,so_last"
ETR.MX,2024-07,23,"undefined features: rs_last,rs_mean,rs_std,so_last"
ETR.MX,2024-08,22,"undefined features: rs_last,rs_mean,rs_std,so_last"
ETR.MX,2024-09,20,"undefined features: rs_last,rs_mean,rs_std,so_last"
ETR.MX,2024-10,22,"undefined features: rs_last,rs_mean,rs_std,so_last"
ETR.MX,2024-11,20,"undefined features: rs_last,rs_mean,rs_std,so_last"
ETR.MX,2024-12,20,"undefined features: rs_last,rs_mean,rs_std,so_last"
ETR.MX,2025-01,22,"undefined features: rs_last,rs_mean,rs_std"
ETR.MX,2025-02,19,"undefined features: rs_last,rs_mean,rs_std,so_last"
ETR.MX,2025-03,20,"undefined features: rs_last,rs_mean,rs_std"
ETR.MX,2025-08,21,"undefined features: rs_last,rs_mean,rs_std,so_last"
ETR.MX,2025-09,21,"undefined features: rs_last,rs_mean,rs_std"
ETR.MX,2026-03,21,"undefined features: rs_last,rs_mean,rs_std"
ETR.MX,2026-04,19,"undefined features: rs_last,rs_mean,rs_std,so_last"
ETR.MX,2026-05,20,"undefined features: rs_last,rs_mean,rs_std"
ETR.MX,2026-06,22,"undefined features: rs_last,rs_mean,rs_std,so_last"
ETR.MX,2024-04,0,rejected by data-quality gates
ETR.MX,2025-04,0,rejected by data-quality gates
ETR.MX,2025-05,0,rejected by data-quality gates
ETR.MX,2025-06,0,rejected by data-quality gates
ETR.MX,2025-07,0,rejected by data-quality gates
ETR.MX,2025-10,0,rejected by data-quality gates
ETR.MX,2025-11,0,rejected by data-quality gates
ETR.MX,2025-12,0,rejected by data-quality gates
ETR.MX,2026-01,0,rejected by data-quality gates
ETR.MX,2026-02,0,rejected by data-quality gates
EVR.MX,2023-03,3,sessions=3<15 complete-indicator days
EVR.MX,2023-04,18,"undefined features: rs_last,rs_mean,rs_std,so_last"
EVR.MX,2023-05,22,"undefined features: rs_last,rs_mean,rs_std,so_last"
EVR.MX,2023-06,22,"undefined features: rs_last,rs_mean,rs_std,so_last"
EVR.MX,2023-07,21,"undefined features: rs_last,rs_mean,rs_std,so_last"
EVR.MX,2023-08,23,"undefined features: rs_last,rs_mean,rs_std,so_last"
EVR.MX,2023-09,21,"undefined features: rs_last,rs_mean,rs_std,so_last"
EVR.MX,2023-10,22,"undefined features: rs_last,rs_mean,rs_std,so_last"
EVR.MX,2023-11,20,"undefined features: rs_last,rs_mean,rs_std,so_last"
EVR.MX,2023-12,19,"undefined features: rs_last,rs_mean,rs_std,so_last"
EVR.MX,2024-01,22,"undefined features: rs_last,rs_mean,rs_std,so_last"
EVR.MX,2024-02,20,"undefined features: rs_last,rs_mean,rs_std,so_last"
EVR.MX,2024-03,18,"undefined features: rs_last,rs_mean,rs_std,so_last"
EVR.MX,2024-04,22,"undefined features: rs_last,rs_mean,rs_std,so_last"
EVR.MX,2024-05,22,"undefined features: rs_last,rs_mean,rs_std,so_last"
EVR.MX,2024-06,20,"undefined features: rs_last,rs_mean,rs_std,so_last"
EVR.MX,2024-07,23,"undefined features: rs_last,rs_mean,rs_std,so_last"
EVR.MX,2024-08,22,"undefined features: rs_last,rs_mean,rs_std,so_last"
EVR.MX,2024-09,20,"undefined features: rs_last,rs_mean,rs_std,so_last"
EVR.MX,2024-10,22,"undefined features: rs_last,rs_mean,rs_std,so_last"
EVR.MX,2024-11,20,"undefined features: rs_last,rs_mean,rs_std,so_last"
EVR.MX,2024-12,20,"undefined features: rs_last,rs_mean,rs_std,so_last"
EVR.MX,2025-01,22,"undefined features: rs_last,rs_mean,rs_std,so_last"
EVR.MX,2025-02,19,"undefined features: rs_last,rs_mean,rs_std,so_last"
EVR.MX,2025-03,20,"undefined features: rs_last,rs_mean,rs_std,so_last"
EVR.MX,2025-04,20,"undefined features: rs_last,rs_mean,rs_std,so_last"
EVR.MX,2025-05,21,"undefined features: rs_last,rs_mean,rs_std,so_last"
EVR.MX,2025-06,21,"undefined features: rs_last,rs_mean,rs_std,so_last"
EVR.MX,2025-07,23,"undefined features: rs_last,rs_mean,rs_std"
EVR.MX,2025-08,21,"undefined features: rs_last,rs_mean,rs_std"
EVR.MX,2025-09,21,"undefined features: rs_last,rs_mean,rs_std"
EVR.MX,2025-12,21,"undefined features: rs_last,rs_mean,rs_std,so_last"
EVR.MX,2026-01,21,"undefined features: rs_last,rs_mean,rs_std,so_last"
EVR.MX,2026-02,19,"undefined features: rs_last,rs_mean,rs_std,so_last"
EVR.MX,2026-03,21,"undefined features: rs_last,rs_mean,rs_std,so_last"
EVR.MX,2026-04,19,"undefined features: rs_last,rs_mean,rs_std"
EVR.MX,2026-05,20,"undefined features: rs_last,rs_mean,rs_std"
EVR.MX,2026-06,22,"undefined features: rs_last,rs_mean,rs_std,so_last"
EVR.MX,2025-10,0,rejected by data-quality gates
EVR.MX,2025-11,0,rejected by data-quality gates
EW.MX,2023-03,3,sessions=3<15 complete-indicator days
EW.MX,2024-12,20,"undefined features: rs_last,rs_mean,rs_std"
EW.MX,2025-02,19,undefined features: rs_std
EW.MX,2025-11,19,"undefined features: rs_last,rs_mean,rs_std"
EW.MX,2026-03,21,"undefined features: rs_last,rs_mean,rs_std"
EW.MX,2023-04,0,rejected by data-quality gates
EW.MX,2023-05,0,rejected by data-quality gates
EW.MX,2023-06,0,rejected by data-quality gates
EW.MX,2023-07,0,rejected by data-quality gates
EW.MX,2023-08,0,rejected by data-quality gates
EW.MX,2023-09,0,rejected by data-quality gates
EW.MX,2023-10,0,rejected by data-quality gates
EW.MX,2023-11,0,rejected by data-quality gates
EW.MX,2023-12,0,rejected by data-quality gates
EW.MX,2024-01,0,rejected by data-quality gates
EW.MX,2024-02,0,rejected by data-quality gates
EW.MX,2024-03,0,rejected by data-quality gates
EW.MX,2024-04,0,rejected by data-quality gates
EW.MX,2024-05,0,rejected by data-quality gates
EW.MX,2024-06,0,rejected by data-quality gates
EW.MX,2024-07,0,rejected by data-quality gates
EW.MX,2024-08,0,rejected by data-quality gates
EW.MX,2024-09,0,rejected by data-quality gates
EW.MX,2024-10,0,rejected by data-quality gates
EW.MX,2024-11,0,rejected by data-quality gates
EW.MX,2025-01,0,rejected by data-quality gates
EW.MX,2025-03,0,rejected by data-quality gates
EW.MX,2025-04,0,rejected by data-quality gates
EW.MX,2025-05,0,rejected by data-quality gates
EW.MX,2025-06,0,rejected by data-quality gates
EW.MX,2025-07,0,rejected by data-quality gates
EW.MX,2025-08,0,rejected by data-quality gates
EW.MX,2025-09,0,rejected by data-quality gates
EW.MX,2025-10,0,rejected by data-quality gates
EW.MX,2025-12,0,rejected by data-quality gates
EW.MX,2026-01,0,rejected by data-quality gates
EW.MX,2026-02,0,rejected by data-quality gates
EW.MX,2026-04,0,rejected by data-quality gates
EW.MX,2026-05,0,rejected by data-quality gates
EW.MX,2026-06,0,rejected by data-quality gates
EXC.MX,2023-03,3,sessions=3<15 complete-indicator days
EXC.MX,2023-04,18,"undefined features: rs_last,rs_mean,rs_std,so_last"
EXC.MX,2023-05,22,"undefined features: rs_last,rs_mean,rs_std,so_last"
EXC.MX,2023-06,22,"undefined features: rs_last,rs_mean,rs_std,so_last"
EXC.MX,2023-07,21,"undefined features: rs_last,rs_mean,rs_std,so_last"
EXC.MX,2023-08,23,"undefined features: rs_last,rs_mean,rs_std,so_last"
EXC.MX,2023-11,20,"undefined features: rs_last,rs_mean,rs_std,so_last"
EXC.MX,2024-04,22,"undefined features: rs_last,rs_mean,rs_std"
EXC.MX,2024-09,20,"undefined features: rs_last,rs_mean,rs_std"
EXC.MX,2024-11,20,"undefined features: rs_last,rs_mean,rs_std,so_last"
EXC.MX,2024-12,20,"undefined features: rs_last,rs_mean,rs_std,so_last"
EXC.MX,2025-01,22,"undefined features: rs_last,rs_mean,rs_std,so_last"
EXC.MX,2025-02,19,"undefined features: rs_last,rs_mean,rs_std"
EXC.MX,2025-08,21,"undefined features: rs_last,rs_mean,rs_std"
EXC.MX,2025-09,21,"undefined features: rs_last,rs_mean,rs_std"
EXC.MX,2025-10,23,"undefined features: rs_last,rs_mean,rs_std,so_last"
EXC.MX,2025-11,19,"undefined features: rs_last,rs_mean,rs_std,so_last"
EXC.MX,2025-12,21,"undefined features: rs_last,rs_mean,rs_std,so_last"
EXC.MX,2026-01,21,"undefined features: rs_last,rs_mean,rs_std,so_last"
EXC.MX,2026-02,19,"undefined features: rs_last,rs_mean,rs_std,so_last"
EXC.MX,2026-03,21,"undefined features: rs_last,rs_mean,rs_std,so_last"
EXC.MX,2026-04,19,"undefined features: rs_last,rs_mean,rs_std,so_last"
EXC.MX,2026-05,20,"undefined features: rs_last,rs_mean,rs_std,so_last"
EXC.MX,2026-06,22,"undefined features: rs_last,rs_mean,rs_std,so_last"
EXC.MX,2023-09,0,rejected by data-quality gates
EXC.MX,2023-10,0,rejected by data-quality gates
EXC.MX,2023-12,0,rejected by data-quality gates
EXC.MX,2024-01,0,rejected by data-quality gates
EXC.MX,2024-02,0,rejected by data-quality gates
EXC.MX,2024-03,0,rejected by data-quality gates
EXC.MX,2024-05,0,rejected by data-quality gates
EXC.MX,2024-06,0,rejected by data-quality gates
EXC.MX,2024-07,0,rejected by data-quality gates
EXC.MX,2024-08,0,rejected by data-quality gates
EXC.MX,2024-10,0,rejected by data-quality gates
EXC.MX,2025-03,0,rejected by data-quality gates
EXC.MX,2025-04,0,rejected by data-quality gates
EXC.MX,2025-05,0,rejected by data-quality gates
EXC.MX,2025-06,0,rejected by data-quality gates
EXC.MX,2025-07,0,rejected by data-quality gates
EXE.MX,2023-04,17,"undefined features: rs_last,rs_mean,rs_std,so_last"
EXE.MX,2023-05,22,"undefined features: rs_last,rs_mean,rs_std,so_last"
EXE.MX,2023-06,22,"undefined features: rs_last,rs_mean,rs_std,so_last"
EXE.MX,2023-07,21,"undefined features: rs_last,rs_mean,rs_std,so_last"
EXE.MX,2023-08,23,"undefined features: rs_last,rs_mean,rs_std,so_last"
EXE.MX,2023-09,21,"undefined features: rs_last,rs_mean,rs_std,so_last"
EXE.MX,2023-10,22,"undefined features: rs_last,rs_mean,rs_std,so_last"
EXE.MX,2023-11,20,"undefined features: rs_last,rs_mean,rs_std,so_last"
EXE.MX,2024-01,22,undefined features: so_std
EXE.MX,2024-02,20,"undefined features: rs_last,rs_mean,rs_std,so_last"
EXE.MX,2024-03,18,"undefined features: rs_last,rs_mean,rs_std,so_last"
EXE.MX,2024-04,22,"undefined features: rs_last,rs_mean,rs_std,so_last"
EXE.MX,2024-05,22,"undefined features: rs_last,rs_mean,rs_std"
EXE.MX,2024-06,20,"undefined features: rs_last,rs_mean,rs_std,so_last"
EXE.MX,2024-07,23,"undefined features: rs_last,rs_mean,rs_std,so_last"
EXE.MX,2024-09,20,"undefined features: rs_last,rs_mean,rs_std,so_last"
EXE.MX,2024-10,22,"undefined features: rs_last,rs_mean,rs_std"
EXE.MX,2024-11,20,"undefined features: rs_last,rs_mean,rs_std,so_last"
EXE.MX,2024-12,20,"undefined features: rs_last,rs_mean,rs_std,so_last"
EXE.MX,2025-01,22,"undefined features: rs_last,rs_mean,rs_std,so_last"
EXE.MX,2025-02,19,"undefined features: rs_last,rs_mean,rs_std,so_last"
EXE.MX,2025-03,20,"undefined features: rs_last,rs_mean,rs_std,so_last"
EXE.MX,2025-04,20,"undefined features: rs_last,rs_mean,rs_std,so_last"
EXE.MX,2025-05,21,"undefined features: rs_last,rs_mean,rs_std,so_last"
EXE.MX,2025-06,21,"undefined features: rs_last,rs_mean,rs_std,so_last"
EXE.MX,2025-07,23,"undefined features: rs_last,rs_mean,rs_std"
EXE.MX,2025-08,21,"undefined features: rs_last,rs_mean,rs_std"
EXE.MX,2025-11,19,"undefined features: rs_last,rs_mean,rs_std"
EXE.MX,2025-12,21,"undefined features: rs_last,rs_mean,rs_std"
EXE.MX,2026-03,21,"undefined features: rs_last,rs_mean,rs_std,so_last"
EXE.MX,2023-12,0,rejected by data-quality gates
EXE.MX,2024-08,0,rejected by data-quality gates
EXE.MX,2025-09,0,rejected by data-quality gates
EXE.MX,2025-10,0,rejected by data-quality gates
EXE.MX,2026-01,0,rejected by data-quality gates
EXE.MX,2026-02,0,rejected by data-quality gates
EXE.MX,2026-04,0,rejected by data-quality gates
EXE.MX,2026-05,0,rejected by data-quality gates
EXE.MX,2026-06,0,rejected by data-quality gates
EXPD.MX,2023-03,3,sessions=3<15 complete-indicator days
EXPD.MX,2023-05,22,"undefined features: rs_last,rs_mean,rs_std"
EXPD.MX,2023-06,22,"undefined features: rs_last,rs_mean,rs_std"
EXPD.MX,2023-07,21,"undefined features: rs_last,rs_mean,rs_std,so_std"
EXPD.MX,2023-08,23,"undefined features: rs_last,rs_mean,rs_std,so_last"
EXPD.MX,2023-09,21,"undefined features: rs_last,rs_mean,rs_std,so_last"
EXPD.MX,2024-01,22,"undefined features: rs_last,rs_mean,rs_std"
EXPD.MX,2024-02,20,"undefined features: rs_last,rs_mean,rs_std,so_last"
EXPD.MX,2024-03,18,"undefined features: rs_last,rs_mean,rs_std,so_last"
EXPD.MX,2024-04,22,"undefined features: rs_last,rs_mean,rs_std,so_last"
EXPD.MX,2024-05,22,"undefined features: rs_last,rs_mean,rs_std,so_last"
EXPD.MX,2024-06,20,"undefined features: rs_last,rs_mean,rs_std"
EXPD.MX,2024-07,23,"undefined features: rs_last,rs_mean,rs_std,so_last"
EXPD.MX,2024-08,22,"undefined features: rs_last,rs_mean,rs_std,so_last"
EXPD.MX,2024-09,20,"undefined features: rs_last,rs_mean,rs_std"
EXPD.MX,2024-12,20,"undefined features: rs_last,rs_mean,rs_std"
EXPD.MX,2025-03,20,"undefined features: rs_last,rs_mean,rs_std,so_last"
EXPD.MX,2025-04,20,"undefined features: rs_last,rs_mean,rs_std,so_last"
EXPD.MX,2025-05,21,"undefined features: rs_last,rs_mean,rs_std,so_last"
EXPD.MX,2025-06,21,"undefined features: rs_last,rs_mean,rs_std,so_last"
EXPD.MX,2025-07,23,"undefined features: rs_last,rs_mean,rs_std,so_last"
EXPD.MX,2025-08,21,"undefined features: rs_last,rs_mean,rs_std,so_last"
EXPD.MX,2025-09,21,"undefined features: rs_last,rs_mean,rs_std,so_last"
EXPD.MX,2025-10,23,"undefined features: rs_last,rs_mean,rs_std,so_last"
EXPD.MX,2025-11,19,"undefined features: rs_last,rs_mean,rs_std,so_last"
EXPD.MX,2025-12,21,"undefined features: rs_last,rs_mean,rs_std"
EXPD.MX,2026-01,21,"undefined features: rs_last,rs_mean,rs_std,so_last"
EXPD.MX,2026-02,19,"undefined features: rs_last,rs_mean,rs_std,so_last"
EXPD.MX,2026-03,21,"undefined features: rs_last,rs_mean,rs_std,so_last"
EXPD.MX,2026-04,19,"undefined features: rs_last,rs_mean,rs_std,so_last"
EXPD.MX,2026-05,20,"undefined features: rs_last,rs_mean,rs_std,so_last"
EXPD.MX,2026-06,22,"undefined features: rs_last,rs_mean,rs_std,so_last"
EXPD.MX,2023-04,0,rejected by data-quality gates
EXPD.MX,2023-10,0,rejected by data-quality gates
EXPD.MX,2023-11,0,rejected by data-quality gates
EXPD.MX,2023-12,0,rejected by data-quality gates
EXPD.MX,2024-10,0,rejected by data-quality gates
EXPD.MX,2024-11,0,rejected by data-quality gates
EXPD.MX,2025-01,0,rejected by data-quality gates
EXPD.MX,2025-02,0,rejected by data-quality gates
EXPE.MX,2023-03,3,sessions=3<15 complete-indicator days
EXPE.MX,2023-09,0,rejected by data-quality gates
EXPE.MX,2023-10,0,rejected by data-quality gates
EXPE.MX,2024-01,0,rejected by data-quality gates
EXPE.MX,2024-04,0,rejected by data-quality gates
EXPE.MX,2024-09,0,rejected by data-quality gates
EXPE.MX,2024-10,0,rejected by data-quality gates
EXPE.MX,2024-11,0,rejected by data-quality gates
EXPE.MX,2024-12,0,rejected by data-quality gates
EXPE.MX,2025-01,0,rejected by data-quality gates
EXPE.MX,2025-02,0,rejected by data-quality gates
EXPE.MX,2025-03,0,rejected by data-quality gates
EXPE.MX,2025-04,0,rejected by data-quality gates
EXPE.MX,2025-05,0,rejected by data-quality gates
EXPE.MX,2025-06,0,rejected by data-quality gates
EXPE.MX,2025-07,0,rejected by data-quality gates
EXPE.MX,2025-08,0,rejected by data-quality gates
EXPE.MX,2025-09,0,rejected by data-quality gates
EXPE.MX,2025-10,0,rejected by data-quality gates
EXPE.MX,2025-11,0,rejected by data-quality gates
EXPE.MX,2025-12,0,rejected by data-quality gates
EXPE.MX,2026-01,0,rejected by data-quality gates
EXPE.MX,2026-03,0,rejected by data-quality gates
EXPE.MX,2026-04,0,rejected by data-quality gates
EXPE.MX,2026-05,0,rejected by data-quality gates
EXPE.MX,2026-06,0,rejected by data-quality gates
EXR.MX,2023-03,3,sessions=3<15 complete-indicator days
EXR.MX,2023-04,18,"undefined features: rs_last,rs_mean,rs_std,so_last"
EXR.MX,2023-05,22,"undefined features: rs_last,rs_mean,rs_std,so_last"
EXR.MX,2023-06,22,"undefined features: rs_last,rs_mean,rs_std,so_last"
EXR.MX,2023-07,21,"undefined features: rs_last,rs_mean,rs_std,so_last"
EXR.MX,2023-08,23,"undefined features: rs_last,rs_mean,rs_std,so_last"
EXR.MX,2023-09,21,"undefined features: rs_last,rs_mean,rs_std,so_last"
EXR.MX,2023-10,22,"undefined features: rs_last,rs_mean,rs_std,so_last"
EXR.MX,2023-11,20,"undefined features: rs_last,rs_mean,rs_std,so_last"
EXR.MX,2023-12,19,"undefined features: rs_last,rs_mean,rs_std,so_last"
EXR.MX,2024-01,22,"undefined features: rs_last,rs_mean,rs_std,so_last"
EXR.MX,2024-02,20,"undefined features: rs_last,rs_mean,rs_std,so_last"
EXR.MX,2024-03,18,"undefined features: rs_last,rs_mean,rs_std,so_last"
EXR.MX,2024-04,22,"undefined features: rs_last,rs_mean,rs_std,so_last"
EXR.MX,2024-05,22,"undefined features: rs_last,rs_mean,rs_std,so_last"
EXR.MX,2024-06,20,"undefined features: rs_last,rs_mean,rs_std,so_last"
EXR.MX,2024-08,22,"undefined features: rs_last,rs_mean,rs_std,so_last"
EXR.MX,2024-09,20,"undefined features: rs_last,rs_mean,rs_std,so_last"
EXR.MX,2024-10,22,"undefined features: rs_last,rs_mean,rs_std,so_last"
EXR.MX,2024-11,20,"undefined features: rs_last,rs_mean,rs_std,so_last"
EXR.MX,2024-12,20,"undefined features: rs_last,rs_mean,rs_std,so_last"
EXR.MX,2025-01,22,"undefined features: rs_last,rs_mean,rs_std,so_last"
EXR.MX,2025-02,19,"undefined features: rs_last,rs_mean,rs_std,so_last"
EXR.MX,2025-03,20,"undefined features: rs_last,rs_mean,rs_std"
EXR.MX,2025-04,20,"undefined features: rs_last,rs_mean,rs_std"
EXR.MX,2025-05,21,"undefined features: rs_last,rs_mean,rs_std,so_last"
EXR.MX,2025-06,21,"undefined features: rs_last,rs_mean,rs_std,so_last"
EXR.MX,2025-10,23,"undefined features: rs_last,rs_mean,rs_std,so_last"
EXR.MX,2025-11,19,"undefined features: rs_last,rs_mean,rs_std,so_last"
EXR.MX,2025-12,21,"undefined features: rs_last,rs_mean,rs_std,so_last"
EXR.MX,2026-01,21,"undefined features: rs_last,rs_mean,rs_std,so_last"
EXR.MX,2026-02,19,"undefined features: rs_last,rs_mean,rs_std,so_last"
EXR.MX,2026-03,21,"undefined features: rs_last,rs_mean,rs_std,so_last"
EXR.MX,2026-04,19,"undefined features: rs_last,rs_mean,rs_std,so_last"
EXR.MX,2026-05,20,"undefined features: rs_last,rs_mean,rs_std,so_last"
EXR.MX,2026-06,22,"undefined features: rs_last,rs_mean,rs_std,so_last"
EXR.MX,2024-07,0,rejected by data-quality gates
EXR.MX,2025-07,0,rejected by data-quality gates
EXR.MX,2025-08,0,rejected by data-quality gates
EXR.MX,2025-09,0,rejected by data-quality gates
F.MX,2023-03,3,sessions=3<15 complete-indicator days
FANG.MX,2023-03,3,sessions=3<15 complete-indicator days
FANG.MX,2023-09,21,"undefined features: rs_last,rs_mean,rs_std"
FANG.MX,2023-10,22,"undefined features: rs_last,rs_mean,rs_std"
FANG.MX,2023-11,20,"undefined features: rs_last,rs_mean,rs_std"
FANG.MX,2023-12,19,"undefined features: rs_last,rs_mean,rs_std,so_last"
FANG.MX,2024-04,22,"undefined features: rs_last,rs_mean,rs_std"
FANG.MX,2024-05,22,"undefined features: rs_last,rs_mean,rs_std"
FANG.MX,2025-07,23,"undefined features: rs_last,rs_mean,rs_std,so_last"
FANG.MX,2026-01,21,"undefined features: rs_last,rs_mean,rs_std,so_std"
FANG.MX,2026-02,19,"undefined features: rs_last,rs_mean,rs_std"
FANG.MX,2023-04,0,rejected by data-quality gates
FANG.MX,2023-05,0,rejected by data-quality gates
FANG.MX,2023-06,0,rejected by data-quality gates
FANG.MX,2023-07,0,rejected by data-quality gates
FANG.MX,2023-08,0,rejected by data-quality gates
FANG.MX,2024-01,0,rejected by data-quality gates
FANG.MX,2024-02,0,rejected by data-quality gates
FANG.MX,2024-03,0,rejected by data-quality gates
FANG.MX,2024-06,0,rejected by data-quality gates
FANG.MX,2024-07,0,rejected by data-quality gates
FANG.MX,2024-08,0,rejected by data-quality gates
FANG.MX,2024-09,0,rejected by data-quality gates
FANG.MX,2024-10,0,rejected by data-quality gates
FANG.MX,2024-11,0,rejected by data-quality gates
FANG.MX,2024-12,0,rejected by data-quality gates
FANG.MX,2025-01,0,rejected by data-quality gates
FANG.MX,2025-02,0,rejected by data-quality gates
FANG.MX,2025-03,0,rejected by data-quality gates
FANG.MX,2025-04,0,rejected by data-quality gates
FANG.MX,2025-05,0,rejected by data-quality gates
FANG.MX,2025-06,0,rejected by data-quality gates
FANG.MX,2025-08,0,rejected by data-quality gates
FANG.MX,2025-09,0,rejected by data-quality gates
FANG.MX,2025-10,0,rejected by data-quality gates
FANG.MX,2025-11,0,rejected by data-quality gates
FANG.MX,2025-12,0,rejected by data-quality gates
FANG.MX,2026-03,0,rejected by data-quality gates
FANG.MX,2026-04,0,rejected by data-quality gates
FANG.MX,2026-05,0,rejected by data-quality gates
FANG.MX,2026-06,0,rejected by data-quality gates
FAST.MX,2023-03,3,sessions=3<15 complete-indicator days
FAST.MX,2023-04,18,"undefined features: rs_last,rs_mean,rs_std,so_last"
FAST.MX,2023-05,22,"undefined features: rs_last,rs_mean,rs_std,so_last"
FAST.MX,2023-06,22,"undefined features: rs_last,rs_mean,rs_std,so_last"
FAST.MX,2023-07,21,"undefined features: rs_last,rs_mean,rs_std"
FAST.MX,2023-08,23,"undefined features: rs_last,rs_mean,rs_std,so_last"
FAST.MX,2023-09,21,"undefined features: rs_last,rs_mean,rs_std,so_last"
FAST.MX,2023-10,22,"undefined features: rs_last,rs_mean,rs_std,so_last"
FAST.MX,2023-11,20,"undefined features: rs_last,rs_mean,rs_std,so_last"
FAST.MX,2023-12,19,"undefined features: rs_last,rs_mean,rs_std,so_last"
FAST.MX,2024-01,22,"undefined features: rs_last,rs_mean,rs_std,so_last"
FAST.MX,2024-02,20,"undefined features: rs_last,rs_mean,rs_std"
FAST.MX,2024-03,18,"undefined features: rs_last,rs_mean,rs_std,so_last"
FAST.MX,2024-04,22,"undefined features: rs_last,rs_mean,rs_std,so_last"
FAST.MX,2024-05,22,"undefined features: rs_last,rs_mean,rs_std,so_last"
FAST.MX,2024-06,20,"undefined features: rs_last,rs_mean,rs_std,so_last"
FAST.MX,2024-07,23,"undefined features: rs_last,rs_mean,rs_std,so_last"
FAST.MX,2024-08,22,"undefined features: rs_last,rs_mean,rs_std,so_last"
FAST.MX,2024-09,20,"undefined features: rs_last,rs_mean,rs_std,so_last"
FAST.MX,2024-10,22,"undefined features: rs_last,rs_mean,rs_std,so_last"
FAST.MX,2024-11,20,"undefined features: rs_last,rs_mean,rs_std,so_std"
FAST.MX,2024-12,20,"undefined features: rs_last,rs_mean,rs_std"
FAST.MX,2025-01,22,"undefined features: rs_last,rs_mean,rs_std,so_last"
FAST.MX,2025-02,19,"undefined features: rs_last,rs_mean,rs_std,so_last"
FAST.MX,2025-03,20,"undefined features: rs_last,rs_mean,rs_std,so_last"
FAST.MX,2025-04,20,"undefined features: rs_last,rs_mean,rs_std,so_last"
FAST.MX,2025-06,21,"undefined features: rs_last,rs_mean,rs_std,so_last"
FAST.MX,2025-08,21,"undefined features: rs_last,rs_mean,rs_std,so_last"
FAST.MX,2025-09,21,"undefined features: rs_last,rs_mean,rs_std,so_last"
FAST.MX,2025-12,21,"undefined features: rs_last,rs_mean,rs_std,so_last"
FAST.MX,2026-01,21,"undefined features: rs_last,rs_mean,rs_std,so_last"
FAST.MX,2026-02,19,"undefined features: rs_last,rs_mean,rs_std"
FAST.MX,2026-05,20,"undefined features: rs_std,so_last,so_mean,so_std"
FAST.MX,2026-06,22,"undefined features: rs_last,rs_mean,rs_std,so_last"
FAST.MX,2025-05,0,rejected by data-quality gates
FAST.MX,2025-07,0,rejected by data-quality gates
FAST.MX,2025-10,0,rejected by data-quality gates
FAST.MX,2025-11,0,rejected by data-quality gates
FAST.MX,2026-03,0,rejected by data-quality gates
FAST.MX,2026-04,0,rejected by data-quality gates
FCX.MX,2023-03,3,sessions=3<15 complete-indicator days
FCX.MX,2023-09,0,rejected by data-quality gates
FCX.MX,2025-05,0,rejected by data-quality gates
FDX.MX,2023-03,3,sessions=3<15 complete-indicator days
FDX.MX,2023-11,0,rejected by data-quality gates
FDX.MX,2024-04,0,rejected by data-quality gates
FDX.MX,2025-01,0,rejected by data-quality gates
FDX.MX,2025-05,0,rejected by data-quality gates
FDX.MX,2025-12,0,rejected by data-quality gates
FDX.MX,2026-01,0,rejected by data-quality gates
FDX.MX,2026-03,0,rejected by data-quality gates
FDX.MX,2026-04,0,rejected by data-quality gates
FDX.MX,2026-05,0,rejected by data-quality gates
FDX.MX,2026-06,0,rejected by data-quality gates
FE.MX,2023-03,3,sessions=3<15 complete-indicator days
FE.MX,2023-04,18,"undefined features: rs_last,rs_mean,rs_std,so_last"
FE.MX,2023-05,22,"undefined features: rs_last,rs_mean,rs_std,so_last"
FE.MX,2023-06,22,"undefined features: rs_last,rs_mean,rs_std,so_last"
FE.MX,2023-07,21,"undefined features: rs_last,rs_mean,rs_std,so_last"
FE.MX,2023-08,23,"undefined features: rs_last,rs_mean,rs_std,so_last"
FE.MX,2023-09,21,"undefined features: rs_last,rs_mean,rs_std,so_last"
FE.MX,2023-12,19,"undefined features: rs_last,rs_mean,rs_std,so_last"
FE.MX,2024-01,22,"undefined features: rs_last,rs_mean,rs_std,so_last"
FE.MX,2024-02,20,"undefined features: rs_last,rs_mean,rs_std,so_last"
FE.MX,2024-03,18,"undefined features: rs_last,rs_mean,rs_std,so_last"
FE.MX,2024-04,22,"undefined features: rs_last,rs_mean,rs_std,so_last"
FE.MX,2024-05,22,"undefined features: rs_last,rs_mean,rs_std,so_last"
FE.MX,2024-06,20,"undefined features: rs_last,rs_mean,rs_std,so_last"
FE.MX,2024-07,23,"undefined features: rs_last,rs_mean,rs_std,so_last"
FE.MX,2024-08,22,"undefined features: rs_last,rs_mean,rs_std,so_last"
FE.MX,2024-09,20,"undefined features: rs_last,rs_mean,rs_std,so_last"
FE.MX,2024-10,22,"undefined features: rs_last,rs_mean,rs_std,so_last"
FE.MX,2024-11,20,"undefined features: rs_last,rs_mean,rs_std,so_last"
FE.MX,2024-12,20,"undefined features: rs_last,rs_mean,rs_std,so_last"
FE.MX,2025-01,22,"undefined features: rs_last,rs_mean,rs_std,so_last"
FE.MX,2025-02,19,"undefined features: rs_last,rs_mean,rs_std,so_last"
FE.MX,2025-03,20,"undefined features: rs_last,rs_mean,rs_std,so_last"
FE.MX,2025-04,20,"undefined features: rs_last,rs_mean,rs_std,so_last"
FE.MX,2025-05,21,"undefined features: rs_last,rs_mean,rs_std,so_last"
FE.MX,2025-06,21,"undefined features: rs_last,rs_mean,rs_std,so_last"
FE.MX,2025-07,23,"undefined features: rs_last,rs_mean,rs_std,so_last"
FE.MX,2025-08,21,"undefined features: rs_last,rs_mean,rs_std,so_last"
FE.MX,2025-09,21,"undefined features: rs_last,rs_mean,rs_std,so_last"
FE.MX,2025-10,23,"undefined features: rs_last,rs_mean,rs_std"
FE.MX,2025-11,19,"undefined features: rs_last,rs_mean,rs_std,so_std"
FE.MX,2025-12,21,"undefined features: rs_last,rs_mean,rs_std,so_last"
FE.MX,2026-01,21,"undefined features: rs_last,rs_mean,rs_std,so_last"
FE.MX,2026-02,19,"undefined features: rs_last,rs_mean,rs_std,so_last"
FE.MX,2026-03,21,"undefined features: rs_last,rs_mean,rs_std,so_last"
FE.MX,2026-04,19,"undefined features: rs_last,rs_mean,rs_std,so_last"
FE.MX,2023-10,0,rejected by data-quality gates
FE.MX,2023-11,0,rejected by data-quality gates
FE.MX,2026-05,0,rejected by data-quality gates
FE.MX,2026-06,0,rejected by data-quality gates
FEMSAUBD.MX,2023-03,3,sessions=3<15 complete-indicator days
FFIV.MX,2023-03,3,sessions=3<15 complete-indicator days
FFIV.MX,2023-11,20,"undefined features: rs_last,rs_mean,rs_std,so_last"
FFIV.MX,2023-12,19,"undefined features: rs_last,rs_mean,rs_std,so_last"
FFIV.MX,2024-01,22,"undefined features: rs_last,rs_mean,rs_std,so_last"
FFIV.MX,2024-02,20,"undefined features: rs_last,rs_mean,rs_std,so_last"
FFIV.MX,2024-03,18,"undefined features: rs_last,rs_mean,rs_std,so_last"
FFIV.MX,2024-04,22,"undefined features: rs_last,rs_mean,rs_std"
FFIV.MX,2024-05,22,"undefined features: rs_last,rs_mean,rs_std,so_last"
FFIV.MX,2024-06,20,"undefined features: rs_last,rs_mean,rs_std,so_last"
FFIV.MX,2024-07,23,"undefined features: rs_last,rs_mean,rs_std,so_last"
FFIV.MX,2024-08,22,"undefined features: rs_last,rs_mean,rs_std"
FFIV.MX,2024-09,20,"undefined features: rs_last,rs_mean,rs_std"
FFIV.MX,2024-10,22,"undefined features: rs_last,rs_mean,rs_std,so_last"
FFIV.MX,2024-11,20,"undefined features: rs_last,rs_mean,rs_std"
FFIV.MX,2024-12,20,"undefined features: rs_last,rs_mean,rs_std,so_last"
FFIV.MX,2025-01,22,"undefined features: rs_last,rs_mean,rs_std,so_last"
FFIV.MX,2025-06,21,"undefined features: rs_last,rs_mean,rs_std,so_last"
FFIV.MX,2025-07,23,"undefined features: rs_last,rs_mean,rs_std,so_last"
FFIV.MX,2025-08,21,"undefined features: rs_last,rs_mean,rs_std,so_last"
FFIV.MX,2025-09,21,"undefined features: rs_last,rs_mean,rs_std,so_last"
FFIV.MX,2025-10,23,"undefined features: rs_last,rs_mean,rs_std"
FFIV.MX,2025-11,19,"undefined features: rs_last,rs_mean,rs_std"
FFIV.MX,2025-12,21,"undefined features: rs_last,rs_mean,rs_std,so_last"
FFIV.MX,2026-03,21,"undefined features: rs_last,rs_mean,rs_std,so_last"
FFIV.MX,2026-04,19,"undefined features: rs_last,rs_mean,rs_std,so_last"
FFIV.MX,2026-05,20,"undefined features: rs_last,rs_mean,rs_std,so_last"
FFIV.MX,2026-06,22,"undefined features: rs_last,rs_mean,rs_std,so_last"
FFIV.MX,2023-04,0,rejected by data-quality gates
FFIV.MX,2023-05,0,rejected by data-quality gates
FFIV.MX,2023-06,0,rejected by data-quality gates
FFIV.MX,2023-07,0,rejected by data-quality gates
FFIV.MX,2023-08,0,rejected by data-quality gates
FFIV.MX,2023-09,0,rejected by data-quality gates
FFIV.MX,2023-10,0,rejected by data-quality gates
FFIV.MX,2025-02,0,rejected by data-quality gates
FFIV.MX,2025-03,0,rejected by data-quality gates
FFIV.MX,2025-04,0,rejected by data-quality gates
FFIV.MX,2025-05,0,rejected by data-quality gates
FFIV.MX,2026-01,0,rejected by data-quality gates
FFIV.MX,2026-02,0,rejected by data-quality gates
FIBRAPL14.MX,2023-03,3,sessions=3<15 complete-indicator days
FIHO12.MX,2023-03,3,sessions=3<15 complete-indicator days
FIS.MX,2023-03,3,sessions=3<15 complete-indicator days
FIS.MX,2023-08,23,"undefined features: rs_last,rs_mean,rs_std,so_last"
FIS.MX,2023-10,22,"undefined features: rs_last,rs_mean,rs_std,so_last"
FIS.MX,2024-01,22,"undefined features: rs_last,rs_mean,rs_std"
FIS.MX,2024-04,22,"undefined features: rs_last,rs_mean,rs_std"
FIS.MX,2024-06,20,"undefined features: rs_last,rs_mean,rs_std"
FIS.MX,2023-04,0,rejected by data-quality gates
FIS.MX,2023-05,0,rejected by data-quality gates
FIS.MX,2023-06,0,rejected by data-quality gates
FIS.MX,2023-07,0,rejected by data-quality gates
FIS.MX,2023-09,0,rejected by data-quality gates
FIS.MX,2023-11,0,rejected by data-quality gates
FIS.MX,2023-12,0,rejected by data-quality gates
FIS.MX,2024-02,0,rejected by data-quality gates
FIS.MX,2024-03,0,rejected by data-quality gates
FIS.MX,2024-05,0,rejected by data-quality gates
FIS.MX,2024-07,0,rejected by data-quality gates
FIS.MX,2024-08,0,rejected by data-quality gates
FIS.MX,2024-09,0,rejected by data-quality gates
FIS.MX,2024-10,0,rejected by data-quality gates
FIS.MX,2024-11,0,rejected by data-quality gates
FIS.MX,2024-12,0,rejected by data-quality gates
FIS.MX,2025-01,0,rejected by data-quality gates
FIS.MX,2025-02,0,rejected by data-quality gates
FIS.MX,2025-03,0,rejected by data-quality gates
FIS.MX,2025-04,0,rejected by data-quality gates
FIS.MX,2025-05,0,rejected by data-quality gates
FIS.MX,2025-06,0,rejected by data-quality gates
FIS.MX,2025-07,0,rejected by data-quality gates
FIS.MX,2025-08,0,rejected by data-quality gates
FIS.MX,2025-09,0,rejected by data-quality gates
FIS.MX,2025-10,0,rejected by data-quality gates
FIS.MX,2025-11,0,rejected by data-quality gates
FIS.MX,2025-12,0,rejected by data-quality gates
FIS.MX,2026-01,0,rejected by data-quality gates
FIS.MX,2026-02,0,rejected by data-quality gates
FIS.MX,2026-03,0,rejected by data-quality gates
FIS.MX,2026-04,0,rejected by data-quality gates
FIS.MX,2026-05,0,rejected by data-quality gates
FIS.MX,2026-06,0,rejected by data-quality gates
FISV.MX,2023-03,3,sessions=3<15 complete-indicator days
FISV.MX,2023-11,20,"undefined features: rs_last,rs_mean,rs_std"
FISV.MX,2024-03,18,"undefined features: rs_last,rs_mean,rs_std"
FISV.MX,2024-10,22,undefined features: rs_std
FISV.MX,2025-02,19,"undefined features: rs_last,rs_mean,rs_std"
FISV.MX,2023-04,0,rejected by data-quality gates
FISV.MX,2023-05,0,rejected by data-quality gates
FISV.MX,2023-06,0,rejected by data-quality gates
FISV.MX,2023-07,0,rejected by data-quality gates
FISV.MX,2023-08,0,rejected by data-quality gates
FISV.MX,2023-09,0,rejected by data-quality gates
FISV.MX,2023-10,0,rejected by data-quality gates
FISV.MX,2023-12,0,rejected by data-quality gates
FISV.MX,2024-01,0,rejected by data-quality gates
FISV.MX,2024-02,0,rejected by data-quality gates
FISV.MX,2024-04,0,rejected by data-quality gates
FISV.MX,2024-05,0,rejected by data-quality gates
FISV.MX,2024-06,0,rejected by data-quality gates
FISV.MX,2024-07,0,rejected by data-quality gates
FISV.MX,2024-08,0,rejected by data-quality gates
FISV.MX,2024-09,0,rejected by data-quality gates
FISV.MX,2024-11,0,rejected by data-quality gates
FISV.MX,2024-12,0,rejected by data-quality gates
FISV.MX,2025-01,0,rejected by data-quality gates
FISV.MX,2025-03,0,rejected by data-quality gates
FISV.MX,2025-06,0,rejected by data-quality gates
FIVE.MX,2023-03,3,sessions=3<15 complete-indicator days
FIVE.MX,2023-04,18,"undefined features: rs_last,rs_mean,rs_std,so_last"
FIVE.MX,2023-05,22,"undefined features: rs_last,rs_mean,rs_std,so_last"
FIVE.MX,2023-06,22,"undefined features: rs_last,rs_mean,rs_std,so_last"
FIVE.MX,2023-07,21,"undefined features: rs_last,rs_mean,rs_std,so_last"
FIVE.MX,2023-08,23,"undefined features: rs_last,rs_mean,rs_std,so_last"
FIVE.MX,2023-09,21,"undefined features: rs_last,rs_mean,rs_std,so_last"
FIVE.MX,2023-10,22,"undefined features: rs_last,rs_mean,rs_std,so_last"
FIVE.MX,2023-11,20,"undefined features: rs_last,rs_mean,rs_std,so_last"
FIVE.MX,2023-12,19,"undefined features: rs_last,rs_mean,rs_std,so_last"
FIVE.MX,2024-01,22,"undefined features: rs_last,rs_mean,rs_std,so_last"
FIVE.MX,2024-02,20,"undefined features: rs_last,rs_mean,rs_std,so_last"
FIVE.MX,2024-03,18,"undefined features: rs_last,rs_mean,rs_std,so_last"
FIVE.MX,2024-04,22,"undefined features: rs_last,rs_mean,rs_std,so_last"
FIVE.MX,2024-05,22,"undefined features: rs_last,rs_mean,rs_std,so_last"
FIVE.MX,2024-06,20,"undefined features: rs_last,rs_mean,rs_std,so_last"
FIVE.MX,2024-07,23,"undefined features: rs_last,rs_mean,rs_std,so_last"
FIVE.MX,2024-11,20,"undefined features: rs_last,rs_mean,rs_std,so_last"
FIVE.MX,2024-12,20,"undefined features: rs_last,rs_mean,rs_std"
FIVE.MX,2025-01,22,"undefined features: rs_last,rs_mean,rs_std,so_last"
FIVE.MX,2025-02,19,"undefined features: rs_last,rs_mean,rs_std,so_last"
FIVE.MX,2025-03,20,"undefined features: rs_last,rs_mean,rs_std,so_last"
FIVE.MX,2025-04,20,"undefined features: rs_last,rs_mean,rs_std,so_last"
FIVE.MX,2025-08,21,"undefined features: rs_last,rs_mean,rs_std"
FIVE.MX,2025-09,21,"undefined features: rs_last,rs_mean,rs_std"
FIVE.MX,2025-10,23,"undefined features: rs_last,rs_mean,rs_std,so_last"
FIVE.MX,2025-11,19,"undefined features: rs_last,rs_mean,rs_std,so_last"
FIVE.MX,2025-12,21,"undefined features: rs_last,rs_mean,rs_std,so_last"
FIVE.MX,2026-01,21,"undefined features: rs_last,rs_mean,rs_std"
FIVE.MX,2026-02,19,"undefined features: rs_last,rs_mean,rs_std"
FIVE.MX,2026-03,21,"undefined features: rs_last,rs_mean,rs_std"
FIVE.MX,2026-04,19,"undefined features: rs_last,rs_mean,rs_std"
FIVE.MX,2026-05,20,"undefined features: rs_last,rs_mean,rs_std,so_last"
FIVE.MX,2024-08,0,rejected by data-quality gates
FIVE.MX,2024-09,0,rejected by data-quality gates
FIVE.MX,2024-10,0,rejected by data-quality gates
FIVE.MX,2025-05,0,rejected by data-quality gates
FIVE.MX,2025-06,0,rejected by data-quality gates
FIVE.MX,2025-07,0,rejected by data-quality gates
FIVE.MX,2026-06,0,rejected by data-quality gates
FMTY14.MX,2023-03,3,sessions=3<15 complete-indicator days
FRES.MX,2023-03,3,sessions=3<15 complete-indicator days
FRES.MX,2023-12,19,undefined features: rs_std
FRES.MX,2024-06,20,"undefined features: rs_last,rs_mean,rs_std"
FRES.MX,2024-07,23,"undefined features: rs_last,rs_mean,rs_std"
FRES.MX,2024-08,22,"undefined features: rs_last,rs_mean,rs_std"
FRES.MX,2024-09,20,"undefined features: rs_last,rs_mean,rs_std"
FRES.MX,2025-02,19,"undefined features: rs_last,rs_mean,rs_std"
FRES.MX,2023-04,0,rejected by data-quality gates
FRES.MX,2023-05,0,rejected by data-quality gates
FRES.MX,2023-06,0,rejected by data-quality gates
FRES.MX,2023-07,0,rejected by data-quality gates
FRES.MX,2023-08,0,rejected by data-quality gates
FRES.MX,2023-09,0,rejected by data-quality gates
FRES.MX,2023-10,0,rejected by data-quality gates
FRES.MX,2023-11,0,rejected by data-quality gates
FRES.MX,2024-01,0,rejected by data-quality gates
FRES.MX,2024-02,0,rejected by data-quality gates
FRES.MX,2024-03,0,rejected by data-quality gates
FRES.MX,2024-04,0,rejected by data-quality gates
FRES.MX,2024-05,0,rejected by data-quality gates
FRES.MX,2024-10,0,rejected by data-quality gates
FRES.MX,2024-11,0,rejected by data-quality gates
FRES.MX,2024-12,0,rejected by data-quality gates
FRES.MX,2025-01,0,rejected by data-quality gates
FRES.MX,2025-04,0,rejected by data-quality gates
FRES.MX,2025-05,0,rejected by data-quality gates
FRES.MX,2025-07,0,rejected by data-quality gates
FRES.MX,2025-08,0,rejected by data-quality gates
FRES.MX,2025-09,0,rejected by data-quality gates
FRES.MX,2025-10,0,rejected by data-quality gates
FRES.MX,2025-11,0,rejected by data-quality gates
FRES.MX,2026-01,0,rejected by data-quality gates
FRES.MX,2026-03,0,rejected by data-quality gates
FRES.MX,2026-04,0,rejected by data-quality gates
FRES.MX,2026-05,0,rejected by data-quality gates
FRES.MX,2026-06,0,rejected by data-quality gates
FSLR.MX,2023-03,3,sessions=3<15 complete-indicator days
FSLR.MX,2023-10,0,rejected by data-quality gates
FTNT.MX,2023-03,3,sessions=3<15 complete-indicator days
FUNO11.MX,2023-03,3,sessions=3<15 complete-indicator days
GAPB.MX,2023-03,3,sessions=3<15 complete-indicator days
GCARSOA1.MX,2023-03,3,sessions=3<15 complete-indicator days
GCC.MX,2023-03,3,sessions=3<15 complete-indicator days
GD.MX,2023-03,3,sessions=3<15 complete-indicator days
GD.MX,2023-08,23,"undefined features: rs_last,rs_mean,rs_std"
GD.MX,2023-09,21,"undefined features: rs_last,rs_mean,rs_std,so_last"
GD.MX,2023-10,22,"undefined features: rs_last,rs_mean,rs_std"
GD.MX,2023-11,20,"undefined features: rs_last,rs_mean,rs_std"
GD.MX,2023-12,19,"undefined features: rs_last,rs_mean,rs_std,so_last"
GD.MX,2024-02,20,"undefined features: rs_last,rs_mean,rs_std"
GD.MX,2024-03,18,"undefined features: rs_last,rs_mean,rs_std"
GD.MX,2024-04,22,"undefined features: rs_last,rs_mean,rs_std,so_last"
GD.MX,2024-05,22,"undefined features: rs_last,rs_mean,rs_std"
GD.MX,2024-06,20,"undefined features: rs_last,rs_mean,rs_std"
GD.MX,2024-07,23,"undefined features: rs_last,rs_mean,rs_std"
GD.MX,2024-08,22,"undefined features: rs_last,rs_mean,rs_std"
GD.MX,2024-10,22,"undefined features: rs_last,rs_mean,rs_std"
GD.MX,2025-04,20,"undefined features: rs_last,rs_mean,rs_std,so_last"
GD.MX,2025-05,21,"undefined features: rs_last,rs_mean,rs_std,so_last"
GD.MX,2025-06,21,"undefined features: rs_last,rs_mean,rs_std,so_last"
GD.MX,2025-07,23,"undefined features: rs_last,rs_mean,rs_std"
GD.MX,2025-12,21,undefined features: rs_std
GD.MX,2026-03,21,"undefined features: rs_last,rs_mean,rs_std"
GD.MX,2023-04,0,rejected by data-quality gates
GD.MX,2023-05,0,rejected by data-quality gates
GD.MX,2023-06,0,rejected by data-quality gates
GD.MX,2023-07,0,rejected by data-quality gates
GD.MX,2024-01,0,rejected by data-quality gates
GD.MX,2024-09,0,rejected by data-quality gates
GD.MX,2024-11,0,rejected by data-quality gates
GD.MX,2024-12,0,rejected by data-quality gates
GD.MX,2025-01,0,rejected by data-quality gates
GD.MX,2025-02,0,rejected by data-quality gates
GD.MX,2025-03,0,rejected by data-quality gates
GD.MX,2025-08,0,rejected by data-quality gates
GD.MX,2025-09,0,rejected by data-quality gates
GD.MX,2025-10,0,rejected by data-quality gates
GD.MX,2025-11,0,rejected by data-quality gates
GD.MX,2026-01,0,rejected by data-quality gates
GD.MX,2026-02,0,rejected by data-quality gates
GD.MX,2026-04,0,rejected by data-quality gates
GD.MX,2026-05,0,rejected by data-quality gates
GD.MX,2026-06,0,rejected by data-quality gates
GDDY.MX,2023-03,3,sessions=3<15 complete-indicator days
GDDY.MX,2023-04,18,"undefined features: rs_last,rs_mean,rs_std,so_last"
GDDY.MX,2023-05,22,"undefined features: rs_last,rs_mean,rs_std,so_last"
GDDY.MX,2023-06,22,"undefined features: rs_last,rs_mean,rs_std,so_last"
GDDY.MX,2023-07,21,"undefined features: rs_last,rs_mean,rs_std,so_last"
GDDY.MX,2023-08,23,"undefined features: rs_last,rs_mean,rs_std,so_last"
GDDY.MX,2023-09,21,"undefined features: rs_last,rs_mean,rs_std,so_last"
GDDY.MX,2023-10,22,"undefined features: rs_last,rs_mean,rs_std,so_last"
GDDY.MX,2023-11,20,"undefined features: rs_last,rs_mean,rs_std"
GDDY.MX,2023-12,19,"undefined features: rs_last,rs_mean,rs_std"
GDDY.MX,2024-01,22,"undefined features: rs_last,rs_mean,rs_std,so_last"
GDDY.MX,2024-02,20,"undefined features: rs_last,rs_mean,rs_std"
GDDY.MX,2024-03,18,"undefined features: rs_last,rs_mean,rs_std"
GDDY.MX,2024-04,22,"undefined features: rs_last,rs_mean,rs_std,so_last"
GDDY.MX,2024-05,22,"undefined features: rs_last,rs_mean,rs_std,so_last"
GDDY.MX,2024-08,22,"undefined features: rs_last,rs_mean,rs_std,so_last"
GDDY.MX,2024-09,20,"undefined features: rs_last,rs_mean,rs_std,so_last"
GDDY.MX,2024-10,22,"undefined features: rs_last,rs_mean,rs_std,so_last"
GDDY.MX,2024-11,20,"undefined features: rs_last,rs_mean,rs_std,so_last"
GDDY.MX,2024-12,20,"undefined features: rs_last,rs_mean,rs_std,so_last"
GDDY.MX,2025-01,22,"undefined features: rs_last,rs_mean,rs_std,so_last"
GDDY.MX,2025-12,21,"undefined features: rs_last,rs_mean,rs_std,so_last"
GDDY.MX,2026-01,21,"undefined features: rs_last,rs_mean,rs_std,so_last"
GDDY.MX,2024-06,0,rejected by data-quality gates
GDDY.MX,2024-07,0,rejected by data-quality gates
GDDY.MX,2025-02,0,rejected by data-quality gates
GDDY.MX,2025-03,0,rejected by data-quality gates
GDDY.MX,2025-04,0,rejected by data-quality gates
GDDY.MX,2025-05,0,rejected by data-quality gates
GDDY.MX,2025-06,0,rejected by data-quality gates
GDDY.MX,2025-07,0,rejected by data-quality gates
GDDY.MX,2025-08,0,rejected by data-quality gates
GDDY.MX,2025-09,0,rejected by data-quality gates
GDDY.MX,2025-10,0,rejected by data-quality gates
GDDY.MX,2025-11,0,rejected by data-quality gates
GDDY.MX,2026-02,0,rejected by data-quality gates
GDDY.MX,2026-03,0,rejected by data-quality gates
GDDY.MX,2026-04,0,rejected by data-quality gates
GDDY.MX,2026-05,0,rejected by data-quality gates
GE.MX,2023-03,3,sessions=3<15 complete-indicator days
GEHC.MX,2023-05,0,rejected by data-quality gates
GEHC.MX,2023-06,0,rejected by data-quality gates
GEHC.MX,2023-07,0,rejected by data-quality gates
GEHC.MX,2023-08,0,rejected by data-quality gates
GEHC.MX,2023-09,0,rejected by data-quality gates
GEHC.MX,2023-10,0,rejected by data-quality gates
GEHC.MX,2023-11,0,rejected by data-quality gates
GEHC.MX,2023-12,0,rejected by data-quality gates
GEHC.MX,2024-01,0,rejected by data-quality gates
GEHC.MX,2024-02,0,rejected by data-quality gates
GEHC.MX,2024-03,0,rejected by data-quality gates
GEHC.MX,2024-04,0,rejected by data-quality gates
GEHC.MX,2024-05,0,rejected by data-quality gates
GEHC.MX,2024-06,0,rejected by data-quality gates
GEHC.MX,2024-07,0,rejected by data-quality gates
GEHC.MX,2024-08,0,rejected by data-quality gates
GEHC.MX,2024-09,0,rejected by data-quality gates
GEHC.MX,2024-10,0,rejected by data-quality gates
GEHC.MX,2024-11,0,rejected by data-quality gates
GEHC.MX,2024-12,0,rejected by data-quality gates
GEHC.MX,2025-01,0,rejected by data-quality gates
GEHC.MX,2025-02,0,rejected by data-quality gates
GEHC.MX,2025-03,0,rejected by data-quality gates
GEHC.MX,2025-04,0,rejected by data-quality gates
GEHC.MX,2025-05,0,rejected by data-quality gates
GEHC.MX,2025-06,0,rejected by data-quality gates
GEHC.MX,2025-07,0,rejected by data-quality gates
GEHC.MX,2025-08,0,rejected by data-quality gates
GEHC.MX,2025-09,0,rejected by data-quality gates
GEHC.MX,2025-10,0,rejected by data-quality gates
GEHC.MX,2025-11,0,rejected by data-quality gates
GEHC.MX,2025-12,0,rejected by data-quality gates
GEHC.MX,2026-01,0,rejected by data-quality gates
GEHC.MX,2026-02,0,rejected by data-quality gates
GEHC.MX,2026-03,0,rejected by data-quality gates
GEHC.MX,2026-04,0,rejected by data-quality gates
GEHC.MX,2026-05,0,rejected by data-quality gates
GEHC.MX,2026-06,0,rejected by data-quality gates
GENTERA.MX,2023-03,3,sessions=3<15 complete-indicator days
GEV.MX,2024-09,3,sessions=3<15 complete-indicator days
GFINBURO.MX,2023-03,3,sessions=3<15 complete-indicator days
GFNORTEO.MX,2023-03,3,sessions=3<15 complete-indicator days
GH.MX,2023-03,3,sessions=3<15 complete-indicator days
GH.MX,2023-06,22,"undefined features: rs_last,rs_mean,rs_std"
GH.MX,2023-07,21,"undefined features: rs_last,rs_mean,rs_std"
GH.MX,2023-08,23,"undefined features: rs_last,rs_mean,rs_std"
GH.MX,2023-11,20,"undefined features: rs_last,rs_mean,rs_std"
GH.MX,2023-12,19,"undefined features: rs_last,rs_mean,rs_std,so_last"
GH.MX,2024-01,22,"undefined features: rs_last,rs_mean,rs_std,so_last"
GH.MX,2024-05,22,"undefined features: rs_last,rs_mean,rs_std"
GH.MX,2024-06,20,"undefined features: rs_last,rs_mean,rs_std,so_last"
GH.MX,2024-07,23,"undefined features: rs_last,rs_mean,rs_std"
GH.MX,2024-09,20,undefined features: so_std
GH.MX,2024-12,20,"undefined features: rs_last,rs_mean,rs_std"
GH.MX,2025-01,22,"undefined features: rs_last,rs_mean,rs_std,so_last"
GH.MX,2025-02,19,"undefined features: rs_last,rs_mean,rs_std"
GH.MX,2025-06,21,"undefined features: rs_last,rs_mean,rs_std,so_last"
GH.MX,2025-07,23,"undefined features: rs_last,rs_mean,rs_std,so_last"
GH.MX,2025-08,21,"undefined features: rs_last,rs_mean,rs_std,so_last"
GH.MX,2025-09,21,"undefined features: rs_last,rs_mean,rs_std,so_last"
GH.MX,2025-10,23,"undefined features: rs_last,rs_mean,rs_std"
GH.MX,2025-11,19,"undefined features: rs_last,rs_mean,rs_std"
GH.MX,2025-12,21,"undefined features: rs_last,rs_mean,rs_std,so_last"
GH.MX,2026-01,21,"undefined features: rs_last,rs_mean,rs_std"
GH.MX,2026-02,19,"undefined features: rs_last,rs_mean,rs_std"
GH.MX,2026-03,21,"undefined features: rs_last,rs_mean,rs_std,so_last"
GH.MX,2026-04,19,"undefined features: rs_last,rs_mean,rs_std,so_last"
GH.MX,2026-05,20,"undefined features: rs_last,rs_mean,rs_std,so_last"
GH.MX,2026-06,22,"undefined features: rs_last,rs_mean,rs_std"
GH.MX,2023-04,0,rejected by data-quality gates
GH.MX,2023-05,0,rejected by data-quality gates
GH.MX,2023-09,0,rejected by data-quality gates
GH.MX,2023-10,0,rejected by data-quality gates
GH.MX,2024-02,0,rejected by data-quality gates
GH.MX,2024-03,0,rejected by data-quality gates
GH.MX,2024-04,0,rejected by data-quality gates
GH.MX,2024-08,0,rejected by data-quality gates
GH.MX,2024-10,0,rejected by data-quality gates
GH.MX,2024-11,0,rejected by data-quality gates
GH.MX,2025-03,0,rejected by data-quality gates
GH.MX,2025-04,0,rejected by data-quality gates
GH.MX,2025-05,0,rejected by data-quality gates
GILD.MX,2023-03,3,sessions=3<15 complete-indicator days
GILD.MX,2023-06,0,rejected by data-quality gates
GILD.MX,2023-08,0,rejected by data-quality gates
GILD.MX,2023-09,0,rejected by data-quality gates
GILD.MX,2023-10,0,rejected by data-quality gates
GILD.MX,2023-11,0,rejected by data-quality gates
GILD.MX,2023-12,0,rejected by data-quality gates
GILD.MX,2024-01,0,rejected by data-quality gates
GILD.MX,2024-02,0,rejected by data-quality gates
GILD.MX,2024-03,0,rejected by data-quality gates
GILD.MX,2024-04,0,rejected by data-quality gates
GILD.MX,2024-05,0,rejected by data-quality gates
GILD.MX,2024-06,0,rejected by data-quality gates
GILD.MX,2024-07,0,rejected by data-quality gates
GILD.MX,2024-08,0,rejected by data-quality gates
GILD.MX,2024-09,0,rejected by data-quality gates
GILD.MX,2024-10,0,rejected by data-quality gates
GILD.MX,2024-11,0,rejected by data-quality gates
GILD.MX,2024-12,0,rejected by data-quality gates
GILD.MX,2025-01,0,rejected by data-quality gates
GILD.MX,2025-03,0,rejected by data-quality gates
GILD.MX,2025-04,0,rejected by data-quality gates
GILD.MX,2025-05,0,rejected by data-quality gates
GILD.MX,2025-06,0,rejected by data-quality gates
GILD.MX,2025-07,0,rejected by data-quality gates
GILD.MX,2025-08,0,rejected by data-quality gates
GILD.MX,2025-09,0,rejected by data-quality gates
GILD.MX,2025-10,0,rejected by data-quality gates
GILD.MX,2025-11,0,rejected by data-quality gates
GILD.MX,2025-12,0,rejected by data-quality gates
GILD.MX,2026-01,0,rejected by data-quality gates
GILD.MX,2026-02,0,rejected by data-quality gates
GILD.MX,2026-03,0,rejected by data-quality gates
GILD.MX,2026-04,0,rejected by data-quality gates
GILD.MX,2026-05,0,rejected by data-quality gates
GILD.MX,2026-06,0,rejected by data-quality gates
GIS.MX,2023-03,3,sessions=3<15 complete-indicator days
GIS.MX,2024-02,20,"undefined features: rs_last,rs_mean,rs_std"
GIS.MX,2024-06,20,"undefined features: rs_last,rs_mean,rs_std,so_last"
GIS.MX,2023-04,0,rejected by data-quality gates
GIS.MX,2023-06,0,rejected by data-quality gates
GIS.MX,2023-07,0,rejected by data-quality gates
GIS.MX,2023-08,0,rejected by data-quality gates
GIS.MX,2023-09,0,rejected by data-quality gates
GIS.MX,2023-10,0,rejected by data-quality gates
GIS.MX,2023-11,0,rejected by data-quality gates
GIS.MX,2023-12,0,rejected by data-quality gates
GIS.MX,2024-01,0,rejected by data-quality gates
GIS.MX,2024-03,0,rejected by data-quality gates
GIS.MX,2024-04,0,rejected by data-quality gates
GIS.MX,2024-05,0,rejected by data-quality gates
GIS.MX,2024-07,0,rejected by data-quality gates
GIS.MX,2024-08,0,rejected by data-quality gates
GIS.MX,2024-09,0,rejected by data-quality gates
GIS.MX,2024-10,0,rejected by data-quality gates
GIS.MX,2024-11,0,rejected by data-quality gates
GIS.MX,2024-12,0,rejected by data-quality gates
GIS.MX,2025-01,0,rejected by data-quality gates
GIS.MX,2025-03,0,rejected by data-quality gates
GIS.MX,2025-04,0,rejected by data-quality gates
GIS.MX,2025-05,0,rejected by data-quality gates
GIS.MX,2025-06,0,rejected by data-quality gates
GIS.MX,2025-08,0,rejected by data-quality gates
GIS.MX,2025-12,0,rejected by data-quality gates
GLW.MX,2023-03,3,sessions=3<15 complete-indicator days
GLW.MX,2023-07,21,"undefined features: rs_last,rs_mean,rs_std"
GLW.MX,2023-09,21,undefined features: so_std
GLW.MX,2023-12,19,"undefined features: rs_last,rs_mean,rs_std,so_last"
GLW.MX,2024-01,22,"undefined features: rs_last,rs_mean,rs_std"
GLW.MX,2024-09,20,"undefined features: rs_last,rs_mean,rs_std"
GLW.MX,2024-10,22,"undefined features: rs_last,rs_mean,rs_std"
GLW.MX,2024-11,20,"undefined features: rs_last,rs_mean,rs_std"
GLW.MX,2024-12,20,"undefined features: rs_last,rs_mean,rs_std,so_last"
GLW.MX,2025-05,21,"undefined features: rs_last,rs_mean,rs_std"
GLW.MX,2025-06,21,"undefined features: rs_last,rs_mean,rs_std"
GLW.MX,2025-07,23,"undefined features: rs_last,rs_mean,rs_std"
GLW.MX,2023-04,0,rejected by data-quality gates
GLW.MX,2023-05,0,rejected by data-quality gates
GLW.MX,2023-06,0,rejected by data-quality gates
GLW.MX,2023-08,0,rejected by data-quality gates
GLW.MX,2023-10,0,rejected by data-quality gates
GLW.MX,2023-11,0,rejected by data-quality gates
GLW.MX,2024-02,0,rejected by data-quality gates
GLW.MX,2024-03,0,rejected by data-quality gates
GLW.MX,2024-04,0,rejected by data-quality gates
GLW.MX,2024-05,0,rejected by data-quality gates
GLW.MX,2024-06,0,rejected by data-quality gates
GLW.MX,2024-07,0,rejected by data-quality gates
GLW.MX,2024-08,0,rejected by data-quality gates
GLW.MX,2025-01,0,rejected by data-quality gates
GLW.MX,2025-02,0,rejected by data-quality gates
GLW.MX,2025-03,0,rejected by data-quality gates
GLW.MX,2025-04,0,rejected by data-quality gates
GLW.MX,2025-08,0,rejected by data-quality gates
GLW.MX,2025-10,0,rejected by data-quality gates
GLW.MX,2025-11,0,rejected by data-quality gates
GLW.MX,2025-12,0,rejected by data-quality gates
GLW.MX,2026-01,0,rejected by data-quality gates
GM.MX,2023-03,3,sessions=3<15 complete-indicator days
GMEXICOB.MX,2023-03,3,sessions=3<15 complete-indicator days
GNRC.MX,2023-03,3,sessions=3<15 complete-indicator days
GNRC.MX,2023-12,19,"undefined features: rs_last,rs_mean,rs_std"
GNRC.MX,2024-01,22,"undefined features: rs_last,rs_mean,rs_std"
GNRC.MX,2024-05,22,"undefined features: rs_last,rs_mean,rs_std"
GNRC.MX,2024-06,20,"undefined features: rs_last,rs_mean,rs_std"
GNRC.MX,2024-07,23,"undefined features: rs_last,rs_mean,rs_std"
GNRC.MX,2024-08,22,"undefined features: rs_last,rs_mean,rs_std"
GNRC.MX,2024-11,20,"undefined features: rs_last,rs_mean,rs_std"
GNRC.MX,2024-12,20,"undefined features: rs_last,rs_mean,rs_std,so_last"
GNRC.MX,2025-01,22,"undefined features: rs_last,rs_mean,rs_std,so_last"
GNRC.MX,2025-02,19,"undefined features: rs_last,rs_mean,rs_std,so_last"
GNRC.MX,2025-04,20,undefined features: rs_std
GNRC.MX,2025-06,21,"undefined features: rs_last,rs_mean,rs_std"
GNRC.MX,2025-07,23,"undefined features: rs_last,rs_mean,rs_std"
GNRC.MX,2026-05,20,"undefined features: rs_last,rs_mean,rs_std"
GNRC.MX,2023-04,0,rejected by data-quality gates
GNRC.MX,2023-05,0,rejected by data-quality gates
GNRC.MX,2023-06,0,rejected by data-quality gates
GNRC.MX,2023-07,0,rejected by data-quality gates
GNRC.MX,2023-08,0,rejected by data-quality gates
GNRC.MX,2023-09,0,rejected by data-quality gates
GNRC.MX,2023-10,0,rejected by data-quality gates
GNRC.MX,2023-11,0,rejected by data-quality gates
GNRC.MX,2024-02,0,rejected by data-quality gates
GNRC.MX,2024-03,0,rejected by data-quality gates
GNRC.MX,2024-04,0,rejected by data-quality gates
GNRC.MX,2024-09,0,rejected by data-quality gates
GNRC.MX,2024-10,0,rejected by data-quality gates
GNRC.MX,2025-03,0,rejected by data-quality gates
GNRC.MX,2025-05,0,rejected by data-quality gates
GNRC.MX,2025-08,0,rejected by data-quality gates
GNRC.MX,2025-09,0,rejected by data-quality gates
GNRC.MX,2025-10,0,rejected by data-quality gates
GNRC.MX,2025-11,0,rejected by data-quality gates
GNRC.MX,2025-12,0,rejected by data-quality gates
GNRC.MX,2026-01,0,rejected by data-quality gates
GNRC.MX,2026-02,0,rejected by data-quality gates
GNRC.MX,2026-03,0,rejected by data-quality gates
GNRC.MX,2026-04,0,rejected by data-quality gates
GNRC.MX,2026-06,0,rejected by data-quality gates
GOOG.MX,2023-03,3,sessions=3<15 complete-indicator days
GOOGL.MX,2023-03,3,sessions=3<15 complete-indicator days
GPC.MX,2023-03,3,sessions=3<15 complete-indicator days
GPC.MX,2023-10,22,"undefined features: rs_last,rs_mean,rs_std,so_last"
GPC.MX,2023-11,20,"undefined features: rs_last,rs_mean,rs_std,so_last"
GPC.MX,2023-12,19,"undefined features: rs_last,rs_mean,rs_std,so_last"
GPC.MX,2024-01,22,"undefined features: rs_last,rs_mean,rs_std,so_last"
GPC.MX,2024-02,20,"undefined features: rs_last,rs_mean,rs_std,so_last"
GPC.MX,2024-03,18,"undefined features: rs_last,rs_mean,rs_std,so_last"
GPC.MX,2024-04,22,"undefined features: rs_last,rs_mean,rs_std,so_last"
GPC.MX,2024-05,22,"undefined features: rs_last,rs_mean,rs_std,so_last"
GPC.MX,2024-06,20,"undefined features: rs_last,rs_mean,rs_std,so_last"
GPC.MX,2024-07,23,"undefined features: rs_last,rs_mean,rs_std,so_last"
GPC.MX,2024-09,20,"undefined features: rs_last,rs_mean,rs_std,so_last"
GPC.MX,2024-12,20,"undefined features: rs_last,rs_mean,rs_std"
GPC.MX,2025-01,22,"undefined features: rs_last,rs_mean,rs_std,so_last"
GPC.MX,2025-02,19,"undefined features: rs_last,rs_mean,rs_std,so_last"
GPC.MX,2025-03,20,"undefined features: rs_last,rs_mean,rs_std,so_last"
GPC.MX,2025-04,20,"undefined features: rs_last,rs_mean,rs_std,so_last"
GPC.MX,2025-05,21,"undefined features: rs_last,rs_mean,rs_std,so_last"
GPC.MX,2025-06,21,"undefined features: rs_last,rs_mean,rs_std,so_last"
GPC.MX,2025-07,23,"undefined features: rs_last,rs_mean,rs_std,so_last"
GPC.MX,2025-09,21,undefined features: so_std
GPC.MX,2025-10,23,"undefined features: rs_last,rs_mean,rs_std,so_last"
GPC.MX,2025-11,19,"undefined features: rs_last,rs_mean,rs_std,so_last"
GPC.MX,2025-12,21,"undefined features: rs_last,rs_mean,rs_std,so_last"
GPC.MX,2026-01,21,"undefined features: rs_last,rs_mean,rs_std,so_last"
GPC.MX,2026-02,19,"undefined features: rs_last,rs_mean,rs_std,so_last"
GPC.MX,2026-03,21,"undefined features: rs_last,rs_mean,rs_std,so_last"
GPC.MX,2026-04,19,"undefined features: rs_last,rs_mean,rs_std,so_last"
GPC.MX,2026-05,20,"undefined features: rs_last,rs_mean,rs_std,so_last"
GPC.MX,2026-06,22,"undefined features: rs_last,rs_mean,rs_std,so_last"
GPC.MX,2023-04,0,rejected by data-quality gates
GPC.MX,2023-05,0,rejected by data-quality gates
GPC.MX,2023-06,0,rejected by data-quality gates
GPC.MX,2023-07,0,rejected by data-quality gates
GPC.MX,2023-08,0,rejected by data-quality gates
GPC.MX,2023-09,0,rejected by data-quality gates
GPC.MX,2024-08,0,rejected by data-quality gates
GPC.MX,2024-10,0,rejected by data-quality gates
GPC.MX,2024-11,0,rejected by data-quality gates
GPC.MX,2025-08,0,rejected by data-quality gates
GPN.MX,2023-03,3,sessions=3<15 complete-indicator days
GPN.MX,2023-07,21,undefined features: rs_std
GPN.MX,2023-08,23,"undefined features: rs_last,rs_mean,rs_std"
GPN.MX,2023-09,21,"undefined features: rs_last,rs_mean,rs_std"
GPN.MX,2023-10,22,"undefined features: rs_last,rs_mean,rs_std,so_last"
GPN.MX,2024-01,22,"undefined features: rs_last,rs_mean,rs_std"
GPN.MX,2024-02,20,"undefined features: rs_last,rs_mean,rs_std,so_std"
GPN.MX,2024-08,22,"undefined features: rs_last,rs_mean,rs_std"
GPN.MX,2023-04,0,rejected by data-quality gates
GPN.MX,2023-05,0,rejected by data-quality gates
GPN.MX,2023-06,0,rejected by data-quality gates
GPN.MX,2023-11,0,rejected by data-quality gates
GPN.MX,2023-12,0,rejected by data-quality gates
GPN.MX,2024-03,0,rejected by data-quality gates
GPN.MX,2024-04,0,rejected by data-quality gates
GPN.MX,2024-05,0,rejected by data-quality gates
GPN.MX,2024-06,0,rejected by data-quality gates
GPN.MX,2024-07,0,rejected by data-quality gates
GPN.MX,2024-09,0,rejected by data-quality gates
GPN.MX,2024-11,0,rejected by data-quality gates
GPN.MX,2024-12,0,rejected by data-quality gates
GPN.MX,2025-01,0,rejected by data-quality gates
GPN.MX,2025-02,0,rejected by data-quality gates
GPN.MX,2025-03,0,rejected by data-quality gates
GPN.MX,2025-04,0,rejected by data-quality gates
GPN.MX,2025-05,0,rejected by data-quality gates
GPN.MX,2025-06,0,rejected by data-quality gates
GPN.MX,2025-07,0,rejected by data-quality gates
GPN.MX,2025-08,0,rejected by data-quality gates
GPN.MX,2025-09,0,rejected by data-quality gates
GPN.MX,2025-10,0,rejected by data-quality gates
GPN.MX,2025-11,0,rejected by data-quality gates
GPN.MX,2025-12,0,rejected by data-quality gates
GPN.MX,2026-01,0,rejected by data-quality gates
GPN.MX,2026-02,0,rejected by data-quality gates
GPN.MX,2026-03,0,rejected by data-quality gates
GPN.MX,2026-04,0,rejected by data-quality gates
GPN.MX,2026-05,0,rejected by data-quality gates
GPN.MX,2026-06,0,rejected by data-quality gates
GRUMAB.MX,2023-03,3,sessions=3<15 complete-indicator days
GS.MX,2023-03,3,sessions=3<15 complete-indicator days
GS.MX,2023-09,0,rejected by data-quality gates
GWRE.MX,2023-03,3,sessions=3<15 complete-indicator days
GWRE.MX,2023-04,18,"undefined features: rs_last,rs_mean,rs_std,so_last"
GWRE.MX,2023-05,22,"undefined features: rs_last,rs_mean,rs_std,so_last"
GWRE.MX,2023-06,22,"undefined features: rs_last,rs_mean,rs_std,so_last"
GWRE.MX,2023-07,21,"undefined features: rs_last,rs_mean,rs_std,so_last"
GWRE.MX,2023-08,23,"undefined features: rs_last,rs_mean,rs_std,so_last"
GWRE.MX,2023-09,21,"undefined features: rs_last,rs_mean,rs_std,so_last"
GWRE.MX,2023-10,22,"undefined features: rs_last,rs_mean,rs_std,so_last"
GWRE.MX,2023-11,20,"undefined features: rs_last,rs_mean,rs_std,so_last"
GWRE.MX,2023-12,19,"undefined features: rs_last,rs_mean,rs_std,so_last"
GWRE.MX,2024-01,22,"undefined features: rs_last,rs_mean,rs_std,so_last"
GWRE.MX,2024-02,20,"undefined features: rs_last,rs_mean,rs_std,so_last"
GWRE.MX,2024-03,18,"undefined features: rs_last,rs_mean,rs_std,so_last"
GWRE.MX,2024-04,22,"undefined features: rs_last,rs_mean,rs_std,so_last"
GWRE.MX,2024-05,22,"undefined features: rs_last,rs_mean,rs_std,so_last"
GWRE.MX,2024-06,20,"undefined features: rs_last,rs_mean,rs_std,so_last"
GWRE.MX,2024-07,23,"undefined features: rs_last,rs_mean,rs_std"
GWRE.MX,2024-08,22,"undefined features: rs_last,rs_mean,rs_std"
GWRE.MX,2024-09,20,"undefined features: rs_last,rs_mean,rs_std"
GWRE.MX,2024-10,22,"undefined features: rs_last,rs_mean,rs_std"
GWRE.MX,2024-11,20,"undefined features: rs_last,rs_mean,rs_std"
GWRE.MX,2024-12,20,"undefined features: rs_last,rs_mean,rs_std,so_last"
GWRE.MX,2025-01,22,"undefined features: rs_last,rs_mean,rs_std"
GWRE.MX,2025-02,19,"undefined features: rs_last,rs_mean,rs_std"
GWRE.MX,2025-03,20,"undefined features: rs_last,rs_mean,rs_std,so_last"
GWRE.MX,2025-11,19,"undefined features: rs_last,rs_mean,rs_std"
GWRE.MX,2026-01,21,"undefined features: rs_last,rs_mean,rs_std,so_last"
GWRE.MX,2026-04,19,"undefined features: rs_last,rs_mean,rs_std,so_last"
GWRE.MX,2026-05,20,"undefined features: rs_last,rs_mean,rs_std,so_last"
GWRE.MX,2025-04,0,rejected by data-quality gates
GWRE.MX,2025-05,0,rejected by data-quality gates
GWRE.MX,2025-06,0,rejected by data-quality gates
GWRE.MX,2025-07,0,rejected by data-quality gates
GWRE.MX,2025-08,0,rejected by data-quality gates
GWRE.MX,2025-09,0,rejected by data-quality gates
GWRE.MX,2025-10,0,rejected by data-quality gates
GWRE.MX,2025-12,0,rejected by data-quality gates
GWRE.MX,2026-02,0,rejected by data-quality gates
GWRE.MX,2026-03,0,rejected by data-quality gates
GWRE.MX,2026-06,0,rejected by data-quality gates
GWW.MX,2023-03,3,sessions=3<15 complete-indicator days
GWW.MX,2023-05,22,"undefined features: rs_last,rs_mean,rs_std,so_last"
GWW.MX,2023-06,22,"undefined features: rs_last,rs_mean,rs_std,so_last"
GWW.MX,2023-07,21,"undefined features: rs_last,rs_mean,rs_std,so_last"
GWW.MX,2023-08,23,"undefined features: rs_last,rs_mean,rs_std,so_last"
GWW.MX,2023-09,21,"undefined features: rs_last,rs_mean,rs_std,so_last"
GWW.MX,2023-10,22,"undefined features: rs_last,rs_mean,rs_std,so_last"
GWW.MX,2023-11,20,"undefined features: rs_last,rs_mean,rs_std,so_last"
GWW.MX,2023-12,19,"undefined features: rs_last,rs_mean,rs_std,so_last"
GWW.MX,2024-01,22,"undefined features: rs_last,rs_mean,rs_std,so_last"
GWW.MX,2024-02,20,"undefined features: rs_last,rs_mean,rs_std"
GWW.MX,2024-03,18,"undefined features: rs_last,rs_mean,rs_std"
GWW.MX,2024-04,22,"undefined features: rs_last,rs_mean,rs_std,so_last"
GWW.MX,2024-05,22,"undefined features: rs_last,rs_mean,rs_std,so_last"
GWW.MX,2024-07,23,"undefined features: rs_last,rs_mean,rs_std,so_last"
GWW.MX,2024-08,22,"undefined features: rs_last,rs_mean,rs_std"
GWW.MX,2024-09,20,"undefined features: rs_last,rs_mean,rs_std,so_last"
GWW.MX,2024-10,22,"undefined features: rs_last,rs_mean,rs_std,so_last"
GWW.MX,2024-11,20,"undefined features: rs_last,rs_mean,rs_std"
GWW.MX,2024-12,20,"undefined features: rs_last,rs_mean,rs_std"
GWW.MX,2025-01,22,"undefined features: rs_last,rs_mean,rs_std,so_last"
GWW.MX,2025-02,19,"undefined features: rs_last,rs_mean,rs_std,so_last"
GWW.MX,2025-03,20,"undefined features: rs_last,rs_mean,rs_std,so_last"
GWW.MX,2025-04,20,"undefined features: rs_last,rs_mean,rs_std,so_last"
GWW.MX,2025-05,21,"undefined features: rs_last,rs_mean,rs_std,so_last"
GWW.MX,2025-06,21,"undefined features: rs_last,rs_mean,rs_std,so_last"
GWW.MX,2025-07,23,"undefined features: rs_last,rs_mean,rs_std,so_last"
GWW.MX,2025-08,21,"undefined features: rs_last,rs_mean,rs_std,so_last"
GWW.MX,2025-09,21,"undefined features: rs_last,rs_mean,rs_std,so_last"
GWW.MX,2025-10,23,"undefined features: rs_last,rs_mean,rs_std,so_last"
GWW.MX,2025-11,19,"undefined features: rs_last,rs_mean,rs_std,so_last"
GWW.MX,2025-12,21,"undefined features: rs_last,rs_mean,rs_std,so_last"
GWW.MX,2026-01,21,"undefined features: rs_last,rs_mean,rs_std,so_last"
GWW.MX,2026-02,19,"undefined features: rs_last,rs_mean,rs_std,so_last"
GWW.MX,2026-03,21,"undefined features: rs_last,rs_mean,rs_std,so_last"
GWW.MX,2026-06,22,"undefined features: rs_last,rs_mean,rs_std,so_std"
GWW.MX,2023-04,0,rejected by data-quality gates
GWW.MX,2024-06,0,rejected by data-quality gates
GWW.MX,2026-04,0,rejected by data-quality gates
GWW.MX,2026-05,0,rejected by data-quality gates
HAL.MX,2023-03,3,sessions=3<15 complete-indicator days
HAL.MX,2023-04,0,rejected by data-quality gates
HAL.MX,2023-06,0,rejected by data-quality gates
HAL.MX,2023-07,0,rejected by data-quality gates
HAL.MX,2023-08,0,rejected by data-quality gates
HAL.MX,2023-09,0,rejected by data-quality gates
HAL.MX,2023-12,0,rejected by data-quality gates
HAL.MX,2024-02,0,rejected by data-quality gates
HAL.MX,2024-03,0,rejected by data-quality gates
HAL.MX,2024-04,0,rejected by data-quality gates
HAL.MX,2024-05,0,rejected by data-quality gates
HAL.MX,2024-06,0,rejected by data-quality gates
HAL.MX,2024-07,0,rejected by data-quality gates
HAL.MX,2025-03,0,rejected by data-quality gates
HAL.MX,2025-04,0,rejected by data-quality gates
HAL.MX,2025-08,0,rejected by data-quality gates
HAL.MX,2025-09,0,rejected by data-quality gates
HAL.MX,2025-11,0,rejected by data-quality gates
HAL.MX,2025-12,0,rejected by data-quality gates
HAL.MX,2026-04,0,rejected by data-quality gates
HAL.MX,2026-05,0,rejected by data-quality gates
HAL.MX,2026-06,0,rejected by data-quality gates
HAS.MX,2023-03,3,sessions=3<15 complete-indicator days
HAS.MX,2023-06,22,"undefined features: rs_last,rs_mean,rs_std"
HAS.MX,2023-09,21,"undefined features: rs_last,rs_mean,rs_std,so_last"
HAS.MX,2024-04,22,"undefined features: rs_last,rs_mean,rs_std"
HAS.MX,2024-05,22,"undefined features: rs_last,rs_mean,rs_std"
HAS.MX,2024-06,20,"undefined features: rs_last,rs_mean,rs_std"
HAS.MX,2024-07,23,"undefined features: rs_last,rs_mean,rs_std"
HAS.MX,2024-08,22,"undefined features: rs_last,rs_mean,rs_std"
HAS.MX,2024-09,20,"undefined features: rs_last,rs_mean,rs_std"
HAS.MX,2025-02,19,"undefined features: rs_last,rs_mean,rs_std"
HAS.MX,2025-03,20,"undefined features: rs_last,rs_mean,rs_std,so_last"
HAS.MX,2025-06,21,"undefined features: rs_last,rs_mean,rs_std,so_std"
HAS.MX,2025-07,23,"undefined features: rs_last,rs_mean,rs_std"
HAS.MX,2025-08,21,"undefined features: rs_last,rs_mean,rs_std"
HAS.MX,2025-09,21,undefined features: rs_std
HAS.MX,2025-11,19,"undefined features: rs_last,rs_mean,rs_std"
HAS.MX,2026-04,19,"undefined features: rs_last,rs_mean,rs_std,so_last"
HAS.MX,2026-05,20,"undefined features: rs_last,rs_mean,rs_std,so_last"
HAS.MX,2023-04,0,rejected by data-quality gates
HAS.MX,2023-05,0,rejected by data-quality gates
HAS.MX,2023-07,0,rejected by data-quality gates
HAS.MX,2023-08,0,rejected by data-quality gates
HAS.MX,2023-10,0,rejected by data-quality gates
HAS.MX,2023-11,0,rejected by data-quality gates
HAS.MX,2023-12,0,rejected by data-quality gates
HAS.MX,2024-01,0,rejected by data-quality gates
HAS.MX,2024-02,0,rejected by data-quality gates
HAS.MX,2024-03,0,rejected by data-quality gates
HAS.MX,2024-10,0,rejected by data-quality gates
HAS.MX,2024-11,0,rejected by data-quality gates
HAS.MX,2024-12,0,rejected by data-quality gates
HAS.MX,2025-01,0,rejected by data-quality gates
HAS.MX,2025-04,0,rejected by data-quality gates
HAS.MX,2025-05,0,rejected by data-quality gates
HAS.MX,2025-10,0,rejected by data-quality gates
HAS.MX,2025-12,0,rejected by data-quality gates
HAS.MX,2026-01,0,rejected by data-quality gates
HAS.MX,2026-02,0,rejected by data-quality gates
HAS.MX,2026-03,0,rejected by data-quality gates
HAS.MX,2026-06,0,rejected by data-quality gates
HBAN.MX,2023-03,3,sessions=3<15 complete-indicator days
HBAN.MX,2023-04,18,"undefined features: rs_last,rs_mean,rs_std,so_last"
HBAN.MX,2023-05,22,"undefined features: rs_last,rs_mean,rs_std,so_last"
HBAN.MX,2023-06,22,"undefined features: rs_last,rs_mean,rs_std,so_last"
HBAN.MX,2023-09,21,"undefined features: rs_last,rs_mean,rs_std,so_last"
HBAN.MX,2023-10,22,"undefined features: rs_last,rs_mean,rs_std,so_last"
HBAN.MX,2023-11,20,"undefined features: rs_last,rs_mean,rs_std,so_last"
HBAN.MX,2023-12,19,"undefined features: rs_last,rs_mean,rs_std,so_last"
HBAN.MX,2024-01,22,"undefined features: rs_last,rs_mean,rs_std,so_last"
HBAN.MX,2024-02,20,"undefined features: rs_last,rs_mean,rs_std,so_last"
HBAN.MX,2024-03,18,"undefined features: rs_last,rs_mean,rs_std,so_last"
HBAN.MX,2024-04,22,"undefined features: rs_last,rs_mean,rs_std,so_last"
HBAN.MX,2024-05,22,"undefined features: rs_last,rs_mean,rs_std,so_last"
HBAN.MX,2024-06,20,"undefined features: rs_last,rs_mean,rs_std"
HBAN.MX,2024-07,23,"undefined features: rs_last,rs_mean,rs_std"
HBAN.MX,2024-08,22,"undefined features: rs_last,rs_mean,rs_std,so_last"
HBAN.MX,2024-09,20,"undefined features: rs_last,rs_mean,rs_std,so_last"
HBAN.MX,2024-10,22,"undefined features: rs_last,rs_mean,rs_std"
HBAN.MX,2024-11,20,"undefined features: rs_last,rs_mean,rs_std,so_last"
HBAN.MX,2024-12,20,"undefined features: rs_last,rs_mean,rs_std,so_last"
HBAN.MX,2025-01,22,"undefined features: rs_last,rs_mean,rs_std,so_last"
HBAN.MX,2025-02,19,"undefined features: rs_last,rs_mean,rs_std,so_last"
HBAN.MX,2025-03,20,"undefined features: rs_last,rs_mean,rs_std"
HBAN.MX,2025-04,20,"undefined features: rs_last,rs_mean,rs_std"
HBAN.MX,2025-06,21,"undefined features: rs_last,rs_mean,rs_std,so_last"
HBAN.MX,2025-07,23,"undefined features: rs_last,rs_mean,rs_std,so_last"
HBAN.MX,2025-08,21,"undefined features: rs_last,rs_mean,rs_std"
HBAN.MX,2025-11,19,undefined features: so_std
HBAN.MX,2025-12,21,"undefined features: rs_last,rs_mean,rs_std"
HBAN.MX,2026-03,21,"undefined features: rs_last,rs_mean,rs_std,so_last"
HBAN.MX,2026-04,19,"undefined features: rs_last,rs_mean,rs_std,so_last"
HBAN.MX,2026-05,20,"undefined features: rs_last,rs_mean,rs_std,so_last"
HBAN.MX,2026-06,22,"undefined features: rs_last,rs_mean,rs_std,so_last"
HBAN.MX,2023-07,0,rejected by data-quality gates
HBAN.MX,2023-08,0,rejected by data-quality gates
HBAN.MX,2025-05,0,rejected by data-quality gates
HBAN.MX,2025-09,0,rejected by data-quality gates
HBAN.MX,2025-10,0,rejected by data-quality gates
HBAN.MX,2026-01,0,rejected by data-quality gates
HBAN.MX,2026-02,0,rejected by data-quality gates
HCA.MX,2023-03,3,sessions=3<15 complete-indicator days
HCA.MX,2023-12,19,"undefined features: rs_last,rs_mean,rs_std"
HCA.MX,2024-01,22,"undefined features: rs_last,rs_mean,rs_std"
HCA.MX,2024-02,20,"undefined features: rs_last,rs_mean,rs_std"
HCA.MX,2024-03,18,"undefined features: rs_last,rs_mean,rs_std"
HCA.MX,2024-09,20,"undefined features: rs_last,rs_mean,rs_std"
HCA.MX,2023-04,0,rejected by data-quality gates
HCA.MX,2023-05,0,rejected by data-quality gates
HCA.MX,2023-06,0,rejected by data-quality gates
HCA.MX,2023-07,0,rejected by data-quality gates
HCA.MX,2023-08,0,rejected by data-quality gates
HCA.MX,2023-09,0,rejected by data-quality gates
HCA.MX,2023-10,0,rejected by data-quality gates
HCA.MX,2023-11,0,rejected by data-quality gates
HCA.MX,2024-04,0,rejected by data-quality gates
HCA.MX,2024-05,0,rejected by data-quality gates
HCA.MX,2024-06,0,rejected by data-quality gates
HCA.MX,2024-07,0,rejected by data-quality gates
HCA.MX,2024-08,0,rejected by data-quality gates
HCA.MX,2024-10,0,rejected by data-quality gates
HCA.MX,2024-11,0,rejected by data-quality gates
HCA.MX,2024-12,0,rejected by data-quality gates
HCA.MX,2025-01,0,rejected by data-quality gates
HCA.MX,2025-02,0,rejected by data-quality gates
HCA.MX,2025-03,0,rejected by data-quality gates
HCA.MX,2025-04,0,rejected by data-quality gates
HCA.MX,2025-05,0,rejected by data-quality gates
HCA.MX,2025-06,0,rejected by data-quality gates
HCA.MX,2025-07,0,rejected by data-quality gates
HCA.MX,2025-08,0,rejected by data-quality gates
HCA.MX,2025-09,0,rejected by data-quality gates
HCA.MX,2025-10,0,rejected by data-quality gates
HCA.MX,2025-11,0,rejected by data-quality gates
HCA.MX,2025-12,0,rejected by data-quality gates
HCA.MX,2026-01,0,rejected by data-quality gates
HCA.MX,2026-02,0,rejected by data-quality gates
HCA.MX,2026-03,0,rejected by data-quality gates
HCA.MX,2026-04,0,rejected by data-quality gates
HCA.MX,2026-05,0,rejected by data-quality gates
HCA.MX,2026-06,0,rejected by data-quality gates
HD.MX,2023-03,3,sessions=3<15 complete-indicator days
HIG.MX,2024-02,11,sessions=11<15 complete-indicator days
HIG.MX,2024-03,18,"undefined features: rs_last,rs_mean,rs_std,so_last"
HIG.MX,2024-04,22,"undefined features: rs_last,rs_mean,rs_std,so_last"
HIG.MX,2024-05,22,"undefined features: rs_last,rs_mean,rs_std,so_last"
HIG.MX,2024-06,20,"undefined features: rs_last,rs_mean,rs_std,so_last"
HIG.MX,2024-07,23,"undefined features: rs_last,rs_mean,rs_std,so_last"
HIG.MX,2024-08,22,"undefined features: rs_last,rs_mean,rs_std,so_last"
HIG.MX,2024-09,20,"undefined features: rs_last,rs_mean,rs_std,so_last"
HIG.MX,2024-10,22,"undefined features: rs_last,rs_mean,rs_std,so_last"
HIG.MX,2024-11,20,"undefined features: rs_last,rs_mean,rs_std,so_last"
HIG.MX,2024-12,20,"undefined features: rs_last,rs_mean,rs_std,so_last"
HIG.MX,2025-01,22,"undefined features: rs_last,rs_mean,rs_std,so_last"
HIG.MX,2025-02,19,"undefined features: rs_last,rs_mean,rs_std,so_last"
HIG.MX,2025-03,20,"undefined features: rs_last,rs_mean,rs_std,so_last"
HIG.MX,2025-04,20,"undefined features: rs_last,rs_mean,rs_std,so_last"
HIG.MX,2025-05,21,"undefined features: rs_last,rs_mean,rs_std,so_last"
HIG.MX,2025-06,21,"undefined features: rs_last,rs_mean,rs_std,so_last"
HIG.MX,2025-07,23,"undefined features: rs_last,rs_mean,rs_std,so_last"
HIG.MX,2025-08,21,"undefined features: rs_last,rs_mean,rs_std,so_last"
HIG.MX,2025-09,21,"undefined features: rs_last,rs_mean,rs_std,so_last"
HIG.MX,2025-10,23,"undefined features: rs_last,rs_mean,rs_std,so_last"
HIG.MX,2025-11,19,"undefined features: rs_last,rs_mean,rs_std,so_last"
HIG.MX,2025-12,21,"undefined features: rs_last,rs_mean,rs_std,so_last"
HIG.MX,2026-01,21,"undefined features: rs_last,rs_mean,rs_std,so_last"
HIG.MX,2026-02,19,"undefined features: rs_last,rs_mean,rs_std,so_last"
HIG.MX,2026-03,21,"undefined features: rs_last,rs_mean,rs_std,so_last"
HIG.MX,2026-04,19,"undefined features: rs_last,rs_mean,rs_std,so_last"
HIG.MX,2026-05,20,"undefined features: rs_last,rs_mean,rs_std"
HIG.MX,2026-06,22,"undefined features: rs_last,rs_mean,rs_std,so_std"
HLT.MX,2023-03,3,sessions=3<15 complete-indicator days
HLT.MX,2023-10,22,"undefined features: rs_last,rs_mean,rs_std,so_last"
HLT.MX,2023-11,20,"undefined features: rs_last,rs_mean,rs_std,so_last"
HLT.MX,2023-12,19,"undefined features: rs_last,rs_mean,rs_std"
HLT.MX,2024-01,22,"undefined features: rs_last,rs_mean,rs_std"
HLT.MX,2024-02,20,"undefined features: rs_last,rs_mean,rs_std"
HLT.MX,2024-03,18,"undefined features: rs_last,rs_mean,rs_std,so_std"
HLT.MX,2024-08,22,"undefined features: rs_last,rs_mean,rs_std,so_std"
HLT.MX,2024-09,20,"undefined features: rs_last,rs_mean,rs_std,so_last"
HLT.MX,2024-10,22,"undefined features: rs_last,rs_mean,rs_std,so_last"
HLT.MX,2024-11,20,"undefined features: rs_last,rs_mean,rs_std"
HLT.MX,2025-01,22,"undefined features: rs_last,rs_mean,rs_std"
HLT.MX,2025-02,19,"undefined features: rs_last,rs_mean,rs_std"
HLT.MX,2025-06,21,"undefined features: rs_last,rs_mean,rs_std"
HLT.MX,2025-07,23,"undefined features: rs_last,rs_mean,rs_std"
HLT.MX,2025-08,21,"undefined features: rs_last,rs_mean,rs_std"
HLT.MX,2025-09,21,"undefined features: rs_last,rs_mean,rs_std"
HLT.MX,2025-10,23,"undefined features: rs_last,rs_mean,rs_std,so_last"
HLT.MX,2026-01,21,"undefined features: rs_last,rs_mean,rs_std,so_last"
HLT.MX,2026-02,19,"undefined features: rs_last,rs_mean,rs_std,so_last"
HLT.MX,2026-03,21,"undefined features: rs_last,rs_mean,rs_std,so_last"
HLT.MX,2026-04,19,"undefined features: rs_last,rs_mean,rs_std,so_last"
HLT.MX,2026-05,20,"undefined features: rs_last,rs_mean,rs_std"
HLT.MX,2023-04,0,rejected by data-quality gates
HLT.MX,2023-05,0,rejected by data-quality gates
HLT.MX,2023-06,0,rejected by data-quality gates
HLT.MX,2023-07,0,rejected by data-quality gates
HLT.MX,2023-08,0,rejected by data-quality gates
HLT.MX,2023-09,0,rejected by data-quality gates
HLT.MX,2024-04,0,rejected by data-quality gates
HLT.MX,2024-05,0,rejected by data-quality gates
HLT.MX,2024-06,0,rejected by data-quality gates
HLT.MX,2024-07,0,rejected by data-quality gates
HLT.MX,2024-12,0,rejected by data-quality gates
HLT.MX,2025-03,0,rejected by data-quality gates
HLT.MX,2025-04,0,rejected by data-quality gates
HLT.MX,2025-05,0,rejected by data-quality gates
HLT.MX,2025-11,0,rejected by data-quality gates
HLT.MX,2025-12,0,rejected by data-quality gates
HLT.MX,2026-06,0,rejected by data-quality gates
HON.MX,2023-03,3,sessions=3<15 complete-indicator days
HON.MX,2023-04,0,rejected by data-quality gates
HON.MX,2023-05,0,rejected by data-quality gates
HON.MX,2023-06,0,rejected by data-quality gates
HON.MX,2023-09,0,rejected by data-quality gates
HON.MX,2023-10,0,rejected by data-quality gates
HON.MX,2023-12,0,rejected by data-quality gates
HON.MX,2024-01,0,rejected by data-quality gates
HON.MX,2024-02,0,rejected by data-quality gates
HON.MX,2024-03,0,rejected by data-quality gates
HON.MX,2024-04,0,rejected by data-quality gates
HON.MX,2024-05,0,rejected by data-quality gates
HON.MX,2024-07,0,rejected by data-quality gates
HON.MX,2024-08,0,rejected by data-quality gates
HON.MX,2024-10,0,rejected by data-quality gates
HON.MX,2024-12,0,rejected by data-quality gates
HON.MX,2025-01,0,rejected by data-quality gates
HON.MX,2025-02,0,rejected by data-quality gates
HON.MX,2025-03,0,rejected by data-quality gates
HON.MX,2025-04,0,rejected by data-quality gates
HON.MX,2025-05,0,rejected by data-quality gates
HON.MX,2025-06,0,rejected by data-quality gates
HON.MX,2025-07,0,rejected by data-quality gates
HON.MX,2025-08,0,rejected by data-quality gates
HON.MX,2025-09,0,rejected by data-quality gates
HON.MX,2025-11,0,rejected by data-quality gates
HON.MX,2025-12,0,rejected by data-quality gates
HON.MX,2026-01,0,rejected by data-quality gates
HON.MX,2026-02,0,rejected by data-quality gates
HON.MX,2026-03,0,rejected by data-quality gates
HON.MX,2026-04,0,rejected by data-quality gates
HON.MX,2026-05,0,rejected by data-quality gates
HON.MX,2026-06,0,rejected by data-quality gates
HOOD.MX,2023-03,3,sessions=3<15 complete-indicator days
HOOD.MX,2023-04,0,rejected by data-quality gates
HOOD.MX,2023-05,0,rejected by data-quality gates
HOOD.MX,2023-06,0,rejected by data-quality gates
HOOD.MX,2023-07,0,rejected by data-quality gates
HOOD.MX,2023-08,0,rejected by data-quality gates
HOOD.MX,2023-09,0,rejected by data-quality gates
HOOD.MX,2023-10,0,rejected by data-quality gates
HOOD.MX,2023-12,0,rejected by data-quality gates
HOOD.MX,2024-01,0,rejected by data-quality gates
HOOD.MX,2024-04,0,rejected by data-quality gates
HPE.MX,2023-03,3,sessions=3<15 complete-indicator days
HPE.MX,2023-07,21,"undefined features: rs_last,rs_mean,rs_std"
HPE.MX,2023-08,23,"undefined features: rs_last,rs_mean,rs_std,so_last"
HPE.MX,2023-04,0,rejected by data-quality gates
HPE.MX,2023-05,0,rejected by data-quality gates
HPE.MX,2023-06,0,rejected by data-quality gates
HPE.MX,2023-09,0,rejected by data-quality gates
HPE.MX,2023-10,0,rejected by data-quality gates
HPE.MX,2023-11,0,rejected by data-quality gates
HPE.MX,2023-12,0,rejected by data-quality gates
HPE.MX,2024-01,0,rejected by data-quality gates
HPE.MX,2024-02,0,rejected by data-quality gates
HPE.MX,2024-03,0,rejected by data-quality gates
HPE.MX,2024-05,0,rejected by data-quality gates
HPE.MX,2024-07,0,rejected by data-quality gates
HPE.MX,2024-08,0,rejected by data-quality gates
HPE.MX,2024-11,0,rejected by data-quality gates
HPE.MX,2024-12,0,rejected by data-quality gates
HPE.MX,2025-02,0,rejected by data-quality gates
HPE.MX,2025-05,0,rejected by data-quality gates
HPE.MX,2025-07,0,rejected by data-quality gates
HPE.MX,2025-08,0,rejected by data-quality gates
HPE.MX,2025-11,0,rejected by data-quality gates
HPE.MX,2025-12,0,rejected by data-quality gates
HPE.MX,2026-01,0,rejected by data-quality gates
HPE.MX,2026-02,0,rejected by data-quality gates
HPE.MX,2026-03,0,rejected by data-quality gates
HPE.MX,2026-04,0,rejected by data-quality gates
HPQ.MX,2023-03,3,sessions=3<15 complete-indicator days
HPQ.MX,2023-04,0,rejected by data-quality gates
HPQ.MX,2023-05,0,rejected by data-quality gates
HPQ.MX,2023-06,0,rejected by data-quality gates
HPQ.MX,2023-07,0,rejected by data-quality gates
HPQ.MX,2023-08,0,rejected by data-quality gates
HPQ.MX,2023-09,0,rejected by data-quality gates
HPQ.MX,2023-10,0,rejected by data-quality gates
HPQ.MX,2023-11,0,rejected by data-quality gates
HPQ.MX,2023-12,0,rejected by data-quality gates
HPQ.MX,2024-01,0,rejected by data-quality gates
HPQ.MX,2024-02,0,rejected by data-quality gates
HPQ.MX,2024-03,0,rejected by data-quality gates
HPQ.MX,2024-04,0,rejected by data-quality gates
HPQ.MX,2024-07,0,rejected by data-quality gates
HPQ.MX,2024-09,0,rejected by data-quality gates
HPQ.MX,2024-10,0,rejected by data-quality gates
HPQ.MX,2024-11,0,rejected by data-quality gates
HPQ.MX,2024-12,0,rejected by data-quality gates
HPQ.MX,2025-01,0,rejected by data-quality gates
HPQ.MX,2025-02,0,rejected by data-quality gates
HPQ.MX,2025-03,0,rejected by data-quality gates
HPQ.MX,2025-09,0,rejected by data-quality gates
HPQ.MX,2025-10,0,rejected by data-quality gates
HRL.MX,2023-11,8,sessions=8<15 complete-indicator days
HRL.MX,2024-02,20,"undefined features: rs_last,rs_mean,rs_std,so_last"
HRL.MX,2024-03,18,"undefined features: rs_last,rs_mean,rs_std,so_last"
HRL.MX,2024-04,22,"undefined features: rs_last,rs_mean,rs_std,so_last"
HRL.MX,2024-05,22,"undefined features: rs_last,rs_mean,rs_std,so_last"
HRL.MX,2024-06,20,"undefined features: rs_last,rs_mean,rs_std"
HRL.MX,2024-07,23,"undefined features: rs_last,rs_mean,rs_std"
HRL.MX,2024-08,22,"undefined features: rs_last,rs_mean,rs_std"
HRL.MX,2024-09,20,"undefined features: rs_last,rs_mean,rs_std,so_last"
HRL.MX,2024-10,22,"undefined features: rs_last,rs_mean,rs_std,so_last"
HRL.MX,2024-11,20,"undefined features: rs_last,rs_mean,rs_std,so_last"
HRL.MX,2024-12,20,"undefined features: rs_last,rs_mean,rs_std,so_last"
HRL.MX,2025-01,22,"undefined features: rs_last,rs_mean,rs_std,so_last"
HRL.MX,2025-02,19,"undefined features: rs_last,rs_mean,rs_std,so_last"
HRL.MX,2025-03,20,"undefined features: rs_last,rs_mean,rs_std,so_last"
HRL.MX,2025-04,20,"undefined features: rs_last,rs_mean,rs_std,so_last"
HRL.MX,2025-05,21,"undefined features: rs_last,rs_mean,rs_std,so_last"
HRL.MX,2025-06,21,"undefined features: rs_last,rs_mean,rs_std,so_last"
HRL.MX,2025-07,23,"undefined features: rs_last,rs_mean,rs_std,so_last"
HRL.MX,2025-08,21,"undefined features: rs_last,rs_mean,rs_std,so_last"
HRL.MX,2025-12,21,"undefined features: rs_last,rs_mean,rs_std"
HRL.MX,2026-04,19,"undefined features: rs_last,rs_mean,rs_std,so_last"
HRL.MX,2026-06,22,"undefined features: rs_last,rs_mean,rs_std"
HRL.MX,2023-12,0,rejected by data-quality gates
HRL.MX,2024-01,0,rejected by data-quality gates
HRL.MX,2025-09,0,rejected by data-quality gates
HRL.MX,2025-10,0,rejected by data-quality gates
HRL.MX,2025-11,0,rejected by data-quality gates
HRL.MX,2026-01,0,rejected by data-quality gates
HRL.MX,2026-02,0,rejected by data-quality gates
HRL.MX,2026-03,0,rejected by data-quality gates
HRL.MX,2026-05,0,rejected by data-quality gates
HST.MX,2024-09,3,sessions=3<15 complete-indicator days
HST.MX,2024-10,22,"undefined features: rs_last,rs_mean,rs_std,so_last"
HST.MX,2024-11,20,"undefined features: rs_last,rs_mean,rs_std,so_last"
HST.MX,2024-12,20,"undefined features: rs_last,rs_mean,rs_std,so_last"
HST.MX,2025-01,22,"undefined features: rs_last,rs_mean,rs_std,so_last"
HST.MX,2025-02,19,"undefined features: rs_last,rs_mean,rs_std,so_last"
HST.MX,2025-06,21,"undefined features: rs_last,rs_mean,rs_std,so_last"
HST.MX,2025-07,23,"undefined features: rs_last,rs_mean,rs_std,so_last"
HST.MX,2025-08,21,"undefined features: rs_last,rs_mean,rs_std,so_last"
HST.MX,2025-09,21,"undefined features: rs_last,rs_mean,rs_std,so_last"
HST.MX,2025-10,23,"undefined features: rs_last,rs_mean,rs_std,so_last"
HST.MX,2025-11,19,"undefined features: rs_last,rs_mean,rs_std,so_last"
HST.MX,2025-12,21,"undefined features: rs_last,rs_mean,rs_std,so_last"
HST.MX,2026-01,21,"undefined features: rs_last,rs_mean,rs_std,so_last"
HST.MX,2026-02,19,"undefined features: rs_last,rs_mean,rs_std,so_last"
HST.MX,2026-03,21,"undefined features: rs_last,rs_mean,rs_std,so_last"
HST.MX,2026-04,19,"undefined features: rs_last,rs_mean,rs_std,so_last"
HST.MX,2026-05,20,"undefined features: rs_last,rs_mean,rs_std,so_last"
HST.MX,2026-06,22,"undefined features: rs_last,rs_mean,rs_std,so_last"
HST.MX,2025-03,0,rejected by data-quality gates
HST.MX,2025-04,0,rejected by data-quality gates
HST.MX,2025-05,0,rejected by data-quality gates
HSY.MX,2023-03,3,sessions=3<15 complete-indicator days
HSY.MX,2023-04,18,"undefined features: rs_last,rs_mean,rs_std"
HSY.MX,2023-07,21,"undefined features: rs_last,rs_mean,rs_std"
HSY.MX,2025-12,21,"undefined features: rs_last,rs_mean,rs_std"
HSY.MX,2026-01,21,"undefined features: rs_last,rs_mean,rs_std"
HSY.MX,2023-05,0,rejected by data-quality gates
HSY.MX,2023-06,0,rejected by data-quality gates
HSY.MX,2023-08,0,rejected by data-quality gates
HSY.MX,2023-09,0,rejected by data-quality gates
HSY.MX,2023-10,0,rejected by data-quality gates
HSY.MX,2023-11,0,rejected by data-quality gates
HSY.MX,2023-12,0,rejected by data-quality gates
HSY.MX,2024-01,0,rejected by data-quality gates
HSY.MX,2024-02,0,rejected by data-quality gates
HSY.MX,2024-03,0,rejected by data-quality gates
HSY.MX,2024-04,0,rejected by data-quality gates
HSY.MX,2024-05,0,rejected by data-quality gates
HSY.MX,2024-06,0,rejected by data-quality gates
HSY.MX,2024-07,0,rejected by data-quality gates
HSY.MX,2024-08,0,rejected by data-quality gates
HSY.MX,2024-09,0,rejected by data-quality gates
HSY.MX,2024-10,0,rejected by data-quality gates
HSY.MX,2024-11,0,rejected by data-quality gates
HSY.MX,2024-12,0,rejected by data-quality gates
HSY.MX,2025-03,0,rejected by data-quality gates
HSY.MX,2025-04,0,rejected by data-quality gates
HSY.MX,2025-05,0,rejected by data-quality gates
HSY.MX,2025-06,0,rejected by data-quality gates
HSY.MX,2025-07,0,rejected by data-quality gates
HSY.MX,2025-08,0,rejected by data-quality gates
HSY.MX,2025-09,0,rejected by data-quality gates
HSY.MX,2025-10,0,rejected by data-quality gates
HSY.MX,2025-11,0,rejected by data-quality gates
HSY.MX,2026-02,0,rejected by data-quality gates
HSY.MX,2026-03,0,rejected by data-quality gates
HSY.MX,2026-04,0,rejected by data-quality gates
HSY.MX,2026-05,0,rejected by data-quality gates
HSY.MX,2026-06,0,rejected by data-quality gates
HUBB.MX,2023-03,3,sessions=3<15 complete-indicator days
HUBB.MX,2023-04,18,"undefined features: rs_last,rs_mean,rs_std,so_last"
HUBB.MX,2023-05,22,"undefined features: rs_last,rs_mean,rs_std,so_last"
HUBB.MX,2023-06,22,"undefined features: rs_last,rs_mean,rs_std"
HUBB.MX,2023-07,21,"undefined features: rs_last,rs_mean,rs_std"
HUBB.MX,2023-10,22,"undefined features: rs_last,rs_mean,rs_std,so_last"
HUBB.MX,2023-11,20,"undefined features: rs_last,rs_mean,rs_std,so_last"
HUBB.MX,2023-12,19,"undefined features: rs_last,rs_mean,rs_std,so_last"
HUBB.MX,2024-01,22,"undefined features: rs_last,rs_mean,rs_std,so_last"
HUBB.MX,2024-02,20,"undefined features: rs_last,rs_mean,rs_std"
HUBB.MX,2024-03,18,"undefined features: rs_last,rs_mean,rs_std"
HUBB.MX,2024-04,22,"undefined features: rs_last,rs_mean,rs_std,so_last"
HUBB.MX,2024-05,22,"undefined features: rs_last,rs_mean,rs_std,so_last"
HUBB.MX,2024-06,20,"undefined features: rs_last,rs_mean,rs_std,so_last"
HUBB.MX,2024-07,23,"undefined features: rs_last,rs_mean,rs_std,so_last"
HUBB.MX,2024-08,22,"undefined features: rs_last,rs_mean,rs_std,so_last"
HUBB.MX,2024-09,20,"undefined features: rs_last,rs_mean,rs_std,so_last"
HUBB.MX,2024-10,22,"undefined features: rs_last,rs_mean,rs_std,so_last"
HUBB.MX,2024-11,20,"undefined features: rs_last,rs_mean,rs_std,so_last"
HUBB.MX,2024-12,20,"undefined features: rs_last,rs_mean,rs_std,so_last"
HUBB.MX,2025-01,22,"undefined features: rs_last,rs_mean,rs_std,so_last"
HUBB.MX,2025-02,19,"undefined features: rs_last,rs_mean,rs_std,so_last"
HUBB.MX,2025-03,20,"undefined features: rs_last,rs_mean,rs_std,so_last"
HUBB.MX,2025-04,20,"undefined features: rs_last,rs_mean,rs_std,so_last"
HUBB.MX,2025-05,21,"undefined features: rs_last,rs_mean,rs_std,so_last"
HUBB.MX,2025-06,21,"undefined features: rs_last,rs_mean,rs_std,so_last"
HUBB.MX,2025-07,23,"undefined features: rs_last,rs_mean,rs_std"
HUBB.MX,2025-08,21,"undefined features: rs_last,rs_mean,rs_std,so_last"
HUBB.MX,2025-09,21,"undefined features: rs_last,rs_mean,rs_std,so_last"
HUBB.MX,2025-10,23,"undefined features: rs_last,rs_mean,rs_std,so_last"
HUBB.MX,2025-11,19,"undefined features: rs_last,rs_mean,rs_std"
HUBB.MX,2025-12,21,"undefined features: rs_last,rs_mean,rs_std,so_last"
HUBB.MX,2026-01,21,"undefined features: rs_last,rs_mean,rs_std,so_last"
HUBB.MX,2026-02,19,"undefined features: rs_last,rs_mean,rs_std,so_last"
HUBB.MX,2026-03,21,"undefined features: rs_last,rs_mean,rs_std"
HUBB.MX,2026-04,19,"undefined features: rs_last,rs_mean,rs_std"
HUBB.MX,2023-08,0,rejected by data-quality gates
HUBB.MX,2023-09,0,rejected by data-quality gates
HUBB.MX,2026-05,0,rejected by data-quality gates
HUBB.MX,2026-06,0,rejected by data-quality gates
HUBS.MX,2023-03,3,sessions=3<15 complete-indicator days
HUBS.MX,2023-04,18,"undefined features: rs_last,rs_mean,rs_std,so_last"
HUBS.MX,2023-05,22,"undefined features: rs_last,rs_mean,rs_std,so_last"
HUBS.MX,2023-06,22,"undefined features: rs_last,rs_mean,rs_std"
HUBS.MX,2023-07,21,"undefined features: rs_last,rs_mean,rs_std"
HUBS.MX,2023-08,23,"undefined features: rs_last,rs_mean,rs_std,so_last"
HUBS.MX,2024-01,22,"undefined features: rs_last,rs_mean,rs_std"
HUBS.MX,2024-06,20,"undefined features: rs_last,rs_mean,rs_std"
HUBS.MX,2024-09,20,"undefined features: rs_last,rs_mean,rs_std"
HUBS.MX,2024-10,22,"undefined features: rs_last,rs_mean,rs_std"
HUBS.MX,2023-09,0,rejected by data-quality gates
HUBS.MX,2023-10,0,rejected by data-quality gates
HUBS.MX,2023-11,0,rejected by data-quality gates
HUBS.MX,2023-12,0,rejected by data-quality gates
HUBS.MX,2024-02,0,rejected by data-quality gates
HUBS.MX,2024-03,0,rejected by data-quality gates
HUBS.MX,2024-04,0,rejected by data-quality gates
HUBS.MX,2024-05,0,rejected by data-quality gates
HUBS.MX,2024-07,0,rejected by data-quality gates
HUBS.MX,2024-08,0,rejected by data-quality gates
HUBS.MX,2024-11,0,rejected by data-quality gates
HUBS.MX,2024-12,0,rejected by data-quality gates
HUBS.MX,2025-01,0,rejected by data-quality gates
HUBS.MX,2025-02,0,rejected by data-quality gates
HUBS.MX,2025-03,0,rejected by data-quality gates
HUBS.MX,2025-04,0,rejected by data-quality gates
HUBS.MX,2025-05,0,rejected by data-quality gates
HUBS.MX,2025-06,0,rejected by data-quality gates
HUBS.MX,2025-07,0,rejected by data-quality gates
HUBS.MX,2025-08,0,rejected by data-quality gates
HUBS.MX,2025-09,0,rejected by data-quality gates
HUBS.MX,2025-10,0,rejected by data-quality gates
HUBS.MX,2025-11,0,rejected by data-quality gates
HUBS.MX,2025-12,0,rejected by data-quality gates
HUBS.MX,2026-01,0,rejected by data-quality gates
HUBS.MX,2026-02,0,rejected by data-quality gates
HUBS.MX,2026-03,0,rejected by data-quality gates
HUBS.MX,2026-04,0,rejected by data-quality gates
HUBS.MX,2026-05,0,rejected by data-quality gates
HUBS.MX,2026-06,0,rejected by data-quality gates
HUM.MX,2023-03,3,sessions=3<15 complete-indicator days
HUM.MX,2023-04,0,rejected by data-quality gates
HUM.MX,2023-05,0,rejected by data-quality gates
HUM.MX,2023-06,0,rejected by data-quality gates
HUM.MX,2023-07,0,rejected by data-quality gates
HUM.MX,2023-08,0,rejected by data-quality gates
HUM.MX,2023-09,0,rejected by data-quality gates
HUM.MX,2023-10,0,rejected by data-quality gates
HUM.MX,2023-11,0,rejected by data-quality gates
HUM.MX,2023-12,0,rejected by data-quality gates
HUM.MX,2024-01,0,rejected by data-quality gates
HUM.MX,2024-03,0,rejected by data-quality gates
HUM.MX,2024-04,0,rejected by data-quality gates
HUM.MX,2024-05,0,rejected by data-quality gates
HUM.MX,2024-06,0,rejected by data-quality gates
HUM.MX,2024-07,0,rejected by data-quality gates
HUM.MX,2024-08,0,rejected by data-quality gates
HUM.MX,2024-11,0,rejected by data-quality gates
HUM.MX,2024-12,0,rejected by data-quality gates
HUM.MX,2025-01,0,rejected by data-quality gates
HUM.MX,2025-02,0,rejected by data-quality gates
HUM.MX,2025-03,0,rejected by data-quality gates
HUM.MX,2025-04,0,rejected by data-quality gates
HUM.MX,2025-05,0,rejected by data-quality gates
HUM.MX,2025-06,0,rejected by data-quality gates
HUM.MX,2025-07,0,rejected by data-quality gates
HUM.MX,2025-08,0,rejected by data-quality gates
HUM.MX,2025-09,0,rejected by data-quality gates
HUM.MX,2025-10,0,rejected by data-quality gates
HUM.MX,2025-11,0,rejected by data-quality gates
HUM.MX,2025-12,0,rejected by data-quality gates
HUM.MX,2026-01,0,rejected by data-quality gates
HUM.MX,2026-02,0,rejected by data-quality gates
HUM.MX,2026-03,0,rejected by data-quality gates
HUM.MX,2026-05,0,rejected by data-quality gates
HUM.MX,2026-06,0,rejected by data-quality gates
HWM.MX,2023-03,3,sessions=3<15 complete-indicator days
HWM.MX,2023-04,18,"undefined features: rs_last,rs_mean,rs_std,so_last"
HWM.MX,2023-05,22,"undefined features: rs_last,rs_mean,rs_std,so_last"
HWM.MX,2023-06,22,"undefined features: rs_last,rs_mean,rs_std,so_last"
HWM.MX,2023-07,21,"undefined features: rs_last,rs_mean,rs_std,so_std"
HWM.MX,2023-12,19,"undefined features: rs_last,rs_mean,rs_std,so_last"
HWM.MX,2024-01,22,"undefined features: rs_last,rs_mean,rs_std,so_last"
HWM.MX,2024-02,20,"undefined features: rs_last,rs_mean,rs_std"
HWM.MX,2024-03,18,"undefined features: rs_last,rs_mean,rs_std"
HWM.MX,2024-05,22,"undefined features: rs_last,rs_mean,rs_std"
HWM.MX,2024-06,20,"undefined features: rs_last,rs_mean,rs_std"
HWM.MX,2024-08,22,undefined features: rs_std
HWM.MX,2023-08,0,rejected by data-quality gates
HWM.MX,2023-09,0,rejected by data-quality gates
HWM.MX,2023-10,0,rejected by data-quality gates
HWM.MX,2023-11,0,rejected by data-quality gates
HWM.MX,2024-04,0,rejected by data-quality gates
HWM.MX,2024-07,0,rejected by data-quality gates
HWM.MX,2024-09,0,rejected by data-quality gates
HWM.MX,2024-10,0,rejected by data-quality gates
HWM.MX,2024-11,0,rejected by data-quality gates
HWM.MX,2024-12,0,rejected by data-quality gates
HWM.MX,2025-01,0,rejected by data-quality gates
HWM.MX,2025-02,0,rejected by data-quality gates
HWM.MX,2025-03,0,rejected by data-quality gates
HWM.MX,2025-06,0,rejected by data-quality gates
HWM.MX,2025-10,0,rejected by data-quality gates
HWM.MX,2025-11,0,rejected by data-quality gates
HWM.MX,2025-12,0,rejected by data-quality gates
HWM.MX,2026-01,0,rejected by data-quality gates
HWM.MX,2026-02,0,rejected by data-quality gates
HWM.MX,2026-03,0,rejected by data-quality gates
HWM.MX,2026-04,0,rejected by data-quality gates
IBKR.MX,2023-03,3,sessions=3<15 complete-indicator days
IBKR.MX,2023-04,18,"undefined features: rs_last,rs_mean,rs_std,so_last"
IBKR.MX,2023-05,22,"undefined features: rs_last,rs_mean,rs_std,so_last"
IBKR.MX,2023-06,22,"undefined features: rs_std,so_std"
IBKR.MX,2023-08,23,"undefined features: rs_last,rs_mean,rs_std"
IBKR.MX,2023-09,21,"undefined features: rs_last,rs_mean,rs_std,so_last"
IBKR.MX,2023-10,22,"undefined features: rs_last,rs_mean,rs_std,so_last"
IBKR.MX,2023-11,20,"undefined features: rs_last,rs_mean,rs_std,so_last"
IBKR.MX,2024-01,22,"undefined features: rs_std,so_last,so_mean,so_std"
IBKR.MX,2024-02,20,"undefined features: rs_last,rs_mean,rs_std,so_last"
IBKR.MX,2024-03,18,"undefined features: rs_last,rs_mean,rs_std,so_last"
IBKR.MX,2024-04,22,"undefined features: rs_last,rs_mean,rs_std,so_last"
IBKR.MX,2024-05,22,"undefined features: rs_last,rs_mean,rs_std,so_last"
IBKR.MX,2024-06,20,"undefined features: rs_last,rs_mean,rs_std,so_last"
IBKR.MX,2024-09,20,"undefined features: rs_last,rs_mean,rs_std"
IBKR.MX,2024-10,22,"undefined features: rs_last,rs_mean,rs_std"
IBKR.MX,2024-11,20,"undefined features: rs_last,rs_mean,rs_std"
IBKR.MX,2024-12,20,"undefined features: rs_last,rs_mean,rs_std,so_last"
IBKR.MX,2025-01,22,"undefined features: rs_last,rs_mean,rs_std,so_last"
IBKR.MX,2025-02,19,"undefined features: rs_last,rs_mean,rs_std"
IBKR.MX,2025-06,21,"undefined features: rs_last,rs_mean,rs_std"
IBKR.MX,2025-07,23,"undefined features: rs_last,rs_mean,rs_std"
IBKR.MX,2023-07,0,rejected by data-quality gates
IBKR.MX,2023-12,0,rejected by data-quality gates
IBKR.MX,2024-07,0,rejected by data-quality gates
IBKR.MX,2024-08,0,rejected by data-quality gates
IBKR.MX,2025-03,0,rejected by data-quality gates
IBKR.MX,2025-04,0,rejected by data-quality gates
IBKR.MX,2025-05,0,rejected by data-quality gates
IBKR.MX,2025-08,0,rejected by data-quality gates
IBKR.MX,2025-09,0,rejected by data-quality gates
IBKR.MX,2025-11,0,rejected by data-quality gates
IBKR.MX,2025-12,0,rejected by data-quality gates
IBKR.MX,2026-01,0,rejected by data-quality gates
IBKR.MX,2026-02,0,rejected by data-quality gates
IBKR.MX,2026-03,0,rejected by data-quality gates
IBKR.MX,2026-04,0,rejected by data-quality gates
IBKR.MX,2026-05,0,rejected by data-quality gates
IBKR.MX,2026-06,0,rejected by data-quality gates
IBM.MX,2023-03,3,sessions=3<15 complete-indicator days
IBM.MX,2023-09,0,rejected by data-quality gates
IBM.MX,2023-12,0,rejected by data-quality gates
IBM.MX,2024-02,0,rejected by data-quality gates
IBM.MX,2024-05,0,rejected by data-quality gates
IBM.MX,2024-08,0,rejected by data-quality gates
IBM.MX,2024-09,0,rejected by data-quality gates
IBM.MX,2025-03,0,rejected by data-quality gates
IBM.MX,2025-06,0,rejected by data-quality gates
IBM.MX,2025-12,0,rejected by data-quality gates
ICE.MX,2023-03,3,sessions=3<15 complete-indicator days
ICE.MX,2023-08,23,"undefined features: rs_last,rs_mean,rs_std"
ICE.MX,2024-02,20,"undefined features: rs_last,rs_mean,rs_std"
ICE.MX,2024-07,23,"undefined features: rs_last,rs_mean,rs_std"
ICE.MX,2024-08,22,"undefined features: rs_last,rs_mean,rs_std"
ICE.MX,2024-10,22,"undefined features: rs_last,rs_mean,rs_std,so_last"
ICE.MX,2026-01,21,"undefined features: rs_last,rs_mean,rs_std"
ICE.MX,2023-04,0,rejected by data-quality gates
ICE.MX,2023-05,0,rejected by data-quality gates
ICE.MX,2023-06,0,rejected by data-quality gates
ICE.MX,2023-07,0,rejected by data-quality gates
ICE.MX,2023-09,0,rejected by data-quality gates
ICE.MX,2023-10,0,rejected by data-quality gates
ICE.MX,2023-11,0,rejected by data-quality gates
ICE.MX,2023-12,0,rejected by data-quality gates
ICE.MX,2024-01,0,rejected by data-quality gates
ICE.MX,2024-03,0,rejected by data-quality gates
ICE.MX,2024-04,0,rejected by data-quality gates
ICE.MX,2024-05,0,rejected by data-quality gates
ICE.MX,2024-06,0,rejected by data-quality gates
ICE.MX,2024-09,0,rejected by data-quality gates
ICE.MX,2024-11,0,rejected by data-quality gates
ICE.MX,2024-12,0,rejected by data-quality gates
ICE.MX,2025-01,0,rejected by data-quality gates
ICE.MX,2025-02,0,rejected by data-quality gates
ICE.MX,2025-03,0,rejected by data-quality gates
ICE.MX,2025-04,0,rejected by data-quality gates
ICE.MX,2025-05,0,rejected by data-quality gates
ICE.MX,2025-06,0,rejected by data-quality gates
ICE.MX,2025-07,0,rejected by data-quality gates
ICE.MX,2025-08,0,rejected by data-quality gates
ICE.MX,2025-09,0,rejected by data-quality gates
ICE.MX,2025-10,0,rejected by data-quality gates
ICE.MX,2025-11,0,rejected by data-quality gates
ICE.MX,2025-12,0,rejected by data-quality gates
ICE.MX,2026-02,0,rejected by data-quality gates
ICE.MX,2026-03,0,rejected by data-quality gates
ICE.MX,2026-04,0,rejected by data-quality gates
ICE.MX,2026-05,0,rejected by data-quality gates
ICE.MX,2026-06,0,rejected by data-quality gates
IDXX.MX,2023-03,3,sessions=3<15 complete-indicator days
IDXX.MX,2023-07,21,"undefined features: rs_last,rs_mean,rs_std"
IDXX.MX,2023-04,0,rejected by data-quality gates
IDXX.MX,2023-05,0,rejected by data-quality gates
IDXX.MX,2023-06,0,rejected by data-quality gates
IDXX.MX,2023-08,0,rejected by data-quality gates
IDXX.MX,2023-09,0,rejected by data-quality gates
IDXX.MX,2023-10,0,rejected by data-quality gates
IDXX.MX,2023-12,0,rejected by data-quality gates
IDXX.MX,2024-01,0,rejected by data-quality gates
IDXX.MX,2024-02,0,rejected by data-quality gates
IDXX.MX,2024-03,0,rejected by data-quality gates
IDXX.MX,2024-04,0,rejected by data-quality gates
IDXX.MX,2024-05,0,rejected by data-quality gates
IDXX.MX,2024-07,0,rejected by data-quality gates
IDXX.MX,2024-08,0,rejected by data-quality gates
IDXX.MX,2024-09,0,rejected by data-quality gates
IDXX.MX,2024-10,0,rejected by data-quality gates
IDXX.MX,2024-11,0,rejected by data-quality gates
IDXX.MX,2024-12,0,rejected by data-quality gates
IDXX.MX,2025-01,0,rejected by data-quality gates
IDXX.MX,2025-02,0,rejected by data-quality gates
IDXX.MX,2025-03,0,rejected by data-quality gates
IDXX.MX,2025-04,0,rejected by data-quality gates
IDXX.MX,2025-05,0,rejected by data-quality gates
IDXX.MX,2025-06,0,rejected by data-quality gates
IDXX.MX,2025-07,0,rejected by data-quality gates
IDXX.MX,2025-08,0,rejected by data-quality gates
IDXX.MX,2025-09,0,rejected by data-quality gates
IDXX.MX,2025-10,0,rejected by data-quality gates
IDXX.MX,2025-11,0,rejected by data-quality gates
IDXX.MX,2025-12,0,rejected by data-quality gates
IDXX.MX,2026-01,0,rejected by data-quality gates
IDXX.MX,2026-02,0,rejected by data-quality gates
IDXX.MX,2026-03,0,rejected by data-quality gates
IDXX.MX,2026-04,0,rejected by data-quality gates
IDXX.MX,2026-05,0,rejected by data-quality gates
IDXX.MX,2026-06,0,rejected by data-quality gates
ILMN.MX,2023-03,3,sessions=3<15 complete-indicator days
ILMN.MX,2023-04,0,rejected by data-quality gates
ILMN.MX,2023-05,0,rejected by data-quality gates
ILMN.MX,2023-06,0,rejected by data-quality gates
ILMN.MX,2023-07,0,rejected by data-quality gates
ILMN.MX,2023-08,0,rejected by data-quality gates
ILMN.MX,2023-09,0,rejected by data-quality gates
ILMN.MX,2023-10,0,rejected by data-quality gates
ILMN.MX,2023-11,0,rejected by data-quality gates
ILMN.MX,2023-12,0,rejected by data-quality gates
ILMN.MX,2024-01,0,rejected by data-quality gates
ILMN.MX,2024-02,0,rejected by data-quality gates
ILMN.MX,2024-03,0,rejected by data-quality gates
ILMN.MX,2024-04,0,rejected by data-quality gates
ILMN.MX,2024-05,0,rejected by data-quality gates
ILMN.MX,2024-06,0,rejected by data-quality gates
ILMN.MX,2024-07,0,rejected by data-quality gates
ILMN.MX,2024-08,0,rejected by data-quality gates
ILMN.MX,2024-09,0,rejected by data-quality gates
ILMN.MX,2024-10,0,rejected by data-quality gates
ILMN.MX,2024-11,0,rejected by data-quality gates
ILMN.MX,2024-12,0,rejected by data-quality gates
ILMN.MX,2025-01,0,rejected by data-quality gates
ILMN.MX,2025-02,0,rejected by data-quality gates
ILMN.MX,2025-03,0,rejected by data-quality gates
ILMN.MX,2025-04,0,rejected by data-quality gates
ILMN.MX,2025-05,0,rejected by data-quality gates
ILMN.MX,2025-06,0,rejected by data-quality gates
ILMN.MX,2025-07,0,rejected by data-quality gates
ILMN.MX,2025-08,0,rejected by data-quality gates
ILMN.MX,2025-09,0,rejected by data-quality gates
ILMN.MX,2025-10,0,rejected by data-quality gates
ILMN.MX,2025-11,0,rejected by data-quality gates
ILMN.MX,2025-12,0,rejected by data-quality gates
ILMN.MX,2026-01,0,rejected by data-quality gates
ILMN.MX,2026-02,0,rejected by data-quality gates
ILMN.MX,2026-03,0,rejected by data-quality gates
ILMN.MX,2026-04,0,rejected by data-quality gates
ILMN.MX,2026-05,0,rejected by data-quality gates
ILMN.MX,2026-06,0,rejected by data-quality gates
INCY.MX,2023-03,3,sessions=3<15 complete-indicator days
INCY.MX,2023-04,18,"undefined features: rs_last,rs_mean,rs_std,so_last"
INCY.MX,2023-05,22,"undefined features: rs_last,rs_mean,rs_std,so_last"
INCY.MX,2023-06,22,"undefined features: rs_last,rs_mean,rs_std,so_last"
INCY.MX,2023-07,21,"undefined features: rs_last,rs_mean,rs_std,so_last"
INCY.MX,2023-08,23,"undefined features: rs_last,rs_mean,rs_std,so_last"
INCY.MX,2023-09,21,"undefined features: rs_last,rs_mean,rs_std,so_last"
INCY.MX,2023-10,22,"undefined features: rs_last,rs_mean,rs_std,so_last"
INCY.MX,2023-11,20,"undefined features: rs_last,rs_mean,rs_std,so_last"
INCY.MX,2023-12,19,"undefined features: rs_last,rs_mean,rs_std,so_last"
INCY.MX,2024-01,22,"undefined features: rs_last,rs_mean,rs_std,so_last"
INCY.MX,2024-04,22,"undefined features: rs_last,rs_mean,rs_std,so_last"
INCY.MX,2024-05,22,"undefined features: rs_last,rs_mean,rs_std,so_last"
INCY.MX,2024-06,20,"undefined features: rs_last,rs_mean,rs_std"
INCY.MX,2024-07,23,"undefined features: rs_last,rs_mean,rs_std"
INCY.MX,2024-10,22,"undefined features: rs_last,rs_mean,rs_std,so_std"
INCY.MX,2024-11,20,"undefined features: rs_last,rs_mean,rs_std"
INCY.MX,2024-12,20,"undefined features: rs_last,rs_mean,rs_std,so_last"
INCY.MX,2025-01,22,"undefined features: rs_last,rs_mean,rs_std,so_last"
INCY.MX,2025-02,19,"undefined features: rs_last,rs_mean,rs_std,so_last"
INCY.MX,2025-04,20,"undefined features: rs_last,rs_mean,rs_std,so_last"
INCY.MX,2025-07,23,"undefined features: rs_last,rs_mean,rs_std,so_last"
INCY.MX,2025-08,21,"undefined features: rs_last,rs_mean,rs_std"
INCY.MX,2025-09,21,"undefined features: rs_last,rs_mean,rs_std"
INCY.MX,2026-06,22,"undefined features: rs_last,rs_mean,rs_std"
INCY.MX,2024-02,0,rejected by data-quality gates
INCY.MX,2024-03,0,rejected by data-quality gates
INCY.MX,2024-08,0,rejected by data-quality gates
INCY.MX,2024-09,0,rejected by data-quality gates
INCY.MX,2025-03,0,rejected by data-quality gates
INCY.MX,2025-05,0,rejected by data-quality gates
INCY.MX,2025-06,0,rejected by data-quality gates
INCY.MX,2025-10,0,rejected by data-quality gates
INCY.MX,2025-11,0,rejected by data-quality gates
INCY.MX,2025-12,0,rejected by data-quality gates
INCY.MX,2026-01,0,rejected by data-quality gates
INCY.MX,2026-02,0,rejected by data-quality gates
INCY.MX,2026-03,0,rejected by data-quality gates
INCY.MX,2026-04,0,rejected by data-quality gates
INCY.MX,2026-05,0,rejected by data-quality gates
INSM.MX,2023-03,3,sessions=3<15 complete-indicator days
INSM.MX,2023-04,18,"undefined features: rs_last,rs_mean,rs_std,so_last"
INSM.MX,2023-05,22,"undefined features: rs_last,rs_mean,rs_std,so_last"
INSM.MX,2023-06,22,"undefined features: rs_last,rs_mean,rs_std,so_last"
INSM.MX,2023-07,21,"undefined features: rs_last,rs_mean,rs_std,so_last"
INSM.MX,2023-08,23,"undefined features: rs_last,rs_mean,rs_std,so_last"
INSM.MX,2023-09,21,"undefined features: rs_last,rs_mean,rs_std,so_last"
INSM.MX,2023-10,22,"undefined features: rs_last,rs_mean,rs_std,so_last"
INSM.MX,2023-11,20,"undefined features: rs_last,rs_mean,rs_std,so_last"
INSM.MX,2023-12,19,"undefined features: rs_last,rs_mean,rs_std"
INSM.MX,2024-01,22,"undefined features: rs_last,rs_mean,rs_std"
INSM.MX,2024-02,20,"undefined features: rs_last,rs_mean,rs_std,so_last"
INSM.MX,2024-03,18,"undefined features: rs_last,rs_mean,rs_std,so_last"
INSM.MX,2024-04,22,"undefined features: rs_last,rs_mean,rs_std,so_last"
INSM.MX,2024-05,22,"undefined features: rs_last,rs_mean,rs_std,so_last"
INSM.MX,2024-06,20,"undefined features: rs_last,rs_mean,rs_std,so_last"
INSM.MX,2024-07,23,"undefined features: rs_last,rs_mean,rs_std,so_last"
INSM.MX,2024-08,22,"undefined features: rs_last,rs_mean,rs_std,so_last"
INSM.MX,2024-09,20,"undefined features: rs_last,rs_mean,rs_std,so_last"
INSM.MX,2024-10,22,"undefined features: rs_last,rs_mean,rs_std,so_last"
INSM.MX,2024-11,20,"undefined features: rs_last,rs_mean,rs_std,so_last"
INSM.MX,2024-12,20,"undefined features: rs_last,rs_mean,rs_std,so_last"
INSM.MX,2025-01,22,"undefined features: rs_last,rs_mean,rs_std,so_last"
INSM.MX,2025-02,19,"undefined features: rs_last,rs_mean,rs_std,so_last"
INSM.MX,2025-03,20,"undefined features: rs_last,rs_mean,rs_std,so_last"
INSM.MX,2025-04,20,"undefined features: rs_last,rs_mean,rs_std,so_last"
INSM.MX,2025-05,21,"undefined features: rs_last,rs_mean,rs_std,so_last"
INSM.MX,2025-06,21,"undefined features: rs_last,rs_mean,rs_std"
INSM.MX,2025-07,23,"undefined features: rs_last,rs_mean,rs_std"
INSM.MX,2025-08,21,"undefined features: rs_last,rs_mean,rs_std"
INSM.MX,2025-09,21,"undefined features: rs_last,rs_mean,rs_std"
INSM.MX,2025-10,23,"undefined features: rs_last,rs_mean,rs_std,so_last"
INSM.MX,2025-11,19,"undefined features: rs_last,rs_mean,rs_std,so_last"
INSM.MX,2025-12,21,"undefined features: rs_last,rs_mean,rs_std"
INSM.MX,2026-01,21,"undefined features: rs_last,rs_mean,rs_std,so_last"
INSM.MX,2026-02,19,"undefined features: rs_last,rs_mean,rs_std,so_last"
INSM.MX,2026-03,21,"undefined features: rs_last,rs_mean,rs_std,so_last"
INSM.MX,2026-04,19,"undefined features: rs_last,rs_mean,rs_std,so_last"
INSM.MX,2026-05,20,"undefined features: rs_last,rs_mean,rs_std,so_last"
INSM.MX,2026-06,22,"undefined features: rs_last,rs_mean,rs_std,so_last"
INTC.MX,2023-03,3,sessions=3<15 complete-indicator days
INTU.MX,2023-03,3,sessions=3<15 complete-indicator days
INTU.MX,2023-04,0,rejected by data-quality gates
INTU.MX,2023-05,0,rejected by data-quality gates
INTU.MX,2023-07,0,rejected by data-quality gates
INTU.MX,2023-08,0,rejected by data-quality gates
INTU.MX,2023-09,0,rejected by data-quality gates
INTU.MX,2023-10,0,rejected by data-quality gates
INTU.MX,2023-12,0,rejected by data-quality gates
INTU.MX,2024-01,0,rejected by data-quality gates
INTU.MX,2024-02,0,rejected by data-quality gates
INTU.MX,2024-03,0,rejected by data-quality gates
INTU.MX,2024-07,0,rejected by data-quality gates
INTU.MX,2024-10,0,rejected by data-quality gates
INTU.MX,2024-12,0,rejected by data-quality gates
INTU.MX,2025-04,0,rejected by data-quality gates
INTU.MX,2025-05,0,rejected by data-quality gates
INTU.MX,2025-06,0,rejected by data-quality gates
INVH.MX,2023-03,3,sessions=3<15 complete-indicator days
INVH.MX,2023-04,18,"undefined features: rs_last,rs_mean,rs_std,so_last"
INVH.MX,2023-05,22,"undefined features: rs_last,rs_mean,rs_std"
INVH.MX,2023-06,22,"undefined features: rs_last,rs_mean,rs_std,so_last"
INVH.MX,2023-07,21,"undefined features: rs_last,rs_mean,rs_std,so_last"
INVH.MX,2023-08,23,"undefined features: rs_last,rs_mean,rs_std,so_last"
INVH.MX,2023-11,20,"undefined features: rs_last,rs_mean,rs_std"
INVH.MX,2023-12,19,"undefined features: rs_last,rs_mean,rs_std"
INVH.MX,2024-01,22,"undefined features: rs_last,rs_mean,rs_std"
INVH.MX,2024-02,20,"undefined features: rs_last,rs_mean,rs_std,so_last"
INVH.MX,2024-03,18,"undefined features: rs_last,rs_mean,rs_std,so_last"
INVH.MX,2024-04,22,"undefined features: rs_last,rs_mean,rs_std,so_last"
INVH.MX,2024-05,22,"undefined features: rs_last,rs_mean,rs_std,so_last"
INVH.MX,2024-06,20,"undefined features: rs_last,rs_mean,rs_std,so_last"
INVH.MX,2024-07,23,"undefined features: rs_last,rs_mean,rs_std"
INVH.MX,2024-08,22,"undefined features: rs_last,rs_mean,rs_std,so_last"
INVH.MX,2024-09,20,"undefined features: rs_last,rs_mean,rs_std,so_last"
INVH.MX,2024-10,22,"undefined features: rs_last,rs_mean,rs_std,so_last"
INVH.MX,2024-11,20,"undefined features: rs_last,rs_mean,rs_std,so_last"
INVH.MX,2024-12,20,"undefined features: rs_last,rs_mean,rs_std,so_last"
INVH.MX,2025-01,22,"undefined features: rs_std,so_std"
INVH.MX,2025-03,20,"undefined features: rs_last,rs_mean,rs_std"
INVH.MX,2025-04,20,"undefined features: rs_last,rs_mean,rs_std"
INVH.MX,2025-05,21,"undefined features: rs_last,rs_mean,rs_std,so_last"
INVH.MX,2025-06,21,"undefined features: rs_last,rs_mean,rs_std,so_last"
INVH.MX,2025-07,23,"undefined features: rs_last,rs_mean,rs_std,so_last"
INVH.MX,2025-08,21,"undefined features: rs_last,rs_mean,rs_std,so_last"
INVH.MX,2025-09,21,"undefined features: rs_last,rs_mean,rs_std,so_last"
INVH.MX,2025-10,23,"undefined features: rs_last,rs_mean,rs_std,so_last"
INVH.MX,2025-11,19,"undefined features: rs_last,rs_mean,rs_std,so_last"
INVH.MX,2025-12,21,"undefined features: rs_last,rs_mean,rs_std,so_last"
INVH.MX,2026-01,21,"undefined features: rs_last,rs_mean,rs_std,so_last"
INVH.MX,2026-02,19,"undefined features: rs_last,rs_mean,rs_std,so_last"
INVH.MX,2026-03,21,"undefined features: rs_last,rs_mean,rs_std,so_last"
INVH.MX,2026-04,19,"undefined features: rs_last,rs_mean,rs_std,so_last"
INVH.MX,2026-05,20,"undefined features: rs_last,rs_mean,rs_std,so_last"
INVH.MX,2026-06,22,"undefined features: rs_last,rs_mean,rs_std,so_last"
INVH.MX,2023-09,0,rejected by data-quality gates
INVH.MX,2023-10,0,rejected by data-quality gates
INVH.MX,2025-02,0,rejected by data-quality gates
IOT.MX,2025-02,19,"undefined features: rs_last,rs_mean,rs_std,so_last"
IOT.MX,2025-04,20,"undefined features: rs_last,rs_mean,rs_std"
IOT.MX,2025-05,21,"undefined features: rs_last,rs_mean,rs_std"
IOT.MX,2025-01,0,rejected by data-quality gates
IOT.MX,2025-03,0,rejected by data-quality gates
IOT.MX,2025-06,0,rejected by data-quality gates
IOT.MX,2025-07,0,rejected by data-quality gates
IOT.MX,2025-08,0,rejected by data-quality gates
IOT.MX,2025-09,0,rejected by data-quality gates
IOT.MX,2025-10,0,rejected by data-quality gates
IOT.MX,2025-11,0,rejected by data-quality gates
IOT.MX,2025-12,0,rejected by data-quality gates
IOT.MX,2026-01,0,rejected by data-quality gates
IOT.MX,2026-02,0,rejected by data-quality gates
IOT.MX,2026-03,0,rejected by data-quality gates
IOT.MX,2026-04,0,rejected by data-quality gates
IOT.MX,2026-05,0,rejected by data-quality gates
IOT.MX,2026-06,0,rejected by data-quality gates
IP.MX,2023-03,3,sessions=3<15 complete-indicator days
IP.MX,2023-04,18,"undefined features: rs_last,rs_mean,rs_std,so_last"
IP.MX,2023-05,22,"undefined features: rs_last,rs_mean,rs_std,so_last"
IP.MX,2023-07,21,"undefined features: rs_last,rs_mean,rs_std,so_last"
IP.MX,2023-08,23,"undefined features: rs_last,rs_mean,rs_std,so_last"
IP.MX,2023-12,19,"undefined features: rs_last,rs_mean,rs_std,so_last"
IP.MX,2024-01,22,"undefined features: rs_last,rs_mean,rs_std,so_last"
IP.MX,2024-02,20,"undefined features: rs_last,rs_mean,rs_std,so_last"
IP.MX,2024-03,18,"undefined features: rs_last,rs_mean,rs_std,so_last"
IP.MX,2024-06,20,"undefined features: rs_last,rs_mean,rs_std"
IP.MX,2024-07,23,"undefined features: rs_last,rs_mean,rs_std"
IP.MX,2024-08,22,"undefined features: rs_last,rs_mean,rs_std"
IP.MX,2024-09,20,"undefined features: rs_last,rs_mean,rs_std,so_last"
IP.MX,2024-10,22,"undefined features: rs_last,rs_mean,rs_std,so_last"
IP.MX,2024-11,20,"undefined features: rs_last,rs_mean,rs_std,so_last"
IP.MX,2024-12,20,"undefined features: rs_last,rs_mean,rs_std,so_last"
IP.MX,2025-01,22,"undefined features: rs_last,rs_mean,rs_std,so_last"
IP.MX,2025-02,19,"undefined features: rs_last,rs_mean,rs_std,so_std"
IP.MX,2025-03,20,"undefined features: rs_last,rs_mean,rs_std"
IP.MX,2025-04,20,"undefined features: rs_last,rs_mean,rs_std,so_last"
IP.MX,2025-05,21,"undefined features: rs_last,rs_mean,rs_std,so_last"
IP.MX,2025-06,21,"undefined features: rs_last,rs_mean,rs_std,so_last"
IP.MX,2025-07,23,"undefined features: rs_last,rs_mean,rs_std,so_last"
IP.MX,2025-08,21,"undefined features: rs_last,rs_mean,rs_std,so_last"
IP.MX,2025-10,23,"undefined features: rs_last,rs_mean,rs_std,so_last"
IP.MX,2025-11,19,"undefined features: rs_last,rs_mean,rs_std,so_last"
IP.MX,2025-12,21,"undefined features: rs_last,rs_mean,rs_std,so_last"
IP.MX,2026-01,21,"undefined features: rs_last,rs_mean,rs_std,so_last"
IP.MX,2026-02,19,"undefined features: rs_last,rs_mean,rs_std,so_last"
IP.MX,2026-03,21,"undefined features: rs_last,rs_mean,rs_std,so_last"
IP.MX,2026-04,19,"undefined features: rs_last,rs_mean,rs_std,so_last"
IP.MX,2023-06,0,rejected by data-quality gates
IP.MX,2023-09,0,rejected by data-quality gates
IP.MX,2023-10,0,rejected by data-quality gates
IP.MX,2023-11,0,rejected by data-quality gates
IP.MX,2024-04,0,rejected by data-quality gates
IP.MX,2024-05,0,rejected by data-quality gates
IP.MX,2025-09,0,rejected by data-quality gates
IP.MX,2026-05,0,rejected by data-quality gates
IP.MX,2026-06,0,rejected by data-quality gates
ISRG.MX,2023-03,3,sessions=3<15 complete-indicator days
ISRG.MX,2023-09,0,rejected by data-quality gates
ISRG.MX,2023-11,0,rejected by data-quality gates
ISRG.MX,2024-01,0,rejected by data-quality gates
ISRG.MX,2024-02,0,rejected by data-quality gates
ISRG.MX,2024-03,0,rejected by data-quality gates
ISRG.MX,2024-04,0,rejected by data-quality gates
ISRG.MX,2024-05,0,rejected by data-quality gates
ISRG.MX,2024-06,0,rejected by data-quality gates
ISRG.MX,2024-07,0,rejected by data-quality gates
ISRG.MX,2024-10,0,rejected by data-quality gates
ISRG.MX,2024-12,0,rejected by data-quality gates
ISRG.MX,2025-02,0,rejected by data-quality gates
ISRG.MX,2025-03,0,rejected by data-quality gates
ISRG.MX,2025-05,0,rejected by data-quality gates
ISRG.MX,2025-06,0,rejected by data-quality gates
ISRG.MX,2026-03,0,rejected by data-quality gates
JBHT.MX,2024-08,5,sessions=5<15 complete-indicator days
JBHT.MX,2025-05,21,"undefined features: rs_last,rs_mean,rs_std,so_last"
JBHT.MX,2025-06,21,"undefined features: rs_last,rs_mean,rs_std,so_last"
JBHT.MX,2025-07,23,"undefined features: rs_last,rs_mean,rs_std"
JBHT.MX,2025-08,21,"undefined features: rs_last,rs_mean,rs_std,so_std"
JBHT.MX,2025-09,21,"undefined features: rs_last,rs_mean,rs_std,so_last"
JBHT.MX,2025-10,23,"undefined features: rs_last,rs_mean,rs_std,so_last"
JBHT.MX,2025-11,19,"undefined features: rs_last,rs_mean,rs_std,so_last"
JBHT.MX,2025-12,21,"undefined features: rs_last,rs_mean,rs_std,so_last"
JBHT.MX,2026-01,21,"undefined features: rs_last,rs_mean,rs_std,so_last"
JBHT.MX,2026-02,19,"undefined features: rs_last,rs_mean,rs_std"
JBHT.MX,2026-03,21,"undefined features: rs_last,rs_mean,rs_std"
JBHT.MX,2026-04,19,"undefined features: rs_last,rs_mean,rs_std,so_last"
JBHT.MX,2026-05,20,"undefined features: rs_last,rs_mean,rs_std,so_last"
JBHT.MX,2026-06,22,"undefined features: rs_last,rs_mean,rs_std,so_last"
JBHT.MX,2024-09,0,rejected by data-quality gates
JBHT.MX,2024-10,0,rejected by data-quality gates
JBHT.MX,2024-11,0,rejected by data-quality gates
JBHT.MX,2024-12,0,rejected by data-quality gates
JBHT.MX,2025-01,0,rejected by data-quality gates
JBHT.MX,2025-02,0,rejected by data-quality gates
JBHT.MX,2025-03,0,rejected by data-quality gates
JBHT.MX,2025-04,0,rejected by data-quality gates
JBL.MX,2023-03,3,sessions=3<15 complete-indicator days
JBL.MX,2023-04,18,"undefined features: rs_last,rs_mean,rs_std,so_last"
JBL.MX,2023-05,22,"undefined features: rs_last,rs_mean,rs_std,so_last"
JBL.MX,2023-06,22,"undefined features: rs_last,rs_mean,rs_std"
JBL.MX,2023-07,21,"undefined features: rs_last,rs_mean,rs_std"
JBL.MX,2023-08,23,"undefined features: rs_last,rs_mean,rs_std,so_std"
JBL.MX,2023-09,21,"undefined features: rs_last,rs_mean,rs_std,so_std"
JBL.MX,2023-10,22,"undefined features: rs_last,rs_mean,rs_std"
JBL.MX,2024-02,20,undefined features: rs_std
JBL.MX,2024-07,23,"undefined features: rs_last,rs_mean,rs_std,so_last"
JBL.MX,2024-08,22,"undefined features: rs_last,rs_mean,rs_std,so_last"
JBL.MX,2024-09,20,"undefined features: rs_last,rs_mean,rs_std"
JBL.MX,2024-10,22,"undefined features: rs_last,rs_mean,rs_std"
JBL.MX,2024-11,20,"undefined features: rs_last,rs_mean,rs_std"
JBL.MX,2025-02,19,"undefined features: rs_last,rs_mean,rs_std"
JBL.MX,2025-03,20,"undefined features: rs_last,rs_mean,rs_std,so_std"
JBL.MX,2025-04,20,"undefined features: rs_last,rs_mean,rs_std,so_last"
JBL.MX,2025-05,21,"undefined features: rs_last,rs_mean,rs_std,so_last"
JBL.MX,2025-06,21,"undefined features: rs_last,rs_mean,rs_std,so_last"
JBL.MX,2025-07,23,"undefined features: rs_last,rs_mean,rs_std,so_last"
JBL.MX,2025-11,19,"undefined features: rs_last,rs_mean,rs_std,so_last"
JBL.MX,2023-11,0,rejected by data-quality gates
JBL.MX,2023-12,0,rejected by data-quality gates
JBL.MX,2024-01,0,rejected by data-quality gates
JBL.MX,2024-03,0,rejected by data-quality gates
JBL.MX,2024-04,0,rejected by data-quality gates
JBL.MX,2024-05,0,rejected by data-quality gates
JBL.MX,2024-06,0,rejected by data-quality gates
JBL.MX,2024-12,0,rejected by data-quality gates
JBL.MX,2025-01,0,rejected by data-quality gates
JBL.MX,2025-08,0,rejected by data-quality gates
JBL.MX,2025-09,0,rejected by data-quality gates
JBL.MX,2025-10,0,rejected by data-quality gates
JBL.MX,2025-12,0,rejected by data-quality gates
JBL.MX,2026-01,0,rejected by data-quality gates
JBL.MX,2026-02,0,rejected by data-quality gates
JBL.MX,2026-03,0,rejected by data-quality gates
JBL.MX,2026-04,0,rejected by data-quality gates
JBL.MX,2026-05,0,rejected by data-quality gates
JBL.MX,2026-06,0,rejected by data-quality gates
JNJ.MX,2023-03,3,sessions=3<15 complete-indicator days
JPM.MX,2023-03,3,sessions=3<15 complete-indicator days
KEYS.MX,2023-03,3,sessions=3<15 complete-indicator days
KEYS.MX,2023-04,18,"undefined features: rs_last,rs_mean,rs_std,so_last"
KEYS.MX,2023-05,22,"undefined features: rs_last,rs_mean,rs_std,so_last"
KEYS.MX,2023-06,22,"undefined features: rs_last,rs_mean,rs_std,so_last"
KEYS.MX,2023-07,21,"undefined features: rs_last,rs_mean,rs_std"
KEYS.MX,2023-10,22,"undefined features: rs_last,rs_mean,rs_std,so_last"
KEYS.MX,2023-11,20,"undefined features: rs_last,rs_mean,rs_std,so_last"
KEYS.MX,2023-12,19,"undefined features: rs_last,rs_mean,rs_std,so_last"
KEYS.MX,2024-01,22,"undefined features: rs_last,rs_mean,rs_std,so_last"
KEYS.MX,2024-02,20,"undefined features: rs_last,rs_mean,rs_std,so_last"
KEYS.MX,2024-03,18,"undefined features: rs_last,rs_mean,rs_std,so_last"
KEYS.MX,2024-04,22,"undefined features: rs_last,rs_mean,rs_std"
KEYS.MX,2024-05,22,"undefined features: rs_last,rs_mean,rs_std,so_last"
KEYS.MX,2024-06,20,"undefined features: rs_last,rs_mean,rs_std,so_last"
KEYS.MX,2024-07,23,"undefined features: rs_last,rs_mean,rs_std,so_last"
KEYS.MX,2024-08,22,"undefined features: rs_last,rs_mean,rs_std"
KEYS.MX,2024-09,20,"undefined features: rs_last,rs_mean,rs_std"
KEYS.MX,2024-10,22,"undefined features: rs_last,rs_mean,rs_std"
KEYS.MX,2024-11,20,"undefined features: rs_last,rs_mean,rs_std"
KEYS.MX,2024-12,20,"undefined features: rs_last,rs_mean,rs_std"
KEYS.MX,2025-05,21,"undefined features: rs_last,rs_mean,rs_std"
KEYS.MX,2025-11,19,"undefined features: rs_std,so_last,so_mean,so_std"
KEYS.MX,2025-12,21,"undefined features: rs_last,rs_mean,rs_std"
KEYS.MX,2026-01,21,"undefined features: rs_last,rs_mean,rs_std"
KEYS.MX,2026-02,19,"undefined features: rs_last,rs_mean,rs_std"
KEYS.MX,2026-03,21,"undefined features: rs_last,rs_mean,rs_std,so_last"
KEYS.MX,2026-04,19,"undefined features: rs_last,rs_mean,rs_std"
KEYS.MX,2023-08,0,rejected by data-quality gates
KEYS.MX,2023-09,0,rejected by data-quality gates
KEYS.MX,2025-01,0,rejected by data-quality gates
KEYS.MX,2025-02,0,rejected by data-quality gates
KEYS.MX,2025-03,0,rejected by data-quality gates
KEYS.MX,2025-04,0,rejected by data-quality gates
KEYS.MX,2025-06,0,rejected by data-quality gates
KEYS.MX,2025-07,0,rejected by data-quality gates
KEYS.MX,2025-08,0,rejected by data-quality gates
KEYS.MX,2025-09,0,rejected by data-quality gates
KEYS.MX,2025-10,0,rejected by data-quality gates
KEYS.MX,2026-05,0,rejected by data-quality gates
KEYS.MX,2026-06,0,rejected by data-quality gates
KHC.MX,2023-03,3,sessions=3<15 complete-indicator days
KHC.MX,2023-04,0,rejected by data-quality gates
KHC.MX,2023-05,0,rejected by data-quality gates
KHC.MX,2023-06,0,rejected by data-quality gates
KHC.MX,2023-08,0,rejected by data-quality gates
KHC.MX,2023-09,0,rejected by data-quality gates
KHC.MX,2023-10,0,rejected by data-quality gates
KHC.MX,2023-11,0,rejected by data-quality gates
KHC.MX,2023-12,0,rejected by data-quality gates
KHC.MX,2024-01,0,rejected by data-quality gates
KHC.MX,2024-02,0,rejected by data-quality gates
KHC.MX,2024-03,0,rejected by data-quality gates
KHC.MX,2024-04,0,rejected by data-quality gates
KHC.MX,2024-05,0,rejected by data-quality gates
KHC.MX,2024-08,0,rejected by data-quality gates
KHC.MX,2024-09,0,rejected by data-quality gates
KHC.MX,2024-10,0,rejected by data-quality gates
KHC.MX,2025-04,0,rejected by data-quality gates
KIM.MX,2023-03,3,sessions=3<15 complete-indicator days
KIM.MX,2023-04,18,"undefined features: rs_last,rs_mean,rs_std,so_last"
KIM.MX,2023-05,22,"undefined features: rs_last,rs_mean,rs_std,so_last"
KIM.MX,2023-06,22,"undefined features: rs_last,rs_mean,rs_std,so_last"
KIM.MX,2023-07,21,"undefined features: rs_last,rs_mean,rs_std,so_last"
KIM.MX,2023-08,23,"undefined features: rs_last,rs_mean,rs_std,so_last"
KIM.MX,2023-09,21,"undefined features: rs_last,rs_mean,rs_std,so_last"
KIM.MX,2023-10,22,"undefined features: rs_last,rs_mean,rs_std,so_last"
KIM.MX,2023-11,20,"undefined features: rs_last,rs_mean,rs_std,so_last"
KIM.MX,2023-12,19,"undefined features: rs_last,rs_mean,rs_std,so_last"
KIM.MX,2024-01,22,"undefined features: rs_last,rs_mean,rs_std,so_last"
KIM.MX,2024-02,20,"undefined features: rs_last,rs_mean,rs_std,so_last"
KIM.MX,2024-03,18,"undefined features: rs_last,rs_mean,rs_std,so_last"
KIM.MX,2024-04,22,"undefined features: rs_last,rs_mean,rs_std,so_last"
KIM.MX,2024-05,22,"undefined features: rs_last,rs_mean,rs_std,so_last"
KIM.MX,2024-07,23,"undefined features: rs_last,rs_mean,rs_std"
KIM.MX,2024-08,22,"undefined features: rs_last,rs_mean,rs_std,so_last"
KIM.MX,2024-09,20,"undefined features: rs_last,rs_mean,rs_std,so_last"
KIM.MX,2024-10,22,"undefined features: rs_last,rs_mean,rs_std,so_last"
KIM.MX,2024-11,20,"undefined features: rs_last,rs_mean,rs_std,so_last"
KIM.MX,2024-12,20,"undefined features: rs_last,rs_mean,rs_std,so_last"
KIM.MX,2025-01,22,"undefined features: rs_last,rs_mean,rs_std,so_last"
KIM.MX,2025-02,19,"undefined features: rs_last,rs_mean,rs_std,so_last"
KIM.MX,2025-03,20,"undefined features: rs_last,rs_mean,rs_std"
KIM.MX,2025-04,20,"undefined features: rs_last,rs_mean,rs_std"
KIM.MX,2025-05,21,"undefined features: rs_last,rs_mean,rs_std,so_last"
KIM.MX,2025-06,21,"undefined features: rs_last,rs_mean,rs_std,so_last"
KIM.MX,2025-07,23,"undefined features: rs_last,rs_mean,rs_std,so_last"
KIM.MX,2025-08,21,"undefined features: rs_last,rs_mean,rs_std,so_last"
KIM.MX,2026-03,21,"undefined features: rs_last,rs_mean,rs_std,so_last"
KIM.MX,2026-04,19,"undefined features: rs_last,rs_mean,rs_std,so_last"
KIM.MX,2026-05,20,"undefined features: rs_last,rs_mean,rs_std"
KIM.MX,2026-06,22,"undefined features: rs_last,rs_mean,rs_std,so_std"
KIM.MX,2024-06,0,rejected by data-quality gates
KIM.MX,2025-09,0,rejected by data-quality gates
KIM.MX,2025-10,0,rejected by data-quality gates
KIM.MX,2025-11,0,rejected by data-quality gates
KIM.MX,2025-12,0,rejected by data-quality gates
KIM.MX,2026-01,0,rejected by data-quality gates
KIM.MX,2026-02,0,rejected by data-quality gates
KIMBERA.MX,2023-03,3,sessions=3<15 complete-indicator days
KKRC.MX,2023-03,3,sessions=3<15 complete-indicator days
KKRC.MX,2023-04,18,"undefined features: rs_last,rs_mean,rs_std"
KKRC.MX,2023-05,22,"undefined features: rs_last,rs_mean,rs_std"
KKRC.MX,2023-06,22,"undefined features: rs_last,rs_mean,rs_std"
KKRC.MX,2023-07,21,"undefined features: rs_last,rs_mean,rs_std,so_std"
KKRC.MX,2023-08,23,"undefined features: rs_last,rs_mean,rs_std,so_last"
KKRC.MX,2023-09,21,"undefined features: rs_last,rs_mean,rs_std"
KKRC.MX,2023-10,22,"undefined features: rs_last,rs_mean,rs_std"
KKRC.MX,2023-12,19,"undefined features: rs_last,rs_mean,rs_std"
KKRC.MX,2024-02,20,"undefined features: rs_last,rs_mean,rs_std"
KKRC.MX,2024-03,18,"undefined features: rs_last,rs_mean,rs_std,so_last"
KKRC.MX,2024-04,22,"undefined features: rs_last,rs_mean,rs_std,so_last"
KKRC.MX,2024-05,22,"undefined features: rs_last,rs_mean,rs_std"
KKRC.MX,2024-06,20,"undefined features: rs_last,rs_mean,rs_std"
KKRC.MX,2024-07,23,"undefined features: rs_last,rs_mean,rs_std"
KKRC.MX,2024-09,20,"undefined features: rs_last,rs_mean,rs_std"
KKRC.MX,2025-05,21,"undefined features: rs_last,rs_mean,rs_std,so_last"
KKRC.MX,2025-06,21,"undefined features: rs_last,rs_mean,rs_std"
KKRC.MX,2025-07,23,undefined features: rs_std
KKRC.MX,2023-11,0,rejected by data-quality gates
KKRC.MX,2024-01,0,rejected by data-quality gates
KKRC.MX,2024-08,0,rejected by data-quality gates
KKRC.MX,2024-10,0,rejected by data-quality gates
KKRC.MX,2024-11,0,rejected by data-quality gates
KKRC.MX,2024-12,0,rejected by data-quality gates
KKRC.MX,2025-01,0,rejected by data-quality gates
KKRC.MX,2025-02,0,rejected by data-quality gates
KKRC.MX,2025-03,0,rejected by data-quality gates
KKRC.MX,2025-04,0,rejected by data-quality gates
KKRC.MX,2025-08,0,rejected by data-quality gates
KKRC.MX,2025-09,0,rejected by data-quality gates
KKRC.MX,2025-11,0,rejected by data-quality gates
KKRC.MX,2025-12,0,rejected by data-quality gates
KKRC.MX,2026-01,0,rejected by data-quality gates
KKRC.MX,2026-03,0,rejected by data-quality gates
KKRC.MX,2026-04,0,rejected by data-quality gates
KKRC.MX,2026-05,0,rejected by data-quality gates
KKRC.MX,2026-06,0,rejected by data-quality gates
KLAC.MX,2023-03,3,sessions=3<15 complete-indicator days
KLAC.MX,2023-04,18,"undefined features: rs_last,rs_mean,rs_std,so_last"
KLAC.MX,2023-05,0,rejected by data-quality gates
KLAC.MX,2023-06,0,rejected by data-quality gates
KLAC.MX,2023-07,0,rejected by data-quality gates
KLAC.MX,2023-08,0,rejected by data-quality gates
KLAC.MX,2023-09,0,rejected by data-quality gates
KLAC.MX,2023-10,0,rejected by data-quality gates
KLAC.MX,2023-11,0,rejected by data-quality gates
KLAC.MX,2023-12,0,rejected by data-quality gates
KLAC.MX,2024-01,0,rejected by data-quality gates
KLAC.MX,2024-02,0,rejected by data-quality gates
KLAC.MX,2024-03,0,rejected by data-quality gates
KLAC.MX,2024-04,0,rejected by data-quality gates
KLAC.MX,2024-05,0,rejected by data-quality gates
KLAC.MX,2024-06,0,rejected by data-quality gates
KLAC.MX,2024-07,0,rejected by data-quality gates
KLAC.MX,2024-08,0,rejected by data-quality gates
KLAC.MX,2024-09,0,rejected by data-quality gates
KLAC.MX,2024-10,0,rejected by data-quality gates
KLAC.MX,2024-11,0,rejected by data-quality gates
KLAC.MX,2024-12,0,rejected by data-quality gates
KLAC.MX,2025-01,0,rejected by data-quality gates
KLAC.MX,2025-02,0,rejected by data-quality gates
KLAC.MX,2025-03,0,rejected by data-quality gates
KLAC.MX,2025-04,0,rejected by data-quality gates
KLAC.MX,2025-05,0,rejected by data-quality gates
KLAC.MX,2025-06,0,rejected by data-quality gates
KLAC.MX,2025-07,0,rejected by data-quality gates
KLAC.MX,2025-08,0,rejected by data-quality gates
KLAC.MX,2025-09,0,rejected by data-quality gates
KLAC.MX,2025-10,0,rejected by data-quality gates
KLAC.MX,2025-11,0,rejected by data-quality gates
KLAC.MX,2025-12,0,rejected by data-quality gates
KLAC.MX,2026-01,0,rejected by data-quality gates
KLAC.MX,2026-02,0,rejected by data-quality gates
KLAC.MX,2026-03,0,rejected by data-quality gates
KLAC.MX,2026-05,0,rejected by data-quality gates
KMB.MX,2023-03,3,sessions=3<15 complete-indicator days
KMB.MX,2023-04,18,"undefined features: rs_last,rs_mean,rs_std"
KMB.MX,2023-06,22,"undefined features: rs_last,rs_mean,rs_std,so_last"
KMB.MX,2023-07,21,"undefined features: rs_last,rs_mean,rs_std,so_last"
KMB.MX,2023-08,23,"undefined features: rs_last,rs_mean,rs_std,so_last"
KMB.MX,2023-11,20,"undefined features: rs_last,rs_mean,rs_std,so_last"
KMB.MX,2023-12,19,"undefined features: rs_last,rs_mean,rs_std,so_last"
KMB.MX,2024-03,18,"undefined features: rs_last,rs_mean,rs_std,so_std"
KMB.MX,2024-04,22,"undefined features: rs_last,rs_mean,rs_std,so_last"
KMB.MX,2024-05,22,"undefined features: rs_last,rs_mean,rs_std,so_last"
KMB.MX,2024-06,20,"undefined features: rs_last,rs_mean,rs_std"
KMB.MX,2024-07,23,"undefined features: rs_last,rs_mean,rs_std,so_last"
KMB.MX,2024-08,22,"undefined features: rs_last,rs_mean,rs_std,so_last"
KMB.MX,2024-09,20,"undefined features: rs_last,rs_mean,rs_std,so_last"
KMB.MX,2024-12,20,"undefined features: rs_last,rs_mean,rs_std"
KMB.MX,2025-04,20,"undefined features: rs_last,rs_mean,rs_std,so_last"
KMB.MX,2025-05,21,"undefined features: rs_last,rs_mean,rs_std,so_last"
KMB.MX,2023-05,0,rejected by data-quality gates
KMB.MX,2023-09,0,rejected by data-quality gates
KMB.MX,2023-10,0,rejected by data-quality gates
KMB.MX,2024-01,0,rejected by data-quality gates
KMB.MX,2024-02,0,rejected by data-quality gates
KMB.MX,2024-10,0,rejected by data-quality gates
KMB.MX,2024-11,0,rejected by data-quality gates
KMB.MX,2025-01,0,rejected by data-quality gates
KMB.MX,2025-02,0,rejected by data-quality gates
KMB.MX,2025-03,0,rejected by data-quality gates
KMB.MX,2025-06,0,rejected by data-quality gates
KMB.MX,2025-07,0,rejected by data-quality gates
KMB.MX,2025-08,0,rejected by data-quality gates
KMB.MX,2025-09,0,rejected by data-quality gates
KMB.MX,2025-10,0,rejected by data-quality gates
KMB.MX,2025-12,0,rejected by data-quality gates
KMB.MX,2026-02,0,rejected by data-quality gates
KMI.MX,2023-03,3,sessions=3<15 complete-indicator days
KMI.MX,2023-04,0,rejected by data-quality gates
KMI.MX,2023-05,0,rejected by data-quality gates
KMI.MX,2023-06,0,rejected by data-quality gates
KMI.MX,2023-07,0,rejected by data-quality gates
KMI.MX,2023-08,0,rejected by data-quality gates
KMI.MX,2023-09,0,rejected by data-quality gates
KMI.MX,2023-10,0,rejected by data-quality gates
KMI.MX,2023-11,0,rejected by data-quality gates
KMI.MX,2023-12,0,rejected by data-quality gates
KMI.MX,2024-01,0,rejected by data-quality gates
KMI.MX,2024-02,0,rejected by data-quality gates
KMI.MX,2024-03,0,rejected by data-quality gates
KMI.MX,2024-04,0,rejected by data-quality gates
KMI.MX,2024-05,0,rejected by data-quality gates
KMI.MX,2024-06,0,rejected by data-quality gates
KMI.MX,2024-07,0,rejected by data-quality gates
KMI.MX,2024-08,0,rejected by data-quality gates
KMI.MX,2024-09,0,rejected by data-quality gates
KMI.MX,2024-10,0,rejected by data-quality gates
KMI.MX,2025-02,0,rejected by data-quality gates
KMI.MX,2025-03,0,rejected by data-quality gates
KMI.MX,2025-04,0,rejected by data-quality gates
KMI.MX,2025-05,0,rejected by data-quality gates
KMI.MX,2025-06,0,rejected by data-quality gates
KMI.MX,2025-08,0,rejected by data-quality gates
KMI.MX,2025-09,0,rejected by data-quality gates
KMI.MX,2025-10,0,rejected by data-quality gates
KMI.MX,2025-11,0,rejected by data-quality gates
KMI.MX,2025-12,0,rejected by data-quality gates
KMI.MX,2026-01,0,rejected by data-quality gates
KMI.MX,2026-02,0,rejected by data-quality gates
KMI.MX,2026-03,0,rejected by data-quality gates
KMI.MX,2026-04,0,rejected by data-quality gates
KMI.MX,2026-05,0,rejected by data-quality gates
KMI.MX,2026-06,0,rejected by data-quality gates
KO.MX,2023-03,3,sessions=3<15 complete-indicator days
KOFUBL.MX,2023-03,3,sessions=3<15 complete-indicator days
KR.MX,2023-03,3,sessions=3<15 complete-indicator days
KR.MX,2024-11,20,"undefined features: rs_last,rs_mean,rs_std"
KR.MX,2024-12,20,"undefined features: rs_last,rs_mean,rs_std"
KR.MX,2026-03,21,"undefined features: rs_last,rs_mean,rs_std"
KR.MX,2023-04,0,rejected by data-quality gates
KR.MX,2023-05,0,rejected by data-quality gates
KR.MX,2023-06,0,rejected by data-quality gates
KR.MX,2023-07,0,rejected by data-quality gates
KR.MX,2023-08,0,rejected by data-quality gates
KR.MX,2023-09,0,rejected by data-quality gates
KR.MX,2023-10,0,rejected by data-quality gates
KR.MX,2023-11,0,rejected by data-quality gates
KR.MX,2023-12,0,rejected by data-quality gates
KR.MX,2024-01,0,rejected by data-quality gates
KR.MX,2024-02,0,rejected by data-quality gates
KR.MX,2024-03,0,rejected by data-quality gates
KR.MX,2024-04,0,rejected by data-quality gates
KR.MX,2024-05,0,rejected by data-quality gates
KR.MX,2024-07,0,rejected by data-quality gates
KR.MX,2024-08,0,rejected by data-quality gates
KR.MX,2024-09,0,rejected by data-quality gates
KR.MX,2024-10,0,rejected by data-quality gates
KR.MX,2025-01,0,rejected by data-quality gates
KR.MX,2025-02,0,rejected by data-quality gates
KR.MX,2025-03,0,rejected by data-quality gates
KR.MX,2025-04,0,rejected by data-quality gates
KR.MX,2025-05,0,rejected by data-quality gates
KR.MX,2025-06,0,rejected by data-quality gates
KR.MX,2025-07,0,rejected by data-quality gates
KR.MX,2025-08,0,rejected by data-quality gates
KR.MX,2025-09,0,rejected by data-quality gates
KR.MX,2025-10,0,rejected by data-quality gates
KR.MX,2025-11,0,rejected by data-quality gates
KR.MX,2025-12,0,rejected by data-quality gates
KR.MX,2026-01,0,rejected by data-quality gates
KR.MX,2026-02,0,rejected by data-quality gates
KR.MX,2026-04,0,rejected by data-quality gates
KR.MX,2026-05,0,rejected by data-quality gates
KR.MX,2026-06,0,rejected by data-quality gates
KVUE.MX,2024-04,3,sessions=3<15 complete-indicator days
KVUE.MX,2024-08,22,"undefined features: rs_last,rs_mean,rs_std"
KVUE.MX,2024-09,20,"undefined features: rs_last,rs_mean,rs_std"
KVUE.MX,2024-10,22,"undefined features: rs_last,rs_mean,rs_std,so_last"
KVUE.MX,2024-11,20,"undefined features: rs_last,rs_mean,rs_std,so_last"
KVUE.MX,2024-12,20,"undefined features: rs_last,rs_mean,rs_std,so_last"
KVUE.MX,2025-03,20,"undefined features: rs_last,rs_mean,rs_std,so_last"
KVUE.MX,2025-04,20,"undefined features: rs_last,rs_mean,rs_std,so_last"
KVUE.MX,2025-05,21,"undefined features: rs_last,rs_mean,rs_std,so_last"
KVUE.MX,2025-06,21,"undefined features: rs_last,rs_mean,rs_std,so_last"
KVUE.MX,2026-05,20,"undefined features: rs_last,rs_mean,rs_std"
KVUE.MX,2024-05,0,rejected by data-quality gates
KVUE.MX,2024-06,0,rejected by data-quality gates
KVUE.MX,2024-07,0,rejected by data-quality gates
KVUE.MX,2025-01,0,rejected by data-quality gates
KVUE.MX,2025-02,0,rejected by data-quality gates
KVUE.MX,2025-07,0,rejected by data-quality gates
KVUE.MX,2025-08,0,rejected by data-quality gates
KVUE.MX,2026-01,0,rejected by data-quality gates
KVUE.MX,2026-03,0,rejected by data-quality gates
KVUE.MX,2026-04,0,rejected by data-quality gates
L.MX,2023-03,3,sessions=3<15 complete-indicator days
L.MX,2023-04,18,"undefined features: rs_last,rs_mean,rs_std,so_last"
L.MX,2023-05,22,"undefined features: rs_last,rs_mean,rs_std,so_last"
L.MX,2023-06,22,"undefined features: rs_last,rs_mean,rs_std,so_last"
L.MX,2023-07,21,"undefined features: rs_last,rs_mean,rs_std,so_last"
L.MX,2023-08,23,"undefined features: rs_last,rs_mean,rs_std,so_last"
L.MX,2023-09,21,"undefined features: rs_last,rs_mean,rs_std,so_last"
L.MX,2023-10,22,"undefined features: rs_last,rs_mean,rs_std,so_last"
L.MX,2023-11,20,"undefined features: rs_last,rs_mean,rs_std,so_last"
L.MX,2023-12,19,"undefined features: rs_last,rs_mean,rs_std,so_last"
L.MX,2024-01,22,"undefined features: rs_last,rs_mean,rs_std,so_last"
L.MX,2024-02,20,"undefined features: rs_last,rs_mean,rs_std,so_last"
L.MX,2024-03,18,"undefined features: rs_last,rs_mean,rs_std,so_last"
L.MX,2024-04,22,"undefined features: rs_last,rs_mean,rs_std,so_last"
L.MX,2024-05,22,"undefined features: rs_last,rs_mean,rs_std,so_last"
L.MX,2024-06,20,"undefined features: rs_last,rs_mean,rs_std"
L.MX,2026-04,19,"undefined features: rs_last,rs_mean,rs_std,so_last"
L.MX,2026-05,20,"undefined features: rs_last,rs_mean,rs_std,so_last"
L.MX,2024-07,0,rejected by data-quality gates
L.MX,2024-08,0,rejected by data-quality gates
L.MX,2024-09,0,rejected by data-quality gates
L.MX,2024-10,0,rejected by data-quality gates
L.MX,2024-11,0,rejected by data-quality gates
L.MX,2024-12,0,rejected by data-quality gates
L.MX,2025-01,0,rejected by data-quality gates
L.MX,2025-02,0,rejected by data-quality gates
L.MX,2025-03,0,rejected by data-quality gates
L.MX,2025-04,0,rejected by data-quality gates
L.MX,2025-05,0,rejected by data-quality gates
L.MX,2025-06,0,rejected by data-quality gates
L.MX,2025-07,0,rejected by data-quality gates
L.MX,2025-08,0,rejected by data-quality gates
L.MX,2025-09,0,rejected by data-quality gates
L.MX,2025-10,0,rejected by data-quality gates
L.MX,2025-11,0,rejected by data-quality gates
L.MX,2025-12,0,rejected by data-quality gates
L.MX,2026-01,0,rejected by data-quality gates
L.MX,2026-02,0,rejected by data-quality gates
L.MX,2026-03,0,rejected by data-quality gates
L.MX,2026-06,0,rejected by data-quality gates
LABB.MX,2023-03,3,sessions=3<15 complete-indicator days
LACOMERUBC.MX,2023-03,3,sessions=3<15 complete-indicator days
LDOS.MX,2023-03,3,sessions=3<15 complete-indicator days
LDOS.MX,2023-07,21,"undefined features: rs_last,rs_mean,rs_std"
LDOS.MX,2023-08,23,"undefined features: rs_last,rs_mean,rs_std,so_last"
LDOS.MX,2023-10,22,"undefined features: rs_last,rs_mean,rs_std,so_last"
LDOS.MX,2023-11,20,"undefined features: rs_last,rs_mean,rs_std,so_last"
LDOS.MX,2023-12,19,"undefined features: rs_last,rs_mean,rs_std,so_last"
LDOS.MX,2024-01,22,"undefined features: rs_last,rs_mean,rs_std,so_last"
LDOS.MX,2024-02,20,"undefined features: rs_last,rs_mean,rs_std,so_last"
LDOS.MX,2024-03,18,"undefined features: rs_last,rs_mean,rs_std"
LDOS.MX,2024-04,22,"undefined features: rs_last,rs_mean,rs_std,so_last"
LDOS.MX,2024-05,22,"undefined features: rs_last,rs_mean,rs_std,so_last"
LDOS.MX,2024-06,20,"undefined features: rs_last,rs_mean,rs_std"
LDOS.MX,2024-07,23,"undefined features: rs_last,rs_mean,rs_std"
LDOS.MX,2024-08,22,"undefined features: rs_last,rs_mean,rs_std"
LDOS.MX,2024-09,20,"undefined features: rs_last,rs_mean,rs_std,so_last"
LDOS.MX,2024-10,22,"undefined features: rs_last,rs_mean,rs_std,so_last"
LDOS.MX,2025-03,20,"undefined features: rs_last,rs_mean,rs_std,so_last"
LDOS.MX,2025-04,20,"undefined features: rs_last,rs_mean,rs_std,so_last"
LDOS.MX,2025-05,21,"undefined features: rs_last,rs_mean,rs_std"
LDOS.MX,2025-10,23,"undefined features: rs_last,rs_mean,rs_std"
LDOS.MX,2025-11,19,"undefined features: rs_last,rs_mean,rs_std,so_last"
LDOS.MX,2025-12,21,"undefined features: rs_last,rs_mean,rs_std,so_last"
LDOS.MX,2023-04,0,rejected by data-quality gates
LDOS.MX,2023-05,0,rejected by data-quality gates
LDOS.MX,2023-06,0,rejected by data-quality gates
LDOS.MX,2023-09,0,rejected by data-quality gates
LDOS.MX,2024-11,0,rejected by data-quality gates
LDOS.MX,2024-12,0,rejected by data-quality gates
LDOS.MX,2025-01,0,rejected by data-quality gates
LDOS.MX,2025-02,0,rejected by data-quality gates
LDOS.MX,2025-06,0,rejected by data-quality gates
LDOS.MX,2025-07,0,rejected by data-quality gates
LDOS.MX,2025-08,0,rejected by data-quality gates
LDOS.MX,2025-09,0,rejected by data-quality gates
LDOS.MX,2026-01,0,rejected by data-quality gates
LDOS.MX,2026-02,0,rejected by data-quality gates
LDOS.MX,2026-03,0,rejected by data-quality gates
LDOS.MX,2026-04,0,rejected by data-quality gates
LDOS.MX,2026-05,0,rejected by data-quality gates
LDOS.MX,2026-06,0,rejected by data-quality gates
LECO.MX,2024-08,2,sessions=2<15 complete-indicator days
LECO.MX,2024-09,20,"undefined features: rs_last,rs_mean,rs_std"
LECO.MX,2024-10,22,"undefined features: rs_last,rs_mean,rs_std,so_last"
LECO.MX,2024-11,20,"undefined features: rs_last,rs_mean,rs_std,so_last"
LECO.MX,2024-12,20,"undefined features: rs_last,rs_mean,rs_std,so_last"
LECO.MX,2025-01,22,"undefined features: rs_last,rs_mean,rs_std"
LECO.MX,2025-02,19,"undefined features: rs_last,rs_mean,rs_std"
LECO.MX,2025-03,20,"undefined features: rs_last,rs_mean,rs_std,so_last"
LECO.MX,2025-04,20,"undefined features: rs_last,rs_mean,rs_std,so_last"
LECO.MX,2025-05,21,"undefined features: rs_last,rs_mean,rs_std,so_last"
LECO.MX,2025-08,21,"undefined features: rs_last,rs_mean,rs_std,so_last"
LECO.MX,2025-09,21,"undefined features: rs_last,rs_mean,rs_std,so_last"
LECO.MX,2025-10,23,"undefined features: rs_last,rs_mean,rs_std,so_last"
LECO.MX,2025-11,19,"undefined features: rs_last,rs_mean,rs_std,so_last"
LECO.MX,2025-12,21,"undefined features: rs_last,rs_mean,rs_std,so_last"
LECO.MX,2026-01,21,"undefined features: rs_last,rs_mean,rs_std,so_last"
LECO.MX,2026-02,19,"undefined features: rs_last,rs_mean,rs_std,so_last"
LECO.MX,2026-03,21,"undefined features: rs_last,rs_mean,rs_std,so_last"
LECO.MX,2026-04,19,"undefined features: rs_last,rs_mean,rs_std,so_last"
LECO.MX,2026-05,20,"undefined features: rs_last,rs_mean,rs_std,so_last"
LECO.MX,2026-06,22,"undefined features: rs_last,rs_mean,rs_std,so_last"
LECO.MX,2025-06,0,rejected by data-quality gates
LECO.MX,2025-07,0,rejected by data-quality gates
LEN.MX,2023-03,3,sessions=3<15 complete-indicator days
LEN.MX,2023-06,22,"undefined features: rs_last,rs_mean,rs_std"
LEN.MX,2023-08,23,undefined features: rs_std
LEN.MX,2024-03,18,"undefined features: rs_last,rs_mean,rs_std"
LEN.MX,2023-04,0,rejected by data-quality gates
LEN.MX,2023-05,0,rejected by data-quality gates
LEN.MX,2023-07,0,rejected by data-quality gates
LEN.MX,2023-09,0,rejected by data-quality gates
LEN.MX,2023-10,0,rejected by data-quality gates
LEN.MX,2023-11,0,rejected by data-quality gates
LEN.MX,2023-12,0,rejected by data-quality gates
LEN.MX,2024-01,0,rejected by data-quality gates
LEN.MX,2024-02,0,rejected by data-quality gates
LEN.MX,2024-04,0,rejected by data-quality gates
LEN.MX,2024-05,0,rejected by data-quality gates
LEN.MX,2024-06,0,rejected by data-quality gates
LEN.MX,2024-07,0,rejected by data-quality gates
LEN.MX,2024-08,0,rejected by data-quality gates
LEN.MX,2024-09,0,rejected by data-quality gates
LEN.MX,2024-10,0,rejected by data-quality gates
LEN.MX,2024-11,0,rejected by data-quality gates
LEN.MX,2024-12,0,rejected by data-quality gates
LEN.MX,2025-01,0,rejected by data-quality gates
LEN.MX,2025-02,0,rejected by data-quality gates
LEN.MX,2025-03,0,rejected by data-quality gates
LEN.MX,2025-04,0,rejected by data-quality gates
LEN.MX,2025-05,0,rejected by data-quality gates
LEN.MX,2025-06,0,rejected by data-quality gates
LEN.MX,2025-07,0,rejected by data-quality gates
LEN.MX,2025-11,0,rejected by data-quality gates
LEN.MX,2026-01,0,rejected by data-quality gates
LEN.MX,2026-02,0,rejected by data-quality gates
LEN.MX,2026-04,0,rejected by data-quality gates
LEN.MX,2026-05,0,rejected by data-quality gates
LEN.MX,2026-06,0,rejected by data-quality gates
LH.MX,2023-03,3,sessions=3<15 complete-indicator days
LH.MX,2023-05,22,"undefined features: rs_last,rs_mean,rs_std"
LH.MX,2023-08,23,"undefined features: rs_last,rs_mean,rs_std"
LH.MX,2023-10,22,"undefined features: rs_std,so_last,so_mean,so_std"
LH.MX,2023-11,20,"undefined features: rs_last,rs_mean,rs_std,so_last"
LH.MX,2023-12,19,"undefined features: rs_last,rs_mean,rs_std,so_last"
LH.MX,2024-01,22,"undefined features: rs_last,rs_mean,rs_std"
LH.MX,2024-02,20,"undefined features: rs_last,rs_mean,rs_std,so_last"
LH.MX,2024-05,22,"undefined features: rs_last,rs_mean,rs_std"
LH.MX,2024-06,20,"undefined features: rs_last,rs_mean,rs_std,so_std"
LH.MX,2024-07,23,"undefined features: rs_last,rs_mean,rs_std,so_std"
LH.MX,2024-08,22,"undefined features: rs_last,rs_mean,rs_std"
LH.MX,2024-09,20,"undefined features: rs_last,rs_mean,rs_std"
LH.MX,2024-11,20,"undefined features: rs_last,rs_mean,rs_std,so_last"
LH.MX,2024-12,20,"undefined features: rs_last,rs_mean,rs_std,so_last"
LH.MX,2025-01,22,"undefined features: rs_last,rs_mean,rs_std,so_last"
LH.MX,2025-02,19,"undefined features: rs_last,rs_mean,rs_std"
LH.MX,2025-06,21,"undefined features: rs_last,rs_mean,rs_std"
LH.MX,2025-07,23,"undefined features: rs_last,rs_mean,rs_std,so_last"
LH.MX,2025-08,21,"undefined features: rs_last,rs_mean,rs_std"
LH.MX,2025-09,21,"undefined features: rs_last,rs_mean,rs_std"
LH.MX,2025-10,23,"undefined features: rs_last,rs_mean,rs_std"
LH.MX,2026-02,19,"undefined features: rs_last,rs_mean,rs_std"
LH.MX,2026-03,21,"undefined features: rs_last,rs_mean,rs_std,so_last"
LH.MX,2026-04,19,"undefined features: rs_last,rs_mean,rs_std,so_last"
LH.MX,2026-05,20,"undefined features: rs_last,rs_mean,rs_std,so_last"
LH.MX,2026-06,22,"undefined features: rs_last,rs_mean,rs_std,so_last"
LH.MX,2023-04,0,rejected by data-quality gates
LH.MX,2023-06,0,rejected by data-quality gates
LH.MX,2023-07,0,rejected by data-quality gates
LH.MX,2023-09,0,rejected by data-quality gates
LH.MX,2024-03,0,rejected by data-quality gates
LH.MX,2024-04,0,rejected by data-quality gates
LH.MX,2024-10,0,rejected by data-quality gates
LH.MX,2025-03,0,rejected by data-quality gates
LH.MX,2025-04,0,rejected by data-quality gates
LH.MX,2025-05,0,rejected by data-quality gates
LH.MX,2025-11,0,rejected by data-quality gates
LH.MX,2025-12,0,rejected by data-quality gates
LH.MX,2026-01,0,rejected by data-quality gates
LHX.MX,2023-03,3,sessions=3<15 complete-indicator days
LHX.MX,2023-04,18,"undefined features: rs_last,rs_mean,rs_std,so_last"
LHX.MX,2023-05,22,"undefined features: rs_last,rs_mean,rs_std,so_last"
LHX.MX,2023-06,22,"undefined features: rs_last,rs_mean,rs_std,so_last"
LHX.MX,2023-07,21,"undefined features: rs_last,rs_mean,rs_std,so_last"
LHX.MX,2023-08,23,"undefined features: rs_last,rs_mean,rs_std,so_last"
LHX.MX,2023-11,20,"undefined features: rs_last,rs_mean,rs_std"
LHX.MX,2023-12,19,"undefined features: rs_last,rs_mean,rs_std"
LHX.MX,2024-02,20,"undefined features: rs_last,rs_mean,rs_std"
LHX.MX,2024-05,22,"undefined features: rs_last,rs_mean,rs_std"
LHX.MX,2024-06,20,"undefined features: rs_last,rs_mean,rs_std"
LHX.MX,2024-07,23,"undefined features: rs_last,rs_mean,rs_std,so_last"
LHX.MX,2024-08,22,"undefined features: rs_last,rs_mean,rs_std"
LHX.MX,2024-09,20,"undefined features: rs_last,rs_mean,rs_std,so_last"
LHX.MX,2024-10,22,"undefined features: rs_last,rs_mean,rs_std,so_last"
LHX.MX,2024-11,20,"undefined features: rs_last,rs_mean,rs_std,so_last"
LHX.MX,2024-12,20,"undefined features: rs_last,rs_mean,rs_std"
LHX.MX,2025-08,21,"undefined features: rs_last,rs_mean,rs_std"
LHX.MX,2025-10,23,"undefined features: rs_last,rs_mean,rs_std,so_std"
LHX.MX,2025-11,19,"undefined features: rs_last,rs_mean,rs_std,so_last"
LHX.MX,2025-12,21,"undefined features: rs_last,rs_mean,rs_std,so_last"
LHX.MX,2026-01,21,"undefined features: rs_last,rs_mean,rs_std,so_last"
LHX.MX,2026-02,19,"undefined features: rs_last,rs_mean,rs_std,so_last"
LHX.MX,2023-09,0,rejected by data-quality gates
LHX.MX,2023-10,0,rejected by data-quality gates
LHX.MX,2024-01,0,rejected by data-quality gates
LHX.MX,2024-03,0,rejected by data-quality gates
LHX.MX,2024-04,0,rejected by data-quality gates
LHX.MX,2025-01,0,rejected by data-quality gates
LHX.MX,2025-02,0,rejected by data-quality gates
LHX.MX,2025-03,0,rejected by data-quality gates
LHX.MX,2025-04,0,rejected by data-quality gates
LHX.MX,2025-05,0,rejected by data-quality gates
LHX.MX,2025-06,0,rejected by data-quality gates
LHX.MX,2025-07,0,rejected by data-quality gates
LHX.MX,2025-09,0,rejected by data-quality gates
LHX.MX,2026-03,0,rejected by data-quality gates
LHX.MX,2026-04,0,rejected by data-quality gates
LHX.MX,2026-05,0,rejected by data-quality gates
LHX.MX,2026-06,0,rejected by data-quality gates
LII.MX,2023-03,3,sessions=3<15 complete-indicator days
LII.MX,2023-04,18,"undefined features: rs_last,rs_mean,rs_std,so_last"
LII.MX,2023-05,22,"undefined features: rs_last,rs_mean,rs_std,so_last"
LII.MX,2023-06,22,"undefined features: rs_last,rs_mean,rs_std,so_last"
LII.MX,2023-07,21,"undefined features: rs_last,rs_mean,rs_std,so_last"
LII.MX,2023-08,23,"undefined features: rs_last,rs_mean,rs_std,so_last"
LII.MX,2023-09,21,"undefined features: rs_last,rs_mean,rs_std,so_last"
LII.MX,2023-10,22,"undefined features: rs_last,rs_mean,rs_std,so_last"
LII.MX,2023-11,20,"undefined features: rs_last,rs_mean,rs_std,so_last"
LII.MX,2023-12,19,"undefined features: rs_last,rs_mean,rs_std,so_last"
LII.MX,2024-01,22,"undefined features: rs_last,rs_mean,rs_std,so_last"
LII.MX,2024-02,20,"undefined features: rs_last,rs_mean,rs_std,so_last"
LII.MX,2024-03,18,"undefined features: rs_last,rs_mean,rs_std,so_last"
LII.MX,2024-04,22,"undefined features: rs_last,rs_mean,rs_std,so_last"
LII.MX,2024-05,22,"undefined features: rs_last,rs_mean,rs_std,so_last"
LII.MX,2024-06,20,"undefined features: rs_last,rs_mean,rs_std,so_last"
LII.MX,2024-07,23,"undefined features: rs_last,rs_mean,rs_std,so_last"
LII.MX,2024-08,22,"undefined features: rs_last,rs_mean,rs_std,so_last"
LII.MX,2024-09,20,"undefined features: rs_last,rs_mean,rs_std,so_last"
LII.MX,2024-10,22,"undefined features: rs_last,rs_mean,rs_std,so_last"
LII.MX,2024-11,20,"undefined features: rs_last,rs_mean,rs_std,so_last"
LII.MX,2024-12,20,"undefined features: rs_last,rs_mean,rs_std,so_last"
LII.MX,2025-01,22,"undefined features: rs_last,rs_mean,rs_std,so_last"
LII.MX,2025-02,19,"undefined features: rs_last,rs_mean,rs_std,so_last"
LII.MX,2025-03,20,"undefined features: rs_last,rs_mean,rs_std,so_last"
LII.MX,2025-04,20,"undefined features: rs_last,rs_mean,rs_std,so_last"
LII.MX,2025-05,21,"undefined features: rs_last,rs_mean,rs_std"
LII.MX,2025-06,21,"undefined features: rs_last,rs_mean,rs_std"
LII.MX,2025-07,23,"undefined features: rs_last,rs_mean,rs_std,so_last"
LII.MX,2025-08,21,"undefined features: rs_last,rs_mean,rs_std,so_last"
LII.MX,2025-09,21,"undefined features: rs_last,rs_mean,rs_std,so_last"
LII.MX,2025-11,19,"undefined features: rs_std,so_std"
LII.MX,2025-12,21,"undefined features: rs_last,rs_mean,rs_std,so_last"
LII.MX,2026-01,21,"undefined features: rs_last,rs_mean,rs_std,so_last"
LII.MX,2026-02,19,"undefined features: rs_last,rs_mean,rs_std,so_last"
LII.MX,2026-03,21,"undefined features: rs_last,rs_mean,rs_std,so_last"
LII.MX,2026-04,19,"undefined features: rs_last,rs_mean,rs_std,so_last"
LII.MX,2026-05,20,"undefined features: rs_last,rs_mean,rs_std,so_last"
LII.MX,2026-06,22,"undefined features: rs_last,rs_mean,rs_std,so_last"
LII.MX,2025-10,0,rejected by data-quality gates
LITE.MX,2023-03,3,sessions=3<15 complete-indicator days
LITE.MX,2023-05,22,"undefined features: rs_last,rs_mean,rs_std,so_last"
LITE.MX,2023-06,22,"undefined features: rs_last,rs_mean,rs_std,so_last"
LITE.MX,2023-07,21,"undefined features: rs_last,rs_mean,rs_std,so_last"
LITE.MX,2023-08,23,"undefined features: rs_last,rs_mean,rs_std,so_last"
LITE.MX,2023-09,21,"undefined features: rs_last,rs_mean,rs_std,so_last"
LITE.MX,2023-10,22,"undefined features: rs_last,rs_mean,rs_std,so_last"
LITE.MX,2023-11,20,"undefined features: rs_last,rs_mean,rs_std,so_last"
LITE.MX,2023-12,19,"undefined features: rs_last,rs_mean,rs_std,so_last"
LITE.MX,2024-01,22,"undefined features: rs_last,rs_mean,rs_std,so_last"
LITE.MX,2024-02,20,"undefined features: rs_last,rs_mean,rs_std,so_last"
LITE.MX,2024-05,22,"undefined features: rs_last,rs_mean,rs_std,so_last"
LITE.MX,2024-06,20,"undefined features: rs_last,rs_mean,rs_std,so_last"
LITE.MX,2024-07,23,"undefined features: rs_last,rs_mean,rs_std,so_last"
LITE.MX,2024-08,22,"undefined features: rs_last,rs_mean,rs_std,so_last"
LITE.MX,2024-09,20,"undefined features: rs_last,rs_mean,rs_std,so_last"
LITE.MX,2024-10,22,"undefined features: rs_last,rs_mean,rs_std,so_last"
LITE.MX,2024-11,20,"undefined features: rs_last,rs_mean,rs_std"
LITE.MX,2024-12,20,"undefined features: rs_last,rs_mean,rs_std,so_last"
LITE.MX,2025-01,22,"undefined features: rs_last,rs_mean,rs_std"
LITE.MX,2025-04,20,"undefined features: rs_last,rs_mean,rs_std,so_last"
LITE.MX,2025-05,21,"undefined features: rs_last,rs_mean,rs_std"
LITE.MX,2025-06,21,"undefined features: rs_last,rs_mean,rs_std,so_last"
LITE.MX,2025-07,23,"undefined features: rs_last,rs_mean,rs_std,so_last"
LITE.MX,2025-08,21,"undefined features: rs_last,rs_mean,rs_std"
LITE.MX,2023-04,0,rejected by data-quality gates
LITE.MX,2024-03,0,rejected by data-quality gates
LITE.MX,2024-04,0,rejected by data-quality gates
LITE.MX,2025-02,0,rejected by data-quality gates
LITE.MX,2025-03,0,rejected by data-quality gates
LITE.MX,2025-09,0,rejected by data-quality gates
LITE.MX,2025-10,0,rejected by data-quality gates
LIVEPOLC-1.MX,2023-03,3,sessions=3<15 complete-indicator days
LLY.MX,2023-03,3,sessions=3<15 complete-indicator days
LLY.MX,2023-06,0,rejected by data-quality gates
LMT.MX,2023-03,3,sessions=3<15 complete-indicator days
LMT.MX,2023-04,0,rejected by data-quality gates
LMT.MX,2023-05,0,rejected by data-quality gates
LMT.MX,2023-06,0,rejected by data-quality gates
LMT.MX,2023-07,0,rejected by data-quality gates
LMT.MX,2023-08,0,rejected by data-quality gates
LMT.MX,2023-09,0,rejected by data-quality gates
LMT.MX,2023-11,0,rejected by data-quality gates
LMT.MX,2023-12,0,rejected by data-quality gates
LMT.MX,2024-01,0,rejected by data-quality gates
LMT.MX,2024-02,0,rejected by data-quality gates
LMT.MX,2024-03,0,rejected by data-quality gates
LMT.MX,2024-04,0,rejected by data-quality gates
LMT.MX,2024-05,0,rejected by data-quality gates
LMT.MX,2024-06,0,rejected by data-quality gates
LMT.MX,2024-07,0,rejected by data-quality gates
LMT.MX,2024-08,0,rejected by data-quality gates
LMT.MX,2024-09,0,rejected by data-quality gates
LMT.MX,2024-10,0,rejected by data-quality gates
LMT.MX,2024-12,0,rejected by data-quality gates
LMT.MX,2025-01,0,rejected by data-quality gates
LMT.MX,2025-05,0,rejected by data-quality gates
LMT.MX,2025-10,0,rejected by data-quality gates
LMT.MX,2025-11,0,rejected by data-quality gates
LMT.MX,2025-12,0,rejected by data-quality gates
LMT.MX,2026-02,0,rejected by data-quality gates
LMT.MX,2026-04,0,rejected by data-quality gates
LMT.MX,2026-06,0,rejected by data-quality gates
LNG.MX,2023-03,3,sessions=3<15 complete-indicator days
LNG.MX,2023-10,22,"undefined features: rs_last,rs_mean,rs_std"
LNG.MX,2024-05,22,"undefined features: rs_last,rs_mean,rs_std"
LNG.MX,2024-08,22,"undefined features: rs_last,rs_mean,rs_std"
LNG.MX,2024-09,20,"undefined features: rs_last,rs_mean,rs_std"
LNG.MX,2024-12,20,"undefined features: rs_last,rs_mean,rs_std"
LNG.MX,2025-01,22,"undefined features: rs_last,rs_mean,rs_std"
LNG.MX,2025-03,20,undefined features: rs_std
LNG.MX,2025-04,20,"undefined features: rs_last,rs_mean,rs_std"
LNG.MX,2025-05,21,"undefined features: rs_last,rs_mean,rs_std"
LNG.MX,2023-04,0,rejected by data-quality gates
LNG.MX,2023-05,0,rejected by data-quality gates
LNG.MX,2023-06,0,rejected by data-quality gates
LNG.MX,2023-07,0,rejected by data-quality gates
LNG.MX,2023-08,0,rejected by data-quality gates
LNG.MX,2023-09,0,rejected by data-quality gates
LNG.MX,2023-11,0,rejected by data-quality gates
LNG.MX,2023-12,0,rejected by data-quality gates
LNG.MX,2024-01,0,rejected by data-quality gates
LNG.MX,2024-02,0,rejected by data-quality gates
LNG.MX,2024-03,0,rejected by data-quality gates
LNG.MX,2024-04,0,rejected by data-quality gates
LNG.MX,2024-06,0,rejected by data-quality gates
LNG.MX,2024-07,0,rejected by data-quality gates
LNG.MX,2024-10,0,rejected by data-quality gates
LNG.MX,2024-11,0,rejected by data-quality gates
LNG.MX,2025-02,0,rejected by data-quality gates
LNG.MX,2025-06,0,rejected by data-quality gates
LNG.MX,2025-07,0,rejected by data-quality gates
LNG.MX,2025-08,0,rejected by data-quality gates
LNG.MX,2025-09,0,rejected by data-quality gates
LNG.MX,2025-10,0,rejected by data-quality gates
LNG.MX,2025-11,0,rejected by data-quality gates
LNG.MX,2025-12,0,rejected by data-quality gates
LNG.MX,2026-01,0,rejected by data-quality gates
LNG.MX,2026-02,0,rejected by data-quality gates
LNG.MX,2026-03,0,rejected by data-quality gates
LNG.MX,2026-04,0,rejected by data-quality gates
LNG.MX,2026-05,0,rejected by data-quality gates
LNG.MX,2026-06,0,rejected by data-quality gates
LOW.MX,2023-03,3,sessions=3<15 complete-indicator days
LOW.MX,2024-03,18,undefined features: rs_std
LOW.MX,2023-04,0,rejected by data-quality gates
LOW.MX,2023-05,0,rejected by data-quality gates
LOW.MX,2023-07,0,rejected by data-quality gates
LOW.MX,2023-08,0,rejected by data-quality gates
LOW.MX,2023-09,0,rejected by data-quality gates
LOW.MX,2023-10,0,rejected by data-quality gates
LOW.MX,2023-11,0,rejected by data-quality gates
LOW.MX,2023-12,0,rejected by data-quality gates
LOW.MX,2024-01,0,rejected by data-quality gates
LOW.MX,2024-02,0,rejected by data-quality gates
LOW.MX,2024-04,0,rejected by data-quality gates
LOW.MX,2024-05,0,rejected by data-quality gates
LOW.MX,2024-07,0,rejected by data-quality gates
LOW.MX,2024-08,0,rejected by data-quality gates
LOW.MX,2024-09,0,rejected by data-quality gates
LOW.MX,2024-10,0,rejected by data-quality gates
LOW.MX,2024-11,0,rejected by data-quality gates
LOW.MX,2024-12,0,rejected by data-quality gates
LOW.MX,2025-01,0,rejected by data-quality gates
LOW.MX,2025-02,0,rejected by data-quality gates
LOW.MX,2025-03,0,rejected by data-quality gates
LOW.MX,2025-04,0,rejected by data-quality gates
LOW.MX,2025-05,0,rejected by data-quality gates
LOW.MX,2025-06,0,rejected by data-quality gates
LOW.MX,2025-08,0,rejected by data-quality gates
LOW.MX,2025-09,0,rejected by data-quality gates
LOW.MX,2025-11,0,rejected by data-quality gates
LOW.MX,2025-12,0,rejected by data-quality gates
LOW.MX,2026-01,0,rejected by data-quality gates
LOW.MX,2026-02,0,rejected by data-quality gates
LOW.MX,2026-03,0,rejected by data-quality gates
LOW.MX,2026-04,0,rejected by data-quality gates
LOW.MX,2026-05,0,rejected by data-quality gates
LOW.MX,2026-06,0,rejected by data-quality gates
LPLA.MX,2023-03,3,sessions=3<15 complete-indicator days
LPLA.MX,2023-04,18,"undefined features: rs_last,rs_mean,rs_std,so_last"
LPLA.MX,2023-05,22,"undefined features: rs_last,rs_mean,rs_std,so_last"
LPLA.MX,2023-06,22,"undefined features: rs_last,rs_mean,rs_std,so_last"
LPLA.MX,2023-07,21,"undefined features: rs_last,rs_mean,rs_std,so_last"
LPLA.MX,2023-08,23,"undefined features: rs_last,rs_mean,rs_std,so_last"
LPLA.MX,2023-09,21,"undefined features: rs_last,rs_mean,rs_std,so_last"
LPLA.MX,2023-10,22,"undefined features: rs_last,rs_mean,rs_std,so_last"
LPLA.MX,2023-11,20,"undefined features: rs_last,rs_mean,rs_std,so_last"
LPLA.MX,2023-12,19,"undefined features: rs_last,rs_mean,rs_std,so_last"
LPLA.MX,2024-01,22,"undefined features: rs_last,rs_mean,rs_std,so_last"
LPLA.MX,2024-02,20,"undefined features: rs_last,rs_mean,rs_std,so_last"
LPLA.MX,2024-03,18,"undefined features: rs_last,rs_mean,rs_std,so_last"
LPLA.MX,2024-04,22,"undefined features: rs_last,rs_mean,rs_std,so_last"
LPLA.MX,2024-05,22,"undefined features: rs_last,rs_mean,rs_std,so_last"
LPLA.MX,2024-06,20,"undefined features: rs_last,rs_mean,rs_std,so_last"
LPLA.MX,2024-07,23,"undefined features: rs_last,rs_mean,rs_std,so_last"
LPLA.MX,2024-09,20,"undefined features: rs_last,rs_mean,rs_std,so_last"
LPLA.MX,2024-10,22,"undefined features: rs_last,rs_mean,rs_std,so_last"
LPLA.MX,2024-11,20,"undefined features: rs_last,rs_mean,rs_std,so_last"
LPLA.MX,2024-12,20,"undefined features: rs_last,rs_mean,rs_std,so_last"
LPLA.MX,2025-01,22,"undefined features: rs_last,rs_mean,rs_std,so_last"
LPLA.MX,2025-02,19,"undefined features: rs_last,rs_mean,rs_std,so_last"
LPLA.MX,2025-03,20,"undefined features: rs_last,rs_mean,rs_std,so_last"
LPLA.MX,2025-04,20,"undefined features: rs_last,rs_mean,rs_std,so_last"
LPLA.MX,2025-05,21,"undefined features: rs_last,rs_mean,rs_std,so_last"
LPLA.MX,2025-06,21,"undefined features: rs_last,rs_mean,rs_std,so_last"
LPLA.MX,2025-07,23,"undefined features: rs_last,rs_mean,rs_std,so_last"
LPLA.MX,2025-08,21,"undefined features: rs_last,rs_mean,rs_std,so_last"
LPLA.MX,2025-09,21,"undefined features: rs_last,rs_mean,rs_std,so_last"
LPLA.MX,2025-10,23,"undefined features: rs_last,rs_mean,rs_std,so_last"
LPLA.MX,2025-11,19,"undefined features: rs_last,rs_mean,rs_std,so_last"
LPLA.MX,2025-12,21,"undefined features: rs_last,rs_mean,rs_std,so_last"
LPLA.MX,2026-01,21,"undefined features: rs_last,rs_mean,rs_std,so_last"
LPLA.MX,2026-03,21,undefined features: so_std
LPLA.MX,2026-06,22,"undefined features: rs_last,rs_mean,rs_std,so_last"
LPLA.MX,2024-08,0,rejected by data-quality gates
LPLA.MX,2026-02,0,rejected by data-quality gates
LPLA.MX,2026-04,0,rejected by data-quality gates
LPLA.MX,2026-05,0,rejected by data-quality gates
LRCX.MX,2023-03,3,sessions=3<15 complete-indicator days
LRCX.MX,2023-04,18,"undefined features: rs_last,rs_mean,rs_std"
LRCX.MX,2023-05,22,"undefined features: rs_last,rs_mean,rs_std,so_last"
LRCX.MX,2023-06,0,rejected by data-quality gates
LRCX.MX,2023-07,0,rejected by data-quality gates
LRCX.MX,2023-08,0,rejected by data-quality gates
LRCX.MX,2023-09,0,rejected by data-quality gates
LRCX.MX,2023-10,0,rejected by data-quality gates
LRCX.MX,2023-11,0,rejected by data-quality gates
LRCX.MX,2023-12,0,rejected by data-quality gates
LRCX.MX,2024-01,0,rejected by data-quality gates
LRCX.MX,2024-02,0,rejected by data-quality gates
LRCX.MX,2024-03,0,rejected by data-quality gates
LRCX.MX,2024-04,0,rejected by data-quality gates
LRCX.MX,2024-05,0,rejected by data-quality gates
LRCX.MX,2024-06,0,rejected by data-quality gates
LRCX.MX,2024-07,0,rejected by data-quality gates
LRCX.MX,2024-08,0,rejected by data-quality gates
LRCX.MX,2024-09,0,rejected by data-quality gates
LRCX.MX,2025-01,0,rejected by data-quality gates
LRCX.MX,2025-03,0,rejected by data-quality gates
LRCX.MX,2025-04,0,rejected by data-quality gates
LRCX.MX,2025-05,0,rejected by data-quality gates
LRCX.MX,2025-07,0,rejected by data-quality gates
LULU.MX,2023-03,3,sessions=3<15 complete-indicator days
LULU.MX,2023-04,0,rejected by data-quality gates
LULU.MX,2023-05,0,rejected by data-quality gates
LULU.MX,2023-07,0,rejected by data-quality gates
LULU.MX,2023-08,0,rejected by data-quality gates
LULU.MX,2023-10,0,rejected by data-quality gates
LULU.MX,2024-01,0,rejected by data-quality gates
LULU.MX,2024-03,0,rejected by data-quality gates
LUV.MX,2023-03,3,sessions=3<15 complete-indicator days
LUV.MX,2024-11,0,rejected by data-quality gates
LUV.MX,2025-01,0,rejected by data-quality gates
LUV.MX,2025-02,0,rejected by data-quality gates
LUV.MX,2025-04,0,rejected by data-quality gates
LUV.MX,2025-05,0,rejected by data-quality gates
LUV.MX,2025-06,0,rejected by data-quality gates
LUV.MX,2025-08,0,rejected by data-quality gates
LUV.MX,2025-09,0,rejected by data-quality gates
LUV.MX,2025-12,0,rejected by data-quality gates
LUV.MX,2026-01,0,rejected by data-quality gates
LUV.MX,2026-03,0,rejected by data-quality gates
LUV.MX,2026-04,0,rejected by data-quality gates
LUV.MX,2026-05,0,rejected by data-quality gates
LUV.MX,2026-06,0,rejected by data-quality gates
LVS.MX,2023-03,3,sessions=3<15 complete-indicator days
LVS.MX,2025-07,23,"undefined features: rs_last,rs_mean,rs_std"
LVS.MX,2026-03,21,"undefined features: rs_last,rs_mean,rs_std"
LVS.MX,2024-11,0,rejected by data-quality gates
LVS.MX,2024-12,0,rejected by data-quality gates
LVS.MX,2025-05,0,rejected by data-quality gates
LVS.MX,2025-06,0,rejected by data-quality gates
LVS.MX,2025-08,0,rejected by data-quality gates
LVS.MX,2025-09,0,rejected by data-quality gates
LVS.MX,2025-10,0,rejected by data-quality gates
LVS.MX,2025-11,0,rejected by data-quality gates
LVS.MX,2025-12,0,rejected by data-quality gates
LVS.MX,2026-01,0,rejected by data-quality gates
LVS.MX,2026-02,0,rejected by data-quality gates
LVS.MX,2026-04,0,rejected by data-quality gates
LYV.MX,2023-03,3,sessions=3<15 complete-indicator days
LYV.MX,2023-06,22,"undefined features: rs_last,rs_mean,rs_std"
LYV.MX,2023-07,21,"undefined features: rs_last,rs_mean,rs_std"
LYV.MX,2023-08,23,"undefined features: rs_last,rs_mean,rs_std,so_last"
LYV.MX,2023-12,19,"undefined features: rs_last,rs_mean,rs_std"
LYV.MX,2024-01,22,undefined features: rs_std
LYV.MX,2024-03,18,"undefined features: rs_last,rs_mean,rs_std"
LYV.MX,2024-06,20,"undefined features: rs_last,rs_mean,rs_std"
LYV.MX,2024-07,23,"undefined features: rs_last,rs_mean,rs_std"
LYV.MX,2024-09,20,"undefined features: rs_last,rs_mean,rs_std,so_last"
LYV.MX,2024-10,22,"undefined features: rs_last,rs_mean,rs_std,so_last"
LYV.MX,2024-11,20,"undefined features: rs_last,rs_mean,rs_std,so_last"
LYV.MX,2024-12,20,"undefined features: rs_last,rs_mean,rs_std,so_last"
LYV.MX,2025-07,23,"undefined features: rs_last,rs_mean,rs_std"
LYV.MX,2025-08,21,"undefined features: rs_last,rs_mean,rs_std,so_last"
LYV.MX,2025-09,21,"undefined features: rs_last,rs_mean,rs_std,so_last"
LYV.MX,2026-03,21,"undefined features: rs_last,rs_mean,rs_std,so_last"
LYV.MX,2026-04,19,"undefined features: rs_last,rs_mean,rs_std,so_last"
LYV.MX,2026-05,20,"undefined features: rs_last,rs_mean,rs_std,so_last"
LYV.MX,2026-06,22,"undefined features: rs_last,rs_mean,rs_std,so_last"
LYV.MX,2023-04,0,rejected by data-quality gates
LYV.MX,2023-05,0,rejected by data-quality gates
LYV.MX,2023-09,0,rejected by data-quality gates
LYV.MX,2023-10,0,rejected by data-quality gates
LYV.MX,2023-11,0,rejected by data-quality gates
LYV.MX,2024-02,0,rejected by data-quality gates
LYV.MX,2024-04,0,rejected by data-quality gates
LYV.MX,2024-05,0,rejected by data-quality gates
LYV.MX,2024-08,0,rejected by data-quality gates
LYV.MX,2025-01,0,rejected by data-quality gates
LYV.MX,2025-02,0,rejected by data-quality gates
LYV.MX,2025-03,0,rejected by data-quality gates
LYV.MX,2025-04,0,rejected by data-quality gates
LYV.MX,2025-05,0,rejected by data-quality gates
LYV.MX,2025-06,0,rejected by data-quality gates
LYV.MX,2025-10,0,rejected by data-quality gates
LYV.MX,2025-11,0,rejected by data-quality gates
LYV.MX,2025-12,0,rejected by data-quality gates
LYV.MX,2026-01,0,rejected by data-quality gates
LYV.MX,2026-02,0,rejected by data-quality gates
MA.MX,2023-03,3,sessions=3<15 complete-indicator days
MAR.MX,2023-03,3,sessions=3<15 complete-indicator days
MAR.MX,2023-06,22,"undefined features: rs_last,rs_mean,rs_std,so_last"
MAR.MX,2023-08,23,"undefined features: rs_last,rs_mean,rs_std"
MAR.MX,2023-10,22,"undefined features: rs_std,so_last,so_mean,so_std"
MAR.MX,2024-02,20,"undefined features: rs_last,rs_mean,rs_std"
MAR.MX,2024-03,18,"undefined features: rs_last,rs_mean,rs_std"
MAR.MX,2024-06,20,"undefined features: rs_last,rs_mean,rs_std"
MAR.MX,2024-07,23,undefined features: rs_std
MAR.MX,2024-10,22,"undefined features: rs_last,rs_mean,rs_std"
MAR.MX,2024-11,20,"undefined features: rs_last,rs_mean,rs_std,so_last"
MAR.MX,2024-12,20,"undefined features: rs_last,rs_mean,rs_std"
MAR.MX,2025-06,21,"undefined features: rs_last,rs_mean,rs_std"
MAR.MX,2025-11,19,"undefined features: rs_last,rs_mean,rs_std"
MAR.MX,2025-12,21,"undefined features: rs_last,rs_mean,rs_std"
MAR.MX,2026-01,21,"undefined features: rs_last,rs_mean,rs_std"
MAR.MX,2023-04,0,rejected by data-quality gates
MAR.MX,2023-05,0,rejected by data-quality gates
MAR.MX,2023-07,0,rejected by data-quality gates
MAR.MX,2023-09,0,rejected by data-quality gates
MAR.MX,2023-11,0,rejected by data-quality gates
MAR.MX,2023-12,0,rejected by data-quality gates
MAR.MX,2024-01,0,rejected by data-quality gates
MAR.MX,2024-04,0,rejected by data-quality gates
MAR.MX,2024-05,0,rejected by data-quality gates
MAR.MX,2024-08,0,rejected by data-quality gates
MAR.MX,2024-09,0,rejected by data-quality gates
MAR.MX,2025-01,0,rejected by data-quality gates
MAR.MX,2025-02,0,rejected by data-quality gates
MAR.MX,2025-03,0,rejected by data-quality gates
MAR.MX,2025-04,0,rejected by data-quality gates
MAR.MX,2025-05,0,rejected by data-quality gates
MAR.MX,2025-07,0,rejected by data-quality gates
MAR.MX,2025-08,0,rejected by data-quality gates
MAR.MX,2025-09,0,rejected by data-quality gates
MAR.MX,2025-10,0,rejected by data-quality gates
MAR.MX,2026-02,0,rejected by data-quality gates
MAR.MX,2026-03,0,rejected by data-quality gates
MAR.MX,2026-04,0,rejected by data-quality gates
MAR.MX,2026-05,0,rejected by data-quality gates
MAR.MX,2026-06,0,rejected by data-quality gates
MCD.MX,2023-03,3,sessions=3<15 complete-indicator days
MCD.MX,2023-04,0,rejected by data-quality gates
MCD.MX,2023-05,0,rejected by data-quality gates
MCD.MX,2023-06,0,rejected by data-quality gates
MCD.MX,2023-07,0,rejected by data-quality gates
MCD.MX,2023-09,0,rejected by data-quality gates
MCD.MX,2023-11,0,rejected by data-quality gates
MCD.MX,2023-12,0,rejected by data-quality gates
MCD.MX,2026-03,0,rejected by data-quality gates
MCHP.MX,2023-03,3,sessions=3<15 complete-indicator days
MCHP.MX,2023-04,18,"undefined features: rs_last,rs_mean,rs_std"
MCHP.MX,2023-05,22,"undefined features: rs_last,rs_mean,rs_std,so_last"
MCHP.MX,2023-06,22,"undefined features: rs_last,rs_mean,rs_std,so_std"
MCHP.MX,2023-08,23,"undefined features: rs_last,rs_mean,rs_std,so_last"
MCHP.MX,2023-09,21,"undefined features: rs_last,rs_mean,rs_std,so_last"
MCHP.MX,2023-11,20,"undefined features: rs_last,rs_mean,rs_std,so_last"
MCHP.MX,2023-12,19,"undefined features: rs_last,rs_mean,rs_std,so_last"
MCHP.MX,2024-01,22,"undefined features: rs_last,rs_mean,rs_std,so_last"
MCHP.MX,2024-02,20,"undefined features: rs_last,rs_mean,rs_std,so_last"
MCHP.MX,2024-03,18,"undefined features: rs_last,rs_mean,rs_std"
MCHP.MX,2024-04,22,"undefined features: rs_last,rs_mean,rs_std"
MCHP.MX,2024-06,20,"undefined features: rs_last,rs_mean,rs_std"
MCHP.MX,2024-07,23,"undefined features: rs_last,rs_mean,rs_std,so_last"
MCHP.MX,2024-08,22,"undefined features: rs_last,rs_mean,rs_std"
MCHP.MX,2023-07,0,rejected by data-quality gates
MCHP.MX,2023-10,0,rejected by data-quality gates
MCHP.MX,2024-05,0,rejected by data-quality gates
MCHP.MX,2024-09,0,rejected by data-quality gates
MCHP.MX,2024-10,0,rejected by data-quality gates
MCHP.MX,2024-11,0,rejected by data-quality gates
MCHP.MX,2024-12,0,rejected by data-quality gates
MCHP.MX,2025-01,0,rejected by data-quality gates
MCHP.MX,2025-02,0,rejected by data-quality gates
MCHP.MX,2025-03,0,rejected by data-quality gates
MCHP.MX,2025-04,0,rejected by data-quality gates
MCHP.MX,2025-05,0,rejected by data-quality gates
MCHP.MX,2025-06,0,rejected by data-quality gates
MCHP.MX,2025-07,0,rejected by data-quality gates
MCHP.MX,2025-09,0,rejected by data-quality gates
MCHP.MX,2025-10,0,rejected by data-quality gates
MCHP.MX,2025-12,0,rejected by data-quality gates
MCHP.MX,2026-01,0,rejected by data-quality gates
MCHP.MX,2026-02,0,rejected by data-quality gates
MCHP.MX,2026-03,0,rejected by data-quality gates
MCHP.MX,2026-04,0,rejected by data-quality gates
MCHP.MX,2026-06,0,rejected by data-quality gates
MCK.MX,2023-03,3,sessions=3<15 complete-indicator days
MCK.MX,2023-04,18,"undefined features: rs_last,rs_mean,rs_std,so_std"
MCK.MX,2023-05,22,"undefined features: rs_last,rs_mean,rs_std"
MCK.MX,2023-10,22,undefined features: rs_std
MCK.MX,2023-11,20,"undefined features: rs_last,rs_mean,rs_std"
MCK.MX,2023-12,19,"undefined features: rs_last,rs_mean,rs_std"
MCK.MX,2024-01,22,"undefined features: rs_last,rs_mean,rs_std,so_last"
MCK.MX,2024-02,20,"undefined features: rs_last,rs_mean,rs_std"
MCK.MX,2024-03,18,"undefined features: rs_last,rs_mean,rs_std"
MCK.MX,2024-05,22,"undefined features: rs_last,rs_mean,rs_std"
MCK.MX,2024-06,20,"undefined features: rs_last,rs_mean,rs_std,so_std"
MCK.MX,2024-08,22,"undefined features: rs_last,rs_mean,rs_std"
MCK.MX,2024-12,20,"undefined features: rs_last,rs_mean,rs_std"
MCK.MX,2025-01,22,"undefined features: rs_last,rs_mean,rs_std,so_last"
MCK.MX,2025-02,19,"undefined features: rs_last,rs_mean,rs_std,so_last"
MCK.MX,2025-03,20,"undefined features: rs_last,rs_mean,rs_std,so_last"
MCK.MX,2025-04,20,"undefined features: rs_last,rs_mean,rs_std"
MCK.MX,2025-10,23,"undefined features: rs_last,rs_mean,rs_std"
MCK.MX,2023-06,0,rejected by data-quality gates
MCK.MX,2023-07,0,rejected by data-quality gates
MCK.MX,2023-08,0,rejected by data-quality gates
MCK.MX,2023-09,0,rejected by data-quality gates
MCK.MX,2024-04,0,rejected by data-quality gates
MCK.MX,2024-07,0,rejected by data-quality gates
MCK.MX,2024-09,0,rejected by data-quality gates
MCK.MX,2024-10,0,rejected by data-quality gates
MCK.MX,2024-11,0,rejected by data-quality gates
MCK.MX,2025-05,0,rejected by data-quality gates
MCK.MX,2025-06,0,rejected by data-quality gates
MCK.MX,2025-07,0,rejected by data-quality gates
MCK.MX,2025-08,0,rejected by data-quality gates
MCK.MX,2025-09,0,rejected by data-quality gates
MCK.MX,2025-11,0,rejected by data-quality gates
MCK.MX,2025-12,0,rejected by data-quality gates
MCK.MX,2026-01,0,rejected by data-quality gates
MCK.MX,2026-02,0,rejected by data-quality gates
MCK.MX,2026-03,0,rejected by data-quality gates
MCK.MX,2026-04,0,rejected by data-quality gates
MCK.MX,2026-05,0,rejected by data-quality gates
MCK.MX,2026-06,0,rejected by data-quality gates
MCO.MX,2023-03,3,sessions=3<15 complete-indicator days
MCO.MX,2023-10,22,"undefined features: rs_last,rs_mean,rs_std"
MCO.MX,2024-04,22,"undefined features: rs_last,rs_mean,rs_std,so_last"
MCO.MX,2025-05,21,"undefined features: rs_last,rs_mean,rs_std"
MCO.MX,2026-01,21,"undefined features: rs_last,rs_mean,rs_std"
MCO.MX,2026-04,19,"undefined features: rs_last,rs_mean,rs_std,so_last"
MCO.MX,2023-04,0,rejected by data-quality gates
MCO.MX,2023-05,0,rejected by data-quality gates
MCO.MX,2023-06,0,rejected by data-quality gates
MCO.MX,2023-07,0,rejected by data-quality gates
MCO.MX,2023-08,0,rejected by data-quality gates
MCO.MX,2023-09,0,rejected by data-quality gates
MCO.MX,2023-11,0,rejected by data-quality gates
MCO.MX,2023-12,0,rejected by data-quality gates
MCO.MX,2024-01,0,rejected by data-quality gates
MCO.MX,2024-02,0,rejected by data-quality gates
MCO.MX,2024-03,0,rejected by data-quality gates
MCO.MX,2024-05,0,rejected by data-quality gates
MCO.MX,2024-06,0,rejected by data-quality gates
MCO.MX,2024-07,0,rejected by data-quality gates
MCO.MX,2024-08,0,rejected by data-quality gates
MCO.MX,2024-09,0,rejected by data-quality gates
MCO.MX,2024-10,0,rejected by data-quality gates
MCO.MX,2024-11,0,rejected by data-quality gates
MCO.MX,2024-12,0,rejected by data-quality gates
MCO.MX,2025-01,0,rejected by data-quality gates
MCO.MX,2025-02,0,rejected by data-quality gates
MCO.MX,2025-03,0,rejected by data-quality gates
MCO.MX,2025-04,0,rejected by data-quality gates
MCO.MX,2025-06,0,rejected by data-quality gates
MCO.MX,2025-07,0,rejected by data-quality gates
MCO.MX,2025-08,0,rejected by data-quality gates
MCO.MX,2025-09,0,rejected by data-quality gates
MCO.MX,2025-10,0,rejected by data-quality gates
MCO.MX,2025-11,0,rejected by data-quality gates
MCO.MX,2025-12,0,rejected by data-quality gates
MCO.MX,2026-02,0,rejected by data-quality gates
MCO.MX,2026-03,0,rejected by data-quality gates
MCO.MX,2026-05,0,rejected by data-quality gates
MCO.MX,2026-06,0,rejected by data-quality gates
MDB.MX,2023-03,3,sessions=3<15 complete-indicator days
MDB.MX,2023-04,18,"undefined features: rs_last,rs_mean,rs_std"
MDB.MX,2023-05,22,"undefined features: rs_last,rs_mean,rs_std"
MDB.MX,2024-01,22,"undefined features: rs_last,rs_mean,rs_std,so_std"
MDB.MX,2023-06,0,rejected by data-quality gates
MDB.MX,2023-07,0,rejected by data-quality gates
MDB.MX,2023-08,0,rejected by data-quality gates
MDB.MX,2023-09,0,rejected by data-quality gates
MDB.MX,2023-10,0,rejected by data-quality gates
MDB.MX,2023-11,0,rejected by data-quality gates
MDB.MX,2023-12,0,rejected by data-quality gates
MDB.MX,2024-02,0,rejected by data-quality gates
MDB.MX,2024-03,0,rejected by data-quality gates
MDB.MX,2024-04,0,rejected by data-quality gates
MDB.MX,2024-05,0,rejected by data-quality gates
MDB.MX,2024-06,0,rejected by data-quality gates
MDB.MX,2024-07,0,rejected by data-quality gates
MDB.MX,2024-08,0,rejected by data-quality gates
MDB.MX,2024-09,0,rejected by data-quality gates
MDB.MX,2024-10,0,rejected by data-quality gates
MDB.MX,2024-11,0,rejected by data-quality gates
MDB.MX,2024-12,0,rejected by data-quality gates
MDB.MX,2025-04,0,rejected by data-quality gates
MDB.MX,2025-05,0,rejected by data-quality gates
MDB.MX,2025-09,0,rejected by data-quality gates
MDB.MX,2025-10,0,rejected by data-quality gates
MDB.MX,2025-11,0,rejected by data-quality gates
MDB.MX,2025-12,0,rejected by data-quality gates
MDB.MX,2026-01,0,rejected by data-quality gates
MDB.MX,2026-02,0,rejected by data-quality gates
MDB.MX,2026-03,0,rejected by data-quality gates
MDB.MX,2026-04,0,rejected by data-quality gates
MDB.MX,2026-06,0,rejected by data-quality gates
MDLZ.MX,2023-03,3,sessions=3<15 complete-indicator days
MDLZ.MX,2023-04,18,"undefined features: rs_last,rs_mean,rs_std"
MDLZ.MX,2023-11,20,"undefined features: rs_last,rs_mean,rs_std"
MDLZ.MX,2023-05,0,rejected by data-quality gates
MDLZ.MX,2023-06,0,rejected by data-quality gates
MDLZ.MX,2023-08,0,rejected by data-quality gates
MDLZ.MX,2023-09,0,rejected by data-quality gates
MDLZ.MX,2023-10,0,rejected by data-quality gates
MDLZ.MX,2023-12,0,rejected by data-quality gates
MDLZ.MX,2024-01,0,rejected by data-quality gates
MDLZ.MX,2024-03,0,rejected by data-quality gates
MDLZ.MX,2024-04,0,rejected by data-quality gates
MDLZ.MX,2024-05,0,rejected by data-quality gates
MDLZ.MX,2024-06,0,rejected by data-quality gates
MDLZ.MX,2024-07,0,rejected by data-quality gates
MDLZ.MX,2024-08,0,rejected by data-quality gates
MDLZ.MX,2024-09,0,rejected by data-quality gates
MDLZ.MX,2024-10,0,rejected by data-quality gates
MDLZ.MX,2024-11,0,rejected by data-quality gates
MDLZ.MX,2025-04,0,rejected by data-quality gates
MDLZ.MX,2025-05,0,rejected by data-quality gates
MDLZ.MX,2025-06,0,rejected by data-quality gates
MDLZ.MX,2025-07,0,rejected by data-quality gates
MDLZ.MX,2025-09,0,rejected by data-quality gates
MDLZ.MX,2025-11,0,rejected by data-quality gates
MDLZ.MX,2026-04,0,rejected by data-quality gates
MDLZ.MX,2026-05,0,rejected by data-quality gates
MDLZ.MX,2026-06,0,rejected by data-quality gates
MEDP.MX,2023-03,3,sessions=3<15 complete-indicator days
MEDP.MX,2023-06,22,"undefined features: rs_last,rs_mean,rs_std,so_last"
MEDP.MX,2023-07,21,"undefined features: rs_last,rs_mean,rs_std"
MEDP.MX,2023-08,23,"undefined features: rs_last,rs_mean,rs_std,so_std"
MEDP.MX,2023-09,21,"undefined features: rs_last,rs_mean,rs_std"
MEDP.MX,2023-10,22,"undefined features: rs_last,rs_mean,rs_std"
MEDP.MX,2023-11,20,"undefined features: rs_last,rs_mean,rs_std,so_last"
MEDP.MX,2023-12,19,"undefined features: rs_last,rs_mean,rs_std"
MEDP.MX,2024-01,22,"undefined features: rs_last,rs_mean,rs_std,so_last"
MEDP.MX,2024-02,20,"undefined features: rs_last,rs_mean,rs_std,so_last"
MEDP.MX,2024-03,18,"undefined features: rs_last,rs_mean,rs_std,so_last"
MEDP.MX,2024-04,22,"undefined features: rs_last,rs_mean,rs_std"
MEDP.MX,2024-05,22,"undefined features: rs_last,rs_mean,rs_std,so_std"
MEDP.MX,2024-06,20,"undefined features: rs_last,rs_mean,rs_std,so_last"
MEDP.MX,2024-07,23,"undefined features: rs_last,rs_mean,rs_std"
MEDP.MX,2024-08,22,"undefined features: rs_std,so_std"
MEDP.MX,2024-10,22,"undefined features: rs_last,rs_mean,rs_std,so_last"
MEDP.MX,2024-11,20,"undefined features: rs_last,rs_mean,rs_std"
MEDP.MX,2024-12,20,"undefined features: rs_last,rs_mean,rs_std,so_last"
MEDP.MX,2025-01,22,"undefined features: rs_last,rs_mean,rs_std,so_last"
MEDP.MX,2025-03,20,"undefined features: rs_std,so_last,so_mean,so_std"
MEDP.MX,2025-05,21,"undefined features: rs_last,rs_mean,rs_std"
MEDP.MX,2025-07,23,"undefined features: rs_last,rs_mean,rs_std"
MEDP.MX,2025-08,21,"undefined features: rs_last,rs_mean,rs_std,so_last"
MEDP.MX,2025-09,21,"undefined features: rs_last,rs_mean,rs_std,so_last"
MEDP.MX,2025-10,23,"undefined features: rs_last,rs_mean,rs_std,so_last"
MEDP.MX,2025-11,19,"undefined features: rs_last,rs_mean,rs_std,so_last"
MEDP.MX,2025-12,21,"undefined features: rs_last,rs_mean,rs_std,so_last"
MEDP.MX,2026-01,21,"undefined features: rs_last,rs_mean,rs_std,so_last"
MEDP.MX,2026-02,19,"undefined features: rs_last,rs_mean,rs_std,so_last"
MEDP.MX,2026-03,21,"undefined features: rs_last,rs_mean,rs_std,so_last"
MEDP.MX,2026-04,19,"undefined features: rs_last,rs_mean,rs_std"
MEDP.MX,2026-05,20,"undefined features: rs_last,rs_mean,rs_std"
MEDP.MX,2026-06,22,"undefined features: rs_last,rs_mean,rs_std,so_last"
MEDP.MX,2023-04,0,rejected by data-quality gates
MEDP.MX,2023-05,0,rejected by data-quality gates
MEDP.MX,2024-09,0,rejected by data-quality gates
MEDP.MX,2025-02,0,rejected by data-quality gates
MEDP.MX,2025-04,0,rejected by data-quality gates
MEDP.MX,2025-06,0,rejected by data-quality gates
MEGACPO.MX,2023-03,3,sessions=3<15 complete-indicator days
MET.MX,2023-03,3,sessions=3<15 complete-indicator days
MET.MX,2026-05,20,"undefined features: rs_last,rs_mean,rs_std"
MET.MX,2023-04,0,rejected by data-quality gates
MET.MX,2023-05,0,rejected by data-quality gates
MET.MX,2023-06,0,rejected by data-quality gates
MET.MX,2023-07,0,rejected by data-quality gates
MET.MX,2023-08,0,rejected by data-quality gates
MET.MX,2023-09,0,rejected by data-quality gates
MET.MX,2023-11,0,rejected by data-quality gates
MET.MX,2023-12,0,rejected by data-quality gates
MET.MX,2024-03,0,rejected by data-quality gates
MET.MX,2024-04,0,rejected by data-quality gates
MET.MX,2024-05,0,rejected by data-quality gates
MET.MX,2024-06,0,rejected by data-quality gates
MET.MX,2024-07,0,rejected by data-quality gates
MET.MX,2024-08,0,rejected by data-quality gates
MET.MX,2024-09,0,rejected by data-quality gates
MET.MX,2024-10,0,rejected by data-quality gates
MET.MX,2024-11,0,rejected by data-quality gates
MET.MX,2024-12,0,rejected by data-quality gates
MET.MX,2025-01,0,rejected by data-quality gates
MET.MX,2025-02,0,rejected by data-quality gates
MET.MX,2025-03,0,rejected by data-quality gates
MET.MX,2025-04,0,rejected by data-quality gates
MET.MX,2025-05,0,rejected by data-quality gates
MET.MX,2025-06,0,rejected by data-quality gates
MET.MX,2025-07,0,rejected by data-quality gates
MET.MX,2025-08,0,rejected by data-quality gates
MET.MX,2025-09,0,rejected by data-quality gates
MET.MX,2025-10,0,rejected by data-quality gates
MET.MX,2025-11,0,rejected by data-quality gates
MET.MX,2025-12,0,rejected by data-quality gates
MET.MX,2026-01,0,rejected by data-quality gates
MET.MX,2026-02,0,rejected by data-quality gates
MET.MX,2026-03,0,rejected by data-quality gates
MET.MX,2026-04,0,rejected by data-quality gates
MET.MX,2026-06,0,rejected by data-quality gates
META.MX,2023-03,3,sessions=3<15 complete-indicator days
MGM.MX,2023-03,3,sessions=3<15 complete-indicator days
MGM.MX,2023-04,0,rejected by data-quality gates
MGM.MX,2023-05,0,rejected by data-quality gates
MGM.MX,2023-09,0,rejected by data-quality gates
MGM.MX,2024-01,0,rejected by data-quality gates
MGM.MX,2025-04,0,rejected by data-quality gates
MGM.MX,2025-05,0,rejected by data-quality gates
MGM.MX,2026-01,0,rejected by data-quality gates
MGM.MX,2026-03,0,rejected by data-quality gates
MGM.MX,2026-04,0,rejected by data-quality gates
MGM.MX,2026-05,0,rejected by data-quality gates
MGM.MX,2026-06,0,rejected by data-quality gates
MKC.MX,2023-03,3,sessions=3<15 complete-indicator days
MKC.MX,2023-04,18,"undefined features: rs_last,rs_mean,rs_std,so_last"
MKC.MX,2023-05,22,"undefined features: rs_last,rs_mean,rs_std,so_last"
MKC.MX,2023-06,22,"undefined features: rs_last,rs_mean,rs_std,so_last"
MKC.MX,2023-07,21,"undefined features: rs_last,rs_mean,rs_std,so_last"
MKC.MX,2023-08,23,"undefined features: rs_last,rs_mean,rs_std,so_last"
MKC.MX,2023-09,21,"undefined features: rs_last,rs_mean,rs_std,so_last"
MKC.MX,2023-11,20,"undefined features: rs_last,rs_mean,rs_std,so_last"
MKC.MX,2023-12,19,"undefined features: rs_last,rs_mean,rs_std,so_last"
MKC.MX,2024-01,22,"undefined features: rs_last,rs_mean,rs_std,so_last"
MKC.MX,2024-02,20,"undefined features: rs_last,rs_mean,rs_std,so_last"
MKC.MX,2024-03,18,"undefined features: rs_last,rs_mean,rs_std,so_last"
MKC.MX,2024-04,22,"undefined features: rs_last,rs_mean,rs_std,so_last"
MKC.MX,2024-05,22,"undefined features: rs_last,rs_mean,rs_std,so_last"
MKC.MX,2024-06,20,"undefined features: rs_last,rs_mean,rs_std,so_last"
MKC.MX,2024-07,23,"undefined features: rs_last,rs_mean,rs_std,so_last"
MKC.MX,2024-08,22,"undefined features: rs_last,rs_mean,rs_std,so_last"
MKC.MX,2024-09,20,"undefined features: rs_last,rs_mean,rs_std"
MKC.MX,2024-10,22,"undefined features: rs_last,rs_mean,rs_std"
MKC.MX,2024-11,20,"undefined features: rs_last,rs_mean,rs_std,so_last"
MKC.MX,2024-12,20,"undefined features: rs_last,rs_mean,rs_std,so_last"
MKC.MX,2025-01,22,"undefined features: rs_last,rs_mean,rs_std,so_last"
MKC.MX,2025-02,19,"undefined features: rs_last,rs_mean,rs_std,so_last"
MKC.MX,2025-03,20,"undefined features: rs_last,rs_mean,rs_std,so_last"
MKC.MX,2025-04,20,"undefined features: rs_last,rs_mean,rs_std,so_last"
MKC.MX,2025-07,23,"undefined features: rs_last,rs_mean,rs_std"
MKC.MX,2025-11,19,"undefined features: rs_last,rs_mean,rs_std,so_last"
MKC.MX,2025-12,21,"undefined features: rs_last,rs_mean,rs_std,so_last"
MKC.MX,2023-10,0,rejected by data-quality gates
MKC.MX,2025-05,0,rejected by data-quality gates
MKC.MX,2025-06,0,rejected by data-quality gates
MKC.MX,2025-08,0,rejected by data-quality gates
MKC.MX,2025-09,0,rejected by data-quality gates
MKC.MX,2025-10,0,rejected by data-quality gates
MKC.MX,2026-01,0,rejected by data-quality gates
MKC.MX,2026-02,0,rejected by data-quality gates
MKC.MX,2026-03,0,rejected by data-quality gates
MKC.MX,2026-04,0,rejected by data-quality gates
MKC.MX,2026-05,0,rejected by data-quality gates
MKL.MX,2023-03,3,sessions=3<15 complete-indicator days
MKL.MX,2023-04,18,"undefined features: rs_last,rs_mean,rs_std"
MKL.MX,2023-05,22,"undefined features: rs_last,rs_mean,rs_std"
MKL.MX,2023-06,22,"undefined features: rs_last,rs_mean,rs_std,so_last"
MKL.MX,2023-07,21,"undefined features: rs_last,rs_mean,rs_std,so_last"
MKL.MX,2023-08,23,"undefined features: rs_last,rs_mean,rs_std,so_last"
MKL.MX,2023-09,21,"undefined features: rs_last,rs_mean,rs_std,so_last"
MKL.MX,2023-10,22,"undefined features: rs_last,rs_mean,rs_std,so_last"
MKL.MX,2023-12,19,"undefined features: rs_last,rs_mean,rs_std,so_last"
MKL.MX,2024-01,22,"undefined features: rs_last,rs_mean,rs_std"
MKL.MX,2024-02,20,"undefined features: rs_last,rs_mean,rs_std"
MKL.MX,2024-03,18,"undefined features: rs_last,rs_mean,rs_std"
MKL.MX,2024-04,22,"undefined features: rs_last,rs_mean,rs_std"
MKL.MX,2024-05,22,"undefined features: rs_last,rs_mean,rs_std,so_last"
MKL.MX,2024-06,20,"undefined features: rs_last,rs_mean,rs_std"
MKL.MX,2024-07,23,"undefined features: rs_last,rs_mean,rs_std"
MKL.MX,2024-08,22,"undefined features: rs_last,rs_mean,rs_std,so_last"
MKL.MX,2024-09,20,"undefined features: rs_last,rs_mean,rs_std,so_last"
MKL.MX,2024-10,22,"undefined features: rs_last,rs_mean,rs_std"
MKL.MX,2024-11,20,"undefined features: rs_last,rs_mean,rs_std"
MKL.MX,2024-12,20,"undefined features: rs_last,rs_mean,rs_std,so_last"
MKL.MX,2025-01,22,"undefined features: rs_last,rs_mean,rs_std,so_last"
MKL.MX,2025-02,19,"undefined features: rs_last,rs_mean,rs_std,so_last"
MKL.MX,2025-03,20,"undefined features: rs_last,rs_mean,rs_std,so_last"
MKL.MX,2025-04,20,"undefined features: rs_last,rs_mean,rs_std,so_last"
MKL.MX,2025-05,21,"undefined features: rs_last,rs_mean,rs_std"
MKL.MX,2025-06,21,"undefined features: rs_last,rs_mean,rs_std,so_last"
MKL.MX,2025-09,21,"undefined features: rs_last,rs_mean,rs_std,so_last"
MKL.MX,2025-11,19,"undefined features: rs_last,rs_mean,rs_std"
MKL.MX,2026-01,21,"undefined features: rs_std,so_last,so_mean,so_std"
MKL.MX,2026-03,21,"undefined features: rs_last,rs_mean,rs_std,so_last"
MKL.MX,2023-11,0,rejected by data-quality gates
MKL.MX,2025-07,0,rejected by data-quality gates
MKL.MX,2025-08,0,rejected by data-quality gates
MKL.MX,2025-10,0,rejected by data-quality gates
MKL.MX,2025-12,0,rejected by data-quality gates
MKL.MX,2026-02,0,rejected by data-quality gates
MKL.MX,2026-04,0,rejected by data-quality gates
MKL.MX,2026-05,0,rejected by data-quality gates
MKL.MX,2026-06,0,rejected by data-quality gates
MKSI.MX,2023-03,3,sessions=3<15 complete-indicator days
MKSI.MX,2023-04,18,"undefined features: rs_last,rs_mean,rs_std,so_last"
MKSI.MX,2023-05,22,"undefined features: rs_last,rs_mean,rs_std,so_last"
MKSI.MX,2023-06,22,"undefined features: rs_last,rs_mean,rs_std,so_last"
MKSI.MX,2023-07,21,"undefined features: rs_last,rs_mean,rs_std"
MKSI.MX,2023-08,23,"undefined features: rs_last,rs_mean,rs_std,so_last"
MKSI.MX,2023-09,21,"undefined features: rs_last,rs_mean,rs_std,so_last"
MKSI.MX,2023-10,22,"undefined features: rs_last,rs_mean,rs_std,so_last"
MKSI.MX,2023-11,20,"undefined features: rs_last,rs_mean,rs_std,so_last"
MKSI.MX,2023-12,19,"undefined features: rs_last,rs_mean,rs_std,so_last"
MKSI.MX,2024-01,22,"undefined features: rs_last,rs_mean,rs_std"
MKSI.MX,2024-02,20,"undefined features: rs_last,rs_mean,rs_std"
MKSI.MX,2024-03,18,"undefined features: rs_last,rs_mean,rs_std,so_last"
MKSI.MX,2024-04,22,"undefined features: rs_last,rs_mean,rs_std,so_last"
MKSI.MX,2024-07,23,"undefined features: rs_last,rs_mean,rs_std,so_last"
MKSI.MX,2024-08,22,"undefined features: rs_last,rs_mean,rs_std"
MKSI.MX,2024-09,20,"undefined features: rs_last,rs_mean,rs_std"
MKSI.MX,2024-11,20,"undefined features: rs_last,rs_mean,rs_std,so_last"
MKSI.MX,2024-12,20,"undefined features: rs_last,rs_mean,rs_std,so_last"
MKSI.MX,2025-01,22,"undefined features: rs_last,rs_mean,rs_std"
MKSI.MX,2025-04,20,undefined features: so_std
MKSI.MX,2025-06,21,"undefined features: rs_last,rs_mean,rs_std"
MKSI.MX,2025-07,23,"undefined features: rs_last,rs_mean,rs_std,so_last"
MKSI.MX,2025-08,21,"undefined features: rs_last,rs_mean,rs_std,so_last"
MKSI.MX,2025-09,21,"undefined features: rs_last,rs_mean,rs_std,so_last"
MKSI.MX,2025-10,23,"undefined features: rs_last,rs_mean,rs_std,so_last"
MKSI.MX,2025-11,19,"undefined features: rs_last,rs_mean,rs_std,so_last"
MKSI.MX,2026-06,22,"undefined features: rs_last,rs_mean,rs_std,so_last"
MKSI.MX,2024-05,0,rejected by data-quality gates
MKSI.MX,2024-06,0,rejected by data-quality gates
MKSI.MX,2024-10,0,rejected by data-quality gates
MKSI.MX,2025-02,0,rejected by data-quality gates
MKSI.MX,2025-03,0,rejected by data-quality gates
MKSI.MX,2025-05,0,rejected by data-quality gates
MKSI.MX,2025-12,0,rejected by data-quality gates
MKSI.MX,2026-01,0,rejected by data-quality gates
MKSI.MX,2026-02,0,rejected by data-quality gates
MKSI.MX,2026-03,0,rejected by data-quality gates
MKSI.MX,2026-04,0,rejected by data-quality gates
MKSI.MX,2026-05,0,rejected by data-quality gates
MLM.MX,2023-03,3,sessions=3<15 complete-indicator days
MLM.MX,2023-04,18,undefined features: so_std
MLM.MX,2023-06,22,"undefined features: rs_last,rs_mean,rs_std"
MLM.MX,2023-07,21,"undefined features: rs_last,rs_mean,rs_std"
MLM.MX,2024-03,18,"undefined features: rs_last,rs_mean,rs_std"
MLM.MX,2023-05,0,rejected by data-quality gates
MLM.MX,2023-08,0,rejected by data-quality gates
MLM.MX,2023-09,0,rejected by data-quality gates
MLM.MX,2023-10,0,rejected by data-quality gates
MLM.MX,2023-11,0,rejected by data-quality gates
MLM.MX,2023-12,0,rejected by data-quality gates
MLM.MX,2024-01,0,rejected by data-quality gates
MLM.MX,2024-02,0,rejected by data-quality gates
MLM.MX,2024-04,0,rejected by data-quality gates
MLM.MX,2024-05,0,rejected by data-quality gates
MLM.MX,2024-06,0,rejected by data-quality gates
MLM.MX,2024-07,0,rejected by data-quality gates
MLM.MX,2024-08,0,rejected by data-quality gates
MLM.MX,2024-09,0,rejected by data-quality gates
MLM.MX,2024-10,0,rejected by data-quality gates
MLM.MX,2024-11,0,rejected by data-quality gates
MLM.MX,2024-12,0,rejected by data-quality gates
MLM.MX,2025-01,0,rejected by data-quality gates
MLM.MX,2025-02,0,rejected by data-quality gates
MLM.MX,2025-03,0,rejected by data-quality gates
MLM.MX,2025-04,0,rejected by data-quality gates
MLM.MX,2025-05,0,rejected by data-quality gates
MLM.MX,2025-06,0,rejected by data-quality gates
MLM.MX,2025-07,0,rejected by data-quality gates
MLM.MX,2025-08,0,rejected by data-quality gates
MLM.MX,2025-09,0,rejected by data-quality gates
MLM.MX,2025-10,0,rejected by data-quality gates
MLM.MX,2025-11,0,rejected by data-quality gates
MLM.MX,2025-12,0,rejected by data-quality gates
MLM.MX,2026-01,0,rejected by data-quality gates
MLM.MX,2026-02,0,rejected by data-quality gates
MLM.MX,2026-03,0,rejected by data-quality gates
MLM.MX,2026-04,0,rejected by data-quality gates
MLM.MX,2026-05,0,rejected by data-quality gates
MLM.MX,2026-06,0,rejected by data-quality gates
MMM.MX,2023-03,3,sessions=3<15 complete-indicator days
MMM.MX,2024-12,0,rejected by data-quality gates
MMM.MX,2025-01,0,rejected by data-quality gates
MMM.MX,2025-02,0,rejected by data-quality gates
MMM.MX,2025-03,0,rejected by data-quality gates
MMM.MX,2025-05,0,rejected by data-quality gates
MMM.MX,2025-06,0,rejected by data-quality gates
MMM.MX,2025-07,0,rejected by data-quality gates
MMM.MX,2025-08,0,rejected by data-quality gates
MMM.MX,2025-09,0,rejected by data-quality gates
MMM.MX,2025-11,0,rejected by data-quality gates
MMM.MX,2025-12,0,rejected by data-quality gates
MMM.MX,2026-02,0,rejected by data-quality gates
MMM.MX,2026-03,0,rejected by data-quality gates
MMM.MX,2026-04,0,rejected by data-quality gates
MMM.MX,2026-05,0,rejected by data-quality gates
MNST.MX,2023-03,3,sessions=3<15 complete-indicator days
MNST.MX,2023-04,0,rejected by data-quality gates
MNST.MX,2023-05,0,rejected by data-quality gates
MNST.MX,2023-07,0,rejected by data-quality gates
MNST.MX,2023-08,0,rejected by data-quality gates
MNST.MX,2023-09,0,rejected by data-quality gates
MNST.MX,2023-10,0,rejected by data-quality gates
MNST.MX,2023-11,0,rejected by data-quality gates
MNST.MX,2023-12,0,rejected by data-quality gates
MNST.MX,2024-01,0,rejected by data-quality gates
MNST.MX,2024-02,0,rejected by data-quality gates
MNST.MX,2024-03,0,rejected by data-quality gates
MNST.MX,2024-04,0,rejected by data-quality gates
MNST.MX,2024-05,0,rejected by data-quality gates
MNST.MX,2024-10,0,rejected by data-quality gates
MNST.MX,2024-11,0,rejected by data-quality gates
MNST.MX,2025-03,0,rejected by data-quality gates
MNST.MX,2025-04,0,rejected by data-quality gates
MNST.MX,2025-06,0,rejected by data-quality gates
MNST.MX,2025-08,0,rejected by data-quality gates
MNST.MX,2025-09,0,rejected by data-quality gates
MNST.MX,2025-10,0,rejected by data-quality gates
MNST.MX,2025-11,0,rejected by data-quality gates
MNST.MX,2025-12,0,rejected by data-quality gates
MNST.MX,2026-01,0,rejected by data-quality gates
MNST.MX,2026-02,0,rejected by data-quality gates
MNST.MX,2026-03,0,rejected by data-quality gates
MNST.MX,2026-04,0,rejected by data-quality gates
MNST.MX,2026-05,0,rejected by data-quality gates
MNST.MX,2026-06,0,rejected by data-quality gates
MO.MX,2023-03,3,sessions=3<15 complete-indicator days
MO.MX,2023-05,0,rejected by data-quality gates
MO.MX,2023-06,0,rejected by data-quality gates
MO.MX,2023-07,0,rejected by data-quality gates
MO.MX,2023-08,0,rejected by data-quality gates
MO.MX,2023-09,0,rejected by data-quality gates
MO.MX,2023-10,0,rejected by data-quality gates
MO.MX,2024-07,0,rejected by data-quality gates
MO.MX,2024-11,0,rejected by data-quality gates
MO.MX,2024-12,0,rejected by data-quality gates
MO.MX,2025-01,0,rejected by data-quality gates
MO.MX,2025-02,0,rejected by data-quality gates
MO.MX,2025-04,0,rejected by data-quality gates
MO.MX,2025-05,0,rejected by data-quality gates
MO.MX,2025-06,0,rejected by data-quality gates
MO.MX,2025-07,0,rejected by data-quality gates
MO.MX,2025-08,0,rejected by data-quality gates
MO.MX,2025-10,0,rejected by data-quality gates
MO.MX,2025-12,0,rejected by data-quality gates
MO.MX,2026-04,0,rejected by data-quality gates
MO.MX,2026-06,0,rejected by data-quality gates
MPC.MX,2023-03,3,sessions=3<15 complete-indicator days
MPC.MX,2023-09,21,"undefined features: rs_last,rs_mean,rs_std"
MPC.MX,2024-01,22,"undefined features: rs_last,rs_mean,rs_std"
MPC.MX,2024-04,22,"undefined features: rs_last,rs_mean,rs_std"
MPC.MX,2024-07,23,"undefined features: rs_last,rs_mean,rs_std"
MPC.MX,2024-08,22,"undefined features: rs_last,rs_mean,rs_std"
MPC.MX,2025-02,19,"undefined features: rs_last,rs_mean,rs_std"
MPC.MX,2025-04,20,"undefined features: rs_last,rs_mean,rs_std,so_last"
MPC.MX,2025-05,21,"undefined features: rs_last,rs_mean,rs_std"
MPC.MX,2025-06,21,"undefined features: rs_last,rs_mean,rs_std,so_std"
MPC.MX,2025-07,23,"undefined features: rs_last,rs_mean,rs_std,so_last"
MPC.MX,2025-08,21,"undefined features: rs_last,rs_mean,rs_std,so_last"
MPC.MX,2025-09,21,"undefined features: rs_last,rs_mean,rs_std,so_last"
MPC.MX,2025-10,23,"undefined features: rs_last,rs_mean,rs_std"
MPC.MX,2026-01,21,"undefined features: rs_last,rs_mean,rs_std,so_last"
MPC.MX,2026-02,19,"undefined features: rs_last,rs_mean,rs_std"
MPC.MX,2023-04,0,rejected by data-quality gates
MPC.MX,2023-05,0,rejected by data-quality gates
MPC.MX,2023-06,0,rejected by data-quality gates
MPC.MX,2023-07,0,rejected by data-quality gates
MPC.MX,2023-08,0,rejected by data-quality gates
MPC.MX,2023-10,0,rejected by data-quality gates
MPC.MX,2023-11,0,rejected by data-quality gates
MPC.MX,2023-12,0,rejected by data-quality gates
MPC.MX,2024-02,0,rejected by data-quality gates
MPC.MX,2024-03,0,rejected by data-quality gates
MPC.MX,2024-05,0,rejected by data-quality gates
MPC.MX,2024-06,0,rejected by data-quality gates
MPC.MX,2024-09,0,rejected by data-quality gates
MPC.MX,2024-10,0,rejected by data-quality gates
MPC.MX,2024-11,0,rejected by data-quality gates
MPC.MX,2024-12,0,rejected by data-quality gates
MPC.MX,2025-01,0,rejected by data-quality gates
MPC.MX,2025-03,0,rejected by data-quality gates
MPC.MX,2025-11,0,rejected by data-quality gates
MPC.MX,2025-12,0,rejected by data-quality gates
MPC.MX,2026-03,0,rejected by data-quality gates
MPC.MX,2026-04,0,rejected by data-quality gates
MPC.MX,2026-05,0,rejected by data-quality gates
MPC.MX,2026-06,0,rejected by data-quality gates
MPWR.MX,2023-03,3,sessions=3<15 complete-indicator days
MPWR.MX,2023-04,18,"undefined features: rs_last,rs_mean,rs_std,so_last"
MPWR.MX,2023-08,23,"undefined features: rs_last,rs_mean,rs_std,so_last"
MPWR.MX,2023-09,21,"undefined features: rs_last,rs_mean,rs_std,so_last"
MPWR.MX,2023-10,22,"undefined features: rs_last,rs_mean,rs_std,so_last"
MPWR.MX,2023-11,20,"undefined features: rs_last,rs_mean,rs_std,so_last"
MPWR.MX,2023-12,19,"undefined features: rs_last,rs_mean,rs_std,so_last"
MPWR.MX,2024-01,22,"undefined features: rs_last,rs_mean,rs_std,so_last"
MPWR.MX,2024-02,20,"undefined features: rs_last,rs_mean,rs_std,so_last"
MPWR.MX,2024-03,18,"undefined features: rs_last,rs_mean,rs_std,so_last"
MPWR.MX,2024-04,22,"undefined features: rs_last,rs_mean,rs_std"
MPWR.MX,2024-05,22,"undefined features: rs_last,rs_mean,rs_std"
MPWR.MX,2024-06,20,"undefined features: rs_last,rs_mean,rs_std"
MPWR.MX,2024-07,23,"undefined features: rs_last,rs_mean,rs_std"
MPWR.MX,2024-08,22,"undefined features: rs_last,rs_mean,rs_std,so_last"
MPWR.MX,2024-09,20,"undefined features: rs_last,rs_mean,rs_std"
MPWR.MX,2025-04,20,"undefined features: rs_last,rs_mean,rs_std,so_last"
MPWR.MX,2025-06,21,"undefined features: rs_std,so_std"
MPWR.MX,2025-10,23,undefined features: rs_std
MPWR.MX,2026-04,19,"undefined features: rs_last,rs_mean,rs_std"
MPWR.MX,2023-05,0,rejected by data-quality gates
MPWR.MX,2023-06,0,rejected by data-quality gates
MPWR.MX,2023-07,0,rejected by data-quality gates
MPWR.MX,2024-10,0,rejected by data-quality gates
MPWR.MX,2024-11,0,rejected by data-quality gates
MPWR.MX,2024-12,0,rejected by data-quality gates
MPWR.MX,2025-01,0,rejected by data-quality gates
MPWR.MX,2025-02,0,rejected by data-quality gates
MPWR.MX,2025-03,0,rejected by data-quality gates
MPWR.MX,2025-05,0,rejected by data-quality gates
MPWR.MX,2025-07,0,rejected by data-quality gates
MPWR.MX,2025-08,0,rejected by data-quality gates
MPWR.MX,2025-09,0,rejected by data-quality gates
MPWR.MX,2025-11,0,rejected by data-quality gates
MPWR.MX,2025-12,0,rejected by data-quality gates
MPWR.MX,2026-01,0,rejected by data-quality gates
MPWR.MX,2026-02,0,rejected by data-quality gates
MPWR.MX,2026-03,0,rejected by data-quality gates
MPWR.MX,2026-05,0,rejected by data-quality gates
MPWR.MX,2026-06,0,rejected by data-quality gates
MRK.MX,2023-03,3,sessions=3<15 complete-indicator days
MRK.MX,2023-04,0,rejected by data-quality gates
MRK.MX,2023-08,0,rejected by data-quality gates
MRK.MX,2023-09,0,rejected by data-quality gates
MRK.MX,2023-10,0,rejected by data-quality gates
MRNA.MX,2023-03,3,sessions=3<15 complete-indicator days
MRSH.MX,2023-03,3,sessions=3<15 complete-indicator days
MRSH.MX,2023-07,21,"undefined features: rs_last,rs_mean,rs_std"
MRSH.MX,2023-08,23,"undefined features: rs_last,rs_mean,rs_std"
MRSH.MX,2023-09,21,"undefined features: rs_last,rs_mean,rs_std"
MRSH.MX,2023-10,22,"undefined features: rs_last,rs_mean,rs_std"
MRSH.MX,2023-11,20,"undefined features: rs_last,rs_mean,rs_std"
MRSH.MX,2024-02,20,"undefined features: rs_last,rs_mean,rs_std"
MRSH.MX,2024-03,18,"undefined features: rs_last,rs_mean,rs_std"
MRSH.MX,2024-04,22,"undefined features: rs_last,rs_mean,rs_std,so_last"
MRSH.MX,2024-05,22,"undefined features: rs_last,rs_mean,rs_std,so_last"
MRSH.MX,2024-06,20,"undefined features: rs_last,rs_mean,rs_std"
MRSH.MX,2024-07,23,"undefined features: rs_last,rs_mean,rs_std"
MRSH.MX,2024-08,22,"undefined features: rs_last,rs_mean,rs_std,so_last"
MRSH.MX,2024-09,20,"undefined features: rs_last,rs_mean,rs_std,so_last"
MRSH.MX,2024-10,22,"undefined features: rs_last,rs_mean,rs_std,so_last"
MRSH.MX,2024-11,20,"undefined features: rs_last,rs_mean,rs_std,so_last"
MRSH.MX,2024-12,20,"undefined features: rs_last,rs_mean,rs_std"
MRSH.MX,2025-01,22,"undefined features: rs_last,rs_mean,rs_std,so_last"
MRSH.MX,2025-02,19,"undefined features: rs_last,rs_mean,rs_std"
MRSH.MX,2025-11,19,"undefined features: rs_last,rs_mean,rs_std,so_last"
MRSH.MX,2026-02,19,"undefined features: rs_last,rs_mean,rs_std,so_last"
MRSH.MX,2026-03,21,"undefined features: rs_last,rs_mean,rs_std"
MRSH.MX,2026-06,22,"undefined features: rs_last,rs_mean,rs_std,so_last"
MRSH.MX,2023-04,0,rejected by data-quality gates
MRSH.MX,2023-05,0,rejected by data-quality gates
MRSH.MX,2023-06,0,rejected by data-quality gates
MRSH.MX,2023-12,0,rejected by data-quality gates
MRSH.MX,2024-01,0,rejected by data-quality gates
MRSH.MX,2025-03,0,rejected by data-quality gates
MRSH.MX,2025-04,0,rejected by data-quality gates
MRSH.MX,2025-05,0,rejected by data-quality gates
MRSH.MX,2025-06,0,rejected by data-quality gates
MRSH.MX,2025-07,0,rejected by data-quality gates
MRSH.MX,2025-08,0,rejected by data-quality gates
MRSH.MX,2025-09,0,rejected by data-quality gates
MRSH.MX,2025-10,0,rejected by data-quality gates
MRSH.MX,2025-12,0,rejected by data-quality gates
MRSH.MX,2026-01,0,rejected by data-quality gates
MRSH.MX,2026-04,0,rejected by data-quality gates
MRSH.MX,2026-05,0,rejected by data-quality gates
MS.MX,2023-03,3,sessions=3<15 complete-indicator days
MS.MX,2024-12,0,rejected by data-quality gates
MS.MX,2025-07,0,rejected by data-quality gates
MS.MX,2025-09,0,rejected by data-quality gates
MS.MX,2025-11,0,rejected by data-quality gates
MS.MX,2026-05,0,rejected by data-quality gates
MS.MX,2026-06,0,rejected by data-quality gates
MSCI.MX,2023-03,3,sessions=3<15 complete-indicator days
MSCI.MX,2026-01,21,"undefined features: rs_last,rs_mean,rs_std"
MSCI.MX,2023-04,0,rejected by data-quality gates
MSCI.MX,2023-05,0,rejected by data-quality gates
MSCI.MX,2023-06,0,rejected by data-quality gates
MSCI.MX,2023-07,0,rejected by data-quality gates
MSCI.MX,2023-08,0,rejected by data-quality gates
MSCI.MX,2023-09,0,rejected by data-quality gates
MSCI.MX,2023-10,0,rejected by data-quality gates
MSCI.MX,2023-11,0,rejected by data-quality gates
MSCI.MX,2023-12,0,rejected by data-quality gates
MSCI.MX,2024-01,0,rejected by data-quality gates
MSCI.MX,2024-02,0,rejected by data-quality gates
MSCI.MX,2024-03,0,rejected by data-quality gates
MSCI.MX,2024-05,0,rejected by data-quality gates
MSCI.MX,2024-07,0,rejected by data-quality gates
MSCI.MX,2024-08,0,rejected by data-quality gates
MSCI.MX,2024-09,0,rejected by data-quality gates
MSCI.MX,2024-10,0,rejected by data-quality gates
MSCI.MX,2024-11,0,rejected by data-quality gates
MSCI.MX,2024-12,0,rejected by data-quality gates
MSCI.MX,2025-01,0,rejected by data-quality gates
MSCI.MX,2025-02,0,rejected by data-quality gates
MSCI.MX,2025-03,0,rejected by data-quality gates
MSCI.MX,2025-04,0,rejected by data-quality gates
MSCI.MX,2025-05,0,rejected by data-quality gates
MSCI.MX,2025-06,0,rejected by data-quality gates
MSCI.MX,2025-07,0,rejected by data-quality gates
MSCI.MX,2025-08,0,rejected by data-quality gates
MSCI.MX,2025-09,0,rejected by data-quality gates
MSCI.MX,2025-10,0,rejected by data-quality gates
MSCI.MX,2025-11,0,rejected by data-quality gates
MSCI.MX,2025-12,0,rejected by data-quality gates
MSCI.MX,2026-02,0,rejected by data-quality gates
MSCI.MX,2026-03,0,rejected by data-quality gates
MSCI.MX,2026-04,0,rejected by data-quality gates
MSCI.MX,2026-05,0,rejected by data-quality gates
MSCI.MX,2026-06,0,rejected by data-quality gates
MSFT.MX,2023-03,3,sessions=3<15 complete-indicator days
MSI.MX,2024-10,18,"undefined features: rs_last,rs_mean,rs_std"
MSI.MX,2024-11,20,"undefined features: rs_last,rs_mean,rs_std"
MSI.MX,2024-12,20,"undefined features: rs_last,rs_mean,rs_std"
MSI.MX,2025-09,21,"undefined features: rs_last,rs_mean,rs_std"
MSI.MX,2026-02,19,"undefined features: rs_last,rs_mean,rs_std"
MSI.MX,2026-06,22,undefined features: rs_std
MSI.MX,2025-01,0,rejected by data-quality gates
MSI.MX,2025-02,0,rejected by data-quality gates
MSI.MX,2025-03,0,rejected by data-quality gates
MSI.MX,2025-04,0,rejected by data-quality gates
MSI.MX,2025-05,0,rejected by data-quality gates
MSI.MX,2025-06,0,rejected by data-quality gates
MSI.MX,2025-07,0,rejected by data-quality gates
MSI.MX,2025-08,0,rejected by data-quality gates
MSI.MX,2025-10,0,rejected by data-quality gates
MSI.MX,2025-11,0,rejected by data-quality gates
MSI.MX,2025-12,0,rejected by data-quality gates
MSI.MX,2026-01,0,rejected by data-quality gates
MSI.MX,2026-03,0,rejected by data-quality gates
MSI.MX,2026-04,0,rejected by data-quality gates
MSI.MX,2026-05,0,rejected by data-quality gates
MSTR.MX,2023-03,3,sessions=3<15 complete-indicator days
MSTR.MX,2023-07,0,rejected by data-quality gates
MSTR.MX,2023-08,0,rejected by data-quality gates
MSTR.MX,2023-09,0,rejected by data-quality gates
MTB.MX,2024-08,3,sessions=3<15 complete-indicator days
MTB.MX,2024-09,20,"undefined features: rs_last,rs_mean,rs_std"
MTB.MX,2025-06,21,"undefined features: rs_last,rs_mean,rs_std"
MTB.MX,2025-09,21,"undefined features: rs_last,rs_mean,rs_std"
MTB.MX,2026-05,20,"undefined features: rs_last,rs_mean,rs_std,so_last"
MTB.MX,2026-06,22,"undefined features: rs_last,rs_mean,rs_std"
MTB.MX,2024-10,0,rejected by data-quality gates
MTB.MX,2024-11,0,rejected by data-quality gates
MTB.MX,2024-12,0,rejected by data-quality gates
MTB.MX,2025-01,0,rejected by data-quality gates
MTB.MX,2025-02,0,rejected by data-quality gates
MTB.MX,2025-03,0,rejected by data-quality gates
MTB.MX,2025-04,0,rejected by data-quality gates
MTB.MX,2025-05,0,rejected by data-quality gates
MTB.MX,2025-07,0,rejected by data-quality gates
MTB.MX,2025-08,0,rejected by data-quality gates
MTB.MX,2025-10,0,rejected by data-quality gates
MTB.MX,2025-11,0,rejected by data-quality gates
MTB.MX,2025-12,0,rejected by data-quality gates
MTB.MX,2026-01,0,rejected by data-quality gates
MTB.MX,2026-02,0,rejected by data-quality gates
MTB.MX,2026-03,0,rejected by data-quality gates
MTB.MX,2026-04,0,rejected by data-quality gates
MTD.MX,2023-03,3,sessions=3<15 complete-indicator days
MTD.MX,2023-07,21,"undefined features: rs_last,rs_mean,rs_std,so_last"
MTD.MX,2023-10,22,"undefined features: rs_last,rs_mean,rs_std,so_last"
MTD.MX,2024-01,22,"undefined features: rs_last,rs_mean,rs_std"
MTD.MX,2025-11,19,"undefined features: rs_last,rs_mean,rs_std"
MTD.MX,2026-01,21,"undefined features: rs_last,rs_mean,rs_std"
MTD.MX,2026-06,22,undefined features: rs_std
MTD.MX,2023-04,0,rejected by data-quality gates
MTD.MX,2023-05,0,rejected by data-quality gates
MTD.MX,2023-06,0,rejected by data-quality gates
MTD.MX,2023-08,0,rejected by data-quality gates
MTD.MX,2023-09,0,rejected by data-quality gates
MTD.MX,2023-11,0,rejected by data-quality gates
MTD.MX,2023-12,0,rejected by data-quality gates
MTD.MX,2024-02,0,rejected by data-quality gates
MTD.MX,2024-03,0,rejected by data-quality gates
MTD.MX,2024-04,0,rejected by data-quality gates
MTD.MX,2024-05,0,rejected by data-quality gates
MTD.MX,2024-06,0,rejected by data-quality gates
MTD.MX,2024-07,0,rejected by data-quality gates
MTD.MX,2024-08,0,rejected by data-quality gates
MTD.MX,2024-09,0,rejected by data-quality gates
MTD.MX,2024-10,0,rejected by data-quality gates
MTD.MX,2024-11,0,rejected by data-quality gates
MTD.MX,2024-12,0,rejected by data-quality gates
MTD.MX,2025-01,0,rejected by data-quality gates
MTD.MX,2025-02,0,rejected by data-quality gates
MTD.MX,2025-03,0,rejected by data-quality gates
MTD.MX,2025-04,0,rejected by data-quality gates
MTD.MX,2025-05,0,rejected by data-quality gates
MTD.MX,2025-06,0,rejected by data-quality gates
MTD.MX,2025-07,0,rejected by data-quality gates
MTD.MX,2025-08,0,rejected by data-quality gates
MTD.MX,2025-09,0,rejected by data-quality gates
MTD.MX,2025-10,0,rejected by data-quality gates
MTD.MX,2025-12,0,rejected by data-quality gates
MTD.MX,2026-02,0,rejected by data-quality gates
MTD.MX,2026-03,0,rejected by data-quality gates
MTD.MX,2026-04,0,rejected by data-quality gates
MTD.MX,2026-05,0,rejected by data-quality gates
MU.MX,2023-03,3,sessions=3<15 complete-indicator days
NDAQ.MX,2023-03,3,sessions=3<15 complete-indicator days
NDAQ.MX,2023-11,20,"undefined features: rs_last,rs_mean,rs_std"
NDAQ.MX,2024-05,22,"undefined features: rs_last,rs_mean,rs_std"
NDAQ.MX,2024-07,23,"undefined features: rs_last,rs_mean,rs_std"
NDAQ.MX,2024-08,22,"undefined features: rs_last,rs_mean,rs_std"
NDAQ.MX,2024-10,22,"undefined features: rs_last,rs_mean,rs_std"
NDAQ.MX,2023-04,0,rejected by data-quality gates
NDAQ.MX,2023-05,0,rejected by data-quality gates
NDAQ.MX,2023-06,0,rejected by data-quality gates
NDAQ.MX,2023-07,0,rejected by data-quality gates
NDAQ.MX,2023-08,0,rejected by data-quality gates
NDAQ.MX,2023-09,0,rejected by data-quality gates
NDAQ.MX,2023-10,0,rejected by data-quality gates
NDAQ.MX,2023-12,0,rejected by data-quality gates
NDAQ.MX,2024-01,0,rejected by data-quality gates
NDAQ.MX,2024-02,0,rejected by data-quality gates
NDAQ.MX,2024-03,0,rejected by data-quality gates
NDAQ.MX,2024-04,0,rejected by data-quality gates
NDAQ.MX,2024-06,0,rejected by data-quality gates
NDAQ.MX,2024-09,0,rejected by data-quality gates
NDAQ.MX,2024-11,0,rejected by data-quality gates
NDAQ.MX,2024-12,0,rejected by data-quality gates
NDAQ.MX,2025-01,0,rejected by data-quality gates
NDAQ.MX,2025-02,0,rejected by data-quality gates
NDAQ.MX,2025-03,0,rejected by data-quality gates
NDAQ.MX,2025-04,0,rejected by data-quality gates
NDAQ.MX,2025-05,0,rejected by data-quality gates
NDAQ.MX,2025-06,0,rejected by data-quality gates
NDAQ.MX,2025-10,0,rejected by data-quality gates
NDAQ.MX,2025-11,0,rejected by data-quality gates
NDAQ.MX,2025-12,0,rejected by data-quality gates
NDAQ.MX,2026-01,0,rejected by data-quality gates
NDAQ.MX,2026-02,0,rejected by data-quality gates
NDAQ.MX,2026-03,0,rejected by data-quality gates
NDAQ.MX,2026-04,0,rejected by data-quality gates
NDAQ.MX,2026-05,0,rejected by data-quality gates
NDAQ.MX,2026-06,0,rejected by data-quality gates
NEE.MX,2023-03,3,sessions=3<15 complete-indicator days
NEE.MX,2023-04,0,rejected by data-quality gates
NEE.MX,2023-05,0,rejected by data-quality gates
NEE.MX,2023-06,0,rejected by data-quality gates
NEE.MX,2024-01,0,rejected by data-quality gates
NEE.MX,2024-02,0,rejected by data-quality gates
NEE.MX,2024-04,0,rejected by data-quality gates
NEE.MX,2024-12,0,rejected by data-quality gates
NEE.MX,2025-06,0,rejected by data-quality gates
NEM.MX,2023-03,3,sessions=3<15 complete-indicator days
NEM.MX,2023-12,19,"undefined features: rs_last,rs_mean,rs_std"
NEM.MX,2023-05,0,rejected by data-quality gates
NEM.MX,2023-06,0,rejected by data-quality gates
NEM.MX,2023-07,0,rejected by data-quality gates
NEM.MX,2023-08,0,rejected by data-quality gates
NEM.MX,2023-09,0,rejected by data-quality gates
NEM.MX,2023-10,0,rejected by data-quality gates
NEM.MX,2023-11,0,rejected by data-quality gates
NEM.MX,2024-01,0,rejected by data-quality gates
NEM.MX,2024-05,0,rejected by data-quality gates
NEM.MX,2024-06,0,rejected by data-quality gates
NEM.MX,2024-07,0,rejected by data-quality gates
NEM.MX,2024-12,0,rejected by data-quality gates
NEM.MX,2025-03,0,rejected by data-quality gates
NEMAKA.MX,2023-03,3,sessions=3<15 complete-indicator days
NET.MX,2023-03,3,sessions=3<15 complete-indicator days
NET.MX,2023-04,0,rejected by data-quality gates
NET.MX,2023-06,0,rejected by data-quality gates
NET.MX,2023-08,0,rejected by data-quality gates
NET.MX,2023-09,0,rejected by data-quality gates
NET.MX,2023-10,0,rejected by data-quality gates
NET.MX,2024-01,0,rejected by data-quality gates
NET.MX,2024-02,0,rejected by data-quality gates
NET.MX,2024-04,0,rejected by data-quality gates
NET.MX,2024-05,0,rejected by data-quality gates
NET.MX,2024-07,0,rejected by data-quality gates
NET.MX,2024-12,0,rejected by data-quality gates
NET.MX,2025-09,0,rejected by data-quality gates
NET.MX,2026-03,0,rejected by data-quality gates
NFLX.MX,2023-03,3,sessions=3<15 complete-indicator days
NKE.MX,2023-03,3,sessions=3<15 complete-indicator days
NOC.MX,2023-03,3,sessions=3<15 complete-indicator days
NOC.MX,2023-12,19,"undefined features: rs_last,rs_mean,rs_std,so_last"
NOC.MX,2024-03,18,"undefined features: rs_last,rs_mean,rs_std"
NOC.MX,2024-04,22,"undefined features: rs_last,rs_mean,rs_std"
NOC.MX,2025-08,21,"undefined features: rs_last,rs_mean,rs_std"
NOC.MX,2026-06,22,"undefined features: rs_std,so_last,so_mean,so_std"
NOC.MX,2023-04,0,rejected by data-quality gates
NOC.MX,2023-05,0,rejected by data-quality gates
NOC.MX,2023-06,0,rejected by data-quality gates
NOC.MX,2023-07,0,rejected by data-quality gates
NOC.MX,2023-08,0,rejected by data-quality gates
NOC.MX,2023-09,0,rejected by data-quality gates
NOC.MX,2023-10,0,rejected by data-quality gates
NOC.MX,2023-11,0,rejected by data-quality gates
NOC.MX,2024-01,0,rejected by data-quality gates
NOC.MX,2024-02,0,rejected by data-quality gates
NOC.MX,2024-05,0,rejected by data-quality gates
NOC.MX,2024-06,0,rejected by data-quality gates
NOC.MX,2024-07,0,rejected by data-quality gates
NOC.MX,2024-08,0,rejected by data-quality gates
NOC.MX,2024-09,0,rejected by data-quality gates
NOC.MX,2024-10,0,rejected by data-quality gates
NOC.MX,2024-11,0,rejected by data-quality gates
NOC.MX,2024-12,0,rejected by data-quality gates
NOC.MX,2025-01,0,rejected by data-quality gates
NOC.MX,2025-02,0,rejected by data-quality gates
NOC.MX,2025-03,0,rejected by data-quality gates
NOC.MX,2025-04,0,rejected by data-quality gates
NOC.MX,2025-05,0,rejected by data-quality gates
NOC.MX,2025-06,0,rejected by data-quality gates
NOC.MX,2025-07,0,rejected by data-quality gates
NOC.MX,2025-09,0,rejected by data-quality gates
NOC.MX,2025-10,0,rejected by data-quality gates
NOC.MX,2025-11,0,rejected by data-quality gates
NOC.MX,2025-12,0,rejected by data-quality gates
NOC.MX,2026-01,0,rejected by data-quality gates
NOC.MX,2026-02,0,rejected by data-quality gates
NOC.MX,2026-03,0,rejected by data-quality gates
NOC.MX,2026-04,0,rejected by data-quality gates
NOC.MX,2026-05,0,rejected by data-quality gates
NOWW.MX,2023-03,3,sessions=3<15 complete-indicator days
NOWW.MX,2023-04,0,rejected by data-quality gates
NOWW.MX,2023-06,0,rejected by data-quality gates
NOWW.MX,2023-07,0,rejected by data-quality gates
NOWW.MX,2023-08,0,rejected by data-quality gates
NOWW.MX,2023-09,0,rejected by data-quality gates
NOWW.MX,2023-10,0,rejected by data-quality gates
NOWW.MX,2023-11,0,rejected by data-quality gates
NOWW.MX,2023-12,0,rejected by data-quality gates
NOWW.MX,2024-01,0,rejected by data-quality gates
NOWW.MX,2024-02,0,rejected by data-quality gates
NOWW.MX,2024-04,0,rejected by data-quality gates
NOWW.MX,2024-05,0,rejected by data-quality gates
NOWW.MX,2024-06,0,rejected by data-quality gates
NOWW.MX,2024-07,0,rejected by data-quality gates
NOWW.MX,2024-08,0,rejected by data-quality gates
NOWW.MX,2024-09,0,rejected by data-quality gates
NOWW.MX,2024-10,0,rejected by data-quality gates
NOWW.MX,2024-12,0,rejected by data-quality gates
NOWW.MX,2025-05,0,rejected by data-quality gates
NRG.MX,2024-05,8,sessions=8<15 complete-indicator days
NRG.MX,2024-06,20,"undefined features: rs_last,rs_mean,rs_std"
NRG.MX,2024-07,23,"undefined features: rs_last,rs_mean,rs_std,so_last"
NRG.MX,2024-08,22,"undefined features: rs_last,rs_mean,rs_std"
NRG.MX,2024-09,20,"undefined features: rs_last,rs_mean,rs_std,so_std"
NRG.MX,2024-10,22,"undefined features: rs_last,rs_mean,rs_std"
NRG.MX,2024-11,20,"undefined features: rs_last,rs_mean,rs_std"
NRG.MX,2024-12,20,"undefined features: rs_last,rs_mean,rs_std"
NRG.MX,2025-01,22,"undefined features: rs_last,rs_mean,rs_std,so_last"
NRG.MX,2025-02,19,"undefined features: rs_last,rs_mean,rs_std,so_last"
NRG.MX,2025-03,20,"undefined features: rs_last,rs_mean,rs_std,so_last"
NRG.MX,2025-04,20,"undefined features: rs_last,rs_mean,rs_std,so_last"
NRG.MX,2025-05,21,"undefined features: rs_last,rs_mean,rs_std"
NRG.MX,2025-07,23,"undefined features: rs_last,rs_mean,rs_std,so_last"
NRG.MX,2025-06,0,rejected by data-quality gates
NRG.MX,2025-08,0,rejected by data-quality gates
NRG.MX,2025-09,0,rejected by data-quality gates
NRG.MX,2025-10,0,rejected by data-quality gates
NRG.MX,2025-11,0,rejected by data-quality gates
NRG.MX,2025-12,0,rejected by data-quality gates
NRG.MX,2026-01,0,rejected by data-quality gates
NRG.MX,2026-02,0,rejected by data-quality gates
NRG.MX,2026-03,0,rejected by data-quality gates
NRG.MX,2026-04,0,rejected by data-quality gates
NRG.MX,2026-05,0,rejected by data-quality gates
NRG.MX,2026-06,0,rejected by data-quality gates
NSC.MX,2023-03,3,sessions=3<15 complete-indicator days
NSC.MX,2023-06,22,"undefined features: rs_last,rs_mean,rs_std"
NSC.MX,2023-07,21,"undefined features: rs_last,rs_mean,rs_std,so_last"
NSC.MX,2023-12,19,"undefined features: rs_last,rs_mean,rs_std"
NSC.MX,2024-06,20,"undefined features: rs_last,rs_mean,rs_std,so_last"
NSC.MX,2024-07,23,"undefined features: rs_last,rs_mean,rs_std,so_last"
NSC.MX,2024-08,22,"undefined features: rs_last,rs_mean,rs_std"
NSC.MX,2024-09,20,"undefined features: rs_last,rs_mean,rs_std,so_last"
NSC.MX,2024-10,22,"undefined features: rs_last,rs_mean,rs_std,so_last"
NSC.MX,2024-11,20,"undefined features: rs_last,rs_mean,rs_std,so_last"
NSC.MX,2024-12,20,"undefined features: rs_last,rs_mean,rs_std,so_last"
NSC.MX,2025-01,22,"undefined features: rs_last,rs_mean,rs_std,so_last"
NSC.MX,2025-02,19,"undefined features: rs_last,rs_mean,rs_std,so_last"
NSC.MX,2025-03,20,"undefined features: rs_last,rs_mean,rs_std,so_last"
NSC.MX,2025-04,20,"undefined features: rs_last,rs_mean,rs_std,so_last"
NSC.MX,2025-05,21,"undefined features: rs_last,rs_mean,rs_std,so_last"
NSC.MX,2025-06,21,"undefined features: rs_last,rs_mean,rs_std,so_last"
NSC.MX,2025-07,23,"undefined features: rs_last,rs_mean,rs_std"
NSC.MX,2025-08,21,"undefined features: rs_last,rs_mean,rs_std"
NSC.MX,2025-09,21,"undefined features: rs_last,rs_mean,rs_std,so_last"
NSC.MX,2025-10,23,"undefined features: rs_last,rs_mean,rs_std,so_last"
NSC.MX,2025-11,19,"undefined features: rs_last,rs_mean,rs_std,so_last"
NSC.MX,2025-12,21,"undefined features: rs_last,rs_mean,rs_std"
NSC.MX,2026-01,21,"undefined features: rs_last,rs_mean,rs_std,so_std"
NSC.MX,2026-04,19,"undefined features: rs_last,rs_mean,rs_std,so_last"
NSC.MX,2026-05,20,"undefined features: rs_last,rs_mean,rs_std,so_last"
NSC.MX,2026-06,22,"undefined features: rs_last,rs_mean,rs_std,so_last"
NSC.MX,2023-04,0,rejected by data-quality gates
NSC.MX,2023-05,0,rejected by data-quality gates
NSC.MX,2023-08,0,rejected by data-quality gates
NSC.MX,2023-09,0,rejected by data-quality gates
NSC.MX,2023-10,0,rejected by data-quality gates
NSC.MX,2023-11,0,rejected by data-quality gates
NSC.MX,2024-01,0,rejected by data-quality gates
NSC.MX,2024-02,0,rejected by data-quality gates
NSC.MX,2024-03,0,rejected by data-quality gates
NSC.MX,2024-04,0,rejected by data-quality gates
NSC.MX,2024-05,0,rejected by data-quality gates
NSC.MX,2026-02,0,rejected by data-quality gates
NSC.MX,2026-03,0,rejected by data-quality gates
NTAP.MX,2024-10,1,sessions=1<15 complete-indicator days
NTAP.MX,2024-11,20,"undefined features: rs_last,rs_mean,rs_std"
NTAP.MX,2025-01,22,undefined features: so_std
NTAP.MX,2025-02,19,"undefined features: rs_last,rs_mean,rs_std,so_last"
NTAP.MX,2025-03,20,"undefined features: rs_last,rs_mean,rs_std,so_last"
NTAP.MX,2025-04,20,"undefined features: rs_last,rs_mean,rs_std,so_last"
NTAP.MX,2025-05,21,"undefined features: rs_last,rs_mean,rs_std,so_last"
NTAP.MX,2025-06,21,"undefined features: rs_last,rs_mean,rs_std,so_last"
NTAP.MX,2025-07,23,"undefined features: rs_std,so_std"
NTAP.MX,2025-09,21,"undefined features: rs_last,rs_mean,rs_std"
NTAP.MX,2025-10,23,"undefined features: rs_last,rs_mean,rs_std,so_last"
NTAP.MX,2026-01,21,"undefined features: rs_last,rs_mean,rs_std,so_last"
NTAP.MX,2026-02,19,"undefined features: rs_last,rs_mean,rs_std,so_last"
NTAP.MX,2026-04,19,"undefined features: rs_last,rs_mean,rs_std,so_last"
NTAP.MX,2026-05,20,"undefined features: rs_last,rs_mean,rs_std,so_last"
NTAP.MX,2024-12,0,rejected by data-quality gates
NTAP.MX,2025-08,0,rejected by data-quality gates
NTAP.MX,2025-11,0,rejected by data-quality gates
NTAP.MX,2025-12,0,rejected by data-quality gates
NTAP.MX,2026-03,0,rejected by data-quality gates
NTAP.MX,2026-06,0,rejected by data-quality gates
NUE.MX,2023-03,3,sessions=3<15 complete-indicator days
NUE.MX,2023-07,21,"undefined features: rs_last,rs_mean,rs_std"
NUE.MX,2023-12,19,"undefined features: rs_last,rs_mean,rs_std"
NUE.MX,2024-01,22,"undefined features: rs_last,rs_mean,rs_std"
NUE.MX,2024-03,18,"undefined features: rs_last,rs_mean,rs_std"
NUE.MX,2025-05,21,"undefined features: rs_last,rs_mean,rs_std"
NUE.MX,2025-07,23,"undefined features: rs_last,rs_mean,rs_std"
NUE.MX,2026-06,22,"undefined features: rs_last,rs_mean,rs_std,so_last"
NUE.MX,2023-04,0,rejected by data-quality gates
NUE.MX,2023-05,0,rejected by data-quality gates
NUE.MX,2023-06,0,rejected by data-quality gates
NUE.MX,2023-08,0,rejected by data-quality gates
NUE.MX,2023-09,0,rejected by data-quality gates
NUE.MX,2023-10,0,rejected by data-quality gates
NUE.MX,2023-11,0,rejected by data-quality gates
NUE.MX,2024-02,0,rejected by data-quality gates
NUE.MX,2024-04,0,rejected by data-quality gates
NUE.MX,2024-05,0,rejected by data-quality gates
NUE.MX,2024-06,0,rejected by data-quality gates
NUE.MX,2024-07,0,rejected by data-quality gates
NUE.MX,2024-08,0,rejected by data-quality gates
NUE.MX,2024-09,0,rejected by data-quality gates
NUE.MX,2024-10,0,rejected by data-quality gates
NUE.MX,2024-11,0,rejected by data-quality gates
NUE.MX,2024-12,0,rejected by data-quality gates
NUE.MX,2025-01,0,rejected by data-quality gates
NUE.MX,2025-02,0,rejected by data-quality gates
NUE.MX,2025-03,0,rejected by data-quality gates
NUE.MX,2025-04,0,rejected by data-quality gates
NUE.MX,2025-06,0,rejected by data-quality gates
NUE.MX,2025-08,0,rejected by data-quality gates
NUE.MX,2025-09,0,rejected by data-quality gates
NUE.MX,2025-10,0,rejected by data-quality gates
NUE.MX,2025-11,0,rejected by data-quality gates
NUE.MX,2025-12,0,rejected by data-quality gates
NUE.MX,2026-01,0,rejected by data-quality gates
NUE.MX,2026-02,0,rejected by data-quality gates
NUE.MX,2026-03,0,rejected by data-quality gates
NUE.MX,2026-04,0,rejected by data-quality gates
NUE.MX,2026-05,0,rejected by data-quality gates
NVDA.MX,2023-03,3,sessions=3<15 complete-indicator days
NVR.MX,2023-03,3,sessions=3<15 complete-indicator days
NVR.MX,2023-04,18,"undefined features: rs_last,rs_mean,rs_std,so_last"
NVR.MX,2023-05,22,"undefined features: rs_last,rs_mean,rs_std"
NVR.MX,2023-07,21,"undefined features: rs_last,rs_mean,rs_std"
NVR.MX,2023-10,22,"undefined features: rs_last,rs_mean,rs_std,so_last"
NVR.MX,2023-11,20,"undefined features: rs_last,rs_mean,rs_std"
NVR.MX,2023-12,19,"undefined features: rs_last,rs_mean,rs_std"
NVR.MX,2024-01,22,"undefined features: rs_last,rs_mean,rs_std"
NVR.MX,2024-02,20,"undefined features: rs_last,rs_mean,rs_std,so_last"
NVR.MX,2024-03,18,"undefined features: rs_last,rs_mean,rs_std"
NVR.MX,2024-04,22,"undefined features: rs_last,rs_mean,rs_std"
NVR.MX,2024-05,22,"undefined features: rs_last,rs_mean,rs_std,so_last"
NVR.MX,2024-06,20,"undefined features: rs_last,rs_mean,rs_std,so_last"
NVR.MX,2024-07,23,"undefined features: rs_last,rs_mean,rs_std,so_last"
NVR.MX,2024-08,22,"undefined features: rs_last,rs_mean,rs_std,so_last"
NVR.MX,2024-09,20,"undefined features: rs_last,rs_mean,rs_std,so_last"
NVR.MX,2024-10,22,"undefined features: rs_last,rs_mean,rs_std,so_last"
NVR.MX,2024-11,20,"undefined features: rs_last,rs_mean,rs_std,so_last"
NVR.MX,2024-12,20,"undefined features: rs_last,rs_mean,rs_std,so_last"
NVR.MX,2025-01,22,"undefined features: rs_last,rs_mean,rs_std,so_last"
NVR.MX,2025-02,19,"undefined features: rs_last,rs_mean,rs_std,so_last"
NVR.MX,2025-03,20,"undefined features: rs_last,rs_mean,rs_std,so_last"
NVR.MX,2025-04,20,"undefined features: rs_last,rs_mean,rs_std,so_last"
NVR.MX,2025-05,21,"undefined features: rs_last,rs_mean,rs_std,so_last"
NVR.MX,2025-06,21,"undefined features: rs_last,rs_mean,rs_std,so_last"
NVR.MX,2025-07,23,"undefined features: rs_last,rs_mean,rs_std,so_last"
NVR.MX,2025-08,21,"undefined features: rs_last,rs_mean,rs_std,so_last"
NVR.MX,2025-09,21,"undefined features: rs_last,rs_mean,rs_std,so_last"
NVR.MX,2025-10,23,"undefined features: rs_last,rs_mean,rs_std,so_last"
NVR.MX,2025-11,19,"undefined features: rs_last,rs_mean,rs_std,so_last"
NVR.MX,2025-12,21,"undefined features: rs_last,rs_mean,rs_std"
NVR.MX,2026-01,21,"undefined features: rs_last,rs_mean,rs_std"
NVR.MX,2026-02,19,"undefined features: rs_last,rs_mean,rs_std"
NVR.MX,2026-03,21,"undefined features: rs_last,rs_mean,rs_std,so_last"
NVR.MX,2026-04,19,"undefined features: rs_last,rs_mean,rs_std,so_last"
NVR.MX,2026-05,20,"undefined features: rs_last,rs_mean,rs_std,so_last"
NVR.MX,2023-06,0,rejected by data-quality gates
NVR.MX,2023-08,0,rejected by data-quality gates
NVR.MX,2023-09,0,rejected by data-quality gates
NVR.MX,2026-06,0,rejected by data-quality gates
O.MX,2023-03,3,sessions=3<15 complete-indicator days
O.MX,2023-05,0,rejected by data-quality gates
O.MX,2023-06,0,rejected by data-quality gates
O.MX,2023-07,0,rejected by data-quality gates
O.MX,2023-08,0,rejected by data-quality gates
O.MX,2023-10,0,rejected by data-quality gates
O.MX,2023-11,0,rejected by data-quality gates
O.MX,2024-01,0,rejected by data-quality gates
O.MX,2024-05,0,rejected by data-quality gates
O.MX,2025-04,0,rejected by data-quality gates
O.MX,2025-10,0,rejected by data-quality gates
ODFL.MX,2023-03,3,sessions=3<15 complete-indicator days
ODFL.MX,2023-04,0,rejected by data-quality gates
ODFL.MX,2023-05,0,rejected by data-quality gates
ODFL.MX,2023-06,0,rejected by data-quality gates
ODFL.MX,2023-07,0,rejected by data-quality gates
ODFL.MX,2023-08,0,rejected by data-quality gates
ODFL.MX,2023-09,0,rejected by data-quality gates
ODFL.MX,2023-10,0,rejected by data-quality gates
ODFL.MX,2023-11,0,rejected by data-quality gates
ODFL.MX,2023-12,0,rejected by data-quality gates
ODFL.MX,2024-01,0,rejected by data-quality gates
ODFL.MX,2024-02,0,rejected by data-quality gates
ODFL.MX,2024-03,0,rejected by data-quality gates
ODFL.MX,2024-04,0,rejected by data-quality gates
ODFL.MX,2024-07,0,rejected by data-quality gates
ODFL.MX,2024-08,0,rejected by data-quality gates
ODFL.MX,2024-09,0,rejected by data-quality gates
ODFL.MX,2024-10,0,rejected by data-quality gates
ODFL.MX,2024-11,0,rejected by data-quality gates
ODFL.MX,2024-12,0,rejected by data-quality gates
ODFL.MX,2025-01,0,rejected by data-quality gates
ODFL.MX,2025-02,0,rejected by data-quality gates
ODFL.MX,2025-03,0,rejected by data-quality gates
ODFL.MX,2025-04,0,rejected by data-quality gates
ODFL.MX,2025-05,0,rejected by data-quality gates
ODFL.MX,2025-06,0,rejected by data-quality gates
ODFL.MX,2025-07,0,rejected by data-quality gates
ODFL.MX,2025-08,0,rejected by data-quality gates
ODFL.MX,2025-10,0,rejected by data-quality gates
ODFL.MX,2025-11,0,rejected by data-quality gates
ODFL.MX,2025-12,0,rejected by data-quality gates
ODFL.MX,2026-01,0,rejected by data-quality gates
ODFL.MX,2026-02,0,rejected by data-quality gates
ODFL.MX,2026-04,0,rejected by data-quality gates
ODFL.MX,2026-05,0,rejected by data-quality gates
OKTA.MX,2023-03,3,sessions=3<15 complete-indicator days
OKTA.MX,2023-08,23,"undefined features: rs_last,rs_mean,rs_std"
OKTA.MX,2024-07,23,"undefined features: rs_last,rs_mean,rs_std"
OKTA.MX,2023-04,0,rejected by data-quality gates
OKTA.MX,2023-05,0,rejected by data-quality gates
OKTA.MX,2023-06,0,rejected by data-quality gates
OKTA.MX,2023-07,0,rejected by data-quality gates
OKTA.MX,2023-09,0,rejected by data-quality gates
OKTA.MX,2023-10,0,rejected by data-quality gates
OKTA.MX,2023-11,0,rejected by data-quality gates
OKTA.MX,2023-12,0,rejected by data-quality gates
OKTA.MX,2024-01,0,rejected by data-quality gates
OKTA.MX,2024-02,0,rejected by data-quality gates
OKTA.MX,2024-03,0,rejected by data-quality gates
OKTA.MX,2024-04,0,rejected by data-quality gates
OKTA.MX,2024-05,0,rejected by data-quality gates
OKTA.MX,2024-06,0,rejected by data-quality gates
OKTA.MX,2024-08,0,rejected by data-quality gates
OKTA.MX,2024-09,0,rejected by data-quality gates
OKTA.MX,2024-10,0,rejected by data-quality gates
OKTA.MX,2024-11,0,rejected by data-quality gates
OKTA.MX,2024-12,0,rejected by data-quality gates
OKTA.MX,2025-01,0,rejected by data-quality gates
OKTA.MX,2025-04,0,rejected by data-quality gates
OKTA.MX,2025-05,0,rejected by data-quality gates
OKTA.MX,2025-06,0,rejected by data-quality gates
OKTA.MX,2025-07,0,rejected by data-quality gates
OKTA.MX,2025-10,0,rejected by data-quality gates
OKTA.MX,2025-11,0,rejected by data-quality gates
OKTA.MX,2025-12,0,rejected by data-quality gates
OKTA.MX,2026-01,0,rejected by data-quality gates
OKTA.MX,2026-02,0,rejected by data-quality gates
OKTA.MX,2026-03,0,rejected by data-quality gates
OKTA.MX,2026-04,0,rejected by data-quality gates
OKTA.MX,2026-05,0,rejected by data-quality gates
OKTA.MX,2026-06,0,rejected by data-quality gates
OMAB.MX,2023-03,3,sessions=3<15 complete-indicator days
ON.MX,2023-03,3,sessions=3<15 complete-indicator days
ON.MX,2023-06,22,"undefined features: rs_last,rs_mean,rs_std"
ON.MX,2023-07,21,"undefined features: rs_last,rs_mean,rs_std"
ON.MX,2024-06,20,"undefined features: rs_last,rs_mean,rs_std"
ON.MX,2023-04,0,rejected by data-quality gates
ON.MX,2023-05,0,rejected by data-quality gates
ON.MX,2023-08,0,rejected by data-quality gates
ON.MX,2023-09,0,rejected by data-quality gates
ON.MX,2023-10,0,rejected by data-quality gates
ON.MX,2023-11,0,rejected by data-quality gates
ON.MX,2023-12,0,rejected by data-quality gates
ON.MX,2024-02,0,rejected by data-quality gates
ON.MX,2024-03,0,rejected by data-quality gates
ON.MX,2024-04,0,rejected by data-quality gates
ON.MX,2024-05,0,rejected by data-quality gates
ON.MX,2024-07,0,rejected by data-quality gates
ON.MX,2024-08,0,rejected by data-quality gates
ON.MX,2024-09,0,rejected by data-quality gates
ON.MX,2024-10,0,rejected by data-quality gates
ON.MX,2024-11,0,rejected by data-quality gates
ON.MX,2024-12,0,rejected by data-quality gates
ON.MX,2025-01,0,rejected by data-quality gates
ON.MX,2025-02,0,rejected by data-quality gates
ON.MX,2025-03,0,rejected by data-quality gates
ON.MX,2025-04,0,rejected by data-quality gates
ON.MX,2025-05,0,rejected by data-quality gates
ON.MX,2025-09,0,rejected by data-quality gates
ON.MX,2025-11,0,rejected by data-quality gates
ON.MX,2025-12,0,rejected by data-quality gates
ON.MX,2026-01,0,rejected by data-quality gates
ON.MX,2026-02,0,rejected by data-quality gates
ON.MX,2026-03,0,rejected by data-quality gates
ONTO.MX,2024-05,7,sessions=7<15 complete-indicator days
ONTO.MX,2024-06,20,"undefined features: rs_last,rs_mean,rs_std"
ONTO.MX,2024-07,23,"undefined features: rs_last,rs_mean,rs_std"
ONTO.MX,2024-08,22,"undefined features: rs_last,rs_mean,rs_std"
ONTO.MX,2025-01,22,"undefined features: rs_last,rs_mean,rs_std"
ONTO.MX,2025-03,20,"undefined features: rs_last,rs_mean,rs_std,so_last"
ONTO.MX,2025-04,20,"undefined features: rs_last,rs_mean,rs_std,so_last"
ONTO.MX,2025-07,23,"undefined features: rs_last,rs_mean,rs_std"
ONTO.MX,2025-10,23,"undefined features: rs_last,rs_mean,rs_std"
ONTO.MX,2025-11,19,"undefined features: rs_last,rs_mean,rs_std,so_last"
ONTO.MX,2026-04,19,"undefined features: rs_last,rs_mean,rs_std,so_last"
ONTO.MX,2024-09,0,rejected by data-quality gates
ONTO.MX,2024-10,0,rejected by data-quality gates
ONTO.MX,2024-11,0,rejected by data-quality gates
ONTO.MX,2024-12,0,rejected by data-quality gates
ONTO.MX,2025-02,0,rejected by data-quality gates
ONTO.MX,2025-05,0,rejected by data-quality gates
ONTO.MX,2025-06,0,rejected by data-quality gates
ONTO.MX,2025-08,0,rejected by data-quality gates
ONTO.MX,2025-09,0,rejected by data-quality gates
ONTO.MX,2025-12,0,rejected by data-quality gates
ONTO.MX,2026-01,0,rejected by data-quality gates
ONTO.MX,2026-02,0,rejected by data-quality gates
ONTO.MX,2026-03,0,rejected by data-quality gates
ONTO.MX,2026-05,0,rejected by data-quality gates
ONTO.MX,2026-06,0,rejected by data-quality gates
ORBIA.MX,2023-03,3,sessions=3<15 complete-indicator days
ORCL.MX,2023-03,3,sessions=3<15 complete-indicator days
ORCL.MX,2023-04,0,rejected by data-quality gates
ORLY.MX,2023-03,3,sessions=3<15 complete-indicator days
ORLY.MX,2023-09,21,"undefined features: rs_last,rs_mean,rs_std,so_last"
ORLY.MX,2023-10,22,"undefined features: rs_last,rs_mean,rs_std"
ORLY.MX,2023-11,20,"undefined features: rs_last,rs_mean,rs_std"
ORLY.MX,2024-03,18,"undefined features: rs_last,rs_mean,rs_std"
ORLY.MX,2024-08,22,undefined features: rs_std
ORLY.MX,2024-10,22,undefined features: rs_std
ORLY.MX,2024-11,20,"undefined features: rs_last,rs_mean,rs_std"
ORLY.MX,2025-02,19,"undefined features: rs_last,rs_mean,rs_std"
ORLY.MX,2025-03,20,"undefined features: rs_last,rs_mean,rs_std"
ORLY.MX,2026-04,19,"undefined features: rs_last,rs_mean,rs_std,so_last"
ORLY.MX,2023-04,0,rejected by data-quality gates
ORLY.MX,2023-05,0,rejected by data-quality gates
ORLY.MX,2023-06,0,rejected by data-quality gates
ORLY.MX,2023-07,0,rejected by data-quality gates
ORLY.MX,2023-08,0,rejected by data-quality gates
ORLY.MX,2023-12,0,rejected by data-quality gates
ORLY.MX,2024-01,0,rejected by data-quality gates
ORLY.MX,2024-02,0,rejected by data-quality gates
ORLY.MX,2024-04,0,rejected by data-quality gates
ORLY.MX,2024-05,0,rejected by data-quality gates
ORLY.MX,2024-06,0,rejected by data-quality gates
ORLY.MX,2024-07,0,rejected by data-quality gates
ORLY.MX,2024-09,0,rejected by data-quality gates
ORLY.MX,2024-12,0,rejected by data-quality gates
ORLY.MX,2025-01,0,rejected by data-quality gates
ORLY.MX,2025-04,0,rejected by data-quality gates
ORLY.MX,2025-05,0,rejected by data-quality gates
ORLY.MX,2025-06,0,rejected by data-quality gates
ORLY.MX,2025-07,0,rejected by data-quality gates
ORLY.MX,2025-08,0,rejected by data-quality gates
ORLY.MX,2025-09,0,rejected by data-quality gates
ORLY.MX,2025-10,0,rejected by data-quality gates
ORLY.MX,2025-11,0,rejected by data-quality gates
ORLY.MX,2025-12,0,rejected by data-quality gates
ORLY.MX,2026-01,0,rejected by data-quality gates
ORLY.MX,2026-02,0,rejected by data-quality gates
ORLY.MX,2026-03,0,rejected by data-quality gates
ORLY.MX,2026-05,0,rejected by data-quality gates
ORLY.MX,2026-06,0,rejected by data-quality gates
OTIS.MX,2023-03,3,sessions=3<15 complete-indicator days
OTIS.MX,2023-04,18,"undefined features: rs_last,rs_mean,rs_std,so_last"
OTIS.MX,2023-05,22,"undefined features: rs_last,rs_mean,rs_std,so_last"
OTIS.MX,2023-06,22,"undefined features: rs_last,rs_mean,rs_std,so_last"
OTIS.MX,2023-07,21,"undefined features: rs_last,rs_mean,rs_std,so_last"
OTIS.MX,2024-02,20,"undefined features: rs_last,rs_mean,rs_std"
OTIS.MX,2024-03,18,"undefined features: rs_last,rs_mean,rs_std"
OTIS.MX,2025-02,19,"undefined features: rs_last,rs_mean,rs_std"
OTIS.MX,2025-11,19,"undefined features: rs_last,rs_mean,rs_std,so_last"
OTIS.MX,2023-08,0,rejected by data-quality gates
OTIS.MX,2023-09,0,rejected by data-quality gates
OTIS.MX,2023-10,0,rejected by data-quality gates
OTIS.MX,2023-11,0,rejected by data-quality gates
OTIS.MX,2023-12,0,rejected by data-quality gates
OTIS.MX,2024-01,0,rejected by data-quality gates
OTIS.MX,2024-04,0,rejected by data-quality gates
OTIS.MX,2024-05,0,rejected by data-quality gates
OTIS.MX,2024-06,0,rejected by data-quality gates
OTIS.MX,2024-07,0,rejected by data-quality gates
OTIS.MX,2024-08,0,rejected by data-quality gates
OTIS.MX,2024-09,0,rejected by data-quality gates
OTIS.MX,2024-10,0,rejected by data-quality gates
OTIS.MX,2024-11,0,rejected by data-quality gates
OTIS.MX,2024-12,0,rejected by data-quality gates
OTIS.MX,2025-01,0,rejected by data-quality gates
OTIS.MX,2025-03,0,rejected by data-quality gates
OTIS.MX,2025-04,0,rejected by data-quality gates
OTIS.MX,2025-05,0,rejected by data-quality gates
OTIS.MX,2025-06,0,rejected by data-quality gates
OTIS.MX,2025-07,0,rejected by data-quality gates
OTIS.MX,2025-08,0,rejected by data-quality gates
OTIS.MX,2025-09,0,rejected by data-quality gates
OTIS.MX,2025-10,0,rejected by data-quality gates
OTIS.MX,2025-12,0,rejected by data-quality gates
OTIS.MX,2026-01,0,rejected by data-quality gates
OTIS.MX,2026-02,0,rejected by data-quality gates
OTIS.MX,2026-03,0,rejected by data-quality gates
OTIS.MX,2026-04,0,rejected by data-quality gates
OTIS.MX,2026-05,0,rejected by data-quality gates
OTIS.MX,2026-06,0,rejected by data-quality gates
PANW.MX,2023-03,3,sessions=3<15 complete-indicator days
PAYX.MX,2023-03,3,sessions=3<15 complete-indicator days
PAYX.MX,2023-04,18,"undefined features: rs_last,rs_mean,rs_std,so_last"
PAYX.MX,2023-06,22,undefined features: rs_std
PAYX.MX,2023-07,21,"undefined features: rs_last,rs_mean,rs_std"
PAYX.MX,2023-08,23,"undefined features: rs_last,rs_mean,rs_std"
PAYX.MX,2023-09,21,"undefined features: rs_last,rs_mean,rs_std,so_last"
PAYX.MX,2023-10,22,"undefined features: rs_last,rs_mean,rs_std,so_last"
PAYX.MX,2023-11,20,"undefined features: rs_last,rs_mean,rs_std,so_last"
PAYX.MX,2023-12,19,"undefined features: rs_last,rs_mean,rs_std,so_last"
PAYX.MX,2024-01,22,"undefined features: rs_last,rs_mean,rs_std,so_last"
PAYX.MX,2024-04,22,"undefined features: rs_last,rs_mean,rs_std,so_last"
PAYX.MX,2024-05,22,"undefined features: rs_last,rs_mean,rs_std,so_last"
PAYX.MX,2024-06,20,"undefined features: rs_last,rs_mean,rs_std"
PAYX.MX,2024-07,23,"undefined features: rs_last,rs_mean,rs_std"
PAYX.MX,2024-08,22,"undefined features: rs_last,rs_mean,rs_std,so_last"
PAYX.MX,2024-09,20,"undefined features: rs_last,rs_mean,rs_std,so_std"
PAYX.MX,2024-10,22,"undefined features: rs_last,rs_mean,rs_std"
PAYX.MX,2024-11,20,"undefined features: rs_last,rs_mean,rs_std,so_last"
PAYX.MX,2024-12,20,"undefined features: rs_last,rs_mean,rs_std,so_last"
PAYX.MX,2025-01,22,"undefined features: rs_last,rs_mean,rs_std,so_last"
PAYX.MX,2025-02,19,"undefined features: rs_last,rs_mean,rs_std,so_last"
PAYX.MX,2025-03,20,"undefined features: rs_last,rs_mean,rs_std,so_last"
PAYX.MX,2025-04,20,"undefined features: rs_last,rs_mean,rs_std,so_last"
PAYX.MX,2025-05,21,"undefined features: rs_last,rs_mean,rs_std,so_last"
PAYX.MX,2025-06,21,"undefined features: rs_last,rs_mean,rs_std,so_last"
PAYX.MX,2025-07,23,"undefined features: rs_last,rs_mean,rs_std,so_last"
PAYX.MX,2025-08,21,"undefined features: rs_last,rs_mean,rs_std,so_last"
PAYX.MX,2025-09,21,"undefined features: rs_std,so_std"
PAYX.MX,2025-11,19,"undefined features: rs_last,rs_mean,rs_std,so_last"
PAYX.MX,2025-12,21,"undefined features: rs_last,rs_mean,rs_std,so_last"
PAYX.MX,2026-01,21,"undefined features: rs_last,rs_mean,rs_std,so_last"
PAYX.MX,2026-02,19,"undefined features: rs_last,rs_mean,rs_std,so_last"
PAYX.MX,2026-03,21,"undefined features: rs_last,rs_mean,rs_std,so_last"
PAYX.MX,2023-05,0,rejected by data-quality gates
PAYX.MX,2024-02,0,rejected by data-quality gates
PAYX.MX,2024-03,0,rejected by data-quality gates
PAYX.MX,2025-10,0,rejected by data-quality gates
PAYX.MX,2026-04,0,rejected by data-quality gates
PAYX.MX,2026-05,0,rejected by data-quality gates
PAYX.MX,2026-06,0,rejected by data-quality gates
PCG.MX,2023-03,3,sessions=3<15 complete-indicator days
PCG.MX,2023-04,18,"undefined features: rs_last,rs_mean,rs_std,so_last"
PCG.MX,2023-05,22,"undefined features: rs_last,rs_mean,rs_std"
PCG.MX,2023-06,22,"undefined features: rs_last,rs_mean,rs_std"
PCG.MX,2023-07,21,"undefined features: rs_last,rs_mean,rs_std"
PCG.MX,2023-10,22,"undefined features: rs_last,rs_mean,rs_std"
PCG.MX,2023-11,20,"undefined features: rs_last,rs_mean,rs_std"
PCG.MX,2023-12,19,"undefined features: rs_last,rs_mean,rs_std,so_last"
PCG.MX,2024-01,22,"undefined features: rs_last,rs_mean,rs_std"
PCG.MX,2024-04,22,"undefined features: rs_last,rs_mean,rs_std,so_last"
PCG.MX,2024-05,22,"undefined features: rs_last,rs_mean,rs_std,so_last"
PCG.MX,2024-08,22,"undefined features: rs_last,rs_mean,rs_std"
PCG.MX,2024-11,20,"undefined features: rs_last,rs_mean,rs_std"
PCG.MX,2025-11,19,"undefined features: rs_last,rs_mean,rs_std"
PCG.MX,2026-03,21,"undefined features: rs_last,rs_mean,rs_std"
PCG.MX,2023-08,0,rejected by data-quality gates
PCG.MX,2023-09,0,rejected by data-quality gates
PCG.MX,2024-02,0,rejected by data-quality gates
PCG.MX,2024-03,0,rejected by data-quality gates
PCG.MX,2024-06,0,rejected by data-quality gates
PCG.MX,2024-07,0,rejected by data-quality gates
PCG.MX,2024-09,0,rejected by data-quality gates
PCG.MX,2024-10,0,rejected by data-quality gates
PCG.MX,2024-12,0,rejected by data-quality gates
PCG.MX,2025-01,0,rejected by data-quality gates
PCG.MX,2025-02,0,rejected by data-quality gates
PCG.MX,2025-03,0,rejected by data-quality gates
PCG.MX,2025-04,0,rejected by data-quality gates
PCG.MX,2025-05,0,rejected by data-quality gates
PCG.MX,2025-06,0,rejected by data-quality gates
PCG.MX,2025-07,0,rejected by data-quality gates
PCG.MX,2025-08,0,rejected by data-quality gates
PCG.MX,2025-09,0,rejected by data-quality gates
PCG.MX,2025-10,0,rejected by data-quality gates
PCG.MX,2025-12,0,rejected by data-quality gates
PCG.MX,2026-01,0,rejected by data-quality gates
PCG.MX,2026-02,0,rejected by data-quality gates
PCG.MX,2026-04,0,rejected by data-quality gates
PCG.MX,2026-05,0,rejected by data-quality gates
PCG.MX,2026-06,0,rejected by data-quality gates
PEG.MX,2024-08,8,sessions=8<15 complete-indicator days
PEG.MX,2024-09,20,"undefined features: rs_last,rs_mean,rs_std"
PEG.MX,2024-10,22,"undefined features: rs_last,rs_mean,rs_std,so_last"
PEG.MX,2024-11,20,"undefined features: rs_last,rs_mean,rs_std,so_last"
PEG.MX,2024-12,20,"undefined features: rs_last,rs_mean,rs_std,so_last"
PEG.MX,2025-01,22,"undefined features: rs_last,rs_mean,rs_std,so_last"
PEG.MX,2025-02,19,"undefined features: rs_last,rs_mean,rs_std,so_last"
PEG.MX,2025-03,20,"undefined features: rs_last,rs_mean,rs_std,so_last"
PEG.MX,2025-04,20,"undefined features: rs_last,rs_mean,rs_std"
PEG.MX,2025-06,21,"undefined features: rs_last,rs_mean,rs_std,so_last"
PEG.MX,2025-07,23,"undefined features: rs_last,rs_mean,rs_std,so_last"
PEG.MX,2025-08,21,"undefined features: rs_last,rs_mean,rs_std,so_last"
PEG.MX,2025-09,21,"undefined features: rs_last,rs_mean,rs_std,so_last"
PEG.MX,2026-02,19,"undefined features: rs_last,rs_mean,rs_std,so_std"
PEG.MX,2026-03,21,"undefined features: rs_last,rs_mean,rs_std"
PEG.MX,2025-05,0,rejected by data-quality gates
PEG.MX,2025-10,0,rejected by data-quality gates
PEG.MX,2025-11,0,rejected by data-quality gates
PEG.MX,2025-12,0,rejected by data-quality gates
PEG.MX,2026-01,0,rejected by data-quality gates
PEG.MX,2026-04,0,rejected by data-quality gates
PEG.MX,2026-05,0,rejected by data-quality gates
PEG.MX,2026-06,0,rejected by data-quality gates
PEN.MX,2023-03,3,sessions=3<15 complete-indicator days
PEN.MX,2023-06,22,"undefined features: rs_last,rs_mean,rs_std"
PEN.MX,2023-09,21,"undefined features: rs_last,rs_mean,rs_std"
PEN.MX,2024-01,22,"undefined features: rs_last,rs_mean,rs_std"
PEN.MX,2024-02,20,"undefined features: rs_last,rs_mean,rs_std,so_last"
PEN.MX,2024-03,18,"undefined features: rs_last,rs_mean,rs_std,so_last"
PEN.MX,2024-04,22,"undefined features: rs_last,rs_mean,rs_std,so_last"
PEN.MX,2024-05,22,"undefined features: rs_last,rs_mean,rs_std,so_last"
PEN.MX,2024-07,23,"undefined features: rs_last,rs_mean,rs_std,so_last"
PEN.MX,2024-08,22,"undefined features: rs_last,rs_mean,rs_std,so_last"
PEN.MX,2024-09,20,"undefined features: rs_last,rs_mean,rs_std,so_last"
PEN.MX,2024-10,22,"undefined features: rs_last,rs_mean,rs_std"
PEN.MX,2024-11,20,"undefined features: rs_last,rs_mean,rs_std"
PEN.MX,2024-12,20,"undefined features: rs_last,rs_mean,rs_std"
PEN.MX,2025-01,22,"undefined features: rs_last,rs_mean,rs_std,so_last"
PEN.MX,2025-02,19,"undefined features: rs_last,rs_mean,rs_std,so_last"
PEN.MX,2025-03,20,"undefined features: rs_last,rs_mean,rs_std,so_last"
PEN.MX,2025-04,20,"undefined features: rs_last,rs_mean,rs_std,so_last"
PEN.MX,2025-05,21,"undefined features: rs_last,rs_mean,rs_std,so_last"
PEN.MX,2025-06,21,"undefined features: rs_last,rs_mean,rs_std,so_last"
PEN.MX,2025-07,23,"undefined features: rs_last,rs_mean,rs_std,so_last"
PEN.MX,2025-10,23,"undefined features: rs_last,rs_mean,rs_std,so_last"
PEN.MX,2025-11,19,"undefined features: rs_last,rs_mean,rs_std,so_last"
PEN.MX,2025-12,21,"undefined features: rs_last,rs_mean,rs_std,so_last"
PEN.MX,2026-01,21,"undefined features: rs_last,rs_mean,rs_std,so_last"
PEN.MX,2026-02,19,"undefined features: rs_last,rs_mean,rs_std,so_last"
PEN.MX,2026-03,21,"undefined features: rs_last,rs_mean,rs_std,so_last"
PEN.MX,2026-04,19,"undefined features: rs_last,rs_mean,rs_std,so_last"
PEN.MX,2026-05,20,"undefined features: rs_last,rs_mean,rs_std,so_last"
PEN.MX,2026-06,22,"undefined features: rs_last,rs_mean,rs_std,so_last"
PEN.MX,2023-04,0,rejected by data-quality gates
PEN.MX,2023-05,0,rejected by data-quality gates
PEN.MX,2023-07,0,rejected by data-quality gates
PEN.MX,2023-08,0,rejected by data-quality gates
PEN.MX,2023-10,0,rejected by data-quality gates
PEN.MX,2023-11,0,rejected by data-quality gates
PEN.MX,2023-12,0,rejected by data-quality gates
PEN.MX,2024-06,0,rejected by data-quality gates
PEN.MX,2025-08,0,rejected by data-quality gates
PEN.MX,2025-09,0,rejected by data-quality gates
PEP.MX,2023-03,3,sessions=3<15 complete-indicator days
PEP.MX,2023-04,0,rejected by data-quality gates
PEP.MX,2023-05,0,rejected by data-quality gates
PEP.MX,2023-06,0,rejected by data-quality gates
PEP.MX,2023-09,0,rejected by data-quality gates
PFE.MX,2023-03,3,sessions=3<15 complete-indicator days
PG.MX,2023-03,3,sessions=3<15 complete-indicator days
PGR.MX,2023-03,3,sessions=3<15 complete-indicator days
PGR.MX,2023-06,0,rejected by data-quality gates
PGR.MX,2023-08,0,rejected by data-quality gates
PGR.MX,2023-09,0,rejected by data-quality gates
PGR.MX,2023-10,0,rejected by data-quality gates
PGR.MX,2023-11,0,rejected by data-quality gates
PGR.MX,2024-01,0,rejected by data-quality gates
PGR.MX,2024-03,0,rejected by data-quality gates
PGR.MX,2024-04,0,rejected by data-quality gates
PGR.MX,2024-07,0,rejected by data-quality gates
PGR.MX,2024-08,0,rejected by data-quality gates
PGR.MX,2024-09,0,rejected by data-quality gates
PGR.MX,2024-10,0,rejected by data-quality gates
PGR.MX,2024-11,0,rejected by data-quality gates
PGR.MX,2025-03,0,rejected by data-quality gates
PGR.MX,2025-04,0,rejected by data-quality gates
PGR.MX,2025-06,0,rejected by data-quality gates
PGR.MX,2025-11,0,rejected by data-quality gates
PH.MX,2023-03,3,sessions=3<15 complete-indicator days
PH.MX,2023-04,18,"undefined features: rs_last,rs_mean,rs_std,so_last"
PH.MX,2023-05,22,"undefined features: rs_last,rs_mean,rs_std,so_last"
PH.MX,2023-06,22,"undefined features: rs_last,rs_mean,rs_std"
PH.MX,2023-11,20,"undefined features: rs_last,rs_mean,rs_std,so_last"
PH.MX,2023-12,19,"undefined features: rs_last,rs_mean,rs_std"
PH.MX,2024-01,22,"undefined features: rs_last,rs_mean,rs_std,so_last"
PH.MX,2024-02,20,"undefined features: rs_last,rs_mean,rs_std"
PH.MX,2024-03,18,"undefined features: rs_last,rs_mean,rs_std"
PH.MX,2024-04,22,"undefined features: rs_last,rs_mean,rs_std,so_last"
PH.MX,2024-05,22,"undefined features: rs_last,rs_mean,rs_std,so_last"
PH.MX,2024-06,20,"undefined features: rs_last,rs_mean,rs_std,so_last"
PH.MX,2024-07,23,"undefined features: rs_last,rs_mean,rs_std"
PH.MX,2024-08,22,"undefined features: rs_last,rs_mean,rs_std"
PH.MX,2024-09,20,"undefined features: rs_last,rs_mean,rs_std"
PH.MX,2024-10,22,"undefined features: rs_last,rs_mean,rs_std"
PH.MX,2024-11,20,"undefined features: rs_last,rs_mean,rs_std,so_last"
PH.MX,2024-12,20,"undefined features: rs_last,rs_mean,rs_std,so_last"
PH.MX,2025-01,22,"undefined features: rs_last,rs_mean,rs_std"
PH.MX,2025-02,19,"undefined features: rs_last,rs_mean,rs_std"
PH.MX,2025-03,20,"undefined features: rs_last,rs_mean,rs_std,so_last"
PH.MX,2025-05,21,"undefined features: rs_last,rs_mean,rs_std,so_last"
PH.MX,2025-07,23,"undefined features: rs_last,rs_mean,rs_std"
PH.MX,2025-08,21,"undefined features: rs_last,rs_mean,rs_std"
PH.MX,2025-09,21,"undefined features: rs_last,rs_mean,rs_std"
PH.MX,2025-12,21,"undefined features: rs_last,rs_mean,rs_std,so_last"
PH.MX,2026-01,21,"undefined features: rs_last,rs_mean,rs_std,so_last"
PH.MX,2026-02,19,"undefined features: rs_last,rs_mean,rs_std,so_last"
PH.MX,2026-03,21,"undefined features: rs_last,rs_mean,rs_std,so_last"
PH.MX,2026-04,19,"undefined features: rs_last,rs_mean,rs_std,so_last"
PH.MX,2026-05,20,"undefined features: rs_last,rs_mean,rs_std"
PH.MX,2026-06,22,"undefined features: rs_last,rs_mean,rs_std"
PH.MX,2023-07,0,rejected by data-quality gates
PH.MX,2023-08,0,rejected by data-quality gates
PH.MX,2023-09,0,rejected by data-quality gates
PH.MX,2023-10,0,rejected by data-quality gates
PH.MX,2025-04,0,rejected by data-quality gates
PH.MX,2025-06,0,rejected by data-quality gates
PH.MX,2025-10,0,rejected by data-quality gates
PH.MX,2025-11,0,rejected by data-quality gates
PHM.MX,2023-03,3,sessions=3<15 complete-indicator days
PHM.MX,2023-05,22,"undefined features: rs_last,rs_mean,rs_std"
PHM.MX,2023-12,19,"undefined features: rs_last,rs_mean,rs_std"
PHM.MX,2025-12,21,"undefined features: rs_last,rs_mean,rs_std"
PHM.MX,2026-01,21,"undefined features: rs_last,rs_mean,rs_std,so_last"
PHM.MX,2026-02,19,"undefined features: rs_last,rs_mean,rs_std,so_last"
PHM.MX,2026-03,21,"undefined features: rs_last,rs_mean,rs_std,so_last"
PHM.MX,2026-06,22,undefined features: rs_std
PHM.MX,2023-04,0,rejected by data-quality gates
PHM.MX,2023-06,0,rejected by data-quality gates
PHM.MX,2023-07,0,rejected by data-quality gates
PHM.MX,2023-08,0,rejected by data-quality gates
PHM.MX,2023-09,0,rejected by data-quality gates
PHM.MX,2023-10,0,rejected by data-quality gates
PHM.MX,2023-11,0,rejected by data-quality gates
PHM.MX,2024-01,0,rejected by data-quality gates
PHM.MX,2024-02,0,rejected by data-quality gates
PHM.MX,2024-03,0,rejected by data-quality gates
PHM.MX,2024-04,0,rejected by data-quality gates
PHM.MX,2024-05,0,rejected by data-quality gates
PHM.MX,2024-06,0,rejected by data-quality gates
PHM.MX,2024-07,0,rejected by data-quality gates
PHM.MX,2024-08,0,rejected by data-quality gates
PHM.MX,2024-09,0,rejected by data-quality gates
PHM.MX,2024-10,0,rejected by data-quality gates
PHM.MX,2024-11,0,rejected by data-quality gates
PHM.MX,2024-12,0,rejected by data-quality gates
PHM.MX,2025-01,0,rejected by data-quality gates
PHM.MX,2025-02,0,rejected by data-quality gates
PHM.MX,2025-03,0,rejected by data-quality gates
PHM.MX,2025-04,0,rejected by data-quality gates
PHM.MX,2025-05,0,rejected by data-quality gates
PHM.MX,2025-06,0,rejected by data-quality gates
PHM.MX,2025-07,0,rejected by data-quality gates
PHM.MX,2025-08,0,rejected by data-quality gates
PHM.MX,2025-09,0,rejected by data-quality gates
PHM.MX,2025-10,0,rejected by data-quality gates
PHM.MX,2025-11,0,rejected by data-quality gates
PHM.MX,2026-04,0,rejected by data-quality gates
PHM.MX,2026-05,0,rejected by data-quality gates
PINFRA.MX,2023-03,3,sessions=3<15 complete-indicator days
PINS.MX,2023-03,3,sessions=3<15 complete-indicator days
PINS.MX,2023-04,0,rejected by data-quality gates
PINS.MX,2023-08,0,rejected by data-quality gates
PINS.MX,2023-10,0,rejected by data-quality gates
PINS.MX,2023-12,0,rejected by data-quality gates
PKG.MX,2024-08,2,sessions=2<15 complete-indicator days
PKG.MX,2024-09,20,"undefined features: rs_last,rs_mean,rs_std"
PKG.MX,2024-10,22,"undefined features: rs_last,rs_mean,rs_std"
PKG.MX,2025-08,21,"undefined features: rs_last,rs_mean,rs_std,so_last"
PKG.MX,2025-09,21,"undefined features: rs_last,rs_mean,rs_std"
PKG.MX,2025-10,23,"undefined features: rs_last,rs_mean,rs_std"
PKG.MX,2025-11,19,"undefined features: rs_last,rs_mean,rs_std,so_last"
PKG.MX,2025-12,21,"undefined features: rs_last,rs_mean,rs_std,so_last"
PKG.MX,2026-01,21,"undefined features: rs_last,rs_mean,rs_std,so_last"
PKG.MX,2026-02,19,"undefined features: rs_last,rs_mean,rs_std"
PKG.MX,2026-03,21,"undefined features: rs_last,rs_mean,rs_std"
PKG.MX,2026-04,19,"undefined features: rs_last,rs_mean,rs_std,so_last"
PKG.MX,2026-05,20,"undefined features: rs_last,rs_mean,rs_std,so_last"
PKG.MX,2026-06,22,"undefined features: rs_last,rs_mean,rs_std,so_last"
PKG.MX,2024-11,0,rejected by data-quality gates
PKG.MX,2024-12,0,rejected by data-quality gates
PKG.MX,2025-01,0,rejected by data-quality gates
PKG.MX,2025-02,0,rejected by data-quality gates
PKG.MX,2025-03,0,rejected by data-quality gates
PKG.MX,2025-04,0,rejected by data-quality gates
PKG.MX,2025-05,0,rejected by data-quality gates
PKG.MX,2025-06,0,rejected by data-quality gates
PKG.MX,2025-07,0,rejected by data-quality gates
PLD.MX,2023-03,3,sessions=3<15 complete-indicator days
PLD.MX,2023-04,0,rejected by data-quality gates
PLD.MX,2023-05,0,rejected by data-quality gates
PLD.MX,2023-06,0,rejected by data-quality gates
PLD.MX,2023-07,0,rejected by data-quality gates
PLD.MX,2023-08,0,rejected by data-quality gates
PLD.MX,2023-09,0,rejected by data-quality gates
PLD.MX,2023-10,0,rejected by data-quality gates
PLD.MX,2023-11,0,rejected by data-quality gates
PLD.MX,2023-12,0,rejected by data-quality gates
PLD.MX,2024-01,0,rejected by data-quality gates
PLD.MX,2024-02,0,rejected by data-quality gates
PLD.MX,2024-03,0,rejected by data-quality gates
PLD.MX,2024-06,0,rejected by data-quality gates
PLD.MX,2024-09,0,rejected by data-quality gates
PLD.MX,2025-02,0,rejected by data-quality gates
PLD.MX,2025-03,0,rejected by data-quality gates
PLD.MX,2025-04,0,rejected by data-quality gates
PLD.MX,2025-07,0,rejected by data-quality gates
PLD.MX,2025-09,0,rejected by data-quality gates
PLD.MX,2025-10,0,rejected by data-quality gates
PLD.MX,2025-11,0,rejected by data-quality gates
PLD.MX,2025-12,0,rejected by data-quality gates
PLD.MX,2026-01,0,rejected by data-quality gates
PLD.MX,2026-02,0,rejected by data-quality gates
PLD.MX,2026-03,0,rejected by data-quality gates
PLD.MX,2026-04,0,rejected by data-quality gates
PLD.MX,2026-05,0,rejected by data-quality gates
PLD.MX,2026-06,0,rejected by data-quality gates
PM.MX,2023-03,3,sessions=3<15 complete-indicator days
PM.MX,2024-08,22,"undefined features: rs_last,rs_mean,rs_std"
PM.MX,2024-11,20,"undefined features: rs_last,rs_mean,rs_std"
PM.MX,2025-02,19,"undefined features: rs_last,rs_mean,rs_std"
PM.MX,2023-05,0,rejected by data-quality gates
PM.MX,2023-06,0,rejected by data-quality gates
PM.MX,2023-07,0,rejected by data-quality gates
PM.MX,2023-08,0,rejected by data-quality gates
PM.MX,2023-09,0,rejected by data-quality gates
PM.MX,2023-10,0,rejected by data-quality gates
PM.MX,2023-11,0,rejected by data-quality gates
PM.MX,2023-12,0,rejected by data-quality gates
PM.MX,2024-01,0,rejected by data-quality gates
PM.MX,2024-02,0,rejected by data-quality gates
PM.MX,2024-03,0,rejected by data-quality gates
PM.MX,2024-04,0,rejected by data-quality gates
PM.MX,2024-05,0,rejected by data-quality gates
PM.MX,2024-06,0,rejected by data-quality gates
PM.MX,2024-07,0,rejected by data-quality gates
PM.MX,2024-09,0,rejected by data-quality gates
PM.MX,2024-10,0,rejected by data-quality gates
PM.MX,2024-12,0,rejected by data-quality gates
PM.MX,2025-01,0,rejected by data-quality gates
PM.MX,2025-03,0,rejected by data-quality gates
PM.MX,2025-04,0,rejected by data-quality gates
PM.MX,2025-05,0,rejected by data-quality gates
PM.MX,2025-06,0,rejected by data-quality gates
PM.MX,2025-07,0,rejected by data-quality gates
PM.MX,2025-08,0,rejected by data-quality gates
PM.MX,2025-09,0,rejected by data-quality gates
PM.MX,2025-10,0,rejected by data-quality gates
PM.MX,2025-11,0,rejected by data-quality gates
PM.MX,2025-12,0,rejected by data-quality gates
PM.MX,2026-01,0,rejected by data-quality gates
PM.MX,2026-02,0,rejected by data-quality gates
PM.MX,2026-03,0,rejected by data-quality gates
PM.MX,2026-04,0,rejected by data-quality gates
PM.MX,2026-05,0,rejected by data-quality gates
PNC.MX,2023-03,3,sessions=3<15 complete-indicator days
PNC.MX,2023-06,22,"undefined features: rs_last,rs_mean,rs_std,so_last"
PNC.MX,2023-07,21,"undefined features: rs_last,rs_mean,rs_std,so_last"
PNC.MX,2023-08,23,"undefined features: rs_last,rs_mean,rs_std,so_last"
PNC.MX,2023-09,21,"undefined features: rs_last,rs_mean,rs_std"
PNC.MX,2023-10,22,"undefined features: rs_last,rs_mean,rs_std,so_last"
PNC.MX,2023-11,20,"undefined features: rs_last,rs_mean,rs_std,so_std"
PNC.MX,2023-12,19,"undefined features: rs_last,rs_mean,rs_std"
PNC.MX,2024-01,22,"undefined features: rs_last,rs_mean,rs_std,so_last"
PNC.MX,2024-02,20,"undefined features: rs_last,rs_mean,rs_std,so_last"
PNC.MX,2024-03,18,"undefined features: rs_last,rs_mean,rs_std,so_last"
PNC.MX,2024-04,22,"undefined features: rs_last,rs_mean,rs_std,so_last"
PNC.MX,2024-05,22,"undefined features: rs_last,rs_mean,rs_std"
PNC.MX,2024-06,20,"undefined features: rs_last,rs_mean,rs_std,so_std"
PNC.MX,2024-07,23,"undefined features: rs_last,rs_mean,rs_std"
PNC.MX,2024-08,22,"undefined features: rs_last,rs_mean,rs_std"
PNC.MX,2024-09,20,"undefined features: rs_last,rs_mean,rs_std"
PNC.MX,2024-10,22,"undefined features: rs_last,rs_mean,rs_std"
PNC.MX,2024-11,20,"undefined features: rs_last,rs_mean,rs_std"
PNC.MX,2024-12,20,"undefined features: rs_last,rs_mean,rs_std,so_last"
PNC.MX,2025-02,19,"undefined features: rs_last,rs_mean,rs_std,so_last"
PNC.MX,2025-06,21,"undefined features: rs_last,rs_mean,rs_std,so_last"
PNC.MX,2025-07,23,"undefined features: rs_last,rs_mean,rs_std"
PNC.MX,2025-08,21,"undefined features: rs_last,rs_mean,rs_std,so_last"
PNC.MX,2025-12,21,"undefined features: rs_last,rs_mean,rs_std"
PNC.MX,2026-03,21,"undefined features: rs_last,rs_mean,rs_std,so_last"
PNC.MX,2026-04,19,"undefined features: rs_last,rs_mean,rs_std,so_last"
PNC.MX,2023-04,0,rejected by data-quality gates
PNC.MX,2023-05,0,rejected by data-quality gates
PNC.MX,2025-01,0,rejected by data-quality gates
PNC.MX,2025-03,0,rejected by data-quality gates
PNC.MX,2025-04,0,rejected by data-quality gates
PNC.MX,2025-05,0,rejected by data-quality gates
PNC.MX,2025-09,0,rejected by data-quality gates
PNC.MX,2025-10,0,rejected by data-quality gates
PNC.MX,2025-11,0,rejected by data-quality gates
PNC.MX,2026-01,0,rejected by data-quality gates
PNC.MX,2026-02,0,rejected by data-quality gates
PNC.MX,2026-05,0,rejected by data-quality gates
PNC.MX,2026-06,0,rejected by data-quality gates
PODD.MX,2023-03,3,sessions=3<15 complete-indicator days
PODD.MX,2023-04,18,"undefined features: rs_last,rs_mean,rs_std"
PODD.MX,2023-09,21,"undefined features: rs_last,rs_mean,rs_std,so_last"
PODD.MX,2024-01,22,"undefined features: rs_last,rs_mean,rs_std,so_last"
PODD.MX,2024-06,20,"undefined features: rs_last,rs_mean,rs_std,so_last"
PODD.MX,2024-07,23,"undefined features: rs_last,rs_mean,rs_std,so_last"
PODD.MX,2024-08,22,"undefined features: rs_last,rs_mean,rs_std"
PODD.MX,2024-09,20,"undefined features: rs_last,rs_mean,rs_std"
PODD.MX,2024-10,22,"undefined features: rs_last,rs_mean,rs_std"
PODD.MX,2024-11,20,"undefined features: rs_last,rs_mean,rs_std"
PODD.MX,2025-02,19,"undefined features: rs_last,rs_mean,rs_std,so_last"
PODD.MX,2025-03,20,"undefined features: rs_last,rs_mean,rs_std,so_last"
PODD.MX,2025-04,20,"undefined features: rs_last,rs_mean,rs_std,so_last"
PODD.MX,2025-08,21,"undefined features: rs_last,rs_mean,rs_std"
PODD.MX,2025-09,21,"undefined features: rs_last,rs_mean,rs_std"
PODD.MX,2025-10,23,"undefined features: rs_last,rs_mean,rs_std,so_last"
PODD.MX,2025-11,19,"undefined features: rs_last,rs_mean,rs_std,so_last"
PODD.MX,2025-12,21,"undefined features: rs_last,rs_mean,rs_std,so_last"
PODD.MX,2026-01,21,"undefined features: rs_last,rs_mean,rs_std,so_last"
PODD.MX,2026-03,21,"undefined features: rs_last,rs_mean,rs_std,so_last"
PODD.MX,2026-04,19,"undefined features: rs_last,rs_mean,rs_std,so_last"
PODD.MX,2023-05,0,rejected by data-quality gates
PODD.MX,2023-06,0,rejected by data-quality gates
PODD.MX,2023-07,0,rejected by data-quality gates
PODD.MX,2023-08,0,rejected by data-quality gates
PODD.MX,2023-10,0,rejected by data-quality gates
PODD.MX,2023-11,0,rejected by data-quality gates
PODD.MX,2023-12,0,rejected by data-quality gates
PODD.MX,2024-02,0,rejected by data-quality gates
PODD.MX,2024-03,0,rejected by data-quality gates
PODD.MX,2024-04,0,rejected by data-quality gates
PODD.MX,2024-05,0,rejected by data-quality gates
PODD.MX,2024-12,0,rejected by data-quality gates
PODD.MX,2025-01,0,rejected by data-quality gates
PODD.MX,2025-05,0,rejected by data-quality gates
PODD.MX,2025-06,0,rejected by data-quality gates
PODD.MX,2025-07,0,rejected by data-quality gates
PODD.MX,2026-02,0,rejected by data-quality gates
PODD.MX,2026-05,0,rejected by data-quality gates
PODD.MX,2026-06,0,rejected by data-quality gates
PPG.MX,2023-03,3,sessions=3<15 complete-indicator days
PPG.MX,2023-07,21,"undefined features: rs_last,rs_mean,rs_std,so_last"
PPG.MX,2024-06,20,"undefined features: rs_last,rs_mean,rs_std,so_last"
PPG.MX,2024-07,23,"undefined features: rs_last,rs_mean,rs_std,so_last"
PPG.MX,2024-08,22,"undefined features: rs_last,rs_mean,rs_std,so_last"
PPG.MX,2024-09,20,"undefined features: rs_last,rs_mean,rs_std,so_last"
PPG.MX,2024-10,22,"undefined features: rs_last,rs_mean,rs_std"
PPG.MX,2024-11,20,"undefined features: rs_last,rs_mean,rs_std"
PPG.MX,2024-12,20,"undefined features: rs_last,rs_mean,rs_std,so_last"
PPG.MX,2025-05,21,"undefined features: rs_last,rs_mean,rs_std,so_last"
PPG.MX,2025-06,21,"undefined features: rs_last,rs_mean,rs_std,so_last"
PPG.MX,2025-07,23,"undefined features: rs_last,rs_mean,rs_std,so_last"
PPG.MX,2025-08,21,"undefined features: rs_last,rs_mean,rs_std,so_last"
PPG.MX,2025-09,21,"undefined features: rs_last,rs_mean,rs_std,so_last"
PPG.MX,2025-10,23,"undefined features: rs_last,rs_mean,rs_std,so_last"
PPG.MX,2025-11,19,"undefined features: rs_last,rs_mean,rs_std,so_last"
PPG.MX,2026-01,21,"undefined features: rs_last,rs_mean,rs_std,so_last"
PPG.MX,2026-02,19,"undefined features: rs_last,rs_mean,rs_std,so_last"
PPG.MX,2026-03,21,"undefined features: rs_last,rs_mean,rs_std,so_last"
PPG.MX,2026-04,19,"undefined features: rs_last,rs_mean,rs_std"
PPG.MX,2026-05,20,"undefined features: rs_last,rs_mean,rs_std"
PPG.MX,2026-06,22,"undefined features: rs_last,rs_mean,rs_std,so_last"
PPG.MX,2023-04,0,rejected by data-quality gates
PPG.MX,2023-05,0,rejected by data-quality gates
PPG.MX,2023-06,0,rejected by data-quality gates
PPG.MX,2023-08,0,rejected by data-quality gates
PPG.MX,2023-09,0,rejected by data-quality gates
PPG.MX,2023-10,0,rejected by data-quality gates
PPG.MX,2023-11,0,rejected by data-quality gates
PPG.MX,2023-12,0,rejected by data-quality gates
PPG.MX,2024-01,0,rejected by data-quality gates
PPG.MX,2024-02,0,rejected by data-quality gates
PPG.MX,2024-03,0,rejected by data-quality gates
PPG.MX,2024-04,0,rejected by data-quality gates
PPG.MX,2024-05,0,rejected by data-quality gates
PPG.MX,2025-01,0,rejected by data-quality gates
PPG.MX,2025-02,0,rejected by data-quality gates
PPG.MX,2025-03,0,rejected by data-quality gates
PPG.MX,2025-04,0,rejected by data-quality gates
PPG.MX,2025-12,0,rejected by data-quality gates
PR.MX,2023-03,3,sessions=3<15 complete-indicator days
PR.MX,2024-03,18,"undefined features: rs_last,rs_mean,rs_std"
PR.MX,2024-04,22,"undefined features: rs_last,rs_mean,rs_std"
PR.MX,2024-05,22,"undefined features: rs_last,rs_mean,rs_std"
PR.MX,2024-06,20,"undefined features: rs_last,rs_mean,rs_std,so_last"
PR.MX,2024-12,20,"undefined features: rs_last,rs_mean,rs_std,so_last"
PR.MX,2025-01,22,"undefined features: rs_last,rs_mean,rs_std"
PR.MX,2025-02,19,"undefined features: rs_last,rs_mean,rs_std,so_last"
PR.MX,2025-05,21,"undefined features: rs_last,rs_mean,rs_std,so_last"
PR.MX,2025-09,21,undefined features: rs_std
PR.MX,2025-11,19,"undefined features: rs_last,rs_mean,rs_std,so_last"
PR.MX,2025-12,21,"undefined features: rs_last,rs_mean,rs_std"
PR.MX,2026-02,19,"undefined features: rs_last,rs_mean,rs_std"
PR.MX,2026-03,21,"undefined features: rs_last,rs_mean,rs_std"
PR.MX,2023-04,0,rejected by data-quality gates
PR.MX,2023-05,0,rejected by data-quality gates
PR.MX,2023-06,0,rejected by data-quality gates
PR.MX,2023-07,0,rejected by data-quality gates
PR.MX,2023-08,0,rejected by data-quality gates
PR.MX,2023-09,0,rejected by data-quality gates
PR.MX,2023-10,0,rejected by data-quality gates
PR.MX,2023-11,0,rejected by data-quality gates
PR.MX,2023-12,0,rejected by data-quality gates
PR.MX,2024-01,0,rejected by data-quality gates
PR.MX,2024-02,0,rejected by data-quality gates
PR.MX,2024-07,0,rejected by data-quality gates
PR.MX,2024-08,0,rejected by data-quality gates
PR.MX,2024-09,0,rejected by data-quality gates
PR.MX,2024-10,0,rejected by data-quality gates
PR.MX,2024-11,0,rejected by data-quality gates
PR.MX,2025-03,0,rejected by data-quality gates
PR.MX,2025-04,0,rejected by data-quality gates
PR.MX,2025-06,0,rejected by data-quality gates
PR.MX,2025-07,0,rejected by data-quality gates
PR.MX,2025-08,0,rejected by data-quality gates
PR.MX,2025-10,0,rejected by data-quality gates
PR.MX,2026-01,0,rejected by data-quality gates
PR.MX,2026-04,0,rejected by data-quality gates
PR.MX,2026-05,0,rejected by data-quality gates
PR.MX,2026-06,0,rejected by data-quality gates
PRU.MX,2023-03,3,sessions=3<15 complete-indicator days
PRU.MX,2023-04,18,"undefined features: rs_last,rs_mean,rs_std,so_last"
PRU.MX,2023-05,22,"undefined features: rs_last,rs_mean,rs_std,so_last"
PRU.MX,2023-07,21,"undefined features: rs_last,rs_mean,rs_std,so_last"
PRU.MX,2023-08,23,"undefined features: rs_last,rs_mean,rs_std,so_last"
PRU.MX,2023-09,21,"undefined features: rs_last,rs_mean,rs_std,so_last"
PRU.MX,2023-10,22,"undefined features: rs_last,rs_mean,rs_std"
PRU.MX,2023-12,19,"undefined features: rs_last,rs_mean,rs_std,so_last"
PRU.MX,2024-01,22,"undefined features: rs_last,rs_mean,rs_std"
PRU.MX,2024-03,18,"undefined features: rs_last,rs_mean,rs_std,so_last"
PRU.MX,2024-04,22,"undefined features: rs_last,rs_mean,rs_std"
PRU.MX,2024-05,22,"undefined features: rs_last,rs_mean,rs_std,so_std"
PRU.MX,2024-06,20,"undefined features: rs_last,rs_mean,rs_std"
PRU.MX,2024-07,23,"undefined features: rs_last,rs_mean,rs_std,so_last"
PRU.MX,2024-08,22,"undefined features: rs_last,rs_mean,rs_std,so_last"
PRU.MX,2024-09,20,"undefined features: rs_last,rs_mean,rs_std,so_last"
PRU.MX,2024-10,22,"undefined features: rs_last,rs_mean,rs_std,so_last"
PRU.MX,2024-11,20,"undefined features: rs_last,rs_mean,rs_std,so_last"
PRU.MX,2024-12,20,"undefined features: rs_last,rs_mean,rs_std,so_last"
PRU.MX,2025-01,22,"undefined features: rs_last,rs_mean,rs_std"
PRU.MX,2025-02,19,"undefined features: rs_last,rs_mean,rs_std"
PRU.MX,2025-03,20,"undefined features: rs_last,rs_mean,rs_std,so_last"
PRU.MX,2025-04,20,"undefined features: rs_last,rs_mean,rs_std,so_last"
PRU.MX,2025-05,21,"undefined features: rs_last,rs_mean,rs_std,so_last"
PRU.MX,2025-08,21,"undefined features: rs_last,rs_mean,rs_std,so_last"
PRU.MX,2025-12,21,"undefined features: rs_last,rs_mean,rs_std"
PRU.MX,2026-06,22,"undefined features: rs_last,rs_mean,rs_std"
PRU.MX,2023-06,0,rejected by data-quality gates
PRU.MX,2023-11,0,rejected by data-quality gates
PRU.MX,2024-02,0,rejected by data-quality gates
PRU.MX,2025-06,0,rejected by data-quality gates
PRU.MX,2025-07,0,rejected by data-quality gates
PRU.MX,2025-09,0,rejected by data-quality gates
PRU.MX,2025-10,0,rejected by data-quality gates
PRU.MX,2025-11,0,rejected by data-quality gates
PRU.MX,2026-01,0,rejected by data-quality gates
PRU.MX,2026-02,0,rejected by data-quality gates
PRU.MX,2026-03,0,rejected by data-quality gates
PRU.MX,2026-04,0,rejected by data-quality gates
PRU.MX,2026-05,0,rejected by data-quality gates
PSA.MX,2023-03,3,sessions=3<15 complete-indicator days
PSA.MX,2023-04,18,"undefined features: rs_last,rs_mean,rs_std,so_last"
PSA.MX,2023-05,22,"undefined features: rs_last,rs_mean,rs_std,so_last"
PSA.MX,2023-08,23,"undefined features: rs_last,rs_mean,rs_std,so_last"
PSA.MX,2023-09,21,"undefined features: rs_last,rs_mean,rs_std,so_last"
PSA.MX,2023-10,22,"undefined features: rs_last,rs_mean,rs_std,so_last"
PSA.MX,2024-01,22,"undefined features: rs_last,rs_mean,rs_std,so_last"
PSA.MX,2024-02,20,"undefined features: rs_last,rs_mean,rs_std,so_last"
PSA.MX,2024-03,18,"undefined features: rs_last,rs_mean,rs_std,so_last"
PSA.MX,2024-04,22,"undefined features: rs_last,rs_mean,rs_std,so_last"
PSA.MX,2024-05,22,"undefined features: rs_last,rs_mean,rs_std,so_last"
PSA.MX,2024-08,22,"undefined features: rs_last,rs_mean,rs_std"
PSA.MX,2024-09,20,"undefined features: rs_last,rs_mean,rs_std"
PSA.MX,2025-09,21,"undefined features: rs_last,rs_mean,rs_std"
PSA.MX,2026-05,20,"undefined features: rs_last,rs_mean,rs_std"
PSA.MX,2026-06,22,undefined features: rs_std
PSA.MX,2023-06,0,rejected by data-quality gates
PSA.MX,2023-07,0,rejected by data-quality gates
PSA.MX,2023-11,0,rejected by data-quality gates
PSA.MX,2023-12,0,rejected by data-quality gates
PSA.MX,2024-06,0,rejected by data-quality gates
PSA.MX,2024-07,0,rejected by data-quality gates
PSA.MX,2024-10,0,rejected by data-quality gates
PSA.MX,2024-11,0,rejected by data-quality gates
PSA.MX,2024-12,0,rejected by data-quality gates
PSA.MX,2025-01,0,rejected by data-quality gates
PSA.MX,2025-02,0,rejected by data-quality gates
PSA.MX,2025-03,0,rejected by data-quality gates
PSA.MX,2025-04,0,rejected by data-quality gates
PSA.MX,2025-05,0,rejected by data-quality gates
PSA.MX,2025-06,0,rejected by data-quality gates
PSA.MX,2025-07,0,rejected by data-quality gates
PSA.MX,2025-08,0,rejected by data-quality gates
PSA.MX,2025-10,0,rejected by data-quality gates
PSA.MX,2025-11,0,rejected by data-quality gates
PSA.MX,2025-12,0,rejected by data-quality gates
PSA.MX,2026-01,0,rejected by data-quality gates
PSA.MX,2026-02,0,rejected by data-quality gates
PSA.MX,2026-03,0,rejected by data-quality gates
PSA.MX,2026-04,0,rejected by data-quality gates
PSX.MX,2023-03,3,sessions=3<15 complete-indicator days
PSX.MX,2023-04,18,"undefined features: rs_last,rs_mean,rs_std,so_last"
PSX.MX,2023-08,23,"undefined features: rs_last,rs_mean,rs_std,so_last"
PSX.MX,2023-11,20,"undefined features: rs_last,rs_mean,rs_std,so_last"
PSX.MX,2023-12,19,"undefined features: rs_last,rs_mean,rs_std"
PSX.MX,2024-01,22,"undefined features: rs_last,rs_mean,rs_std"
PSX.MX,2024-02,20,"undefined features: rs_last,rs_mean,rs_std,so_last"
PSX.MX,2024-03,18,"undefined features: rs_last,rs_mean,rs_std,so_last"
PSX.MX,2024-04,22,"undefined features: rs_last,rs_mean,rs_std,so_last"
PSX.MX,2024-05,22,"undefined features: rs_last,rs_mean,rs_std"
PSX.MX,2024-06,20,"undefined features: rs_last,rs_mean,rs_std,so_last"
PSX.MX,2024-07,23,"undefined features: rs_last,rs_mean,rs_std,so_last"
PSX.MX,2024-08,22,"undefined features: rs_last,rs_mean,rs_std,so_last"
PSX.MX,2024-09,20,"undefined features: rs_last,rs_mean,rs_std,so_last"
PSX.MX,2024-12,20,"undefined features: rs_last,rs_mean,rs_std,so_last"
PSX.MX,2025-01,22,"undefined features: rs_last,rs_mean,rs_std,so_last"
PSX.MX,2025-02,19,"undefined features: rs_last,rs_mean,rs_std,so_last"
PSX.MX,2025-03,20,"undefined features: rs_last,rs_mean,rs_std,so_last"
PSX.MX,2025-04,20,"undefined features: rs_last,rs_mean,rs_std,so_last"
PSX.MX,2025-05,21,"undefined features: rs_last,rs_mean,rs_std,so_last"
PSX.MX,2025-06,21,"undefined features: rs_last,rs_mean,rs_std,so_last"
PSX.MX,2025-07,23,"undefined features: rs_last,rs_mean,rs_std,so_last"
PSX.MX,2025-08,21,"undefined features: rs_last,rs_mean,rs_std,so_last"
PSX.MX,2025-09,21,"undefined features: rs_last,rs_mean,rs_std,so_last"
PSX.MX,2025-12,21,"undefined features: rs_last,rs_mean,rs_std,so_last"
PSX.MX,2026-01,21,"undefined features: rs_last,rs_mean,rs_std,so_last"
PSX.MX,2026-02,19,"undefined features: rs_last,rs_mean,rs_std"
PSX.MX,2026-03,21,"undefined features: rs_last,rs_mean,rs_std"
PSX.MX,2026-04,19,"undefined features: rs_last,rs_mean,rs_std,so_last"
PSX.MX,2026-05,20,"undefined features: rs_last,rs_mean,rs_std,so_last"
PSX.MX,2026-06,22,"undefined features: rs_last,rs_mean,rs_std"
PSX.MX,2023-05,0,rejected by data-quality gates
PSX.MX,2023-06,0,rejected by data-quality gates
PSX.MX,2023-07,0,rejected by data-quality gates
PSX.MX,2023-09,0,rejected by data-quality gates
PSX.MX,2023-10,0,rejected by data-quality gates
PSX.MX,2024-10,0,rejected by data-quality gates
PSX.MX,2024-11,0,rejected by data-quality gates
PSX.MX,2025-10,0,rejected by data-quality gates
PSX.MX,2025-11,0,rejected by data-quality gates
PTC.MX,2023-03,3,sessions=3<15 complete-indicator days
PTC.MX,2023-05,22,"undefined features: rs_last,rs_mean,rs_std,so_last"
PTC.MX,2023-06,22,"undefined features: rs_last,rs_mean,rs_std"
PTC.MX,2023-07,21,"undefined features: rs_last,rs_mean,rs_std"
PTC.MX,2023-08,23,"undefined features: rs_last,rs_mean,rs_std"
PTC.MX,2023-09,21,"undefined features: rs_last,rs_mean,rs_std,so_last"
PTC.MX,2023-10,22,"undefined features: rs_last,rs_mean,rs_std,so_last"
PTC.MX,2023-11,20,"undefined features: rs_last,rs_mean,rs_std"
PTC.MX,2023-12,19,"undefined features: rs_last,rs_mean,rs_std"
PTC.MX,2024-01,22,"undefined features: rs_last,rs_mean,rs_std"
PTC.MX,2024-02,20,"undefined features: rs_last,rs_mean,rs_std,so_last"
PTC.MX,2024-03,18,"undefined features: rs_last,rs_mean,rs_std,so_last"
PTC.MX,2024-04,22,"undefined features: rs_last,rs_mean,rs_std,so_last"
PTC.MX,2024-05,22,"undefined features: rs_last,rs_mean,rs_std,so_last"
PTC.MX,2024-06,20,"undefined features: rs_last,rs_mean,rs_std"
PTC.MX,2024-07,23,"undefined features: rs_last,rs_mean,rs_std,so_std"
PTC.MX,2024-08,22,"undefined features: rs_last,rs_mean,rs_std"
PTC.MX,2024-09,20,"undefined features: rs_last,rs_mean,rs_std"
PTC.MX,2024-10,22,"undefined features: rs_last,rs_mean,rs_std,so_last"
PTC.MX,2024-11,20,"undefined features: rs_last,rs_mean,rs_std"
PTC.MX,2024-12,20,"undefined features: rs_last,rs_mean,rs_std,so_last"
PTC.MX,2025-01,22,"undefined features: rs_last,rs_mean,rs_std,so_last"
PTC.MX,2025-05,21,"undefined features: rs_last,rs_mean,rs_std"
PTC.MX,2025-06,21,"undefined features: rs_last,rs_mean,rs_std"
PTC.MX,2025-07,23,"undefined features: rs_last,rs_mean,rs_std"
PTC.MX,2025-08,21,"undefined features: rs_last,rs_mean,rs_std"
PTC.MX,2025-09,21,"undefined features: rs_last,rs_mean,rs_std,so_last"
PTC.MX,2026-02,19,"undefined features: rs_last,rs_mean,rs_std,so_last"
PTC.MX,2026-05,20,"undefined features: rs_last,rs_mean,rs_std"
PTC.MX,2023-04,0,rejected by data-quality gates
PTC.MX,2025-02,0,rejected by data-quality gates
PTC.MX,2025-03,0,rejected by data-quality gates
PTC.MX,2025-04,0,rejected by data-quality gates
PTC.MX,2025-10,0,rejected by data-quality gates
PTC.MX,2025-11,0,rejected by data-quality gates
PTC.MX,2025-12,0,rejected by data-quality gates
PTC.MX,2026-01,0,rejected by data-quality gates
PTC.MX,2026-03,0,rejected by data-quality gates
PTC.MX,2026-04,0,rejected by data-quality gates
PTC.MX,2026-06,0,rejected by data-quality gates
PWR.MX,2024-07,1,sessions=1<15 complete-indicator days
PWR.MX,2024-08,22,"undefined features: rs_last,rs_mean,rs_std"
PWR.MX,2024-09,20,"undefined features: rs_last,rs_mean,rs_std"
PWR.MX,2024-10,22,"undefined features: rs_last,rs_mean,rs_std"
PWR.MX,2025-10,23,"undefined features: rs_last,rs_mean,rs_std"
PWR.MX,2026-02,19,"undefined features: rs_last,rs_mean,rs_std"
PWR.MX,2026-04,19,"undefined features: rs_last,rs_mean,rs_std"
PWR.MX,2024-11,0,rejected by data-quality gates
PWR.MX,2024-12,0,rejected by data-quality gates
PWR.MX,2025-01,0,rejected by data-quality gates
PWR.MX,2025-02,0,rejected by data-quality gates
PWR.MX,2025-03,0,rejected by data-quality gates
PWR.MX,2025-04,0,rejected by data-quality gates
PWR.MX,2025-05,0,rejected by data-quality gates
PWR.MX,2025-06,0,rejected by data-quality gates
PWR.MX,2025-07,0,rejected by data-quality gates
PWR.MX,2025-08,0,rejected by data-quality gates
PWR.MX,2025-09,0,rejected by data-quality gates
PWR.MX,2025-11,0,rejected by data-quality gates
PWR.MX,2025-12,0,rejected by data-quality gates
PWR.MX,2026-01,0,rejected by data-quality gates
PWR.MX,2026-03,0,rejected by data-quality gates
PWR.MX,2026-05,0,rejected by data-quality gates
PWR.MX,2026-06,0,rejected by data-quality gates
PYPL.MX,2023-03,3,sessions=3<15 complete-indicator days
Q.MX,2023-03,3,sessions=3<15 complete-indicator days
QCOM.MX,2023-03,3,sessions=3<15 complete-indicator days
RA.MX,2023-03,3,sessions=3<15 complete-indicator days
RBLX.MX,2023-03,3,sessions=3<15 complete-indicator days
RBLX.MX,2023-04,0,rejected by data-quality gates
RBLX.MX,2023-05,0,rejected by data-quality gates
RBLX.MX,2023-06,0,rejected by data-quality gates
RBLX.MX,2023-07,0,rejected by data-quality gates
RBLX.MX,2023-09,0,rejected by data-quality gates
RBLX.MX,2024-01,0,rejected by data-quality gates
RBLX.MX,2024-03,0,rejected by data-quality gates
RBLX.MX,2024-04,0,rejected by data-quality gates
RBLX.MX,2024-06,0,rejected by data-quality gates
RBLX.MX,2024-07,0,rejected by data-quality gates
RBLX.MX,2024-08,0,rejected by data-quality gates
RBLX.MX,2024-09,0,rejected by data-quality gates
RBLX.MX,2024-12,0,rejected by data-quality gates
RBLX.MX,2025-03,0,rejected by data-quality gates
RBLX.MX,2025-04,0,rejected by data-quality gates
RBLX.MX,2025-05,0,rejected by data-quality gates
RBRK.MX,2024-10,6,sessions=6<15 complete-indicator days
RBRK.MX,2024-11,20,"undefined features: rs_last,rs_mean,rs_std,so_last"
RBRK.MX,2024-12,20,"undefined features: rs_last,rs_mean,rs_std,so_last"
RBRK.MX,2025-01,22,"undefined features: rs_last,rs_mean,rs_std,so_last"
RBRK.MX,2025-02,19,"undefined features: rs_last,rs_mean,rs_std,so_last"
RBRK.MX,2025-03,20,"undefined features: rs_last,rs_mean,rs_std,so_last"
RBRK.MX,2025-04,20,"undefined features: rs_last,rs_mean,rs_std,so_last"
RBRK.MX,2025-05,21,"undefined features: rs_last,rs_mean,rs_std"
RBRK.MX,2025-07,23,"undefined features: rs_last,rs_mean,rs_std,so_last"
RBRK.MX,2025-06,0,rejected by data-quality gates
RBRK.MX,2025-08,0,rejected by data-quality gates
RBRK.MX,2025-12,0,rejected by data-quality gates
RBRK.MX,2026-02,0,rejected by data-quality gates
RBRK.MX,2026-03,0,rejected by data-quality gates
RCL.MX,2023-03,3,sessions=3<15 complete-indicator days
RCL.MX,2024-05,0,rejected by data-quality gates
RCL.MX,2025-09,0,rejected by data-quality gates
RCL.MX,2026-02,0,rejected by data-quality gates
REGN.MX,2023-03,3,sessions=3<15 complete-indicator days
REGN.MX,2026-01,21,"undefined features: rs_last,rs_mean,rs_std,so_std"
REGN.MX,2023-04,0,rejected by data-quality gates
REGN.MX,2023-05,0,rejected by data-quality gates
REGN.MX,2023-06,0,rejected by data-quality gates
REGN.MX,2023-07,0,rejected by data-quality gates
REGN.MX,2023-08,0,rejected by data-quality gates
REGN.MX,2023-09,0,rejected by data-quality gates
REGN.MX,2023-10,0,rejected by data-quality gates
REGN.MX,2023-11,0,rejected by data-quality gates
REGN.MX,2023-12,0,rejected by data-quality gates
REGN.MX,2024-01,0,rejected by data-quality gates
REGN.MX,2024-02,0,rejected by data-quality gates
REGN.MX,2024-03,0,rejected by data-quality gates
REGN.MX,2024-04,0,rejected by data-quality gates
REGN.MX,2024-05,0,rejected by data-quality gates
REGN.MX,2024-07,0,rejected by data-quality gates
REGN.MX,2024-08,0,rejected by data-quality gates
REGN.MX,2024-12,0,rejected by data-quality gates
REGN.MX,2025-01,0,rejected by data-quality gates
REGN.MX,2025-02,0,rejected by data-quality gates
REGN.MX,2025-03,0,rejected by data-quality gates
REGN.MX,2025-04,0,rejected by data-quality gates
REGN.MX,2025-05,0,rejected by data-quality gates
REGN.MX,2025-06,0,rejected by data-quality gates
REGN.MX,2025-07,0,rejected by data-quality gates
REGN.MX,2025-09,0,rejected by data-quality gates
REGN.MX,2025-10,0,rejected by data-quality gates
REGN.MX,2025-11,0,rejected by data-quality gates
REGN.MX,2025-12,0,rejected by data-quality gates
REGN.MX,2026-02,0,rejected by data-quality gates
REGN.MX,2026-03,0,rejected by data-quality gates
REGN.MX,2026-04,0,rejected by data-quality gates
REGN.MX,2026-05,0,rejected by data-quality gates
REGN.MX,2026-06,0,rejected by data-quality gates
RF.MX,2023-03,3,sessions=3<15 complete-indicator days
RF.MX,2023-04,18,"undefined features: rs_last,rs_mean,rs_std,so_last"
RF.MX,2023-05,22,"undefined features: rs_last,rs_mean,rs_std,so_last"
RF.MX,2023-06,22,"undefined features: rs_last,rs_mean,rs_std,so_last"
RF.MX,2023-07,21,"undefined features: rs_last,rs_mean,rs_std,so_last"
RF.MX,2023-08,23,"undefined features: rs_last,rs_mean,rs_std,so_last"
RF.MX,2023-09,21,"undefined features: rs_last,rs_mean,rs_std,so_last"
RF.MX,2023-10,22,"undefined features: rs_last,rs_mean,rs_std,so_last"
RF.MX,2023-11,20,"undefined features: rs_last,rs_mean,rs_std,so_last"
RF.MX,2023-12,19,"undefined features: rs_last,rs_mean,rs_std,so_last"
RF.MX,2024-01,22,"undefined features: rs_last,rs_mean,rs_std,so_last"
RF.MX,2024-02,20,"undefined features: rs_last,rs_mean,rs_std,so_last"
RF.MX,2024-03,18,"undefined features: rs_last,rs_mean,rs_std,so_last"
RF.MX,2024-04,22,"undefined features: rs_last,rs_mean,rs_std,so_last"
RF.MX,2024-05,22,"undefined features: rs_last,rs_mean,rs_std,so_last"
RF.MX,2024-06,20,"undefined features: rs_last,rs_mean,rs_std,so_last"
RF.MX,2024-07,23,"undefined features: rs_last,rs_mean,rs_std,so_last"
RF.MX,2024-08,22,"undefined features: rs_last,rs_mean,rs_std,so_last"
RF.MX,2024-09,20,"undefined features: rs_last,rs_mean,rs_std,so_last"
RF.MX,2024-10,22,"undefined features: rs_last,rs_mean,rs_std,so_last"
RF.MX,2024-11,20,"undefined features: rs_last,rs_mean,rs_std,so_last"
RF.MX,2024-12,20,"undefined features: rs_last,rs_mean,rs_std,so_last"
RF.MX,2025-01,22,"undefined features: rs_last,rs_mean,rs_std,so_last"
RF.MX,2025-02,19,"undefined features: rs_last,rs_mean,rs_std,so_last"
RF.MX,2025-03,20,"undefined features: rs_last,rs_mean,rs_std,so_last"
RF.MX,2025-04,20,"undefined features: rs_last,rs_mean,rs_std,so_last"
RF.MX,2025-06,21,"undefined features: rs_last,rs_mean,rs_std,so_last"
RF.MX,2025-07,23,"undefined features: rs_last,rs_mean,rs_std,so_last"
RF.MX,2025-08,21,"undefined features: rs_last,rs_mean,rs_std"
RF.MX,2025-10,23,"undefined features: rs_last,rs_mean,rs_std,so_last"
RF.MX,2025-11,19,"undefined features: rs_last,rs_mean,rs_std,so_last"
RF.MX,2025-12,21,"undefined features: rs_last,rs_mean,rs_std,so_last"
RF.MX,2026-01,21,"undefined features: rs_last,rs_mean,rs_std,so_last"
RF.MX,2026-02,19,"undefined features: rs_last,rs_mean,rs_std,so_last"
RF.MX,2026-03,21,"undefined features: rs_last,rs_mean,rs_std,so_last"
RF.MX,2026-04,19,"undefined features: rs_last,rs_mean,rs_std,so_last"
RF.MX,2026-05,20,"undefined features: rs_last,rs_mean,rs_std,so_last"
RF.MX,2025-05,0,rejected by data-quality gates
RF.MX,2025-09,0,rejected by data-quality gates
RF.MX,2026-06,0,rejected by data-quality gates
RGLD.MX,2023-03,3,sessions=3<15 complete-indicator days
RGLD.MX,2023-04,18,"undefined features: rs_last,rs_mean,rs_std,so_last"
RGLD.MX,2023-05,22,"undefined features: rs_last,rs_mean,rs_std,so_last"
RGLD.MX,2023-06,22,"undefined features: rs_last,rs_mean,rs_std,so_last"
RGLD.MX,2023-07,21,"undefined features: rs_last,rs_mean,rs_std,so_last"
RGLD.MX,2023-08,23,"undefined features: rs_last,rs_mean,rs_std,so_last"
RGLD.MX,2023-09,21,"undefined features: rs_last,rs_mean,rs_std,so_last"
RGLD.MX,2023-10,22,"undefined features: rs_last,rs_mean,rs_std,so_last"
RGLD.MX,2023-11,20,"undefined features: rs_last,rs_mean,rs_std,so_last"
RGLD.MX,2023-12,19,"undefined features: rs_last,rs_mean,rs_std,so_last"
RGLD.MX,2024-01,22,"undefined features: rs_last,rs_mean,rs_std,so_last"
RGLD.MX,2024-04,22,"undefined features: rs_last,rs_mean,rs_std,so_last"
RGLD.MX,2024-05,22,"undefined features: rs_last,rs_mean,rs_std,so_last"
RGLD.MX,2024-06,20,"undefined features: rs_last,rs_mean,rs_std,so_last"
RGLD.MX,2024-07,23,"undefined features: rs_last,rs_mean,rs_std,so_last"
RGLD.MX,2024-08,22,"undefined features: rs_last,rs_mean,rs_std"
RGLD.MX,2024-09,20,"undefined features: rs_last,rs_mean,rs_std"
RGLD.MX,2024-11,20,"undefined features: rs_last,rs_mean,rs_std"
RGLD.MX,2024-12,20,"undefined features: rs_last,rs_mean,rs_std,so_last"
RGLD.MX,2025-01,22,"undefined features: rs_last,rs_mean,rs_std,so_last"
RGLD.MX,2025-02,19,"undefined features: rs_last,rs_mean,rs_std,so_last"
RGLD.MX,2025-03,20,"undefined features: rs_last,rs_mean,rs_std,so_last"
RGLD.MX,2025-04,20,"undefined features: rs_last,rs_mean,rs_std,so_last"
RGLD.MX,2025-05,21,"undefined features: rs_last,rs_mean,rs_std,so_last"
RGLD.MX,2025-06,21,"undefined features: rs_last,rs_mean,rs_std,so_last"
RGLD.MX,2025-12,21,"undefined features: rs_last,rs_mean,rs_std"
RGLD.MX,2024-02,0,rejected by data-quality gates
RGLD.MX,2024-03,0,rejected by data-quality gates
RGLD.MX,2024-10,0,rejected by data-quality gates
RGLD.MX,2025-07,0,rejected by data-quality gates
RGLD.MX,2025-08,0,rejected by data-quality gates
RGLD.MX,2025-09,0,rejected by data-quality gates
RGLD.MX,2025-10,0,rejected by data-quality gates
RGLD.MX,2025-11,0,rejected by data-quality gates
RGLD.MX,2026-01,0,rejected by data-quality gates
RGLD.MX,2026-02,0,rejected by data-quality gates
RGLD.MX,2026-03,0,rejected by data-quality gates
RGLD.MX,2026-04,0,rejected by data-quality gates
RGLD.MX,2026-05,0,rejected by data-quality gates
RGLD.MX,2026-06,0,rejected by data-quality gates
RIVN.MX,2023-03,3,sessions=3<15 complete-indicator days
RKT.MX,2023-03,3,sessions=3<15 complete-indicator days
RKT.MX,2023-04,18,"undefined features: rs_last,rs_mean,rs_std,so_last"
RKT.MX,2023-05,22,"undefined features: rs_last,rs_mean,rs_std,so_last"
RKT.MX,2023-06,22,"undefined features: rs_last,rs_mean,rs_std,so_last"
RKT.MX,2023-07,21,"undefined features: rs_last,rs_mean,rs_std,so_last"
RKT.MX,2023-09,21,"undefined features: rs_last,rs_mean,rs_std,so_last"
RKT.MX,2023-10,22,"undefined features: rs_last,rs_mean,rs_std,so_last"
RKT.MX,2023-12,19,"undefined features: rs_last,rs_mean,rs_std"
RKT.MX,2024-04,22,"undefined features: rs_last,rs_mean,rs_std"
RKT.MX,2024-05,22,"undefined features: rs_last,rs_mean,rs_std"
RKT.MX,2024-06,20,"undefined features: rs_last,rs_mean,rs_std"
RKT.MX,2024-08,22,"undefined features: rs_last,rs_mean,rs_std"
RKT.MX,2024-09,20,"undefined features: rs_last,rs_mean,rs_std"
RKT.MX,2025-02,19,"undefined features: rs_last,rs_mean,rs_std,so_last"
RKT.MX,2025-03,20,"undefined features: rs_last,rs_mean,rs_std,so_last"
RKT.MX,2025-04,20,"undefined features: rs_last,rs_mean,rs_std"
RKT.MX,2025-05,21,"undefined features: rs_last,rs_mean,rs_std"
RKT.MX,2025-08,21,"undefined features: rs_last,rs_mean,rs_std"
RKT.MX,2026-01,21,"undefined features: rs_last,rs_mean,rs_std"
RKT.MX,2026-04,19,"undefined features: rs_last,rs_mean,rs_std,so_last"
RKT.MX,2023-08,0,rejected by data-quality gates
RKT.MX,2023-11,0,rejected by data-quality gates
RKT.MX,2024-01,0,rejected by data-quality gates
RKT.MX,2024-02,0,rejected by data-quality gates
RKT.MX,2024-03,0,rejected by data-quality gates
RKT.MX,2024-07,0,rejected by data-quality gates
RKT.MX,2024-10,0,rejected by data-quality gates
RKT.MX,2024-11,0,rejected by data-quality gates
RKT.MX,2024-12,0,rejected by data-quality gates
RKT.MX,2025-01,0,rejected by data-quality gates
RKT.MX,2025-06,0,rejected by data-quality gates
RKT.MX,2025-07,0,rejected by data-quality gates
RKT.MX,2025-09,0,rejected by data-quality gates
RKT.MX,2025-10,0,rejected by data-quality gates
RKT.MX,2025-11,0,rejected by data-quality gates
RKT.MX,2025-12,0,rejected by data-quality gates
RKT.MX,2026-02,0,rejected by data-quality gates
RKT.MX,2026-03,0,rejected by data-quality gates
RKT.MX,2026-05,0,rejected by data-quality gates
RKT.MX,2026-06,0,rejected by data-quality gates
RMD.MX,2023-03,3,sessions=3<15 complete-indicator days
RMD.MX,2023-04,18,"undefined features: rs_last,rs_mean,rs_std"
RMD.MX,2023-07,21,"undefined features: rs_last,rs_mean,rs_std,so_last"
RMD.MX,2023-08,23,"undefined features: rs_last,rs_mean,rs_std,so_last"
RMD.MX,2023-09,21,"undefined features: rs_last,rs_mean,rs_std,so_last"
RMD.MX,2023-10,22,"undefined features: rs_last,rs_mean,rs_std,so_last"
RMD.MX,2023-12,19,"undefined features: rs_last,rs_mean,rs_std,so_last"
RMD.MX,2024-01,22,"undefined features: rs_last,rs_mean,rs_std"
RMD.MX,2024-02,20,"undefined features: rs_last,rs_mean,rs_std"
RMD.MX,2024-03,18,"undefined features: rs_last,rs_mean,rs_std,so_last"
RMD.MX,2024-05,22,undefined features: rs_std
RMD.MX,2024-06,20,"undefined features: rs_last,rs_mean,rs_std"
RMD.MX,2024-09,20,"undefined features: rs_last,rs_mean,rs_std,so_last"
RMD.MX,2024-10,22,"undefined features: rs_last,rs_mean,rs_std"
RMD.MX,2024-11,20,"undefined features: rs_last,rs_mean,rs_std"
RMD.MX,2024-12,20,"undefined features: rs_last,rs_mean,rs_std"
RMD.MX,2025-01,22,"undefined features: rs_last,rs_mean,rs_std"
RMD.MX,2025-02,19,"undefined features: rs_last,rs_mean,rs_std"
RMD.MX,2025-10,23,"undefined features: rs_last,rs_mean,rs_std,so_last"
RMD.MX,2025-11,19,"undefined features: rs_last,rs_mean,rs_std,so_last"
RMD.MX,2026-02,19,"undefined features: rs_last,rs_mean,rs_std,so_last"
RMD.MX,2026-03,21,"undefined features: rs_std,so_std"
RMD.MX,2026-06,22,"undefined features: rs_std,so_std"
RMD.MX,2023-05,0,rejected by data-quality gates
RMD.MX,2023-06,0,rejected by data-quality gates
RMD.MX,2023-11,0,rejected by data-quality gates
RMD.MX,2024-04,0,rejected by data-quality gates
RMD.MX,2024-07,0,rejected by data-quality gates
RMD.MX,2024-08,0,rejected by data-quality gates
RMD.MX,2025-03,0,rejected by data-quality gates
RMD.MX,2025-04,0,rejected by data-quality gates
RMD.MX,2025-05,0,rejected by data-quality gates
RMD.MX,2025-06,0,rejected by data-quality gates
RMD.MX,2025-07,0,rejected by data-quality gates
RMD.MX,2025-08,0,rejected by data-quality gates
RMD.MX,2025-09,0,rejected by data-quality gates
RMD.MX,2025-12,0,rejected by data-quality gates
RMD.MX,2026-01,0,rejected by data-quality gates
RMD.MX,2026-04,0,rejected by data-quality gates
RMD.MX,2026-05,0,rejected by data-quality gates
ROK.MX,2023-03,3,sessions=3<15 complete-indicator days
ROK.MX,2023-04,18,"undefined features: rs_last,rs_mean,rs_std,so_last"
ROK.MX,2023-05,22,"undefined features: rs_last,rs_mean,rs_std,so_last"
ROK.MX,2023-06,22,"undefined features: rs_last,rs_mean,rs_std"
ROK.MX,2024-01,22,"undefined features: rs_last,rs_mean,rs_std,so_last"
ROK.MX,2024-02,20,"undefined features: rs_last,rs_mean,rs_std,so_last"
ROK.MX,2024-03,18,"undefined features: rs_last,rs_mean,rs_std,so_last"
ROK.MX,2024-04,22,"undefined features: rs_last,rs_mean,rs_std,so_last"
ROK.MX,2024-06,20,"undefined features: rs_std,so_last,so_mean,so_std"
ROK.MX,2024-07,23,"undefined features: rs_last,rs_mean,rs_std,so_last"
ROK.MX,2024-08,22,"undefined features: rs_last,rs_mean,rs_std"
ROK.MX,2024-09,20,"undefined features: rs_last,rs_mean,rs_std,so_last"
ROK.MX,2024-10,22,"undefined features: rs_last,rs_mean,rs_std,so_last"
ROK.MX,2024-11,20,"undefined features: rs_last,rs_mean,rs_std,so_last"
ROK.MX,2024-12,20,"undefined features: rs_last,rs_mean,rs_std,so_last"
ROK.MX,2025-01,22,"undefined features: rs_last,rs_mean,rs_std,so_last"
ROK.MX,2025-02,19,"undefined features: rs_last,rs_mean,rs_std,so_last"
ROK.MX,2025-06,21,"undefined features: rs_last,rs_mean,rs_std"
ROK.MX,2025-07,23,"undefined features: rs_last,rs_mean,rs_std"
ROK.MX,2025-11,19,"undefined features: rs_last,rs_mean,rs_std"
ROK.MX,2026-04,19,"undefined features: rs_last,rs_mean,rs_std,so_last"
ROK.MX,2026-05,20,"undefined features: rs_last,rs_mean,rs_std,so_last"
ROK.MX,2026-06,22,"undefined features: rs_last,rs_mean,rs_std"
ROK.MX,2023-07,0,rejected by data-quality gates
ROK.MX,2023-08,0,rejected by data-quality gates
ROK.MX,2023-09,0,rejected by data-quality gates
ROK.MX,2023-10,0,rejected by data-quality gates
ROK.MX,2023-11,0,rejected by data-quality gates
ROK.MX,2023-12,0,rejected by data-quality gates
ROK.MX,2024-05,0,rejected by data-quality gates
ROK.MX,2025-03,0,rejected by data-quality gates
ROK.MX,2025-04,0,rejected by data-quality gates
ROK.MX,2025-05,0,rejected by data-quality gates
ROK.MX,2025-08,0,rejected by data-quality gates
ROK.MX,2025-09,0,rejected by data-quality gates
ROK.MX,2025-10,0,rejected by data-quality gates
ROK.MX,2025-12,0,rejected by data-quality gates
ROK.MX,2026-01,0,rejected by data-quality gates
ROK.MX,2026-02,0,rejected by data-quality gates
ROK.MX,2026-03,0,rejected by data-quality gates
ROKU.MX,2023-03,3,sessions=3<15 complete-indicator days
ROKU.MX,2025-03,0,rejected by data-quality gates
ROKU.MX,2026-03,0,rejected by data-quality gates
ROKU.MX,2026-05,0,rejected by data-quality gates
ROKU.MX,2026-06,0,rejected by data-quality gates
ROL.MX,2024-03,8,sessions=8<15 complete-indicator days
ROL.MX,2024-08,22,"undefined features: rs_last,rs_mean,rs_std,so_last"
ROL.MX,2024-09,20,"undefined features: rs_last,rs_mean,rs_std"
ROL.MX,2024-10,22,"undefined features: rs_last,rs_mean,rs_std"
ROL.MX,2024-12,20,"undefined features: rs_last,rs_mean,rs_std"
ROL.MX,2025-01,22,"undefined features: rs_last,rs_mean,rs_std"
ROL.MX,2025-02,19,"undefined features: rs_last,rs_mean,rs_std"
ROL.MX,2025-03,20,"undefined features: rs_last,rs_mean,rs_std"
ROL.MX,2025-04,20,"undefined features: rs_last,rs_mean,rs_std"
ROL.MX,2025-05,21,"undefined features: rs_last,rs_mean,rs_std"
ROL.MX,2025-06,21,undefined features: rs_std
ROL.MX,2025-08,21,"undefined features: rs_last,rs_mean,rs_std"
ROL.MX,2025-09,21,"undefined features: rs_last,rs_mean,rs_std,so_last"
ROL.MX,2025-11,19,"undefined features: rs_last,rs_mean,rs_std"
ROL.MX,2024-04,0,rejected by data-quality gates
ROL.MX,2024-05,0,rejected by data-quality gates
ROL.MX,2024-06,0,rejected by data-quality gates
ROL.MX,2024-07,0,rejected by data-quality gates
ROL.MX,2024-11,0,rejected by data-quality gates
ROL.MX,2025-07,0,rejected by data-quality gates
ROL.MX,2025-10,0,rejected by data-quality gates
ROL.MX,2025-12,0,rejected by data-quality gates
ROL.MX,2026-01,0,rejected by data-quality gates
ROL.MX,2026-02,0,rejected by data-quality gates
ROL.MX,2026-03,0,rejected by data-quality gates
ROL.MX,2026-04,0,rejected by data-quality gates
ROL.MX,2026-05,0,rejected by data-quality gates
ROL.MX,2026-06,0,rejected by data-quality gates
ROST.MX,2023-03,3,sessions=3<15 complete-indicator days
ROST.MX,2026-01,21,"undefined features: rs_last,rs_mean,rs_std"
ROST.MX,2026-02,19,"undefined features: rs_last,rs_mean,rs_std"
ROST.MX,2026-03,21,"undefined features: rs_last,rs_mean,rs_std"
ROST.MX,2026-04,19,"undefined features: rs_last,rs_mean,rs_std"
ROST.MX,2023-04,0,rejected by data-quality gates
ROST.MX,2023-05,0,rejected by data-quality gates
ROST.MX,2023-06,0,rejected by data-quality gates
ROST.MX,2023-07,0,rejected by data-quality gates
ROST.MX,2023-08,0,rejected by data-quality gates
ROST.MX,2023-09,0,rejected by data-quality gates
ROST.MX,2023-10,0,rejected by data-quality gates
ROST.MX,2023-11,0,rejected by data-quality gates
ROST.MX,2023-12,0,rejected by data-quality gates
ROST.MX,2024-01,0,rejected by data-quality gates
ROST.MX,2024-02,0,rejected by data-quality gates
ROST.MX,2024-03,0,rejected by data-quality gates
ROST.MX,2024-04,0,rejected by data-quality gates
ROST.MX,2024-05,0,rejected by data-quality gates
ROST.MX,2024-06,0,rejected by data-quality gates
ROST.MX,2024-07,0,rejected by data-quality gates
ROST.MX,2024-08,0,rejected by data-quality gates
ROST.MX,2024-09,0,rejected by data-quality gates
ROST.MX,2024-10,0,rejected by data-quality gates
ROST.MX,2024-11,0,rejected by data-quality gates
ROST.MX,2024-12,0,rejected by data-quality gates
ROST.MX,2025-01,0,rejected by data-quality gates
ROST.MX,2025-02,0,rejected by data-quality gates
ROST.MX,2025-04,0,rejected by data-quality gates
ROST.MX,2025-05,0,rejected by data-quality gates
ROST.MX,2025-06,0,rejected by data-quality gates
ROST.MX,2025-07,0,rejected by data-quality gates
ROST.MX,2025-08,0,rejected by data-quality gates
ROST.MX,2025-09,0,rejected by data-quality gates
ROST.MX,2025-10,0,rejected by data-quality gates
ROST.MX,2025-11,0,rejected by data-quality gates
ROST.MX,2025-12,0,rejected by data-quality gates
ROST.MX,2026-05,0,rejected by data-quality gates
ROST.MX,2026-06,0,rejected by data-quality gates
RRX.MX,2023-04,17,"undefined features: rs_last,rs_mean,rs_std,so_last"
RRX.MX,2023-05,22,"undefined features: rs_last,rs_mean,rs_std,so_last"
RRX.MX,2023-06,22,"undefined features: rs_last,rs_mean,rs_std,so_last"
RRX.MX,2023-07,21,"undefined features: rs_last,rs_mean,rs_std,so_last"
RRX.MX,2023-08,23,"undefined features: rs_last,rs_mean,rs_std,so_last"
RRX.MX,2023-09,21,"undefined features: rs_last,rs_mean,rs_std,so_last"
RRX.MX,2023-10,22,"undefined features: rs_last,rs_mean,rs_std,so_last"
RRX.MX,2023-11,20,"undefined features: rs_last,rs_mean,rs_std,so_last"
RRX.MX,2024-02,20,"undefined features: rs_last,rs_mean,rs_std,so_last"
RRX.MX,2024-03,18,"undefined features: rs_last,rs_mean,rs_std,so_last"
RRX.MX,2024-04,22,"undefined features: rs_last,rs_mean,rs_std,so_last"
RRX.MX,2024-07,23,"undefined features: rs_last,rs_mean,rs_std,so_last"
RRX.MX,2024-08,22,"undefined features: rs_last,rs_mean,rs_std,so_last"
RRX.MX,2024-09,20,"undefined features: rs_last,rs_mean,rs_std"
RRX.MX,2024-10,22,"undefined features: rs_last,rs_mean,rs_std,so_last"
RRX.MX,2024-11,20,"undefined features: rs_last,rs_mean,rs_std,so_last"
RRX.MX,2024-12,20,"undefined features: rs_last,rs_mean,rs_std"
RRX.MX,2025-01,22,"undefined features: rs_last,rs_mean,rs_std,so_last"
RRX.MX,2025-02,19,"undefined features: rs_last,rs_mean,rs_std,so_last"
RRX.MX,2025-03,20,"undefined features: rs_last,rs_mean,rs_std,so_last"
RRX.MX,2025-04,20,"undefined features: rs_last,rs_mean,rs_std,so_last"
RRX.MX,2025-05,21,"undefined features: rs_last,rs_mean,rs_std,so_last"
RRX.MX,2025-06,21,"undefined features: rs_last,rs_mean,rs_std,so_last"
RRX.MX,2025-07,23,"undefined features: rs_last,rs_mean,rs_std,so_last"
RRX.MX,2025-10,23,"undefined features: rs_last,rs_mean,rs_std,so_last"
RRX.MX,2025-11,19,"undefined features: rs_last,rs_mean,rs_std,so_last"
RRX.MX,2025-12,21,"undefined features: rs_last,rs_mean,rs_std,so_last"
RRX.MX,2026-01,21,"undefined features: rs_last,rs_mean,rs_std,so_last"
RRX.MX,2026-02,19,"undefined features: rs_last,rs_mean,rs_std"
RRX.MX,2026-03,21,"undefined features: rs_last,rs_mean,rs_std,so_last"
RRX.MX,2026-04,19,"undefined features: rs_last,rs_mean,rs_std,so_last"
RRX.MX,2026-05,20,"undefined features: rs_last,rs_mean,rs_std,so_last"
RRX.MX,2026-06,22,"undefined features: rs_last,rs_mean,rs_std,so_last"
RRX.MX,2023-12,0,rejected by data-quality gates
RRX.MX,2024-01,0,rejected by data-quality gates
RRX.MX,2024-05,0,rejected by data-quality gates
RRX.MX,2024-06,0,rejected by data-quality gates
RRX.MX,2025-08,0,rejected by data-quality gates
RRX.MX,2025-09,0,rejected by data-quality gates
RSGA.MX,2023-03,3,sessions=3<15 complete-indicator days
RSGA.MX,2023-10,22,"undefined features: rs_last,rs_mean,rs_std,so_last"
RSGA.MX,2024-02,20,"undefined features: rs_last,rs_mean,rs_std"
RSGA.MX,2024-03,18,"undefined features: rs_last,rs_mean,rs_std"
RSGA.MX,2024-04,22,"undefined features: rs_last,rs_mean,rs_std,so_last"
RSGA.MX,2024-11,20,"undefined features: rs_last,rs_mean,rs_std"
RSGA.MX,2025-04,20,"undefined features: rs_last,rs_mean,rs_std,so_last"
RSGA.MX,2025-05,21,"undefined features: rs_last,rs_mean,rs_std"
RSGA.MX,2025-10,23,"undefined features: rs_last,rs_mean,rs_std,so_last"
RSGA.MX,2026-04,19,"undefined features: rs_last,rs_mean,rs_std,so_std"
RSGA.MX,2023-04,0,rejected by data-quality gates
RSGA.MX,2023-05,0,rejected by data-quality gates
RSGA.MX,2023-06,0,rejected by data-quality gates
RSGA.MX,2023-07,0,rejected by data-quality gates
RSGA.MX,2023-08,0,rejected by data-quality gates
RSGA.MX,2023-09,0,rejected by data-quality gates
RSGA.MX,2023-11,0,rejected by data-quality gates
RSGA.MX,2023-12,0,rejected by data-quality gates
RSGA.MX,2024-01,0,rejected by data-quality gates
RSGA.MX,2024-05,0,rejected by data-quality gates
RSGA.MX,2024-06,0,rejected by data-quality gates
RSGA.MX,2024-07,0,rejected by data-quality gates
RSGA.MX,2024-08,0,rejected by data-quality gates
RSGA.MX,2024-09,0,rejected by data-quality gates
RSGA.MX,2024-10,0,rejected by data-quality gates
RSGA.MX,2024-12,0,rejected by data-quality gates
RSGA.MX,2025-01,0,rejected by data-quality gates
RSGA.MX,2025-02,0,rejected by data-quality gates
RSGA.MX,2025-03,0,rejected by data-quality gates
RSGA.MX,2025-06,0,rejected by data-quality gates
RSGA.MX,2025-07,0,rejected by data-quality gates
RSGA.MX,2025-08,0,rejected by data-quality gates
RSGA.MX,2025-09,0,rejected by data-quality gates
RSGA.MX,2025-11,0,rejected by data-quality gates
RSGA.MX,2025-12,0,rejected by data-quality gates
RSGA.MX,2026-01,0,rejected by data-quality gates
RSGA.MX,2026-02,0,rejected by data-quality gates
RSGA.MX,2026-03,0,rejected by data-quality gates
RSGA.MX,2026-05,0,rejected by data-quality gates
RSGA.MX,2026-06,0,rejected by data-quality gates
RTX.MX,2023-03,3,sessions=3<15 complete-indicator days
RTX.MX,2023-04,0,rejected by data-quality gates
RTX.MX,2023-05,0,rejected by data-quality gates
RTX.MX,2023-06,0,rejected by data-quality gates
RTX.MX,2023-07,0,rejected by data-quality gates
RTX.MX,2023-08,0,rejected by data-quality gates
RTX.MX,2023-09,0,rejected by data-quality gates
RTX.MX,2023-10,0,rejected by data-quality gates
RTX.MX,2023-11,0,rejected by data-quality gates
RTX.MX,2023-12,0,rejected by data-quality gates
RTX.MX,2024-02,0,rejected by data-quality gates
RTX.MX,2024-03,0,rejected by data-quality gates
RTX.MX,2024-04,0,rejected by data-quality gates
RTX.MX,2024-06,0,rejected by data-quality gates
RTX.MX,2024-07,0,rejected by data-quality gates
RTX.MX,2024-08,0,rejected by data-quality gates
RTX.MX,2024-09,0,rejected by data-quality gates
RTX.MX,2024-10,0,rejected by data-quality gates
RTX.MX,2024-11,0,rejected by data-quality gates
RTX.MX,2024-12,0,rejected by data-quality gates
RTX.MX,2025-01,0,rejected by data-quality gates
RTX.MX,2025-02,0,rejected by data-quality gates
RTX.MX,2025-03,0,rejected by data-quality gates
RTX.MX,2025-04,0,rejected by data-quality gates
RTX.MX,2025-05,0,rejected by data-quality gates
RTX.MX,2025-07,0,rejected by data-quality gates
RTX.MX,2025-08,0,rejected by data-quality gates
RTX.MX,2025-09,0,rejected by data-quality gates
RTX.MX,2025-10,0,rejected by data-quality gates
RTX.MX,2025-11,0,rejected by data-quality gates
RTX.MX,2025-12,0,rejected by data-quality gates
RTX.MX,2026-01,0,rejected by data-quality gates
RTX.MX,2026-02,0,rejected by data-quality gates
SAIA.MX,2024-12,6,sessions=6<15 complete-indicator days
SAIA.MX,2025-06,21,"undefined features: rs_last,rs_mean,rs_std,so_last"
SAIA.MX,2025-07,23,"undefined features: rs_last,rs_mean,rs_std"
SAIA.MX,2025-10,23,"undefined features: rs_last,rs_mean,rs_std,so_last"
SAIA.MX,2025-11,19,"undefined features: rs_last,rs_mean,rs_std,so_last"
SAIA.MX,2025-12,21,"undefined features: rs_last,rs_mean,rs_std,so_last"
SAIA.MX,2026-01,21,"undefined features: rs_last,rs_mean,rs_std"
SAIA.MX,2026-02,19,"undefined features: rs_last,rs_mean,rs_std"
SAIA.MX,2026-03,21,"undefined features: rs_last,rs_mean,rs_std,so_last"
SAIA.MX,2026-04,19,"undefined features: rs_last,rs_mean,rs_std,so_last"
SAIA.MX,2026-05,20,"undefined features: rs_last,rs_mean,rs_std,so_last"
SAIA.MX,2026-06,22,"undefined features: rs_last,rs_mean,rs_std,so_last"
SAIA.MX,2025-01,0,rejected by data-quality gates
SAIA.MX,2025-02,0,rejected by data-quality gates
SAIA.MX,2025-03,0,rejected by data-quality gates
SAIA.MX,2025-04,0,rejected by data-quality gates
SAIA.MX,2025-05,0,rejected by data-quality gates
SAIA.MX,2025-08,0,rejected by data-quality gates
SAIA.MX,2025-09,0,rejected by data-quality gates
SBAC.MX,2023-03,3,sessions=3<15 complete-indicator days
SBAC.MX,2023-04,18,"undefined features: rs_last,rs_mean,rs_std,so_last"
SBAC.MX,2023-05,22,"undefined features: rs_last,rs_mean,rs_std,so_last"
SBAC.MX,2023-06,22,"undefined features: rs_last,rs_mean,rs_std,so_last"
SBAC.MX,2023-07,21,"undefined features: rs_last,rs_mean,rs_std,so_last"
SBAC.MX,2023-08,23,"undefined features: rs_last,rs_mean,rs_std,so_last"
SBAC.MX,2023-09,21,"undefined features: rs_last,rs_mean,rs_std,so_last"
SBAC.MX,2023-10,22,"undefined features: rs_last,rs_mean,rs_std,so_last"
SBAC.MX,2023-11,20,"undefined features: rs_last,rs_mean,rs_std,so_last"
SBAC.MX,2023-12,19,"undefined features: rs_last,rs_mean,rs_std,so_last"
SBAC.MX,2024-01,22,"undefined features: rs_last,rs_mean,rs_std,so_last"
SBAC.MX,2024-02,20,"undefined features: rs_last,rs_mean,rs_std,so_last"
SBAC.MX,2024-03,18,"undefined features: rs_last,rs_mean,rs_std,so_last"
SBAC.MX,2024-04,22,"undefined features: rs_last,rs_mean,rs_std,so_last"
SBAC.MX,2024-05,22,"undefined features: rs_last,rs_mean,rs_std,so_last"
SBAC.MX,2024-08,22,"undefined features: rs_last,rs_mean,rs_std,so_last"
SBAC.MX,2024-09,20,"undefined features: rs_last,rs_mean,rs_std"
SBAC.MX,2024-10,22,"undefined features: rs_last,rs_mean,rs_std"
SBAC.MX,2024-12,20,"undefined features: rs_last,rs_mean,rs_std,so_last"
SBAC.MX,2025-01,22,"undefined features: rs_last,rs_mean,rs_std,so_last"
SBAC.MX,2025-02,19,"undefined features: rs_last,rs_mean,rs_std,so_last"
SBAC.MX,2025-03,20,"undefined features: rs_last,rs_mean,rs_std,so_last"
SBAC.MX,2025-04,20,"undefined features: rs_last,rs_mean,rs_std,so_last"
SBAC.MX,2025-05,21,"undefined features: rs_last,rs_mean,rs_std,so_last"
SBAC.MX,2025-06,21,"undefined features: rs_last,rs_mean,rs_std,so_last"
SBAC.MX,2025-11,19,"undefined features: rs_last,rs_mean,rs_std"
SBAC.MX,2026-05,20,"undefined features: rs_last,rs_mean,rs_std,so_last"
SBAC.MX,2026-06,22,"undefined features: rs_last,rs_mean,rs_std,so_last"
SBAC.MX,2024-06,0,rejected by data-quality gates
SBAC.MX,2024-07,0,rejected by data-quality gates
SBAC.MX,2024-11,0,rejected by data-quality gates
SBAC.MX,2025-07,0,rejected by data-quality gates
SBAC.MX,2025-08,0,rejected by data-quality gates
SBAC.MX,2025-09,0,rejected by data-quality gates
SBAC.MX,2025-10,0,rejected by data-quality gates
SBAC.MX,2025-12,0,rejected by data-quality gates
SBAC.MX,2026-01,0,rejected by data-quality gates
SBAC.MX,2026-02,0,rejected by data-quality gates
SBAC.MX,2026-03,0,rejected by data-quality gates
SBAC.MX,2026-04,0,rejected by data-quality gates
SBUX.MX,2023-03,3,sessions=3<15 complete-indicator days
SCCO.MX,2023-03,3,sessions=3<15 complete-indicator days
SCCO.MX,2023-07,21,"undefined features: rs_last,rs_mean,rs_std"
SCCO.MX,2023-09,21,"undefined features: rs_last,rs_mean,rs_std,so_last"
SCCO.MX,2023-11,20,"undefined features: rs_last,rs_mean,rs_std,so_last"
SCCO.MX,2023-12,19,"undefined features: rs_last,rs_mean,rs_std,so_last"
SCCO.MX,2024-09,20,"undefined features: rs_last,rs_mean,rs_std"
SCCO.MX,2025-01,22,"undefined features: rs_last,rs_mean,rs_std,so_last"
SCCO.MX,2025-05,21,"undefined features: rs_last,rs_mean,rs_std"
SCCO.MX,2025-06,21,"undefined features: rs_last,rs_mean,rs_std,so_last"
SCCO.MX,2025-12,21,"undefined features: rs_last,rs_mean,rs_std"
SCCO.MX,2026-01,21,"undefined features: rs_last,rs_mean,rs_std"
SCCO.MX,2023-04,0,rejected by data-quality gates
SCCO.MX,2023-05,0,rejected by data-quality gates
SCCO.MX,2023-06,0,rejected by data-quality gates
SCCO.MX,2023-08,0,rejected by data-quality gates
SCCO.MX,2023-10,0,rejected by data-quality gates
SCCO.MX,2024-01,0,rejected by data-quality gates
SCCO.MX,2024-02,0,rejected by data-quality gates
SCCO.MX,2024-03,0,rejected by data-quality gates
SCCO.MX,2024-04,0,rejected by data-quality gates
SCCO.MX,2024-05,0,rejected by data-quality gates
SCCO.MX,2024-06,0,rejected by data-quality gates
SCCO.MX,2024-07,0,rejected by data-quality gates
SCCO.MX,2024-08,0,rejected by data-quality gates
SCCO.MX,2024-10,0,rejected by data-quality gates
SCCO.MX,2024-11,0,rejected by data-quality gates
SCCO.MX,2024-12,0,rejected by data-quality gates
SCCO.MX,2025-02,0,rejected by data-quality gates
SCCO.MX,2025-03,0,rejected by data-quality gates
SCCO.MX,2025-04,0,rejected by data-quality gates
SCCO.MX,2025-07,0,rejected by data-quality gates
SCCO.MX,2025-08,0,rejected by data-quality gates
SCCO.MX,2025-10,0,rejected by data-quality gates
SCCO.MX,2025-11,0,rejected by data-quality gates
SCCO.MX,2026-02,0,rejected by data-quality gates
SCCO.MX,2026-03,0,rejected by data-quality gates
SCCO.MX,2026-04,0,rejected by data-quality gates
SCCO.MX,2026-05,0,rejected by data-quality gates
SCCO.MX,2026-06,0,rejected by data-quality gates
SCHW.MX,2023-03,3,sessions=3<15 complete-indicator days
SCHW.MX,2023-09,0,rejected by data-quality gates
SCHW.MX,2023-10,0,rejected by data-quality gates
SCHW.MX,2023-11,0,rejected by data-quality gates
SCHW.MX,2023-12,0,rejected by data-quality gates
SCHW.MX,2024-03,0,rejected by data-quality gates
SCHW.MX,2024-04,0,rejected by data-quality gates
SCHW.MX,2024-05,0,rejected by data-quality gates
SCHW.MX,2024-12,0,rejected by data-quality gates
SCHW.MX,2025-01,0,rejected by data-quality gates
SCHW.MX,2025-02,0,rejected by data-quality gates
SCHW.MX,2025-04,0,rejected by data-quality gates
SCHW.MX,2025-05,0,rejected by data-quality gates
SCHW.MX,2025-06,0,rejected by data-quality gates
SCHW.MX,2025-07,0,rejected by data-quality gates
SCHW.MX,2025-08,0,rejected by data-quality gates
SCHW.MX,2025-09,0,rejected by data-quality gates
SCHW.MX,2025-11,0,rejected by data-quality gates
SCHW.MX,2025-12,0,rejected by data-quality gates
SCHW.MX,2026-01,0,rejected by data-quality gates
SCHW.MX,2026-03,0,rejected by data-quality gates
SCHW.MX,2026-04,0,rejected by data-quality gates
SCHW.MX,2026-05,0,rejected by data-quality gates
SCHW.MX,2026-06,0,rejected by data-quality gates
SCI.MX,2023-03,3,sessions=3<15 complete-indicator days
SCI.MX,2023-07,21,"undefined features: rs_last,rs_mean,rs_std,so_last"
SCI.MX,2023-08,23,"undefined features: rs_last,rs_mean,rs_std,so_last"
SCI.MX,2023-11,20,"undefined features: rs_last,rs_mean,rs_std,so_last"
SCI.MX,2023-12,19,"undefined features: rs_last,rs_mean,rs_std,so_last"
SCI.MX,2024-01,22,"undefined features: rs_last,rs_mean,rs_std,so_last"
SCI.MX,2024-06,20,"undefined features: rs_last,rs_mean,rs_std"
SCI.MX,2024-07,23,"undefined features: rs_last,rs_mean,rs_std,so_last"
SCI.MX,2024-08,22,"undefined features: rs_last,rs_mean,rs_std"
SCI.MX,2024-09,20,"undefined features: rs_last,rs_mean,rs_std,so_last"
SCI.MX,2024-10,22,"undefined features: rs_last,rs_mean,rs_std,so_last"
SCI.MX,2024-11,20,"undefined features: rs_last,rs_mean,rs_std,so_last"
SCI.MX,2024-12,20,"undefined features: rs_last,rs_mean,rs_std,so_last"
SCI.MX,2025-01,22,"undefined features: rs_last,rs_mean,rs_std,so_last"
SCI.MX,2025-02,19,"undefined features: rs_last,rs_mean,rs_std,so_last"
SCI.MX,2025-03,20,"undefined features: rs_last,rs_mean,rs_std,so_last"
SCI.MX,2025-04,20,"undefined features: rs_last,rs_mean,rs_std,so_last"
SCI.MX,2025-06,21,"undefined features: rs_last,rs_mean,rs_std,so_last"
SCI.MX,2025-07,23,"undefined features: rs_last,rs_mean,rs_std,so_last"
SCI.MX,2025-08,21,"undefined features: rs_last,rs_mean,rs_std,so_last"
SCI.MX,2025-09,21,"undefined features: rs_last,rs_mean,rs_std,so_last"
SCI.MX,2025-10,23,"undefined features: rs_last,rs_mean,rs_std,so_last"
SCI.MX,2025-11,19,"undefined features: rs_last,rs_mean,rs_std,so_last"
SCI.MX,2025-12,21,"undefined features: rs_last,rs_mean,rs_std,so_last"
SCI.MX,2026-01,21,"undefined features: rs_last,rs_mean,rs_std,so_last"
SCI.MX,2026-02,19,"undefined features: rs_last,rs_mean,rs_std,so_last"
SCI.MX,2026-03,21,"undefined features: rs_last,rs_mean,rs_std,so_last"
SCI.MX,2026-04,19,"undefined features: rs_last,rs_mean,rs_std,so_last"
SCI.MX,2026-05,20,"undefined features: rs_last,rs_mean,rs_std,so_last"
SCI.MX,2023-04,0,rejected by data-quality gates
SCI.MX,2023-05,0,rejected by data-quality gates
SCI.MX,2023-06,0,rejected by data-quality gates
SCI.MX,2023-09,0,rejected by data-quality gates
SCI.MX,2023-10,0,rejected by data-quality gates
SCI.MX,2024-02,0,rejected by data-quality gates
SCI.MX,2024-03,0,rejected by data-quality gates
SCI.MX,2024-04,0,rejected by data-quality gates
SCI.MX,2024-05,0,rejected by data-quality gates
SCI.MX,2025-05,0,rejected by data-quality gates
SCI.MX,2026-06,0,rejected by data-quality gates
SHW.MX,2023-03,3,sessions=3<15 complete-indicator days
SHW.MX,2023-04,0,rejected by data-quality gates
SHW.MX,2023-05,0,rejected by data-quality gates
SHW.MX,2023-06,0,rejected by data-quality gates
SHW.MX,2023-07,0,rejected by data-quality gates
SHW.MX,2023-08,0,rejected by data-quality gates
SHW.MX,2023-09,0,rejected by data-quality gates
SHW.MX,2023-10,0,rejected by data-quality gates
SHW.MX,2024-01,0,rejected by data-quality gates
SHW.MX,2024-11,0,rejected by data-quality gates
SHW.MX,2024-12,0,rejected by data-quality gates
SHW.MX,2025-02,0,rejected by data-quality gates
SHW.MX,2025-04,0,rejected by data-quality gates
SHW.MX,2025-06,0,rejected by data-quality gates
SHW.MX,2025-08,0,rejected by data-quality gates
SHW.MX,2025-09,0,rejected by data-quality gates
SHW.MX,2025-10,0,rejected by data-quality gates
SHW.MX,2025-11,0,rejected by data-quality gates
SHW.MX,2025-12,0,rejected by data-quality gates
SHW.MX,2026-01,0,rejected by data-quality gates
SHW.MX,2026-02,0,rejected by data-quality gates
SHW.MX,2026-03,0,rejected by data-quality gates
SHW.MX,2026-04,0,rejected by data-quality gates
SHW.MX,2026-05,0,rejected by data-quality gates
SJM.MX,2023-03,3,sessions=3<15 complete-indicator days
SJM.MX,2023-04,18,"undefined features: rs_last,rs_mean,rs_std,so_last"
SJM.MX,2023-05,22,"undefined features: rs_last,rs_mean,rs_std,so_last"
SJM.MX,2023-06,22,"undefined features: rs_last,rs_mean,rs_std,so_last"
SJM.MX,2023-07,21,"undefined features: rs_last,rs_mean,rs_std,so_last"
SJM.MX,2023-08,23,"undefined features: rs_last,rs_mean,rs_std,so_last"
SJM.MX,2023-09,21,"undefined features: rs_last,rs_mean,rs_std,so_last"
SJM.MX,2023-10,22,"undefined features: rs_last,rs_mean,rs_std,so_last"
SJM.MX,2023-11,20,"undefined features: rs_last,rs_mean,rs_std,so_last"
SJM.MX,2023-12,19,"undefined features: rs_last,rs_mean,rs_std,so_last"
SJM.MX,2024-01,22,"undefined features: rs_last,rs_mean,rs_std,so_last"
SJM.MX,2024-02,20,"undefined features: rs_last,rs_mean,rs_std,so_last"
SJM.MX,2024-03,18,"undefined features: rs_last,rs_mean,rs_std,so_last"
SJM.MX,2024-04,22,"undefined features: rs_last,rs_mean,rs_std,so_last"
SJM.MX,2024-05,22,"undefined features: rs_last,rs_mean,rs_std,so_last"
SJM.MX,2024-06,20,"undefined features: rs_last,rs_mean,rs_std,so_last"
SJM.MX,2024-07,23,"undefined features: rs_last,rs_mean,rs_std,so_last"
SJM.MX,2024-08,22,"undefined features: rs_last,rs_mean,rs_std,so_last"
SJM.MX,2024-09,20,"undefined features: rs_last,rs_mean,rs_std,so_last"
SJM.MX,2024-10,22,"undefined features: rs_last,rs_mean,rs_std,so_last"
SJM.MX,2024-11,20,"undefined features: rs_last,rs_mean,rs_std,so_last"
SJM.MX,2024-12,20,"undefined features: rs_last,rs_mean,rs_std,so_last"
SJM.MX,2025-01,22,"undefined features: rs_last,rs_mean,rs_std,so_last"
SJM.MX,2025-02,19,"undefined features: rs_last,rs_mean,rs_std,so_last"
SJM.MX,2025-03,20,"undefined features: rs_last,rs_mean,rs_std,so_last"
SJM.MX,2025-04,20,"undefined features: rs_last,rs_mean,rs_std,so_last"
SJM.MX,2025-05,21,"undefined features: rs_last,rs_mean,rs_std,so_last"
SJM.MX,2025-09,21,"undefined features: rs_last,rs_mean,rs_std,so_last"
SJM.MX,2025-10,23,"undefined features: rs_last,rs_mean,rs_std,so_last"
SJM.MX,2025-11,19,"undefined features: rs_last,rs_mean,rs_std,so_last"
SJM.MX,2025-12,21,"undefined features: rs_last,rs_mean,rs_std,so_last"
SJM.MX,2026-01,21,"undefined features: rs_last,rs_mean,rs_std,so_last"
SJM.MX,2026-02,19,"undefined features: rs_last,rs_mean,rs_std,so_last"
SJM.MX,2026-03,21,"undefined features: rs_last,rs_mean,rs_std,so_last"
SJM.MX,2026-04,19,"undefined features: rs_last,rs_mean,rs_std,so_last"
SJM.MX,2026-05,20,"undefined features: rs_last,rs_mean,rs_std,so_last"
SJM.MX,2025-06,0,rejected by data-quality gates
SJM.MX,2025-07,0,rejected by data-quality gates
SJM.MX,2025-08,0,rejected by data-quality gates
SJM.MX,2026-06,0,rejected by data-quality gates
SMCI.MX,2024-03,5,sessions=5<15 complete-indicator days
SMCI.MX,2024-11,0,rejected by data-quality gates
SNOW.MX,2023-03,3,sessions=3<15 complete-indicator days
SNPS.MX,2023-03,3,sessions=3<15 complete-indicator days
SNPS.MX,2023-11,20,"undefined features: rs_last,rs_mean,rs_std"
SNPS.MX,2023-04,0,rejected by data-quality gates
SNPS.MX,2023-05,0,rejected by data-quality gates
SNPS.MX,2023-06,0,rejected by data-quality gates
SNPS.MX,2023-07,0,rejected by data-quality gates
SNPS.MX,2023-08,0,rejected by data-quality gates
SNPS.MX,2023-09,0,rejected by data-quality gates
SNPS.MX,2023-10,0,rejected by data-quality gates
SNPS.MX,2023-12,0,rejected by data-quality gates
SNPS.MX,2024-01,0,rejected by data-quality gates
SNPS.MX,2024-02,0,rejected by data-quality gates
SNPS.MX,2024-03,0,rejected by data-quality gates
SNPS.MX,2024-04,0,rejected by data-quality gates
SNPS.MX,2024-05,0,rejected by data-quality gates
SNPS.MX,2024-06,0,rejected by data-quality gates
SNPS.MX,2024-07,0,rejected by data-quality gates
SNPS.MX,2024-08,0,rejected by data-quality gates
SNPS.MX,2024-09,0,rejected by data-quality gates
SNPS.MX,2024-10,0,rejected by data-quality gates
SNPS.MX,2024-11,0,rejected by data-quality gates
SNPS.MX,2024-12,0,rejected by data-quality gates
SNPS.MX,2025-01,0,rejected by data-quality gates
SNPS.MX,2025-02,0,rejected by data-quality gates
SNPS.MX,2025-03,0,rejected by data-quality gates
SNPS.MX,2025-04,0,rejected by data-quality gates
SNPS.MX,2025-05,0,rejected by data-quality gates
SNPS.MX,2025-06,0,rejected by data-quality gates
SNPS.MX,2025-07,0,rejected by data-quality gates
SNPS.MX,2025-08,0,rejected by data-quality gates
SNPS.MX,2026-01,0,rejected by data-quality gates
SNPS.MX,2026-03,0,rejected by data-quality gates
SNPS.MX,2026-04,0,rejected by data-quality gates
SNPS.MX,2026-05,0,rejected by data-quality gates
SNPS.MX,2026-06,0,rejected by data-quality gates
SO.MX,2023-03,3,sessions=3<15 complete-indicator days
SO.MX,2023-04,18,"undefined features: rs_last,rs_mean,rs_std,so_last"
SO.MX,2023-05,22,"undefined features: rs_last,rs_mean,rs_std,so_last"
SO.MX,2023-06,22,"undefined features: rs_last,rs_mean,rs_std,so_last"
SO.MX,2023-07,21,"undefined features: rs_last,rs_mean,rs_std,so_last"
SO.MX,2023-08,23,"undefined features: rs_last,rs_mean,rs_std,so_last"
SO.MX,2023-09,21,"undefined features: rs_last,rs_mean,rs_std,so_last"
SO.MX,2023-10,22,"undefined features: rs_last,rs_mean,rs_std,so_last"
SO.MX,2023-11,20,"undefined features: rs_last,rs_mean,rs_std,so_last"
SO.MX,2023-12,19,"undefined features: rs_last,rs_mean,rs_std,so_last"
SO.MX,2024-01,22,"undefined features: rs_last,rs_mean,rs_std,so_last"
SO.MX,2024-02,20,"undefined features: rs_last,rs_mean,rs_std,so_last"
SO.MX,2024-05,22,"undefined features: rs_last,rs_mean,rs_std"
SO.MX,2024-06,20,"undefined features: rs_last,rs_mean,rs_std"
SO.MX,2024-08,22,"undefined features: rs_last,rs_mean,rs_std"
SO.MX,2025-02,19,"undefined features: rs_last,rs_mean,rs_std"
SO.MX,2025-07,23,"undefined features: rs_last,rs_mean,rs_std"
SO.MX,2026-03,21,"undefined features: rs_last,rs_mean,rs_std"
SO.MX,2024-03,0,rejected by data-quality gates
SO.MX,2024-04,0,rejected by data-quality gates
SO.MX,2024-07,0,rejected by data-quality gates
SO.MX,2024-09,0,rejected by data-quality gates
SO.MX,2024-10,0,rejected by data-quality gates
SO.MX,2024-11,0,rejected by data-quality gates
SO.MX,2024-12,0,rejected by data-quality gates
SO.MX,2025-01,0,rejected by data-quality gates
SO.MX,2025-03,0,rejected by data-quality gates
SO.MX,2025-04,0,rejected by data-quality gates
SO.MX,2025-05,0,rejected by data-quality gates
SO.MX,2025-06,0,rejected by data-quality gates
SO.MX,2025-08,0,rejected by data-quality gates
SO.MX,2025-09,0,rejected by data-quality gates
SO.MX,2025-10,0,rejected by data-quality gates
SO.MX,2025-11,0,rejected by data-quality gates
SO.MX,2025-12,0,rejected by data-quality gates
SO.MX,2026-01,0,rejected by data-quality gates
SO.MX,2026-02,0,rejected by data-quality gates
SO.MX,2026-04,0,rejected by data-quality gates
SO.MX,2026-05,0,rejected by data-quality gates
SO.MX,2026-06,0,rejected by data-quality gates
SOFI.MX,2023-03,3,sessions=3<15 complete-indicator days
SOLV.MX,2024-09,1,sessions=1<15 complete-indicator days
SOLV.MX,2025-03,20,"undefined features: rs_last,rs_mean,rs_std"
SOLV.MX,2025-04,20,"undefined features: rs_last,rs_mean,rs_std,so_last"
SOLV.MX,2025-05,21,"undefined features: rs_last,rs_mean,rs_std,so_last"
SOLV.MX,2025-09,21,"undefined features: rs_last,rs_mean,rs_std"
SOLV.MX,2026-01,21,"undefined features: rs_last,rs_mean,rs_std"
SOLV.MX,2026-03,21,"undefined features: rs_last,rs_mean,rs_std,so_last"
SOLV.MX,2026-04,19,"undefined features: rs_last,rs_mean,rs_std,so_last"
SOLV.MX,2024-10,0,rejected by data-quality gates
SOLV.MX,2024-11,0,rejected by data-quality gates
SOLV.MX,2024-12,0,rejected by data-quality gates
SOLV.MX,2025-01,0,rejected by data-quality gates
SOLV.MX,2025-02,0,rejected by data-quality gates
SOLV.MX,2025-06,0,rejected by data-quality gates
SOLV.MX,2025-07,0,rejected by data-quality gates
SOLV.MX,2025-08,0,rejected by data-quality gates
SOLV.MX,2025-10,0,rejected by data-quality gates
SOLV.MX,2025-11,0,rejected by data-quality gates
SOLV.MX,2025-12,0,rejected by data-quality gates
SOLV.MX,2026-02,0,rejected by data-quality gates
SOLV.MX,2026-05,0,rejected by data-quality gates
SOLV.MX,2026-06,0,rejected by data-quality gates
SPG.MX,2023-03,3,sessions=3<15 complete-indicator days
SPG.MX,2024-03,18,"undefined features: rs_last,rs_mean,rs_std"
SPG.MX,2024-08,22,undefined features: rs_std
SPG.MX,2024-11,20,"undefined features: rs_last,rs_mean,rs_std"
SPG.MX,2025-08,21,"undefined features: rs_last,rs_mean,rs_std"
SPG.MX,2025-11,19,"undefined features: rs_last,rs_mean,rs_std"
SPG.MX,2023-04,0,rejected by data-quality gates
SPG.MX,2023-05,0,rejected by data-quality gates
SPG.MX,2023-06,0,rejected by data-quality gates
SPG.MX,2023-07,0,rejected by data-quality gates
SPG.MX,2023-08,0,rejected by data-quality gates
SPG.MX,2023-09,0,rejected by data-quality gates
SPG.MX,2023-10,0,rejected by data-quality gates
SPG.MX,2023-11,0,rejected by data-quality gates
SPG.MX,2023-12,0,rejected by data-quality gates
SPG.MX,2024-01,0,rejected by data-quality gates
SPG.MX,2024-02,0,rejected by data-quality gates
SPG.MX,2024-04,0,rejected by data-quality gates
SPG.MX,2024-05,0,rejected by data-quality gates
SPG.MX,2024-06,0,rejected by data-quality gates
SPG.MX,2024-07,0,rejected by data-quality gates
SPG.MX,2024-09,0,rejected by data-quality gates
SPG.MX,2024-10,0,rejected by data-quality gates
SPG.MX,2024-12,0,rejected by data-quality gates
SPG.MX,2025-01,0,rejected by data-quality gates
SPG.MX,2025-02,0,rejected by data-quality gates
SPG.MX,2025-03,0,rejected by data-quality gates
SPG.MX,2025-04,0,rejected by data-quality gates
SPG.MX,2025-05,0,rejected by data-quality gates
SPG.MX,2025-06,0,rejected by data-quality gates
SPG.MX,2025-07,0,rejected by data-quality gates
SPG.MX,2025-09,0,rejected by data-quality gates
SPG.MX,2025-10,0,rejected by data-quality gates
SPG.MX,2025-12,0,rejected by data-quality gates
SPG.MX,2026-01,0,rejected by data-quality gates
SPG.MX,2026-02,0,rejected by data-quality gates
SPG.MX,2026-03,0,rejected by data-quality gates
SPG.MX,2026-04,0,rejected by data-quality gates
SPG.MX,2026-05,0,rejected by data-quality gates
SPG.MX,2026-06,0,rejected by data-quality gates
SPGI.MX,2023-03,3,sessions=3<15 complete-indicator days
SPGI.MX,2023-05,0,rejected by data-quality gates
SPGI.MX,2023-08,0,rejected by data-quality gates
SPGI.MX,2023-09,0,rejected by data-quality gates
SPGI.MX,2023-10,0,rejected by data-quality gates
SPGI.MX,2024-01,0,rejected by data-quality gates
SPGI.MX,2024-04,0,rejected by data-quality gates
SPGI.MX,2024-07,0,rejected by data-quality gates
SPGI.MX,2024-08,0,rejected by data-quality gates
SPGI.MX,2024-09,0,rejected by data-quality gates
SPGI.MX,2024-10,0,rejected by data-quality gates
SPGI.MX,2024-12,0,rejected by data-quality gates
SPGI.MX,2025-01,0,rejected by data-quality gates
SPGI.MX,2025-02,0,rejected by data-quality gates
SPGI.MX,2025-05,0,rejected by data-quality gates
SPGI.MX,2025-06,0,rejected by data-quality gates
SPGI.MX,2025-11,0,rejected by data-quality gates
SPGI.MX,2025-12,0,rejected by data-quality gates
SPGI.MX,2026-01,0,rejected by data-quality gates
SRE.MX,2025-10,23,"undefined features: rs_last,rs_mean,rs_std"
SRE.MX,2024-11,0,rejected by data-quality gates
SRE.MX,2024-12,0,rejected by data-quality gates
SRE.MX,2025-01,0,rejected by data-quality gates
SRE.MX,2025-02,0,rejected by data-quality gates
SRE.MX,2025-03,0,rejected by data-quality gates
SRE.MX,2025-04,0,rejected by data-quality gates
SRE.MX,2025-05,0,rejected by data-quality gates
SRE.MX,2025-06,0,rejected by data-quality gates
SRE.MX,2025-07,0,rejected by data-quality gates
SRE.MX,2025-08,0,rejected by data-quality gates
SRE.MX,2025-09,0,rejected by data-quality gates
SRE.MX,2025-11,0,rejected by data-quality gates
SRE.MX,2025-12,0,rejected by data-quality gates
SRE.MX,2026-01,0,rejected by data-quality gates
SRE.MX,2026-02,0,rejected by data-quality gates
SRE.MX,2026-03,0,rejected by data-quality gates
SRE.MX,2026-04,0,rejected by data-quality gates
SRE.MX,2026-05,0,rejected by data-quality gates
SRE.MX,2026-06,0,rejected by data-quality gates
SSNC.MX,2023-03,3,sessions=3<15 complete-indicator days
SSNC.MX,2023-05,22,"undefined features: rs_last,rs_mean,rs_std,so_last"
SSNC.MX,2023-06,22,"undefined features: rs_last,rs_mean,rs_std"
SSNC.MX,2023-07,21,"undefined features: rs_last,rs_mean,rs_std"
SSNC.MX,2023-08,23,"undefined features: rs_last,rs_mean,rs_std,so_last"
SSNC.MX,2023-09,21,"undefined features: rs_last,rs_mean,rs_std,so_last"
SSNC.MX,2023-10,22,"undefined features: rs_last,rs_mean,rs_std,so_last"
SSNC.MX,2024-01,22,"undefined features: rs_last,rs_mean,rs_std,so_last"
SSNC.MX,2024-02,20,"undefined features: rs_last,rs_mean,rs_std,so_last"
SSNC.MX,2024-03,18,"undefined features: rs_last,rs_mean,rs_std,so_last"
SSNC.MX,2024-04,22,"undefined features: rs_last,rs_mean,rs_std"
SSNC.MX,2024-05,22,"undefined features: rs_last,rs_mean,rs_std,so_last"
SSNC.MX,2024-06,20,"undefined features: rs_last,rs_mean,rs_std,so_last"
SSNC.MX,2024-07,23,"undefined features: rs_last,rs_mean,rs_std,so_last"
SSNC.MX,2024-08,22,"undefined features: rs_last,rs_mean,rs_std"
SSNC.MX,2024-09,20,"undefined features: rs_last,rs_mean,rs_std"
SSNC.MX,2024-10,22,"undefined features: rs_last,rs_mean,rs_std,so_last"
SSNC.MX,2024-12,20,"undefined features: rs_last,rs_mean,rs_std"
SSNC.MX,2025-01,22,"undefined features: rs_last,rs_mean,rs_std"
SSNC.MX,2025-02,19,"undefined features: rs_last,rs_mean,rs_std"
SSNC.MX,2025-08,21,"undefined features: rs_last,rs_mean,rs_std"
SSNC.MX,2025-09,21,"undefined features: rs_last,rs_mean,rs_std,so_last"
SSNC.MX,2025-10,23,"undefined features: rs_last,rs_mean,rs_std,so_last"
SSNC.MX,2025-11,19,"undefined features: rs_last,rs_mean,rs_std,so_last"
SSNC.MX,2025-12,21,"undefined features: rs_last,rs_mean,rs_std,so_last"
SSNC.MX,2026-01,21,"undefined features: rs_last,rs_mean,rs_std,so_last"
SSNC.MX,2026-03,21,"undefined features: rs_std,so_last,so_mean,so_std"
SSNC.MX,2026-04,19,"undefined features: rs_last,rs_mean,rs_std,so_last"
SSNC.MX,2023-04,0,rejected by data-quality gates
SSNC.MX,2023-11,0,rejected by data-quality gates
SSNC.MX,2023-12,0,rejected by data-quality gates
SSNC.MX,2024-11,0,rejected by data-quality gates
SSNC.MX,2025-03,0,rejected by data-quality gates
SSNC.MX,2025-04,0,rejected by data-quality gates
SSNC.MX,2025-05,0,rejected by data-quality gates
SSNC.MX,2025-06,0,rejected by data-quality gates
SSNC.MX,2025-07,0,rejected by data-quality gates
SSNC.MX,2026-02,0,rejected by data-quality gates
SSNC.MX,2026-05,0,rejected by data-quality gates
SSNC.MX,2026-06,0,rejected by data-quality gates
STLD.MX,2023-03,3,sessions=3<15 complete-indicator days
STLD.MX,2023-10,22,"undefined features: rs_last,rs_mean,rs_std,so_last"
STLD.MX,2023-11,20,"undefined features: rs_last,rs_mean,rs_std,so_last"
STLD.MX,2023-12,19,"undefined features: rs_last,rs_mean,rs_std"
STLD.MX,2024-03,18,"undefined features: rs_last,rs_mean,rs_std"
STLD.MX,2024-04,22,"undefined features: rs_last,rs_mean,rs_std"
STLD.MX,2024-05,22,"undefined features: rs_last,rs_mean,rs_std,so_last"
STLD.MX,2024-06,20,"undefined features: rs_last,rs_mean,rs_std,so_last"
STLD.MX,2024-10,22,"undefined features: rs_std,so_last,so_mean,so_std"
STLD.MX,2024-11,20,"undefined features: rs_last,rs_mean,rs_std"
STLD.MX,2024-12,20,"undefined features: rs_last,rs_mean,rs_std,so_last"
STLD.MX,2025-07,23,"undefined features: rs_last,rs_mean,rs_std"
STLD.MX,2025-08,21,"undefined features: rs_last,rs_mean,rs_std"
STLD.MX,2023-04,0,rejected by data-quality gates
STLD.MX,2023-05,0,rejected by data-quality gates
STLD.MX,2023-06,0,rejected by data-quality gates
STLD.MX,2023-07,0,rejected by data-quality gates
STLD.MX,2023-08,0,rejected by data-quality gates
STLD.MX,2023-09,0,rejected by data-quality gates
STLD.MX,2024-01,0,rejected by data-quality gates
STLD.MX,2024-02,0,rejected by data-quality gates
STLD.MX,2024-07,0,rejected by data-quality gates
STLD.MX,2024-08,0,rejected by data-quality gates
STLD.MX,2024-09,0,rejected by data-quality gates
STLD.MX,2025-01,0,rejected by data-quality gates
STLD.MX,2025-02,0,rejected by data-quality gates
STLD.MX,2025-03,0,rejected by data-quality gates
STLD.MX,2025-04,0,rejected by data-quality gates
STLD.MX,2025-05,0,rejected by data-quality gates
STLD.MX,2025-06,0,rejected by data-quality gates
STLD.MX,2025-09,0,rejected by data-quality gates
STLD.MX,2025-10,0,rejected by data-quality gates
STLD.MX,2025-11,0,rejected by data-quality gates
STLD.MX,2025-12,0,rejected by data-quality gates
STLD.MX,2026-01,0,rejected by data-quality gates
STLD.MX,2026-02,0,rejected by data-quality gates
STLD.MX,2026-03,0,rejected by data-quality gates
STLD.MX,2026-04,0,rejected by data-quality gates
STLD.MX,2026-05,0,rejected by data-quality gates
STLD.MX,2026-06,0,rejected by data-quality gates
STT.MX,2023-03,3,sessions=3<15 complete-indicator days
STT.MX,2023-06,22,"undefined features: rs_last,rs_mean,rs_std,so_last"
STT.MX,2023-07,21,"undefined features: rs_last,rs_mean,rs_std,so_last"
STT.MX,2023-08,23,"undefined features: rs_last,rs_mean,rs_std,so_last"
STT.MX,2023-10,22,"undefined features: rs_std,so_last,so_mean,so_std"
STT.MX,2023-11,20,"undefined features: rs_last,rs_mean,rs_std,so_last"
STT.MX,2023-12,19,"undefined features: rs_last,rs_mean,rs_std,so_last"
STT.MX,2024-01,22,"undefined features: rs_last,rs_mean,rs_std"
STT.MX,2024-02,20,"undefined features: rs_last,rs_mean,rs_std,so_last"
STT.MX,2024-03,18,"undefined features: rs_last,rs_mean,rs_std,so_last"
STT.MX,2024-04,22,"undefined features: rs_last,rs_mean,rs_std,so_last"
STT.MX,2024-06,20,undefined features: so_std
STT.MX,2024-07,23,"undefined features: rs_last,rs_mean,rs_std"
STT.MX,2024-08,22,"undefined features: rs_last,rs_mean,rs_std,so_std"
STT.MX,2024-09,20,"undefined features: rs_last,rs_mean,rs_std"
STT.MX,2024-10,22,"undefined features: rs_last,rs_mean,rs_std"
STT.MX,2024-11,20,"undefined features: rs_last,rs_mean,rs_std"
STT.MX,2024-12,20,"undefined features: rs_last,rs_mean,rs_std"
STT.MX,2025-01,22,"undefined features: rs_last,rs_mean,rs_std,so_last"
STT.MX,2025-02,19,"undefined features: rs_last,rs_mean,rs_std,so_last"
STT.MX,2025-03,20,"undefined features: rs_last,rs_mean,rs_std,so_last"
STT.MX,2025-04,20,"undefined features: rs_last,rs_mean,rs_std,so_last"
STT.MX,2025-05,21,"undefined features: rs_last,rs_mean,rs_std,so_last"
STT.MX,2025-06,21,"undefined features: rs_last,rs_mean,rs_std,so_last"
STT.MX,2025-07,23,"undefined features: rs_last,rs_mean,rs_std"
STT.MX,2025-08,21,"undefined features: rs_last,rs_mean,rs_std"
STT.MX,2025-09,21,"undefined features: rs_last,rs_mean,rs_std"
STT.MX,2025-12,21,"undefined features: rs_last,rs_mean,rs_std,so_last"
STT.MX,2026-01,21,"undefined features: rs_last,rs_mean,rs_std,so_last"
STT.MX,2026-02,19,"undefined features: rs_last,rs_mean,rs_std,so_last"
STT.MX,2026-03,21,"undefined features: rs_last,rs_mean,rs_std,so_std"
STT.MX,2026-04,19,"undefined features: rs_last,rs_mean,rs_std"
STT.MX,2026-05,20,"undefined features: rs_last,rs_mean,rs_std"
STT.MX,2026-06,22,"undefined features: rs_last,rs_mean,rs_std"
STT.MX,2023-04,0,rejected by data-quality gates
STT.MX,2023-05,0,rejected by data-quality gates
STT.MX,2023-09,0,rejected by data-quality gates
STT.MX,2024-05,0,rejected by data-quality gates
STT.MX,2025-10,0,rejected by data-quality gates
STT.MX,2025-11,0,rejected by data-quality gates
STZ.MX,2023-03,3,sessions=3<15 complete-indicator days
STZ.MX,2023-06,0,rejected by data-quality gates
STZ.MX,2023-08,0,rejected by data-quality gates
STZ.MX,2023-09,0,rejected by data-quality gates
STZ.MX,2023-11,0,rejected by data-quality gates
STZ.MX,2024-04,0,rejected by data-quality gates
STZ.MX,2024-07,0,rejected by data-quality gates
SUI.MX,2023-03,3,sessions=3<15 complete-indicator days
SUI.MX,2023-04,18,"undefined features: rs_last,rs_mean,rs_std,so_last"
SUI.MX,2023-05,22,"undefined features: rs_last,rs_mean,rs_std,so_last"
SUI.MX,2023-06,22,"undefined features: rs_last,rs_mean,rs_std,so_last"
SUI.MX,2023-07,21,"undefined features: rs_last,rs_mean,rs_std,so_last"
SUI.MX,2023-08,23,"undefined features: rs_last,rs_mean,rs_std,so_last"
SUI.MX,2023-09,21,"undefined features: rs_last,rs_mean,rs_std,so_last"
SUI.MX,2023-10,22,"undefined features: rs_last,rs_mean,rs_std,so_last"
SUI.MX,2024-01,22,"undefined features: rs_last,rs_mean,rs_std,so_last"
SUI.MX,2024-02,20,"undefined features: rs_last,rs_mean,rs_std,so_last"
SUI.MX,2024-03,18,"undefined features: rs_last,rs_mean,rs_std"
SUI.MX,2024-04,22,"undefined features: rs_last,rs_mean,rs_std,so_last"
SUI.MX,2024-05,22,"undefined features: rs_last,rs_mean,rs_std,so_last"
SUI.MX,2024-08,22,"undefined features: rs_last,rs_mean,rs_std,so_last"
SUI.MX,2024-09,20,"undefined features: rs_last,rs_mean,rs_std,so_last"
SUI.MX,2024-10,22,"undefined features: rs_last,rs_mean,rs_std,so_last"
SUI.MX,2024-11,20,"undefined features: rs_last,rs_mean,rs_std"
SUI.MX,2024-12,20,"undefined features: rs_last,rs_mean,rs_std,so_last"
SUI.MX,2025-01,22,"undefined features: rs_last,rs_mean,rs_std,so_last"
SUI.MX,2025-02,19,"undefined features: rs_last,rs_mean,rs_std,so_last"
SUI.MX,2025-03,20,"undefined features: rs_last,rs_mean,rs_std,so_last"
SUI.MX,2025-04,20,"undefined features: rs_last,rs_mean,rs_std,so_last"
SUI.MX,2025-05,21,"undefined features: rs_last,rs_mean,rs_std,so_last"
SUI.MX,2025-06,21,"undefined features: rs_last,rs_mean,rs_std,so_last"
SUI.MX,2025-07,23,"undefined features: rs_last,rs_mean,rs_std,so_last"
SUI.MX,2025-10,23,"undefined features: rs_last,rs_mean,rs_std,so_last"
SUI.MX,2025-12,21,"undefined features: rs_last,rs_mean,rs_std,so_last"
SUI.MX,2026-01,21,"undefined features: rs_last,rs_mean,rs_std,so_last"
SUI.MX,2026-05,20,"undefined features: rs_last,rs_mean,rs_std,so_last"
SUI.MX,2026-06,22,"undefined features: rs_last,rs_mean,rs_std,so_last"
SUI.MX,2023-11,0,rejected by data-quality gates
SUI.MX,2023-12,0,rejected by data-quality gates
SUI.MX,2024-06,0,rejected by data-quality gates
SUI.MX,2024-07,0,rejected by data-quality gates
SUI.MX,2025-08,0,rejected by data-quality gates
SUI.MX,2025-09,0,rejected by data-quality gates
SUI.MX,2025-11,0,rejected by data-quality gates
SUI.MX,2026-02,0,rejected by data-quality gates
SUI.MX,2026-03,0,rejected by data-quality gates
SUI.MX,2026-04,0,rejected by data-quality gates
SWK.MX,2023-03,3,sessions=3<15 complete-indicator days
SWK.MX,2023-04,18,"undefined features: rs_last,rs_mean,rs_std,so_last"
SWK.MX,2023-05,22,"undefined features: rs_last,rs_mean,rs_std,so_last"
SWK.MX,2023-06,22,"undefined features: rs_last,rs_mean,rs_std,so_last"
SWK.MX,2023-07,21,"undefined features: rs_last,rs_mean,rs_std,so_last"
SWK.MX,2023-08,23,"undefined features: rs_last,rs_mean,rs_std,so_last"
SWK.MX,2023-11,20,"undefined features: rs_last,rs_mean,rs_std"
SWK.MX,2023-12,19,"undefined features: rs_last,rs_mean,rs_std"
SWK.MX,2024-01,22,"undefined features: rs_last,rs_mean,rs_std"
SWK.MX,2024-02,20,"undefined features: rs_last,rs_mean,rs_std,so_last"
SWK.MX,2024-03,18,"undefined features: rs_last,rs_mean,rs_std,so_last"
SWK.MX,2024-04,22,"undefined features: rs_last,rs_mean,rs_std,so_last"
SWK.MX,2024-07,23,"undefined features: rs_last,rs_mean,rs_std"
SWK.MX,2024-08,22,"undefined features: rs_last,rs_mean,rs_std"
SWK.MX,2024-09,20,"undefined features: rs_last,rs_mean,rs_std"
SWK.MX,2024-10,22,"undefined features: rs_last,rs_mean,rs_std"
SWK.MX,2024-12,20,"undefined features: rs_std,so_std"
SWK.MX,2025-01,22,"undefined features: rs_last,rs_mean,rs_std"
SWK.MX,2025-02,19,"undefined features: rs_last,rs_mean,rs_std"
SWK.MX,2025-03,20,"undefined features: rs_last,rs_mean,rs_std,so_last"
SWK.MX,2025-04,20,"undefined features: rs_std,so_std"
SWK.MX,2025-09,21,"undefined features: rs_last,rs_mean,rs_std"
SWK.MX,2025-12,21,"undefined features: rs_last,rs_mean,rs_std"
SWK.MX,2023-09,0,rejected by data-quality gates
SWK.MX,2023-10,0,rejected by data-quality gates
SWK.MX,2024-05,0,rejected by data-quality gates
SWK.MX,2024-06,0,rejected by data-quality gates
SWK.MX,2024-11,0,rejected by data-quality gates
SWK.MX,2025-05,0,rejected by data-quality gates
SWK.MX,2025-06,0,rejected by data-quality gates
SWK.MX,2025-07,0,rejected by data-quality gates
SWK.MX,2025-08,0,rejected by data-quality gates
SWK.MX,2025-10,0,rejected by data-quality gates
SWK.MX,2025-11,0,rejected by data-quality gates
SWK.MX,2026-01,0,rejected by data-quality gates
SWK.MX,2026-02,0,rejected by data-quality gates
SWK.MX,2026-03,0,rejected by data-quality gates
SWK.MX,2026-04,0,rejected by data-quality gates
SWK.MX,2026-05,0,rejected by data-quality gates
SWK.MX,2026-06,0,rejected by data-quality gates
SYF.MX,2023-03,3,sessions=3<15 complete-indicator days
SYF.MX,2023-06,22,"undefined features: rs_last,rs_mean,rs_std"
SYF.MX,2023-07,21,"undefined features: rs_last,rs_mean,rs_std,so_last"
SYF.MX,2023-10,22,"undefined features: rs_last,rs_mean,rs_std,so_last"
SYF.MX,2024-01,22,"undefined features: rs_last,rs_mean,rs_std"
SYF.MX,2024-02,20,"undefined features: rs_last,rs_mean,rs_std"
SYF.MX,2024-03,18,"undefined features: rs_last,rs_mean,rs_std"
SYF.MX,2024-04,22,"undefined features: rs_last,rs_mean,rs_std,so_last"
SYF.MX,2024-05,22,"undefined features: rs_last,rs_mean,rs_std,so_last"
SYF.MX,2024-06,20,"undefined features: rs_last,rs_mean,rs_std"
SYF.MX,2024-07,23,"undefined features: rs_last,rs_mean,rs_std"
SYF.MX,2024-08,22,"undefined features: rs_last,rs_mean,rs_std,so_last"
SYF.MX,2024-09,20,"undefined features: rs_last,rs_mean,rs_std"
SYF.MX,2024-11,20,"undefined features: rs_last,rs_mean,rs_std"
SYF.MX,2025-03,20,"undefined features: rs_last,rs_mean,rs_std,so_last"
SYF.MX,2025-04,20,"undefined features: rs_last,rs_mean,rs_std,so_last"
SYF.MX,2025-06,21,"undefined features: rs_last,rs_mean,rs_std"
SYF.MX,2025-07,23,"undefined features: rs_last,rs_mean,rs_std"
SYF.MX,2025-09,21,"undefined features: rs_last,rs_mean,rs_std,so_last"
SYF.MX,2025-10,23,"undefined features: rs_last,rs_mean,rs_std"
SYF.MX,2025-11,19,"undefined features: rs_last,rs_mean,rs_std,so_last"
SYF.MX,2025-12,21,"undefined features: rs_last,rs_mean,rs_std,so_last"
SYF.MX,2026-01,21,"undefined features: rs_last,rs_mean,rs_std"
SYF.MX,2026-02,19,"undefined features: rs_last,rs_mean,rs_std,so_last"
SYF.MX,2026-03,21,"undefined features: rs_last,rs_mean,rs_std,so_last"
SYF.MX,2023-04,0,rejected by data-quality gates
SYF.MX,2023-05,0,rejected by data-quality gates
SYF.MX,2023-08,0,rejected by data-quality gates
SYF.MX,2023-09,0,rejected by data-quality gates
SYF.MX,2023-11,0,rejected by data-quality gates
SYF.MX,2023-12,0,rejected by data-quality gates
SYF.MX,2024-10,0,rejected by data-quality gates
SYF.MX,2024-12,0,rejected by data-quality gates
SYF.MX,2025-01,0,rejected by data-quality gates
SYF.MX,2025-02,0,rejected by data-quality gates
SYF.MX,2025-05,0,rejected by data-quality gates
SYF.MX,2025-08,0,rejected by data-quality gates
SYF.MX,2026-04,0,rejected by data-quality gates
SYF.MX,2026-05,0,rejected by data-quality gates
SYF.MX,2026-06,0,rejected by data-quality gates
SYK.MX,2023-03,3,sessions=3<15 complete-indicator days
SYK.MX,2023-04,18,"undefined features: rs_last,rs_mean,rs_std"
SYK.MX,2023-09,21,"undefined features: rs_last,rs_mean,rs_std,so_last"
SYK.MX,2023-05,0,rejected by data-quality gates
SYK.MX,2023-06,0,rejected by data-quality gates
SYK.MX,2023-07,0,rejected by data-quality gates
SYK.MX,2023-08,0,rejected by data-quality gates
SYK.MX,2023-10,0,rejected by data-quality gates
SYK.MX,2023-11,0,rejected by data-quality gates
SYK.MX,2023-12,0,rejected by data-quality gates
SYK.MX,2024-01,0,rejected by data-quality gates
SYK.MX,2024-02,0,rejected by data-quality gates
SYK.MX,2024-03,0,rejected by data-quality gates
SYK.MX,2024-04,0,rejected by data-quality gates
SYK.MX,2024-05,0,rejected by data-quality gates
SYK.MX,2024-06,0,rejected by data-quality gates
SYK.MX,2024-07,0,rejected by data-quality gates
SYK.MX,2024-08,0,rejected by data-quality gates
SYK.MX,2024-09,0,rejected by data-quality gates
SYK.MX,2024-10,0,rejected by data-quality gates
SYK.MX,2024-11,0,rejected by data-quality gates
SYK.MX,2024-12,0,rejected by data-quality gates
SYK.MX,2025-01,0,rejected by data-quality gates
SYK.MX,2025-02,0,rejected by data-quality gates
SYK.MX,2025-03,0,rejected by data-quality gates
SYK.MX,2025-04,0,rejected by data-quality gates
SYK.MX,2025-05,0,rejected by data-quality gates
SYK.MX,2025-06,0,rejected by data-quality gates
SYK.MX,2025-07,0,rejected by data-quality gates
SYK.MX,2025-08,0,rejected by data-quality gates
SYK.MX,2025-09,0,rejected by data-quality gates
SYK.MX,2025-10,0,rejected by data-quality gates
SYK.MX,2025-11,0,rejected by data-quality gates
SYK.MX,2025-12,0,rejected by data-quality gates
SYK.MX,2026-02,0,rejected by data-quality gates
SYK.MX,2026-03,0,rejected by data-quality gates
SYK.MX,2026-04,0,rejected by data-quality gates
SYK.MX,2026-05,0,rejected by data-quality gates
SYK.MX,2026-06,0,rejected by data-quality gates
SYY.MX,2023-03,3,sessions=3<15 complete-indicator days
SYY.MX,2023-04,18,"undefined features: rs_last,rs_mean,rs_std,so_last"
SYY.MX,2023-05,22,"undefined features: rs_last,rs_mean,rs_std,so_last"
SYY.MX,2023-06,22,"undefined features: rs_last,rs_mean,rs_std,so_last"
SYY.MX,2023-07,21,"undefined features: rs_last,rs_mean,rs_std,so_last"
SYY.MX,2023-08,23,"undefined features: rs_last,rs_mean,rs_std,so_last"
SYY.MX,2023-09,21,"undefined features: rs_last,rs_mean,rs_std,so_last"
SYY.MX,2023-10,22,"undefined features: rs_last,rs_mean,rs_std,so_last"
SYY.MX,2023-11,20,"undefined features: rs_last,rs_mean,rs_std,so_last"
SYY.MX,2023-12,19,"undefined features: rs_last,rs_mean,rs_std,so_last"
SYY.MX,2024-01,22,"undefined features: rs_last,rs_mean,rs_std,so_last"
SYY.MX,2024-02,20,"undefined features: rs_last,rs_mean,rs_std,so_last"
SYY.MX,2024-03,18,"undefined features: rs_last,rs_mean,rs_std,so_last"
SYY.MX,2024-04,22,"undefined features: rs_last,rs_mean,rs_std,so_last"
SYY.MX,2024-05,22,"undefined features: rs_last,rs_mean,rs_std,so_last"
SYY.MX,2024-06,20,"undefined features: rs_last,rs_mean,rs_std,so_last"
SYY.MX,2024-07,23,"undefined features: rs_last,rs_mean,rs_std,so_last"
SYY.MX,2024-08,22,"undefined features: rs_last,rs_mean,rs_std,so_last"
SYY.MX,2024-09,20,"undefined features: rs_last,rs_mean,rs_std,so_last"
SYY.MX,2024-10,22,"undefined features: rs_last,rs_mean,rs_std,so_last"
SYY.MX,2024-11,20,"undefined features: rs_last,rs_mean,rs_std,so_last"
SYY.MX,2024-12,20,"undefined features: rs_last,rs_mean,rs_std,so_last"
SYY.MX,2025-01,22,"undefined features: rs_last,rs_mean,rs_std,so_last"
SYY.MX,2025-02,19,"undefined features: rs_last,rs_mean,rs_std,so_last"
SYY.MX,2025-03,20,"undefined features: rs_last,rs_mean,rs_std,so_last"
SYY.MX,2025-04,20,"undefined features: rs_last,rs_mean,rs_std,so_last"
SYY.MX,2025-05,21,"undefined features: rs_last,rs_mean,rs_std,so_last"
SYY.MX,2025-08,21,"undefined features: rs_last,rs_mean,rs_std,so_last"
SYY.MX,2025-09,21,"undefined features: rs_last,rs_mean,rs_std"
SYY.MX,2025-10,23,"undefined features: rs_last,rs_mean,rs_std,so_last"
SYY.MX,2025-11,19,"undefined features: rs_std,so_std"
SYY.MX,2026-01,21,undefined features: rs_std
SYY.MX,2026-02,19,"undefined features: rs_last,rs_mean,rs_std,so_last"
SYY.MX,2026-05,20,"undefined features: rs_last,rs_mean,rs_std,so_last"
SYY.MX,2026-06,22,"undefined features: rs_last,rs_mean,rs_std,so_last"
SYY.MX,2025-06,0,rejected by data-quality gates
SYY.MX,2025-07,0,rejected by data-quality gates
SYY.MX,2025-12,0,rejected by data-quality gates
SYY.MX,2026-03,0,rejected by data-quality gates
SYY.MX,2026-04,0,rejected by data-quality gates
T.MX,2023-03,3,sessions=3<15 complete-indicator days
TDG.MX,2023-03,3,sessions=3<15 complete-indicator days
TDG.MX,2023-06,22,"undefined features: rs_last,rs_mean,rs_std,so_last"
TDG.MX,2023-10,22,"undefined features: rs_last,rs_mean,rs_std"
TDG.MX,2024-02,20,"undefined features: rs_last,rs_mean,rs_std"
TDG.MX,2025-05,21,undefined features: rs_std
TDG.MX,2023-04,0,rejected by data-quality gates
TDG.MX,2023-05,0,rejected by data-quality gates
TDG.MX,2023-07,0,rejected by data-quality gates
TDG.MX,2023-08,0,rejected by data-quality gates
TDG.MX,2023-09,0,rejected by data-quality gates
TDG.MX,2023-11,0,rejected by data-quality gates
TDG.MX,2023-12,0,rejected by data-quality gates
TDG.MX,2024-01,0,rejected by data-quality gates
TDG.MX,2024-03,0,rejected by data-quality gates
TDG.MX,2024-04,0,rejected by data-quality gates
TDG.MX,2024-05,0,rejected by data-quality gates
TDG.MX,2024-06,0,rejected by data-quality gates
TDG.MX,2024-07,0,rejected by data-quality gates
TDG.MX,2024-08,0,rejected by data-quality gates
TDG.MX,2024-09,0,rejected by data-quality gates
TDG.MX,2024-10,0,rejected by data-quality gates
TDG.MX,2024-11,0,rejected by data-quality gates
TDG.MX,2024-12,0,rejected by data-quality gates
TDG.MX,2025-01,0,rejected by data-quality gates
TDG.MX,2025-02,0,rejected by data-quality gates
TDG.MX,2025-03,0,rejected by data-quality gates
TDG.MX,2025-04,0,rejected by data-quality gates
TDG.MX,2025-06,0,rejected by data-quality gates
TDG.MX,2025-07,0,rejected by data-quality gates
TDG.MX,2025-08,0,rejected by data-quality gates
TDG.MX,2025-10,0,rejected by data-quality gates
TDG.MX,2025-11,0,rejected by data-quality gates
TDG.MX,2025-12,0,rejected by data-quality gates
TDG.MX,2026-01,0,rejected by data-quality gates
TDG.MX,2026-02,0,rejected by data-quality gates
TDG.MX,2026-03,0,rejected by data-quality gates
TDG.MX,2026-04,0,rejected by data-quality gates
TDG.MX,2026-05,0,rejected by data-quality gates
TDG.MX,2026-06,0,rejected by data-quality gates
TDY.MX,2024-12,18,"undefined features: rs_last,rs_mean,rs_std,so_last"
TDY.MX,2025-01,22,"undefined features: rs_last,rs_mean,rs_std,so_last"
TDY.MX,2025-02,19,"undefined features: rs_last,rs_mean,rs_std,so_last"
TDY.MX,2025-03,20,"undefined features: rs_last,rs_mean,rs_std,so_last"
TDY.MX,2025-04,20,"undefined features: rs_last,rs_mean,rs_std,so_last"
TDY.MX,2025-05,21,"undefined features: rs_last,rs_mean,rs_std,so_last"
TDY.MX,2025-06,21,"undefined features: rs_last,rs_mean,rs_std,so_last"
TDY.MX,2025-07,23,"undefined features: rs_last,rs_mean,rs_std,so_last"
TDY.MX,2025-08,21,"undefined features: rs_last,rs_mean,rs_std,so_last"
TDY.MX,2025-09,21,"undefined features: rs_last,rs_mean,rs_std,so_last"
TDY.MX,2025-10,23,"undefined features: rs_last,rs_mean,rs_std,so_last"
TDY.MX,2025-11,19,"undefined features: rs_last,rs_mean,rs_std,so_last"
TDY.MX,2025-12,21,"undefined features: rs_last,rs_mean,rs_std,so_last"
TDY.MX,2026-01,21,"undefined features: rs_last,rs_mean,rs_std,so_last"
TDY.MX,2026-02,19,"undefined features: rs_last,rs_mean,rs_std,so_last"
TDY.MX,2026-03,21,"undefined features: rs_last,rs_mean,rs_std"
TDY.MX,2026-05,20,"undefined features: rs_std,so_last,so_mean,so_std"
TDY.MX,2026-06,22,"undefined features: rs_last,rs_mean,rs_std,so_last"
TDY.MX,2026-04,0,rejected by data-quality gates
TEAM.MX,2023-03,3,sessions=3<15 complete-indicator days
TEAM.MX,2023-04,18,"undefined features: rs_last,rs_mean,rs_std,so_last"
TEAM.MX,2023-05,22,"undefined features: rs_last,rs_mean,rs_std,so_last"
TEAM.MX,2023-06,22,"undefined features: rs_last,rs_mean,rs_std,so_last"
TEAM.MX,2023-07,21,"undefined features: rs_last,rs_mean,rs_std,so_last"
TEAM.MX,2023-08,23,"undefined features: rs_last,rs_mean,rs_std,so_last"
TEAM.MX,2023-09,21,"undefined features: rs_last,rs_mean,rs_std,so_last"
TEAM.MX,2023-10,22,"undefined features: rs_last,rs_mean,rs_std,so_last"
TEAM.MX,2023-11,20,"undefined features: rs_last,rs_mean,rs_std,so_last"
TEAM.MX,2023-12,19,"undefined features: rs_last,rs_mean,rs_std,so_last"
TEAM.MX,2024-01,22,"undefined features: rs_last,rs_mean,rs_std,so_last"
TEAM.MX,2024-02,20,"undefined features: rs_last,rs_mean,rs_std,so_last"
TEAM.MX,2024-03,18,"undefined features: rs_last,rs_mean,rs_std,so_last"
TEAM.MX,2024-04,22,"undefined features: rs_last,rs_mean,rs_std,so_last"
TEAM.MX,2024-05,22,"undefined features: rs_last,rs_mean,rs_std,so_last"
TEAM.MX,2024-06,20,"undefined features: rs_last,rs_mean,rs_std,so_last"
TEAM.MX,2024-07,23,"undefined features: rs_last,rs_mean,rs_std,so_last"
TEAM.MX,2024-08,22,"undefined features: rs_last,rs_mean,rs_std,so_last"
TEAM.MX,2025-02,19,"undefined features: rs_last,rs_mean,rs_std,so_std"
TEAM.MX,2024-09,0,rejected by data-quality gates
TEAM.MX,2024-10,0,rejected by data-quality gates
TEAM.MX,2024-11,0,rejected by data-quality gates
TEAM.MX,2024-12,0,rejected by data-quality gates
TEAM.MX,2025-01,0,rejected by data-quality gates
TEAM.MX,2025-03,0,rejected by data-quality gates
TEAM.MX,2025-04,0,rejected by data-quality gates
TEAM.MX,2025-05,0,rejected by data-quality gates
TEAM.MX,2025-06,0,rejected by data-quality gates
TEAM.MX,2025-07,0,rejected by data-quality gates
TEAM.MX,2025-08,0,rejected by data-quality gates
TEAM.MX,2025-10,0,rejected by data-quality gates
TEAM.MX,2025-11,0,rejected by data-quality gates
TEAM.MX,2025-12,0,rejected by data-quality gates
TEAM.MX,2026-01,0,rejected by data-quality gates
TEAM.MX,2026-02,0,rejected by data-quality gates
TEAM.MX,2026-03,0,rejected by data-quality gates
TER.MX,2023-03,3,sessions=3<15 complete-indicator days
TER.MX,2023-12,19,"undefined features: rs_last,rs_mean,rs_std"
TER.MX,2024-01,22,"undefined features: rs_last,rs_mean,rs_std"
TER.MX,2024-05,22,"undefined features: rs_last,rs_mean,rs_std"
TER.MX,2024-06,20,"undefined features: rs_last,rs_mean,rs_std"
TER.MX,2024-07,23,"undefined features: rs_last,rs_mean,rs_std"
TER.MX,2024-09,20,"undefined features: rs_last,rs_mean,rs_std,so_last"
TER.MX,2023-04,0,rejected by data-quality gates
TER.MX,2023-05,0,rejected by data-quality gates
TER.MX,2023-06,0,rejected by data-quality gates
TER.MX,2023-07,0,rejected by data-quality gates
TER.MX,2023-08,0,rejected by data-quality gates
TER.MX,2023-09,0,rejected by data-quality gates
TER.MX,2023-10,0,rejected by data-quality gates
TER.MX,2023-11,0,rejected by data-quality gates
TER.MX,2024-02,0,rejected by data-quality gates
TER.MX,2024-03,0,rejected by data-quality gates
TER.MX,2024-04,0,rejected by data-quality gates
TER.MX,2024-08,0,rejected by data-quality gates
TER.MX,2024-10,0,rejected by data-quality gates
TER.MX,2024-11,0,rejected by data-quality gates
TER.MX,2024-12,0,rejected by data-quality gates
TER.MX,2025-01,0,rejected by data-quality gates
TER.MX,2025-02,0,rejected by data-quality gates
TER.MX,2025-03,0,rejected by data-quality gates
TER.MX,2025-04,0,rejected by data-quality gates
TER.MX,2025-05,0,rejected by data-quality gates
TER.MX,2025-11,0,rejected by data-quality gates
TER.MX,2025-12,0,rejected by data-quality gates
TER.MX,2026-01,0,rejected by data-quality gates
TFC.MX,2023-03,3,sessions=3<15 complete-indicator days
TFC.MX,2024-05,22,"undefined features: rs_last,rs_mean,rs_std,so_last"
TFC.MX,2024-06,20,"undefined features: rs_last,rs_mean,rs_std"
TFC.MX,2024-07,23,"undefined features: rs_last,rs_mean,rs_std,so_std"
TFC.MX,2024-08,22,"undefined features: rs_last,rs_mean,rs_std"
TFC.MX,2024-11,20,"undefined features: rs_last,rs_mean,rs_std"
TFC.MX,2024-12,20,"undefined features: rs_last,rs_mean,rs_std"
TFC.MX,2025-01,22,"undefined features: rs_last,rs_mean,rs_std,so_last"
TFC.MX,2025-02,19,"undefined features: rs_last,rs_mean,rs_std,so_last"
TFC.MX,2025-03,20,"undefined features: rs_last,rs_mean,rs_std,so_last"
TFC.MX,2025-04,20,"undefined features: rs_last,rs_mean,rs_std,so_last"
TFC.MX,2025-05,21,"undefined features: rs_last,rs_mean,rs_std,so_last"
TFC.MX,2025-06,21,"undefined features: rs_last,rs_mean,rs_std,so_last"
TFC.MX,2025-12,21,"undefined features: rs_last,rs_mean,rs_std"
TFC.MX,2026-02,19,"undefined features: rs_last,rs_mean,rs_std,so_last"
TFC.MX,2026-05,20,"undefined features: rs_last,rs_mean,rs_std,so_last"
TFC.MX,2026-06,22,"undefined features: rs_last,rs_mean,rs_std,so_last"
TFC.MX,2023-04,0,rejected by data-quality gates
TFC.MX,2023-05,0,rejected by data-quality gates
TFC.MX,2023-06,0,rejected by data-quality gates
TFC.MX,2023-07,0,rejected by data-quality gates
TFC.MX,2023-08,0,rejected by data-quality gates
TFC.MX,2023-09,0,rejected by data-quality gates
TFC.MX,2023-10,0,rejected by data-quality gates
TFC.MX,2023-11,0,rejected by data-quality gates
TFC.MX,2023-12,0,rejected by data-quality gates
TFC.MX,2024-01,0,rejected by data-quality gates
TFC.MX,2024-02,0,rejected by data-quality gates
TFC.MX,2024-03,0,rejected by data-quality gates
TFC.MX,2024-04,0,rejected by data-quality gates
TFC.MX,2024-09,0,rejected by data-quality gates
TFC.MX,2024-10,0,rejected by data-quality gates
TFC.MX,2025-07,0,rejected by data-quality gates
TFC.MX,2025-08,0,rejected by data-quality gates
TFC.MX,2025-09,0,rejected by data-quality gates
TFC.MX,2025-10,0,rejected by data-quality gates
TFC.MX,2025-11,0,rejected by data-quality gates
TFC.MX,2026-01,0,rejected by data-quality gates
TFC.MX,2026-03,0,rejected by data-quality gates
TFC.MX,2026-04,0,rejected by data-quality gates
TGT.MX,2023-03,3,sessions=3<15 complete-indicator days
THC.MX,2023-08,23,undefined features: so_std
THC.MX,2023-09,21,"undefined features: rs_last,rs_mean,rs_std,so_last"
THC.MX,2023-10,22,"undefined features: rs_last,rs_mean,rs_std,so_last"
THC.MX,2024-01,22,"undefined features: rs_last,rs_mean,rs_std,so_last"
THC.MX,2024-02,20,"undefined features: rs_last,rs_mean,rs_std,so_last"
THC.MX,2024-03,18,"undefined features: rs_last,rs_mean,rs_std,so_last"
THC.MX,2024-04,22,"undefined features: rs_last,rs_mean,rs_std,so_last"
THC.MX,2024-05,22,"undefined features: rs_last,rs_mean,rs_std,so_last"
THC.MX,2024-06,20,"undefined features: rs_last,rs_mean,rs_std"
THC.MX,2024-07,23,"undefined features: rs_last,rs_mean,rs_std"
THC.MX,2024-08,22,"undefined features: rs_last,rs_mean,rs_std,so_last"
THC.MX,2024-09,20,"undefined features: rs_last,rs_mean,rs_std"
THC.MX,2024-10,22,"undefined features: rs_last,rs_mean,rs_std"
THC.MX,2025-04,20,"undefined features: rs_last,rs_mean,rs_std,so_last"
THC.MX,2025-05,21,"undefined features: rs_last,rs_mean,rs_std"
THC.MX,2025-09,21,"undefined features: rs_last,rs_mean,rs_std"
THC.MX,2026-01,21,"undefined features: rs_last,rs_mean,rs_std,so_last"
THC.MX,2026-02,19,"undefined features: rs_last,rs_mean,rs_std,so_last"
THC.MX,2026-03,21,"undefined features: rs_last,rs_mean,rs_std,so_last"
THC.MX,2026-04,19,"undefined features: rs_last,rs_mean,rs_std,so_last"
THC.MX,2026-05,20,"undefined features: rs_last,rs_mean,rs_std,so_last"
THC.MX,2026-06,22,"undefined features: rs_last,rs_mean,rs_std,so_last"
THC.MX,2023-05,0,rejected by data-quality gates
THC.MX,2023-06,0,rejected by data-quality gates
THC.MX,2023-07,0,rejected by data-quality gates
THC.MX,2023-11,0,rejected by data-quality gates
THC.MX,2023-12,0,rejected by data-quality gates
THC.MX,2024-11,0,rejected by data-quality gates
THC.MX,2024-12,0,rejected by data-quality gates
THC.MX,2025-01,0,rejected by data-quality gates
THC.MX,2025-02,0,rejected by data-quality gates
THC.MX,2025-03,0,rejected by data-quality gates
THC.MX,2025-06,0,rejected by data-quality gates
THC.MX,2025-07,0,rejected by data-quality gates
THC.MX,2025-08,0,rejected by data-quality gates
THC.MX,2025-10,0,rejected by data-quality gates
THC.MX,2025-11,0,rejected by data-quality gates
THC.MX,2025-12,0,rejected by data-quality gates
TJX.MX,2023-03,3,sessions=3<15 complete-indicator days
TJX.MX,2023-07,21,"undefined features: rs_last,rs_mean,rs_std"
TJX.MX,2023-04,0,rejected by data-quality gates
TJX.MX,2023-05,0,rejected by data-quality gates
TJX.MX,2023-06,0,rejected by data-quality gates
TJX.MX,2023-08,0,rejected by data-quality gates
TJX.MX,2023-09,0,rejected by data-quality gates
TJX.MX,2023-10,0,rejected by data-quality gates
TJX.MX,2023-12,0,rejected by data-quality gates
TJX.MX,2024-01,0,rejected by data-quality gates
TJX.MX,2024-05,0,rejected by data-quality gates
TJX.MX,2024-07,0,rejected by data-quality gates
TJX.MX,2024-10,0,rejected by data-quality gates
TJX.MX,2025-02,0,rejected by data-quality gates
TJX.MX,2025-06,0,rejected by data-quality gates
TJX.MX,2025-10,0,rejected by data-quality gates
TJX.MX,2025-12,0,rejected by data-quality gates
TMO.MX,2023-03,3,sessions=3<15 complete-indicator days
TMO.MX,2023-09,0,rejected by data-quality gates
TMO.MX,2024-09,0,rejected by data-quality gates
TMO.MX,2025-11,0,rejected by data-quality gates
TMO.MX,2026-01,0,rejected by data-quality gates
TMO.MX,2026-03,0,rejected by data-quality gates
TMUS.MX,2023-03,3,sessions=3<15 complete-indicator days
TMUS.MX,2023-05,0,rejected by data-quality gates
TMUS.MX,2023-07,0,rejected by data-quality gates
TMUS.MX,2023-08,0,rejected by data-quality gates
TMUS.MX,2024-02,0,rejected by data-quality gates
TMUS.MX,2024-03,0,rejected by data-quality gates
TMUS.MX,2024-04,0,rejected by data-quality gates
TMUS.MX,2024-05,0,rejected by data-quality gates
TMUS.MX,2024-07,0,rejected by data-quality gates
TMUS.MX,2024-08,0,rejected by data-quality gates
TMUS.MX,2024-09,0,rejected by data-quality gates
TMUS.MX,2024-11,0,rejected by data-quality gates
TMUS.MX,2024-12,0,rejected by data-quality gates
TMUS.MX,2025-01,0,rejected by data-quality gates
TMUS.MX,2025-02,0,rejected by data-quality gates
TMUS.MX,2025-03,0,rejected by data-quality gates
TMUS.MX,2025-05,0,rejected by data-quality gates
TMUS.MX,2025-07,0,rejected by data-quality gates
TMUS.MX,2025-08,0,rejected by data-quality gates
TMUS.MX,2025-09,0,rejected by data-quality gates
TMUS.MX,2026-03,0,rejected by data-quality gates
TOST.MX,2023-03,3,sessions=3<15 complete-indicator days
TOST.MX,2023-04,18,"undefined features: rs_last,rs_mean,rs_std,so_last"
TOST.MX,2023-05,22,"undefined features: rs_last,rs_mean,rs_std,so_last"
TOST.MX,2023-06,22,"undefined features: rs_last,rs_mean,rs_std,so_last"
TOST.MX,2024-04,22,"undefined features: rs_last,rs_mean,rs_std"
TOST.MX,2024-05,22,"undefined features: rs_last,rs_mean,rs_std"
TOST.MX,2024-06,20,"undefined features: rs_last,rs_mean,rs_std,so_last"
TOST.MX,2024-07,23,"undefined features: rs_last,rs_mean,rs_std,so_last"
TOST.MX,2024-08,22,"undefined features: rs_last,rs_mean,rs_std,so_last"
TOST.MX,2024-09,20,"undefined features: rs_last,rs_mean,rs_std,so_last"
TOST.MX,2024-10,22,"undefined features: rs_last,rs_mean,rs_std"
TOST.MX,2024-11,20,"undefined features: rs_last,rs_mean,rs_std"
TOST.MX,2025-05,21,"undefined features: rs_last,rs_mean,rs_std,so_last"
TOST.MX,2025-06,21,"undefined features: rs_last,rs_mean,rs_std"
TOST.MX,2023-07,0,rejected by data-quality gates
TOST.MX,2023-08,0,rejected by data-quality gates
TOST.MX,2023-09,0,rejected by data-quality gates
TOST.MX,2023-10,0,rejected by data-quality gates
TOST.MX,2023-11,0,rejected by data-quality gates
TOST.MX,2023-12,0,rejected by data-quality gates
TOST.MX,2024-01,0,rejected by data-quality gates
TOST.MX,2024-02,0,rejected by data-quality gates
TOST.MX,2024-03,0,rejected by data-quality gates
TOST.MX,2024-12,0,rejected by data-quality gates
TOST.MX,2025-01,0,rejected by data-quality gates
TOST.MX,2025-02,0,rejected by data-quality gates
TOST.MX,2025-03,0,rejected by data-quality gates
TOST.MX,2025-04,0,rejected by data-quality gates
TOST.MX,2025-08,0,rejected by data-quality gates
TOST.MX,2025-10,0,rejected by data-quality gates
TOST.MX,2025-11,0,rejected by data-quality gates
TOST.MX,2025-12,0,rejected by data-quality gates
TOST.MX,2026-01,0,rejected by data-quality gates
TOST.MX,2026-02,0,rejected by data-quality gates
TOST.MX,2026-03,0,rejected by data-quality gates
TOST.MX,2026-04,0,rejected by data-quality gates
TOST.MX,2026-05,0,rejected by data-quality gates
TOST.MX,2026-06,0,rejected by data-quality gates
TPR.MX,2023-03,3,sessions=3<15 complete-indicator days
TPR.MX,2023-04,18,"undefined features: rs_last,rs_mean,rs_std,so_last"
TPR.MX,2023-05,22,"undefined features: rs_last,rs_mean,rs_std,so_last"
TPR.MX,2023-07,21,"undefined features: rs_last,rs_mean,rs_std,so_last"
TPR.MX,2023-10,22,"undefined features: rs_last,rs_mean,rs_std,so_last"
TPR.MX,2023-11,20,"undefined features: rs_last,rs_mean,rs_std,so_last"
TPR.MX,2023-12,19,"undefined features: rs_last,rs_mean,rs_std"
TPR.MX,2024-01,22,"undefined features: rs_last,rs_mean,rs_std"
TPR.MX,2024-02,20,"undefined features: rs_last,rs_mean,rs_std"
TPR.MX,2024-03,18,"undefined features: rs_last,rs_mean,rs_std,so_last"
TPR.MX,2024-04,22,"undefined features: rs_last,rs_mean,rs_std"
TPR.MX,2024-05,22,"undefined features: rs_last,rs_mean,rs_std,so_std"
TPR.MX,2024-06,20,"undefined features: rs_last,rs_mean,rs_std,so_last"
TPR.MX,2024-07,23,"undefined features: rs_last,rs_mean,rs_std,so_last"
TPR.MX,2024-08,22,"undefined features: rs_last,rs_mean,rs_std,so_last"
TPR.MX,2024-09,20,"undefined features: rs_last,rs_mean,rs_std"
TPR.MX,2024-10,22,"undefined features: rs_last,rs_mean,rs_std"
TPR.MX,2024-11,20,"undefined features: rs_last,rs_mean,rs_std,so_last"
TPR.MX,2024-12,20,"undefined features: rs_last,rs_mean,rs_std,so_last"
TPR.MX,2025-01,22,"undefined features: rs_last,rs_mean,rs_std,so_last"
TPR.MX,2025-02,19,"undefined features: rs_last,rs_mean,rs_std"
TPR.MX,2025-03,20,"undefined features: rs_last,rs_mean,rs_std,so_last"
TPR.MX,2025-04,20,"undefined features: rs_last,rs_mean,rs_std,so_last"
TPR.MX,2025-05,21,"undefined features: rs_last,rs_mean,rs_std,so_last"
TPR.MX,2025-06,21,"undefined features: rs_last,rs_mean,rs_std,so_last"
TPR.MX,2025-07,23,"undefined features: rs_last,rs_mean,rs_std"
TPR.MX,2025-08,21,"undefined features: rs_last,rs_mean,rs_std"
TPR.MX,2025-09,21,"undefined features: rs_last,rs_mean,rs_std,so_last"
TPR.MX,2026-01,21,"undefined features: rs_last,rs_mean,rs_std,so_last"
TPR.MX,2026-02,19,"undefined features: rs_last,rs_mean,rs_std,so_last"
TPR.MX,2026-03,21,"undefined features: rs_last,rs_mean,rs_std,so_last"
TPR.MX,2026-04,19,"undefined features: rs_last,rs_mean,rs_std,so_last"
TPR.MX,2026-05,20,"undefined features: rs_last,rs_mean,rs_std"
TPR.MX,2026-06,22,"undefined features: rs_last,rs_mean,rs_std,so_last"
TPR.MX,2023-06,0,rejected by data-quality gates
TPR.MX,2023-08,0,rejected by data-quality gates
TPR.MX,2023-09,0,rejected by data-quality gates
TPR.MX,2025-10,0,rejected by data-quality gates
TPR.MX,2025-11,0,rejected by data-quality gates
TPR.MX,2025-12,0,rejected by data-quality gates
TRGP.MX,2023-06,15,"undefined features: rs_last,rs_mean,rs_std,so_last"
TRGP.MX,2023-09,21,"undefined features: rs_last,rs_mean,rs_std,so_last"
TRGP.MX,2023-10,22,"undefined features: rs_last,rs_mean,rs_std,so_last"
TRGP.MX,2023-11,20,"undefined features: rs_last,rs_mean,rs_std,so_last"
TRGP.MX,2023-12,19,"undefined features: rs_last,rs_mean,rs_std,so_last"
TRGP.MX,2024-01,22,"undefined features: rs_last,rs_mean,rs_std,so_last"
TRGP.MX,2024-02,20,"undefined features: rs_last,rs_mean,rs_std,so_last"
TRGP.MX,2024-03,18,"undefined features: rs_last,rs_mean,rs_std,so_last"
TRGP.MX,2024-04,22,"undefined features: rs_last,rs_mean,rs_std"
TRGP.MX,2024-05,22,"undefined features: rs_last,rs_mean,rs_std"
TRGP.MX,2024-06,20,"undefined features: rs_last,rs_mean,rs_std"
TRGP.MX,2024-07,23,"undefined features: rs_last,rs_mean,rs_std"
TRGP.MX,2024-08,22,"undefined features: rs_last,rs_mean,rs_std"
TRGP.MX,2024-10,22,"undefined features: rs_last,rs_mean,rs_std"
TRGP.MX,2024-11,20,"undefined features: rs_last,rs_mean,rs_std"
TRGP.MX,2025-01,22,"undefined features: rs_last,rs_mean,rs_std"
TRGP.MX,2025-02,19,"undefined features: rs_last,rs_mean,rs_std"
TRGP.MX,2025-09,21,undefined features: so_std
TRGP.MX,2025-12,21,"undefined features: rs_last,rs_mean,rs_std,so_last"
TRGP.MX,2026-01,21,"undefined features: rs_last,rs_mean,rs_std"
TRGP.MX,2026-02,19,"undefined features: rs_last,rs_mean,rs_std"
TRGP.MX,2026-03,21,"undefined features: rs_last,rs_mean,rs_std,so_std"
TRGP.MX,2026-04,19,"undefined features: rs_last,rs_mean,rs_std,so_last"
TRGP.MX,2026-05,20,"undefined features: rs_last,rs_mean,rs_std,so_last"
TRGP.MX,2026-06,22,"undefined features: rs_last,rs_mean,rs_std,so_last"
TRGP.MX,2023-07,0,rejected by data-quality gates
TRGP.MX,2023-08,0,rejected by data-quality gates
TRGP.MX,2024-09,0,rejected by data-quality gates
TRGP.MX,2024-12,0,rejected by data-quality gates
TRGP.MX,2025-03,0,rejected by data-quality gates
TRGP.MX,2025-04,0,rejected by data-quality gates
TRGP.MX,2025-05,0,rejected by data-quality gates
TRGP.MX,2025-06,0,rejected by data-quality gates
TRGP.MX,2025-07,0,rejected by data-quality gates
TRGP.MX,2025-08,0,rejected by data-quality gates
TRGP.MX,2025-10,0,rejected by data-quality gates
TRGP.MX,2025-11,0,rejected by data-quality gates
TRMB.MX,2023-03,3,sessions=3<15 complete-indicator days
TRMB.MX,2023-04,18,"undefined features: rs_last,rs_mean,rs_std,so_last"
TRMB.MX,2023-05,22,"undefined features: rs_last,rs_mean,rs_std,so_last"
TRMB.MX,2023-06,22,"undefined features: rs_last,rs_mean,rs_std,so_last"
TRMB.MX,2023-07,21,"undefined features: rs_last,rs_mean,rs_std,so_last"
TRMB.MX,2023-08,23,"undefined features: rs_last,rs_mean,rs_std,so_last"
TRMB.MX,2023-09,21,"undefined features: rs_last,rs_mean,rs_std,so_last"
TRMB.MX,2023-10,22,"undefined features: rs_last,rs_mean,rs_std,so_last"
TRMB.MX,2024-01,22,"undefined features: rs_last,rs_mean,rs_std,so_last"
TRMB.MX,2024-02,20,"undefined features: rs_last,rs_mean,rs_std,so_last"
TRMB.MX,2024-03,18,"undefined features: rs_last,rs_mean,rs_std,so_last"
TRMB.MX,2024-04,22,"undefined features: rs_last,rs_mean,rs_std"
TRMB.MX,2024-05,22,"undefined features: rs_last,rs_mean,rs_std,so_last"
TRMB.MX,2024-06,20,"undefined features: rs_last,rs_mean,rs_std,so_last"
TRMB.MX,2024-07,23,"undefined features: rs_last,rs_mean,rs_std,so_last"
TRMB.MX,2024-08,22,"undefined features: rs_last,rs_mean,rs_std,so_last"
TRMB.MX,2024-09,20,"undefined features: rs_last,rs_mean,rs_std,so_last"
TRMB.MX,2024-10,22,"undefined features: rs_last,rs_mean,rs_std,so_last"
TRMB.MX,2024-11,20,"undefined features: rs_last,rs_mean,rs_std,so_last"
TRMB.MX,2024-12,20,"undefined features: rs_last,rs_mean,rs_std"
TRMB.MX,2025-01,22,"undefined features: rs_last,rs_mean,rs_std"
TRMB.MX,2025-02,19,"undefined features: rs_last,rs_mean,rs_std"
TRMB.MX,2025-04,20,undefined features: so_std
TRMB.MX,2025-05,21,"undefined features: rs_last,rs_mean,rs_std,so_last"
TRMB.MX,2025-06,21,"undefined features: rs_last,rs_mean,rs_std,so_last"
TRMB.MX,2025-07,23,"undefined features: rs_last,rs_mean,rs_std,so_last"
TRMB.MX,2025-08,21,"undefined features: rs_last,rs_mean,rs_std,so_last"
TRMB.MX,2025-09,21,"undefined features: rs_last,rs_mean,rs_std,so_last"
TRMB.MX,2025-10,23,"undefined features: rs_last,rs_mean,rs_std,so_last"
TRMB.MX,2025-11,19,"undefined features: rs_last,rs_mean,rs_std,so_last"
TRMB.MX,2025-12,21,"undefined features: rs_last,rs_mean,rs_std"
TRMB.MX,2026-03,21,"undefined features: rs_last,rs_mean,rs_std,so_last"
TRMB.MX,2026-06,22,"undefined features: rs_last,rs_mean,rs_std,so_last"
TRMB.MX,2023-11,0,rejected by data-quality gates
TRMB.MX,2023-12,0,rejected by data-quality gates
TRMB.MX,2025-03,0,rejected by data-quality gates
TRMB.MX,2026-01,0,rejected by data-quality gates
TRMB.MX,2026-02,0,rejected by data-quality gates
TRMB.MX,2026-04,0,rejected by data-quality gates
TRMB.MX,2026-05,0,rejected by data-quality gates
TROW.MX,2023-03,3,sessions=3<15 complete-indicator days
TROW.MX,2023-04,18,"undefined features: rs_last,rs_mean,rs_std"
TROW.MX,2023-05,22,"undefined features: rs_last,rs_mean,rs_std,so_last"
TROW.MX,2023-06,22,"undefined features: rs_last,rs_mean,rs_std,so_last"
TROW.MX,2023-07,21,"undefined features: rs_last,rs_mean,rs_std,so_last"
TROW.MX,2023-10,22,"undefined features: rs_last,rs_mean,rs_std,so_last"
TROW.MX,2023-11,20,"undefined features: rs_last,rs_mean,rs_std,so_last"
TROW.MX,2023-12,19,"undefined features: rs_last,rs_mean,rs_std,so_last"
TROW.MX,2024-01,22,"undefined features: rs_last,rs_mean,rs_std,so_last"
TROW.MX,2024-02,20,"undefined features: rs_last,rs_mean,rs_std,so_last"
TROW.MX,2024-03,18,"undefined features: rs_last,rs_mean,rs_std,so_last"
TROW.MX,2024-04,22,"undefined features: rs_last,rs_mean,rs_std,so_last"
TROW.MX,2024-05,22,"undefined features: rs_last,rs_mean,rs_std"
TROW.MX,2024-06,20,"undefined features: rs_last,rs_mean,rs_std"
TROW.MX,2024-07,23,"undefined features: rs_last,rs_mean,rs_std,so_last"
TROW.MX,2024-09,20,"undefined features: rs_last,rs_mean,rs_std,so_last"
TROW.MX,2024-10,22,"undefined features: rs_last,rs_mean,rs_std,so_last"
TROW.MX,2024-11,20,"undefined features: rs_last,rs_mean,rs_std,so_last"
TROW.MX,2024-12,20,"undefined features: rs_last,rs_mean,rs_std"
TROW.MX,2025-06,21,"undefined features: rs_last,rs_mean,rs_std,so_last"
TROW.MX,2025-07,23,"undefined features: rs_last,rs_mean,rs_std"
TROW.MX,2025-08,21,"undefined features: rs_last,rs_mean,rs_std"
TROW.MX,2025-11,19,"undefined features: rs_last,rs_mean,rs_std"
TROW.MX,2025-12,21,"undefined features: rs_last,rs_mean,rs_std,so_last"
TROW.MX,2026-01,21,"undefined features: rs_last,rs_mean,rs_std,so_last"
TROW.MX,2026-04,19,"undefined features: rs_last,rs_mean,rs_std"
TROW.MX,2026-05,20,"undefined features: rs_last,rs_mean,rs_std"
TROW.MX,2026-06,22,"undefined features: rs_last,rs_mean,rs_std,so_std"
TROW.MX,2023-08,0,rejected by data-quality gates
TROW.MX,2023-09,0,rejected by data-quality gates
TROW.MX,2024-08,0,rejected by data-quality gates
TROW.MX,2025-01,0,rejected by data-quality gates
TROW.MX,2025-02,0,rejected by data-quality gates
TROW.MX,2025-03,0,rejected by data-quality gates
TROW.MX,2025-04,0,rejected by data-quality gates
TROW.MX,2025-05,0,rejected by data-quality gates
TROW.MX,2025-09,0,rejected by data-quality gates
TROW.MX,2025-10,0,rejected by data-quality gates
TROW.MX,2026-02,0,rejected by data-quality gates
TROW.MX,2026-03,0,rejected by data-quality gates
TRV.MX,2023-03,3,sessions=3<15 complete-indicator days
TRV.MX,2023-04,18,"undefined features: rs_last,rs_mean,rs_std,so_last"
TRV.MX,2023-05,22,"undefined features: rs_last,rs_mean,rs_std,so_last"
TRV.MX,2023-06,22,"undefined features: rs_last,rs_mean,rs_std,so_last"
TRV.MX,2023-09,21,"undefined features: rs_last,rs_mean,rs_std,so_last"
TRV.MX,2023-10,22,"undefined features: rs_last,rs_mean,rs_std"
TRV.MX,2023-11,20,"undefined features: rs_last,rs_mean,rs_std"
TRV.MX,2023-12,19,"undefined features: rs_last,rs_mean,rs_std,so_std"
TRV.MX,2024-01,22,"undefined features: rs_last,rs_mean,rs_std,so_last"
TRV.MX,2024-02,20,"undefined features: rs_last,rs_mean,rs_std"
TRV.MX,2024-06,20,"undefined features: rs_last,rs_mean,rs_std"
TRV.MX,2024-08,22,"undefined features: rs_last,rs_mean,rs_std"
TRV.MX,2025-05,21,"undefined features: rs_last,rs_mean,rs_std,so_last"
TRV.MX,2025-06,21,"undefined features: rs_last,rs_mean,rs_std,so_last"
TRV.MX,2025-07,23,"undefined features: rs_last,rs_mean,rs_std,so_last"
TRV.MX,2025-10,23,"undefined features: rs_last,rs_mean,rs_std,so_last"
TRV.MX,2025-11,19,"undefined features: rs_last,rs_mean,rs_std,so_last"
TRV.MX,2025-12,21,"undefined features: rs_last,rs_mean,rs_std,so_last"
TRV.MX,2026-02,19,undefined features: rs_std
TRV.MX,2026-03,21,"undefined features: rs_last,rs_mean,rs_std,so_last"
TRV.MX,2026-04,19,"undefined features: rs_last,rs_mean,rs_std"
TRV.MX,2026-05,20,"undefined features: rs_last,rs_mean,rs_std"
TRV.MX,2026-06,22,"undefined features: rs_last,rs_mean,rs_std,so_last"
TRV.MX,2023-07,0,rejected by data-quality gates
TRV.MX,2023-08,0,rejected by data-quality gates
TRV.MX,2024-03,0,rejected by data-quality gates
TRV.MX,2024-04,0,rejected by data-quality gates
TRV.MX,2024-05,0,rejected by data-quality gates
TRV.MX,2024-07,0,rejected by data-quality gates
TRV.MX,2024-09,0,rejected by data-quality gates
TRV.MX,2024-10,0,rejected by data-quality gates
TRV.MX,2024-11,0,rejected by data-quality gates
TRV.MX,2024-12,0,rejected by data-quality gates
TRV.MX,2025-01,0,rejected by data-quality gates
TRV.MX,2025-02,0,rejected by data-quality gates
TRV.MX,2025-03,0,rejected by data-quality gates
TRV.MX,2025-04,0,rejected by data-quality gates
TRV.MX,2025-08,0,rejected by data-quality gates
TRV.MX,2025-09,0,rejected by data-quality gates
TRV.MX,2026-01,0,rejected by data-quality gates
TS.MX,2023-03,3,sessions=3<15 complete-indicator days
TS.MX,2023-04,18,"undefined features: rs_last,rs_mean,rs_std,so_last"
TS.MX,2023-05,22,"undefined features: rs_last,rs_mean,rs_std,so_last"
TS.MX,2023-06,22,"undefined features: rs_last,rs_mean,rs_std,so_last"
TS.MX,2023-07,21,"undefined features: rs_last,rs_mean,rs_std,so_last"
TS.MX,2023-08,23,"undefined features: rs_last,rs_mean,rs_std,so_last"
TS.MX,2023-09,21,"undefined features: rs_last,rs_mean,rs_std"
TS.MX,2023-10,22,"undefined features: rs_last,rs_mean,rs_std,so_last"
TS.MX,2023-11,20,"undefined features: rs_last,rs_mean,rs_std,so_last"
TS.MX,2023-12,19,"undefined features: rs_last,rs_mean,rs_std,so_last"
TS.MX,2024-01,22,"undefined features: rs_last,rs_mean,rs_std,so_last"
TS.MX,2024-02,20,"undefined features: rs_last,rs_mean,rs_std"
TS.MX,2024-03,18,"undefined features: rs_last,rs_mean,rs_std"
TS.MX,2024-04,22,"undefined features: rs_last,rs_mean,rs_std"
TS.MX,2024-09,20,"undefined features: rs_last,rs_mean,rs_std,so_last"
TS.MX,2024-10,22,"undefined features: rs_last,rs_mean,rs_std"
TS.MX,2024-11,20,"undefined features: rs_last,rs_mean,rs_std"
TS.MX,2024-12,20,"undefined features: rs_last,rs_mean,rs_std"
TS.MX,2025-01,22,"undefined features: rs_last,rs_mean,rs_std,so_last"
TS.MX,2025-02,19,"undefined features: rs_last,rs_mean,rs_std"
TS.MX,2025-03,20,"undefined features: rs_last,rs_mean,rs_std"
TS.MX,2025-04,20,"undefined features: rs_last,rs_mean,rs_std,so_last"
TS.MX,2025-07,23,"undefined features: rs_last,rs_mean,rs_std"
TS.MX,2025-08,21,"undefined features: rs_last,rs_mean,rs_std,so_last"
TS.MX,2026-01,21,"undefined features: rs_last,rs_mean,rs_std,so_last"
TS.MX,2026-02,19,"undefined features: rs_last,rs_mean,rs_std,so_last"
TS.MX,2026-03,21,"undefined features: rs_last,rs_mean,rs_std,so_last"
TS.MX,2026-04,19,"undefined features: rs_last,rs_mean,rs_std,so_last"
TS.MX,2026-05,20,"undefined features: rs_last,rs_mean,rs_std,so_last"
TS.MX,2026-06,22,"undefined features: rs_last,rs_mean,rs_std,so_last"
TS.MX,2024-05,0,rejected by data-quality gates
TS.MX,2024-06,0,rejected by data-quality gates
TS.MX,2024-07,0,rejected by data-quality gates
TS.MX,2024-08,0,rejected by data-quality gates
TS.MX,2025-05,0,rejected by data-quality gates
TS.MX,2025-06,0,rejected by data-quality gates
TS.MX,2025-09,0,rejected by data-quality gates
TS.MX,2025-10,0,rejected by data-quality gates
TS.MX,2025-11,0,rejected by data-quality gates
TS.MX,2025-12,0,rejected by data-quality gates
TSLA.MX,2023-03,3,sessions=3<15 complete-indicator days
TSN.MX,2023-03,3,sessions=3<15 complete-indicator days
TSN.MX,2026-01,21,"undefined features: rs_last,rs_mean,rs_std"
TSN.MX,2026-04,19,"undefined features: rs_last,rs_mean,rs_std"
TSN.MX,2026-05,20,"undefined features: rs_last,rs_mean,rs_std"
TSN.MX,2023-04,0,rejected by data-quality gates
TSN.MX,2023-06,0,rejected by data-quality gates
TSN.MX,2023-07,0,rejected by data-quality gates
TSN.MX,2023-08,0,rejected by data-quality gates
TSN.MX,2023-10,0,rejected by data-quality gates
TSN.MX,2023-11,0,rejected by data-quality gates
TSN.MX,2023-12,0,rejected by data-quality gates
TSN.MX,2024-01,0,rejected by data-quality gates
TSN.MX,2024-02,0,rejected by data-quality gates
TSN.MX,2024-04,0,rejected by data-quality gates
TSN.MX,2024-05,0,rejected by data-quality gates
TSN.MX,2024-06,0,rejected by data-quality gates
TSN.MX,2024-10,0,rejected by data-quality gates
TSN.MX,2024-12,0,rejected by data-quality gates
TSN.MX,2025-01,0,rejected by data-quality gates
TSN.MX,2025-02,0,rejected by data-quality gates
TSN.MX,2025-03,0,rejected by data-quality gates
TSN.MX,2025-04,0,rejected by data-quality gates
TSN.MX,2025-06,0,rejected by data-quality gates
TSN.MX,2025-09,0,rejected by data-quality gates
TSN.MX,2025-12,0,rejected by data-quality gates
TSN.MX,2026-02,0,rejected by data-quality gates
TSN.MX,2026-03,0,rejected by data-quality gates
TSN.MX,2026-06,0,rejected by data-quality gates
TTWO.MX,2023-03,3,sessions=3<15 complete-indicator days
TTWO.MX,2023-04,18,"undefined features: rs_last,rs_mean,rs_std"
TTWO.MX,2023-05,22,"undefined features: rs_last,rs_mean,rs_std,so_last"
TTWO.MX,2023-08,23,"undefined features: rs_last,rs_mean,rs_std,so_last"
TTWO.MX,2024-08,22,"undefined features: rs_last,rs_mean,rs_std"
TTWO.MX,2023-06,0,rejected by data-quality gates
TTWO.MX,2023-07,0,rejected by data-quality gates
TTWO.MX,2023-09,0,rejected by data-quality gates
TTWO.MX,2023-10,0,rejected by data-quality gates
TTWO.MX,2024-01,0,rejected by data-quality gates
TTWO.MX,2024-05,0,rejected by data-quality gates
TTWO.MX,2024-07,0,rejected by data-quality gates
TTWO.MX,2024-09,0,rejected by data-quality gates
TTWO.MX,2024-10,0,rejected by data-quality gates
TTWO.MX,2024-11,0,rejected by data-quality gates
TTWO.MX,2024-12,0,rejected by data-quality gates
TTWO.MX,2025-12,0,rejected by data-quality gates
TTWO.MX,2026-03,0,rejected by data-quality gates
TTWO.MX,2026-04,0,rejected by data-quality gates
TWLO.MX,2023-03,3,sessions=3<15 complete-indicator days
TWLO.MX,2023-04,0,rejected by data-quality gates
TWLO.MX,2023-09,0,rejected by data-quality gates
TWLO.MX,2023-10,0,rejected by data-quality gates
TWLO.MX,2024-04,0,rejected by data-quality gates
TWLO.MX,2024-09,0,rejected by data-quality gates
TWLO.MX,2025-04,0,rejected by data-quality gates
TWLO.MX,2025-05,0,rejected by data-quality gates
TWLO.MX,2025-06,0,rejected by data-quality gates
TWLO.MX,2025-08,0,rejected by data-quality gates
TWLO.MX,2025-09,0,rejected by data-quality gates
TWLO.MX,2025-11,0,rejected by data-quality gates
TWLO.MX,2025-12,0,rejected by data-quality gates
TWLO.MX,2026-01,0,rejected by data-quality gates
TWLO.MX,2026-02,0,rejected by data-quality gates
TWLO.MX,2026-03,0,rejected by data-quality gates
TWLO.MX,2026-04,0,rejected by data-quality gates
TWLO.MX,2026-06,0,rejected by data-quality gates
TXN.MX,2023-03,3,sessions=3<15 complete-indicator days
TXN.MX,2024-05,22,"undefined features: rs_last,rs_mean,rs_std"
TXN.MX,2023-04,0,rejected by data-quality gates
TXN.MX,2023-05,0,rejected by data-quality gates
TXN.MX,2023-06,0,rejected by data-quality gates
TXN.MX,2023-07,0,rejected by data-quality gates
TXN.MX,2023-08,0,rejected by data-quality gates
TXN.MX,2023-09,0,rejected by data-quality gates
TXN.MX,2023-10,0,rejected by data-quality gates
TXN.MX,2023-11,0,rejected by data-quality gates
TXN.MX,2023-12,0,rejected by data-quality gates
TXN.MX,2024-01,0,rejected by data-quality gates
TXN.MX,2024-02,0,rejected by data-quality gates
TXN.MX,2024-03,0,rejected by data-quality gates
TXN.MX,2024-04,0,rejected by data-quality gates
TXN.MX,2024-06,0,rejected by data-quality gates
TXN.MX,2024-07,0,rejected by data-quality gates
TXN.MX,2024-08,0,rejected by data-quality gates
TXN.MX,2024-09,0,rejected by data-quality gates
TXN.MX,2024-10,0,rejected by data-quality gates
TXN.MX,2024-11,0,rejected by data-quality gates
TXN.MX,2024-12,0,rejected by data-quality gates
TXN.MX,2025-02,0,rejected by data-quality gates
TXN.MX,2025-03,0,rejected by data-quality gates
TXN.MX,2025-05,0,rejected by data-quality gates
TXN.MX,2025-06,0,rejected by data-quality gates
TXN.MX,2025-12,0,rejected by data-quality gates
TXN.MX,2026-01,0,rejected by data-quality gates
TXN.MX,2026-02,0,rejected by data-quality gates
TXN.MX,2026-03,0,rejected by data-quality gates
TXT.MX,2023-03,3,sessions=3<15 complete-indicator days
TXT.MX,2023-07,21,"undefined features: rs_last,rs_mean,rs_std"
TXT.MX,2023-08,23,"undefined features: rs_last,rs_mean,rs_std,so_last"
TXT.MX,2023-09,21,"undefined features: rs_last,rs_mean,rs_std,so_last"
TXT.MX,2023-10,22,"undefined features: rs_last,rs_mean,rs_std,so_last"
TXT.MX,2023-11,20,"undefined features: rs_last,rs_mean,rs_std"
TXT.MX,2023-12,19,"undefined features: rs_last,rs_mean,rs_std,so_last"
TXT.MX,2024-01,22,"undefined features: rs_last,rs_mean,rs_std,so_last"
TXT.MX,2024-02,20,"undefined features: rs_last,rs_mean,rs_std"
TXT.MX,2024-03,18,"undefined features: rs_last,rs_mean,rs_std"
TXT.MX,2024-04,22,"undefined features: rs_last,rs_mean,rs_std"
TXT.MX,2024-07,23,"undefined features: rs_last,rs_mean,rs_std"
TXT.MX,2024-08,22,"undefined features: rs_last,rs_mean,rs_std,so_last"
TXT.MX,2024-09,20,"undefined features: rs_last,rs_mean,rs_std"
TXT.MX,2025-07,23,"undefined features: rs_last,rs_mean,rs_std"
TXT.MX,2025-09,21,"undefined features: rs_last,rs_mean,rs_std"
TXT.MX,2025-12,21,"undefined features: rs_last,rs_mean,rs_std,so_last"
TXT.MX,2026-01,21,"undefined features: rs_last,rs_mean,rs_std,so_last"
TXT.MX,2026-02,19,"undefined features: rs_last,rs_mean,rs_std,so_last"
TXT.MX,2026-03,21,"undefined features: rs_last,rs_mean,rs_std,so_last"
TXT.MX,2026-04,19,"undefined features: rs_last,rs_mean,rs_std"
TXT.MX,2026-05,20,"undefined features: rs_last,rs_mean,rs_std,so_last"
TXT.MX,2026-06,22,"undefined features: rs_last,rs_mean,rs_std,so_last"
TXT.MX,2023-04,0,rejected by data-quality gates
TXT.MX,2023-05,0,rejected by data-quality gates
TXT.MX,2023-06,0,rejected by data-quality gates
TXT.MX,2024-05,0,rejected by data-quality gates
TXT.MX,2024-06,0,rejected by data-quality gates
TXT.MX,2024-10,0,rejected by data-quality gates
TXT.MX,2024-11,0,rejected by data-quality gates
TXT.MX,2024-12,0,rejected by data-quality gates
TXT.MX,2025-01,0,rejected by data-quality gates
TXT.MX,2025-02,0,rejected by data-quality gates
TXT.MX,2025-03,0,rejected by data-quality gates
TXT.MX,2025-04,0,rejected by data-quality gates
TXT.MX,2025-05,0,rejected by data-quality gates
TXT.MX,2025-06,0,rejected by data-quality gates
TXT.MX,2025-08,0,rejected by data-quality gates
TXT.MX,2025-10,0,rejected by data-quality gates
TXT.MX,2025-11,0,rejected by data-quality gates
TYL.MX,2023-03,3,sessions=3<15 complete-indicator days
TYL.MX,2023-04,18,"undefined features: rs_last,rs_mean,rs_std"
TYL.MX,2023-05,22,"undefined features: rs_last,rs_mean,rs_std,so_last"
TYL.MX,2023-06,22,"undefined features: rs_last,rs_mean,rs_std"
TYL.MX,2023-10,22,"undefined features: rs_last,rs_mean,rs_std,so_last"
TYL.MX,2023-11,20,"undefined features: rs_last,rs_mean,rs_std,so_last"
TYL.MX,2023-12,19,"undefined features: rs_last,rs_mean,rs_std"
TYL.MX,2024-01,22,"undefined features: rs_last,rs_mean,rs_std"
TYL.MX,2024-02,20,"undefined features: rs_last,rs_mean,rs_std,so_last"
TYL.MX,2024-03,18,"undefined features: rs_last,rs_mean,rs_std"
TYL.MX,2024-04,22,"undefined features: rs_last,rs_mean,rs_std,so_last"
TYL.MX,2024-05,22,"undefined features: rs_last,rs_mean,rs_std"
TYL.MX,2024-06,20,"undefined features: rs_last,rs_mean,rs_std"
TYL.MX,2024-07,23,"undefined features: rs_last,rs_mean,rs_std"
TYL.MX,2024-08,22,"undefined features: rs_last,rs_mean,rs_std"
TYL.MX,2024-09,20,"undefined features: rs_last,rs_mean,rs_std,so_last"
TYL.MX,2024-10,22,"undefined features: rs_last,rs_mean,rs_std,so_last"
TYL.MX,2024-11,20,"undefined features: rs_last,rs_mean,rs_std,so_last"
TYL.MX,2024-12,20,"undefined features: rs_last,rs_mean,rs_std,so_last"
TYL.MX,2025-01,22,"undefined features: rs_last,rs_mean,rs_std,so_last"
TYL.MX,2025-02,19,"undefined features: rs_last,rs_mean,rs_std,so_last"
TYL.MX,2025-03,20,"undefined features: rs_last,rs_mean,rs_std,so_last"
TYL.MX,2025-04,20,"undefined features: rs_last,rs_mean,rs_std,so_last"
TYL.MX,2025-05,21,"undefined features: rs_last,rs_mean,rs_std,so_last"
TYL.MX,2025-06,21,"undefined features: rs_last,rs_mean,rs_std,so_last"
TYL.MX,2025-07,23,"undefined features: rs_last,rs_mean,rs_std,so_last"
TYL.MX,2025-08,21,"undefined features: rs_last,rs_mean,rs_std,so_last"
TYL.MX,2025-09,21,"undefined features: rs_last,rs_mean,rs_std,so_last"
TYL.MX,2025-10,23,"undefined features: rs_last,rs_mean,rs_std,so_last"
TYL.MX,2025-11,19,"undefined features: rs_last,rs_mean,rs_std,so_last"
TYL.MX,2025-12,21,"undefined features: rs_last,rs_mean,rs_std,so_last"
TYL.MX,2026-01,21,"undefined features: rs_last,rs_mean,rs_std,so_last"
TYL.MX,2026-02,19,"undefined features: rs_last,rs_mean,rs_std,so_last"
TYL.MX,2026-03,21,"undefined features: rs_last,rs_mean,rs_std,so_last"
TYL.MX,2026-04,19,"undefined features: rs_last,rs_mean,rs_std,so_last"
TYL.MX,2026-05,20,"undefined features: rs_last,rs_mean,rs_std,so_last"
TYL.MX,2026-06,22,"undefined features: rs_last,rs_mean,rs_std,so_last"
TYL.MX,2023-07,0,rejected by data-quality gates
TYL.MX,2023-08,0,rejected by data-quality gates
TYL.MX,2023-09,0,rejected by data-quality gates
U.MX,2023-03,3,sessions=3<15 complete-indicator days
U.MX,2023-04,0,rejected by data-quality gates
U.MX,2025-01,0,rejected by data-quality gates
U.MX,2025-04,0,rejected by data-quality gates
U.MX,2025-05,0,rejected by data-quality gates
U.MX,2025-11,0,rejected by data-quality gates
U.MX,2025-12,0,rejected by data-quality gates
U.MX,2026-06,0,rejected by data-quality gates
UAL.MX,2023-03,3,sessions=3<15 complete-indicator days
UAL.MX,2025-09,0,rejected by data-quality gates
UAL.MX,2025-12,0,rejected by data-quality gates
UAL.MX,2026-01,0,rejected by data-quality gates
UBER.MX,2023-03,3,sessions=3<15 complete-indicator days
ULTA.MX,2023-03,3,sessions=3<15 complete-indicator days
ULTA.MX,2023-04,18,"undefined features: rs_last,rs_mean,rs_std,so_last"
ULTA.MX,2023-05,22,"undefined features: rs_last,rs_mean,rs_std,so_last"
ULTA.MX,2023-07,21,"undefined features: rs_last,rs_mean,rs_std,so_last"
ULTA.MX,2023-10,22,"undefined features: rs_last,rs_mean,rs_std,so_std"
ULTA.MX,2023-12,19,"undefined features: rs_last,rs_mean,rs_std"
ULTA.MX,2024-01,22,"undefined features: rs_last,rs_mean,rs_std,so_std"
ULTA.MX,2024-02,20,"undefined features: rs_last,rs_mean,rs_std"
ULTA.MX,2026-01,21,"undefined features: rs_last,rs_mean,rs_std"
ULTA.MX,2023-06,0,rejected by data-quality gates
ULTA.MX,2023-08,0,rejected by data-quality gates
ULTA.MX,2023-09,0,rejected by data-quality gates
ULTA.MX,2023-11,0,rejected by data-quality gates
ULTA.MX,2024-03,0,rejected by data-quality gates
ULTA.MX,2024-12,0,rejected by data-quality gates
ULTA.MX,2025-01,0,rejected by data-quality gates
ULTA.MX,2025-02,0,rejected by data-quality gates
ULTA.MX,2025-03,0,rejected by data-quality gates
ULTA.MX,2025-04,0,rejected by data-quality gates
ULTA.MX,2025-05,0,rejected by data-quality gates
ULTA.MX,2025-06,0,rejected by data-quality gates
ULTA.MX,2025-07,0,rejected by data-quality gates
ULTA.MX,2025-08,0,rejected by data-quality gates
ULTA.MX,2025-09,0,rejected by data-quality gates
ULTA.MX,2025-10,0,rejected by data-quality gates
ULTA.MX,2025-11,0,rejected by data-quality gates
ULTA.MX,2025-12,0,rejected by data-quality gates
ULTA.MX,2026-02,0,rejected by data-quality gates
ULTA.MX,2026-03,0,rejected by data-quality gates
ULTA.MX,2026-04,0,rejected by data-quality gates
ULTA.MX,2026-05,0,rejected by data-quality gates
UNH.MX,2023-03,3,sessions=3<15 complete-indicator days
UNP.MX,2023-03,3,sessions=3<15 complete-indicator days
UNP.MX,2024-04,22,"undefined features: rs_last,rs_mean,rs_std,so_last"
UNP.MX,2025-10,23,undefined features: rs_std
UNP.MX,2023-05,0,rejected by data-quality gates
UNP.MX,2023-06,0,rejected by data-quality gates
UNP.MX,2023-07,0,rejected by data-quality gates
UNP.MX,2023-08,0,rejected by data-quality gates
UNP.MX,2023-09,0,rejected by data-quality gates
UNP.MX,2023-10,0,rejected by data-quality gates
UNP.MX,2023-11,0,rejected by data-quality gates
UNP.MX,2023-12,0,rejected by data-quality gates
UNP.MX,2024-01,0,rejected by data-quality gates
UNP.MX,2024-02,0,rejected by data-quality gates
UNP.MX,2024-03,0,rejected by data-quality gates
UNP.MX,2024-05,0,rejected by data-quality gates
UNP.MX,2024-07,0,rejected by data-quality gates
UNP.MX,2024-08,0,rejected by data-quality gates
UNP.MX,2024-09,0,rejected by data-quality gates
UNP.MX,2024-10,0,rejected by data-quality gates
UNP.MX,2024-11,0,rejected by data-quality gates
UNP.MX,2024-12,0,rejected by data-quality gates
UNP.MX,2025-01,0,rejected by data-quality gates
UNP.MX,2025-02,0,rejected by data-quality gates
UNP.MX,2025-03,0,rejected by data-quality gates
UNP.MX,2025-04,0,rejected by data-quality gates
UNP.MX,2025-05,0,rejected by data-quality gates
UNP.MX,2025-08,0,rejected by data-quality gates
UNP.MX,2025-09,0,rejected by data-quality gates
UNP.MX,2025-11,0,rejected by data-quality gates
UNP.MX,2025-12,0,rejected by data-quality gates
UNP.MX,2026-01,0,rejected by data-quality gates
UNP.MX,2026-02,0,rejected by data-quality gates
UNP.MX,2026-03,0,rejected by data-quality gates
UNP.MX,2026-04,0,rejected by data-quality gates
UNP.MX,2026-05,0,rejected by data-quality gates
UNP.MX,2026-06,0,rejected by data-quality gates
UPS.MX,2023-03,3,sessions=3<15 complete-indicator days
UPS.MX,2023-04,0,rejected by data-quality gates
UPS.MX,2023-05,0,rejected by data-quality gates
UPS.MX,2023-06,0,rejected by data-quality gates
UPS.MX,2023-07,0,rejected by data-quality gates
UPS.MX,2023-08,0,rejected by data-quality gates
UPS.MX,2023-09,0,rejected by data-quality gates
UPS.MX,2023-10,0,rejected by data-quality gates
UPS.MX,2023-11,0,rejected by data-quality gates
UPS.MX,2024-02,0,rejected by data-quality gates
UPS.MX,2024-03,0,rejected by data-quality gates
UPS.MX,2024-04,0,rejected by data-quality gates
UPS.MX,2024-05,0,rejected by data-quality gates
UPS.MX,2024-06,0,rejected by data-quality gates
URI.MX,2023-03,3,sessions=3<15 complete-indicator days
URI.MX,2023-12,19,"undefined features: rs_last,rs_mean,rs_std,so_last"
URI.MX,2024-01,22,"undefined features: rs_last,rs_mean,rs_std,so_last"
URI.MX,2024-05,22,"undefined features: rs_last,rs_mean,rs_std,so_last"
URI.MX,2024-06,20,"undefined features: rs_last,rs_mean,rs_std"
URI.MX,2024-10,22,"undefined features: rs_last,rs_mean,rs_std"
URI.MX,2025-04,20,"undefined features: rs_std,so_last,so_mean,so_std"
URI.MX,2025-05,21,"undefined features: rs_last,rs_mean,rs_std"
URI.MX,2025-06,21,"undefined features: rs_last,rs_mean,rs_std"
URI.MX,2025-07,23,"undefined features: rs_last,rs_mean,rs_std,so_last"
URI.MX,2026-06,22,undefined features: rs_std
URI.MX,2023-04,0,rejected by data-quality gates
URI.MX,2023-05,0,rejected by data-quality gates
URI.MX,2023-06,0,rejected by data-quality gates
URI.MX,2023-07,0,rejected by data-quality gates
URI.MX,2023-08,0,rejected by data-quality gates
URI.MX,2023-09,0,rejected by data-quality gates
URI.MX,2023-10,0,rejected by data-quality gates
URI.MX,2023-11,0,rejected by data-quality gates
URI.MX,2024-02,0,rejected by data-quality gates
URI.MX,2024-03,0,rejected by data-quality gates
URI.MX,2024-04,0,rejected by data-quality gates
URI.MX,2024-07,0,rejected by data-quality gates
URI.MX,2024-08,0,rejected by data-quality gates
URI.MX,2024-09,0,rejected by data-quality gates
URI.MX,2024-11,0,rejected by data-quality gates
URI.MX,2024-12,0,rejected by data-quality gates
URI.MX,2025-01,0,rejected by data-quality gates
URI.MX,2025-02,0,rejected by data-quality gates
URI.MX,2025-03,0,rejected by data-quality gates
URI.MX,2025-08,0,rejected by data-quality gates
URI.MX,2025-09,0,rejected by data-quality gates
URI.MX,2025-10,0,rejected by data-quality gates
URI.MX,2025-11,0,rejected by data-quality gates
URI.MX,2025-12,0,rejected by data-quality gates
URI.MX,2026-01,0,rejected by data-quality gates
URI.MX,2026-02,0,rejected by data-quality gates
URI.MX,2026-03,0,rejected by data-quality gates
URI.MX,2026-04,0,rejected by data-quality gates
URI.MX,2026-05,0,rejected by data-quality gates
USB.MX,2023-03,3,sessions=3<15 complete-indicator days
USB.MX,2024-05,22,"undefined features: rs_last,rs_mean,rs_std"
USB.MX,2025-06,21,"undefined features: rs_last,rs_mean,rs_std,so_std"
USB.MX,2025-12,21,"undefined features: rs_last,rs_mean,rs_std"
USB.MX,2023-04,0,rejected by data-quality gates
USB.MX,2023-05,0,rejected by data-quality gates
USB.MX,2023-06,0,rejected by data-quality gates
USB.MX,2023-07,0,rejected by data-quality gates
USB.MX,2023-08,0,rejected by data-quality gates
USB.MX,2023-09,0,rejected by data-quality gates
USB.MX,2023-10,0,rejected by data-quality gates
USB.MX,2023-11,0,rejected by data-quality gates
USB.MX,2023-12,0,rejected by data-quality gates
USB.MX,2024-01,0,rejected by data-quality gates
USB.MX,2024-02,0,rejected by data-quality gates
USB.MX,2024-03,0,rejected by data-quality gates
USB.MX,2024-04,0,rejected by data-quality gates
USB.MX,2024-06,0,rejected by data-quality gates
USB.MX,2024-07,0,rejected by data-quality gates
USB.MX,2024-08,0,rejected by data-quality gates
USB.MX,2024-09,0,rejected by data-quality gates
USB.MX,2024-10,0,rejected by data-quality gates
USB.MX,2024-11,0,rejected by data-quality gates
USB.MX,2024-12,0,rejected by data-quality gates
USB.MX,2025-01,0,rejected by data-quality gates
USB.MX,2025-02,0,rejected by data-quality gates
USB.MX,2025-03,0,rejected by data-quality gates
USB.MX,2025-04,0,rejected by data-quality gates
USB.MX,2025-05,0,rejected by data-quality gates
USB.MX,2025-07,0,rejected by data-quality gates
USB.MX,2025-08,0,rejected by data-quality gates
USB.MX,2025-09,0,rejected by data-quality gates
USB.MX,2025-10,0,rejected by data-quality gates
USB.MX,2025-11,0,rejected by data-quality gates
USB.MX,2026-01,0,rejected by data-quality gates
USB.MX,2026-02,0,rejected by data-quality gates
USB.MX,2026-03,0,rejected by data-quality gates
USB.MX,2026-04,0,rejected by data-quality gates
USB.MX,2026-05,0,rejected by data-quality gates
USB.MX,2026-06,0,rejected by data-quality gates
USFD.MX,2023-03,3,sessions=3<15 complete-indicator days
USFD.MX,2023-04,18,"undefined features: rs_last,rs_mean,rs_std,so_last"
USFD.MX,2023-05,22,"undefined features: rs_last,rs_mean,rs_std,so_last"
USFD.MX,2023-06,22,"undefined features: rs_last,rs_mean,rs_std,so_last"
USFD.MX,2023-07,21,"undefined features: rs_last,rs_mean,rs_std,so_last"
USFD.MX,2023-08,23,"undefined features: rs_last,rs_mean,rs_std,so_last"
USFD.MX,2023-09,21,"undefined features: rs_last,rs_mean,rs_std,so_last"
USFD.MX,2023-10,22,"undefined features: rs_last,rs_mean,rs_std,so_last"
USFD.MX,2023-11,20,"undefined features: rs_last,rs_mean,rs_std,so_last"
USFD.MX,2023-12,19,"undefined features: rs_last,rs_mean,rs_std,so_last"
USFD.MX,2024-01,22,"undefined features: rs_last,rs_mean,rs_std,so_last"
USFD.MX,2024-02,20,"undefined features: rs_last,rs_mean,rs_std,so_last"
USFD.MX,2024-03,18,"undefined features: rs_last,rs_mean,rs_std,so_last"
USFD.MX,2024-04,22,"undefined features: rs_last,rs_mean,rs_std,so_last"
USFD.MX,2024-05,22,"undefined features: rs_last,rs_mean,rs_std,so_last"
USFD.MX,2024-06,20,"undefined features: rs_last,rs_mean,rs_std,so_last"
USFD.MX,2024-07,23,"undefined features: rs_last,rs_mean,rs_std,so_last"
USFD.MX,2024-08,22,"undefined features: rs_last,rs_mean,rs_std,so_last"
USFD.MX,2024-09,20,"undefined features: rs_last,rs_mean,rs_std"
USFD.MX,2024-10,22,"undefined features: rs_last,rs_mean,rs_std,so_last"
USFD.MX,2024-11,20,"undefined features: rs_last,rs_mean,rs_std,so_last"
USFD.MX,2024-12,20,"undefined features: rs_last,rs_mean,rs_std,so_last"
USFD.MX,2025-01,22,"undefined features: rs_last,rs_mean,rs_std,so_last"
USFD.MX,2025-02,19,"undefined features: rs_last,rs_mean,rs_std,so_last"
USFD.MX,2025-03,20,"undefined features: rs_last,rs_mean,rs_std,so_last"
USFD.MX,2025-04,20,"undefined features: rs_last,rs_mean,rs_std,so_last"
USFD.MX,2025-05,21,"undefined features: rs_last,rs_mean,rs_std,so_last"
USFD.MX,2025-06,21,"undefined features: rs_last,rs_mean,rs_std,so_last"
USFD.MX,2025-07,23,"undefined features: rs_last,rs_mean,rs_std,so_last"
USFD.MX,2025-08,21,"undefined features: rs_last,rs_mean,rs_std,so_last"
USFD.MX,2025-09,21,"undefined features: rs_last,rs_mean,rs_std,so_last"
USFD.MX,2025-10,23,"undefined features: rs_last,rs_mean,rs_std,so_last"
USFD.MX,2025-11,19,"undefined features: rs_last,rs_mean,rs_std,so_last"
USFD.MX,2025-12,21,"undefined features: rs_last,rs_mean,rs_std,so_last"
USFD.MX,2026-01,21,"undefined features: rs_last,rs_mean,rs_std,so_last"
USFD.MX,2026-02,19,"undefined features: rs_last,rs_mean,rs_std,so_last"
USFD.MX,2026-03,21,"undefined features: rs_last,rs_mean,rs_std,so_last"
USFD.MX,2026-04,19,"undefined features: rs_last,rs_mean,rs_std,so_last"
USFD.MX,2026-05,20,"undefined features: rs_last,rs_mean,rs_std"
USFD.MX,2026-06,0,rejected by data-quality gates
V.MX,2023-03,3,sessions=3<15 complete-indicator days
VEEV.MX,2023-03,3,sessions=3<15 complete-indicator days
VEEV.MX,2024-02,20,"undefined features: rs_last,rs_mean,rs_std"
VEEV.MX,2023-04,0,rejected by data-quality gates
VEEV.MX,2023-05,0,rejected by data-quality gates
VEEV.MX,2023-06,0,rejected by data-quality gates
VEEV.MX,2023-07,0,rejected by data-quality gates
VEEV.MX,2023-08,0,rejected by data-quality gates
VEEV.MX,2023-09,0,rejected by data-quality gates
VEEV.MX,2023-10,0,rejected by data-quality gates
VEEV.MX,2023-11,0,rejected by data-quality gates
VEEV.MX,2023-12,0,rejected by data-quality gates
VEEV.MX,2024-01,0,rejected by data-quality gates
VEEV.MX,2024-03,0,rejected by data-quality gates
VEEV.MX,2024-04,0,rejected by data-quality gates
VEEV.MX,2024-05,0,rejected by data-quality gates
VEEV.MX,2024-06,0,rejected by data-quality gates
VEEV.MX,2024-07,0,rejected by data-quality gates
VEEV.MX,2024-08,0,rejected by data-quality gates
VEEV.MX,2024-09,0,rejected by data-quality gates
VEEV.MX,2024-10,0,rejected by data-quality gates
VEEV.MX,2024-11,0,rejected by data-quality gates
VEEV.MX,2024-12,0,rejected by data-quality gates
VEEV.MX,2025-01,0,rejected by data-quality gates
VEEV.MX,2025-02,0,rejected by data-quality gates
VEEV.MX,2025-03,0,rejected by data-quality gates
VEEV.MX,2025-04,0,rejected by data-quality gates
VEEV.MX,2025-05,0,rejected by data-quality gates
VEEV.MX,2025-06,0,rejected by data-quality gates
VEEV.MX,2025-07,0,rejected by data-quality gates
VEEV.MX,2025-08,0,rejected by data-quality gates
VEEV.MX,2025-09,0,rejected by data-quality gates
VEEV.MX,2025-10,0,rejected by data-quality gates
VEEV.MX,2025-11,0,rejected by data-quality gates
VEEV.MX,2025-12,0,rejected by data-quality gates
VEEV.MX,2026-01,0,rejected by data-quality gates
VEEV.MX,2026-02,0,rejected by data-quality gates
VEEV.MX,2026-03,0,rejected by data-quality gates
VEEV.MX,2026-05,0,rejected by data-quality gates
VESTA.MX,2023-03,3,sessions=3<15 complete-indicator days
VICI.MX,2023-03,3,sessions=3<15 complete-indicator days
VICI.MX,2023-04,0,rejected by data-quality gates
VICI.MX,2023-05,0,rejected by data-quality gates
VICI.MX,2023-06,0,rejected by data-quality gates
VICI.MX,2023-07,0,rejected by data-quality gates
VICI.MX,2023-08,0,rejected by data-quality gates
VICI.MX,2023-09,0,rejected by data-quality gates
VICI.MX,2023-10,0,rejected by data-quality gates
VICI.MX,2023-12,0,rejected by data-quality gates
VICI.MX,2024-02,0,rejected by data-quality gates
VICI.MX,2024-04,0,rejected by data-quality gates
VICI.MX,2024-05,0,rejected by data-quality gates
VICI.MX,2024-06,0,rejected by data-quality gates
VICI.MX,2024-07,0,rejected by data-quality gates
VICI.MX,2024-08,0,rejected by data-quality gates
VICI.MX,2024-09,0,rejected by data-quality gates
VICI.MX,2024-10,0,rejected by data-quality gates
VICI.MX,2024-11,0,rejected by data-quality gates
VICI.MX,2024-12,0,rejected by data-quality gates
VICI.MX,2025-01,0,rejected by data-quality gates
VICI.MX,2025-02,0,rejected by data-quality gates
VICI.MX,2025-03,0,rejected by data-quality gates
VICI.MX,2025-04,0,rejected by data-quality gates
VICI.MX,2025-05,0,rejected by data-quality gates
VICI.MX,2025-06,0,rejected by data-quality gates
VICI.MX,2025-07,0,rejected by data-quality gates
VICI.MX,2025-08,0,rejected by data-quality gates
VICI.MX,2025-09,0,rejected by data-quality gates
VICI.MX,2026-03,0,rejected by data-quality gates
VICI.MX,2026-04,0,rejected by data-quality gates
VICI.MX,2026-05,0,rejected by data-quality gates
VICI.MX,2026-06,0,rejected by data-quality gates
VLO.MX,2023-03,3,sessions=3<15 complete-indicator days
VLO.MX,2023-06,0,rejected by data-quality gates
VLO.MX,2023-07,0,rejected by data-quality gates
VLO.MX,2023-08,0,rejected by data-quality gates
VLO.MX,2023-09,0,rejected by data-quality gates
VLO.MX,2023-10,0,rejected by data-quality gates
VLO.MX,2023-11,0,rejected by data-quality gates
VLO.MX,2023-12,0,rejected by data-quality gates
VLO.MX,2024-01,0,rejected by data-quality gates
VLO.MX,2024-02,0,rejected by data-quality gates
VLO.MX,2024-03,0,rejected by data-quality gates
VLO.MX,2024-04,0,rejected by data-quality gates
VLO.MX,2024-05,0,rejected by data-quality gates
VLO.MX,2024-06,0,rejected by data-quality gates
VLO.MX,2024-07,0,rejected by data-quality gates
VLO.MX,2024-08,0,rejected by data-quality gates
VLO.MX,2024-09,0,rejected by data-quality gates
VLO.MX,2024-10,0,rejected by data-quality gates
VLO.MX,2024-11,0,rejected by data-quality gates
VLO.MX,2024-12,0,rejected by data-quality gates
VLO.MX,2025-01,0,rejected by data-quality gates
VLO.MX,2025-02,0,rejected by data-quality gates
VLO.MX,2025-03,0,rejected by data-quality gates
VLO.MX,2025-04,0,rejected by data-quality gates
VLO.MX,2025-05,0,rejected by data-quality gates
VLO.MX,2025-06,0,rejected by data-quality gates
VLO.MX,2025-07,0,rejected by data-quality gates
VLO.MX,2025-08,0,rejected by data-quality gates
VLO.MX,2025-09,0,rejected by data-quality gates
VLO.MX,2025-10,0,rejected by data-quality gates
VLO.MX,2025-11,0,rejected by data-quality gates
VLO.MX,2025-12,0,rejected by data-quality gates
VLO.MX,2026-02,0,rejected by data-quality gates
VLO.MX,2026-06,0,rejected by data-quality gates
VLTO.MX,2024-03,4,sessions=4<15 complete-indicator days
VLTO.MX,2024-07,23,"undefined features: rs_last,rs_mean,rs_std"
VLTO.MX,2024-08,22,"undefined features: rs_last,rs_mean,rs_std"
VLTO.MX,2025-05,21,"undefined features: rs_last,rs_mean,rs_std"
VLTO.MX,2025-08,21,undefined features: rs_std
VLTO.MX,2026-03,21,"undefined features: rs_last,rs_mean,rs_std"
VLTO.MX,2026-04,19,"undefined features: rs_last,rs_mean,rs_std,so_last"
VLTO.MX,2026-05,20,"undefined features: rs_last,rs_mean,rs_std,so_last"
VLTO.MX,2026-06,22,"undefined features: rs_last,rs_mean,rs_std,so_last"
VLTO.MX,2024-04,0,rejected by data-quality gates
VLTO.MX,2024-05,0,rejected by data-quality gates
VLTO.MX,2024-06,0,rejected by data-quality gates
VLTO.MX,2024-09,0,rejected by data-quality gates
VLTO.MX,2024-10,0,rejected by data-quality gates
VLTO.MX,2024-11,0,rejected by data-quality gates
VLTO.MX,2024-12,0,rejected by data-quality gates
VLTO.MX,2025-01,0,rejected by data-quality gates
VLTO.MX,2025-02,0,rejected by data-quality gates
VLTO.MX,2025-03,0,rejected by data-quality gates
VLTO.MX,2025-04,0,rejected by data-quality gates
VLTO.MX,2025-06,0,rejected by data-quality gates
VLTO.MX,2025-07,0,rejected by data-quality gates
VLTO.MX,2025-09,0,rejected by data-quality gates
VLTO.MX,2025-10,0,rejected by data-quality gates
VLTO.MX,2025-11,0,rejected by data-quality gates
VLTO.MX,2025-12,0,rejected by data-quality gates
VLTO.MX,2026-01,0,rejected by data-quality gates
VLTO.MX,2026-02,0,rejected by data-quality gates
VMC.MX,2025-02,19,"undefined features: rs_last,rs_mean,rs_std"
VMC.MX,2025-05,21,"undefined features: rs_last,rs_mean,rs_std"
VMC.MX,2025-06,21,"undefined features: rs_last,rs_mean,rs_std,so_last"
VMC.MX,2025-07,23,"undefined features: rs_last,rs_mean,rs_std,so_last"
VMC.MX,2025-08,21,"undefined features: rs_last,rs_mean,rs_std"
VMC.MX,2025-10,23,"undefined features: rs_last,rs_mean,rs_std,so_last"
VMC.MX,2025-12,21,"undefined features: rs_last,rs_mean,rs_std"
VMC.MX,2026-04,19,undefined features: so_std
VMC.MX,2026-05,20,"undefined features: rs_last,rs_mean,rs_std,so_last"
VMC.MX,2026-06,22,"undefined features: rs_last,rs_mean,rs_std"
VMC.MX,2025-01,0,rejected by data-quality gates
VMC.MX,2025-03,0,rejected by data-quality gates
VMC.MX,2025-04,0,rejected by data-quality gates
VMC.MX,2025-09,0,rejected by data-quality gates
VMC.MX,2025-11,0,rejected by data-quality gates
VMC.MX,2026-01,0,rejected by data-quality gates
VMC.MX,2026-02,0,rejected by data-quality gates
VMC.MX,2026-03,0,rejected by data-quality gates
VOLARA.MX,2023-03,3,sessions=3<15 complete-indicator days
VRSK.MX,2023-03,3,sessions=3<15 complete-indicator days
VRSK.MX,2023-04,18,"undefined features: rs_last,rs_mean,rs_std,so_last"
VRSK.MX,2023-05,22,"undefined features: rs_last,rs_mean,rs_std"
VRSK.MX,2023-06,22,"undefined features: rs_last,rs_mean,rs_std,so_last"
VRSK.MX,2023-07,21,"undefined features: rs_last,rs_mean,rs_std"
VRSK.MX,2023-08,23,"undefined features: rs_last,rs_mean,rs_std"
VRSK.MX,2023-09,21,"undefined features: rs_last,rs_mean,rs_std"
VRSK.MX,2023-12,19,"undefined features: rs_last,rs_mean,rs_std"
VRSK.MX,2024-01,22,"undefined features: rs_last,rs_mean,rs_std,so_std"
VRSK.MX,2024-02,20,"undefined features: rs_last,rs_mean,rs_std,so_last"
VRSK.MX,2024-05,22,"undefined features: rs_last,rs_mean,rs_std,so_last"
VRSK.MX,2024-06,20,"undefined features: rs_last,rs_mean,rs_std"
VRSK.MX,2024-07,23,undefined features: rs_std
VRSK.MX,2024-12,20,"undefined features: rs_last,rs_mean,rs_std"
VRSK.MX,2025-03,20,"undefined features: rs_last,rs_mean,rs_std,so_last"
VRSK.MX,2025-05,21,"undefined features: rs_last,rs_mean,rs_std"
VRSK.MX,2025-12,21,"undefined features: rs_last,rs_mean,rs_std,so_last"
VRSK.MX,2023-10,0,rejected by data-quality gates
VRSK.MX,2023-11,0,rejected by data-quality gates
VRSK.MX,2024-03,0,rejected by data-quality gates
VRSK.MX,2024-04,0,rejected by data-quality gates
VRSK.MX,2024-08,0,rejected by data-quality gates
VRSK.MX,2024-09,0,rejected by data-quality gates
VRSK.MX,2024-10,0,rejected by data-quality gates
VRSK.MX,2024-11,0,rejected by data-quality gates
VRSK.MX,2025-01,0,rejected by data-quality gates
VRSK.MX,2025-02,0,rejected by data-quality gates
VRSK.MX,2025-04,0,rejected by data-quality gates
VRSK.MX,2025-06,0,rejected by data-quality gates
VRSK.MX,2025-07,0,rejected by data-quality gates
VRSK.MX,2025-08,0,rejected by data-quality gates
VRSK.MX,2025-09,0,rejected by data-quality gates
VRSK.MX,2025-10,0,rejected by data-quality gates
VRSK.MX,2025-11,0,rejected by data-quality gates
VRSK.MX,2026-01,0,rejected by data-quality gates
VRSK.MX,2026-02,0,rejected by data-quality gates
VRSK.MX,2026-03,0,rejected by data-quality gates
VRSK.MX,2026-04,0,rejected by data-quality gates
VRSK.MX,2026-05,0,rejected by data-quality gates
VRSK.MX,2026-06,0,rejected by data-quality gates
VRSN.MX,2023-03,3,sessions=3<15 complete-indicator days
VRSN.MX,2023-04,18,"undefined features: rs_last,rs_mean,rs_std,so_last"
VRSN.MX,2023-05,22,"undefined features: rs_last,rs_mean,rs_std"
VRSN.MX,2023-06,22,"undefined features: rs_last,rs_mean,rs_std"
VRSN.MX,2023-07,21,"undefined features: rs_last,rs_mean,rs_std,so_last"
VRSN.MX,2023-08,23,"undefined features: rs_last,rs_mean,rs_std,so_last"
VRSN.MX,2023-09,21,"undefined features: rs_last,rs_mean,rs_std,so_last"
VRSN.MX,2023-10,22,"undefined features: rs_last,rs_mean,rs_std,so_last"
VRSN.MX,2024-02,20,"undefined features: rs_last,rs_mean,rs_std,so_last"
VRSN.MX,2024-03,18,"undefined features: rs_last,rs_mean,rs_std,so_last"
VRSN.MX,2024-06,20,undefined features: rs_std
VRSN.MX,2024-07,23,"undefined features: rs_last,rs_mean,rs_std,so_last"
VRSN.MX,2024-08,22,"undefined features: rs_last,rs_mean,rs_std,so_last"
VRSN.MX,2024-09,20,"undefined features: rs_last,rs_mean,rs_std,so_last"
VRSN.MX,2024-10,22,"undefined features: rs_last,rs_mean,rs_std"
VRSN.MX,2024-11,20,"undefined features: rs_last,rs_mean,rs_std"
VRSN.MX,2024-12,20,"undefined features: rs_last,rs_mean,rs_std"
VRSN.MX,2025-03,20,"undefined features: rs_last,rs_mean,rs_std,so_last"
VRSN.MX,2025-04,20,"undefined features: rs_last,rs_mean,rs_std"
VRSN.MX,2025-05,21,"undefined features: rs_last,rs_mean,rs_std"
VRSN.MX,2025-06,21,"undefined features: rs_last,rs_mean,rs_std,so_last"
VRSN.MX,2025-09,21,"undefined features: rs_last,rs_mean,rs_std"
VRSN.MX,2025-12,21,"undefined features: rs_last,rs_mean,rs_std"
VRSN.MX,2026-02,19,"undefined features: rs_last,rs_mean,rs_std,so_last"
VRSN.MX,2026-03,21,"undefined features: rs_last,rs_mean,rs_std,so_last"
VRSN.MX,2026-04,19,"undefined features: rs_last,rs_mean,rs_std,so_last"
VRSN.MX,2026-05,20,"undefined features: rs_last,rs_mean,rs_std,so_last"
VRSN.MX,2026-06,22,"undefined features: rs_last,rs_mean,rs_std,so_last"
VRSN.MX,2023-11,0,rejected by data-quality gates
VRSN.MX,2023-12,0,rejected by data-quality gates
VRSN.MX,2024-01,0,rejected by data-quality gates
VRSN.MX,2024-04,0,rejected by data-quality gates
VRSN.MX,2024-05,0,rejected by data-quality gates
VRSN.MX,2025-01,0,rejected by data-quality gates
VRSN.MX,2025-02,0,rejected by data-quality gates
VRSN.MX,2025-07,0,rejected by data-quality gates
VRSN.MX,2025-08,0,rejected by data-quality gates
VRSN.MX,2025-10,0,rejected by data-quality gates
VRSN.MX,2025-11,0,rejected by data-quality gates
VRSN.MX,2026-01,0,rejected by data-quality gates
VRTX.MX,2023-03,3,sessions=3<15 complete-indicator days
VRTX.MX,2023-04,0,rejected by data-quality gates
VRTX.MX,2023-05,0,rejected by data-quality gates
VRTX.MX,2023-06,0,rejected by data-quality gates
VRTX.MX,2023-07,0,rejected by data-quality gates
VRTX.MX,2023-08,0,rejected by data-quality gates
VRTX.MX,2023-09,0,rejected by data-quality gates
VRTX.MX,2024-03,0,rejected by data-quality gates
VRTX.MX,2024-04,0,rejected by data-quality gates
VRTX.MX,2024-05,0,rejected by data-quality gates
VRTX.MX,2024-07,0,rejected by data-quality gates
VRTX.MX,2024-08,0,rejected by data-quality gates
VRTX.MX,2024-09,0,rejected by data-quality gates
VRTX.MX,2024-10,0,rejected by data-quality gates
VRTX.MX,2025-01,0,rejected by data-quality gates
VRTX.MX,2025-02,0,rejected by data-quality gates
VRTX.MX,2025-03,0,rejected by data-quality gates
VRTX.MX,2025-04,0,rejected by data-quality gates
VRTX.MX,2025-05,0,rejected by data-quality gates
VRTX.MX,2025-06,0,rejected by data-quality gates
VRTX.MX,2025-07,0,rejected by data-quality gates
VRTX.MX,2025-09,0,rejected by data-quality gates
VRTX.MX,2025-10,0,rejected by data-quality gates
VRTX.MX,2025-11,0,rejected by data-quality gates
VRTX.MX,2025-12,0,rejected by data-quality gates
VRTX.MX,2026-01,0,rejected by data-quality gates
VRTX.MX,2026-02,0,rejected by data-quality gates
VRTX.MX,2026-03,0,rejected by data-quality gates
VRTX.MX,2026-04,0,rejected by data-quality gates
VRTX.MX,2026-05,0,rejected by data-quality gates
VRTX.MX,2026-06,0,rejected by data-quality gates
VST.MX,2023-03,3,sessions=3<15 complete-indicator days
VST.MX,2023-05,22,"undefined features: rs_last,rs_mean,rs_std,so_last"
VST.MX,2023-06,22,"undefined features: rs_last,rs_mean,rs_std,so_last"
VST.MX,2023-07,21,"undefined features: rs_last,rs_mean,rs_std,so_last"
VST.MX,2023-08,23,"undefined features: rs_last,rs_mean,rs_std,so_std"
VST.MX,2023-09,21,"undefined features: rs_last,rs_mean,rs_std"
VST.MX,2023-10,22,"undefined features: rs_last,rs_mean,rs_std"
VST.MX,2023-11,20,"undefined features: rs_last,rs_mean,rs_std,so_last"
VST.MX,2023-12,19,"undefined features: rs_last,rs_mean,rs_std,so_last"
VST.MX,2024-01,22,"undefined features: rs_last,rs_mean,rs_std,so_last"
VST.MX,2024-02,20,"undefined features: rs_last,rs_mean,rs_std"
VST.MX,2024-03,18,"undefined features: rs_last,rs_mean,rs_std"
VST.MX,2024-04,22,"undefined features: rs_last,rs_mean,rs_std"
VST.MX,2024-05,22,undefined features: rs_std
VST.MX,2023-04,0,rejected by data-quality gates
VST.MX,2024-06,0,rejected by data-quality gates
VST.MX,2024-07,0,rejected by data-quality gates
VST.MX,2024-08,0,rejected by data-quality gates
VST.MX,2024-09,0,rejected by data-quality gates
VTR.MX,2023-03,3,sessions=3<15 complete-indicator days
VTR.MX,2023-04,18,"undefined features: rs_last,rs_mean,rs_std,so_last"
VTR.MX,2023-05,22,"undefined features: rs_last,rs_mean,rs_std,so_last"
VTR.MX,2023-06,22,"undefined features: rs_last,rs_mean,rs_std,so_last"
VTR.MX,2023-07,21,"undefined features: rs_last,rs_mean,rs_std,so_last"
VTR.MX,2023-08,23,"undefined features: rs_last,rs_mean,rs_std,so_last"
VTR.MX,2023-09,21,"undefined features: rs_last,rs_mean,rs_std,so_last"
VTR.MX,2023-10,22,"undefined features: rs_last,rs_mean,rs_std,so_last"
VTR.MX,2023-11,20,"undefined features: rs_last,rs_mean,rs_std,so_last"
VTR.MX,2023-12,19,"undefined features: rs_last,rs_mean,rs_std,so_last"
VTR.MX,2024-01,22,"undefined features: rs_last,rs_mean,rs_std,so_last"
VTR.MX,2024-02,20,"undefined features: rs_last,rs_mean,rs_std,so_last"
VTR.MX,2024-03,18,"undefined features: rs_last,rs_mean,rs_std,so_last"
VTR.MX,2024-04,22,"undefined features: rs_last,rs_mean,rs_std,so_last"
VTR.MX,2024-05,22,"undefined features: rs_last,rs_mean,rs_std,so_last"
VTR.MX,2024-08,22,"undefined features: rs_last,rs_mean,rs_std"
VTR.MX,2024-09,20,"undefined features: rs_last,rs_mean,rs_std"
VTR.MX,2024-10,22,"undefined features: rs_last,rs_mean,rs_std,so_last"
VTR.MX,2024-11,20,"undefined features: rs_last,rs_mean,rs_std"
VTR.MX,2024-12,20,"undefined features: rs_last,rs_mean,rs_std,so_last"
VTR.MX,2025-03,20,"undefined features: rs_last,rs_mean,rs_std"
VTR.MX,2025-04,20,"undefined features: rs_last,rs_mean,rs_std"
VTR.MX,2025-05,21,"undefined features: rs_last,rs_mean,rs_std,so_last"
VTR.MX,2025-06,21,"undefined features: rs_last,rs_mean,rs_std,so_last"
VTR.MX,2025-07,23,"undefined features: rs_last,rs_mean,rs_std,so_last"
VTR.MX,2025-10,23,"undefined features: rs_last,rs_mean,rs_std,so_last"
VTR.MX,2025-11,19,"undefined features: rs_last,rs_mean,rs_std,so_last"
VTR.MX,2025-12,21,"undefined features: rs_last,rs_mean,rs_std"
VTR.MX,2026-01,21,"undefined features: rs_last,rs_mean,rs_std"
VTR.MX,2026-02,19,"undefined features: rs_last,rs_mean,rs_std,so_last"
VTR.MX,2026-03,21,"undefined features: rs_last,rs_mean,rs_std,so_last"
VTR.MX,2024-06,0,rejected by data-quality gates
VTR.MX,2024-07,0,rejected by data-quality gates
VTR.MX,2025-01,0,rejected by data-quality gates
VTR.MX,2025-02,0,rejected by data-quality gates
VTR.MX,2025-08,0,rejected by data-quality gates
VTR.MX,2025-09,0,rejected by data-quality gates
VTR.MX,2026-04,0,rejected by data-quality gates
VTR.MX,2026-05,0,rejected by data-quality gates
VTR.MX,2026-06,0,rejected by data-quality gates
VZ.MX,2023-03,3,sessions=3<15 complete-indicator days
VZ.MX,2024-05,0,rejected by data-quality gates
W.MX,2023-03,3,sessions=3<15 complete-indicator days
W.MX,2023-04,18,"undefined features: rs_last,rs_mean,rs_std"
W.MX,2023-05,22,"undefined features: rs_last,rs_mean,rs_std,so_last"
W.MX,2023-06,22,"undefined features: rs_last,rs_mean,rs_std"
W.MX,2023-07,21,"undefined features: rs_last,rs_mean,rs_std"
W.MX,2023-09,21,"undefined features: rs_last,rs_mean,rs_std,so_last"
W.MX,2023-10,22,"undefined features: rs_last,rs_mean,rs_std,so_last"
W.MX,2023-12,19,"undefined features: rs_last,rs_mean,rs_std"
W.MX,2024-03,18,undefined features: rs_std
W.MX,2024-04,22,"undefined features: rs_last,rs_mean,rs_std"
W.MX,2024-05,22,"undefined features: rs_last,rs_mean,rs_std"
W.MX,2024-10,22,undefined features: rs_std
W.MX,2025-02,19,"undefined features: rs_last,rs_mean,rs_std,so_last"
W.MX,2025-03,20,"undefined features: rs_last,rs_mean,rs_std,so_last"
W.MX,2025-06,21,"undefined features: rs_last,rs_mean,rs_std,so_last"
W.MX,2025-10,23,"undefined features: rs_last,rs_mean,rs_std"
W.MX,2026-01,21,"undefined features: rs_last,rs_mean,rs_std,so_last"
W.MX,2023-08,0,rejected by data-quality gates
W.MX,2023-11,0,rejected by data-quality gates
W.MX,2024-01,0,rejected by data-quality gates
W.MX,2024-02,0,rejected by data-quality gates
W.MX,2024-06,0,rejected by data-quality gates
W.MX,2024-07,0,rejected by data-quality gates
W.MX,2024-08,0,rejected by data-quality gates
W.MX,2024-09,0,rejected by data-quality gates
W.MX,2024-11,0,rejected by data-quality gates
W.MX,2024-12,0,rejected by data-quality gates
W.MX,2025-01,0,rejected by data-quality gates
W.MX,2025-04,0,rejected by data-quality gates
W.MX,2025-05,0,rejected by data-quality gates
W.MX,2025-07,0,rejected by data-quality gates
W.MX,2025-08,0,rejected by data-quality gates
W.MX,2025-09,0,rejected by data-quality gates
W.MX,2025-11,0,rejected by data-quality gates
W.MX,2025-12,0,rejected by data-quality gates
W.MX,2026-02,0,rejected by data-quality gates
W.MX,2026-03,0,rejected by data-quality gates
W.MX,2026-04,0,rejected by data-quality gates
W.MX,2026-05,0,rejected by data-quality gates
W.MX,2026-06,0,rejected by data-quality gates
WAB.MX,2023-03,3,sessions=3<15 complete-indicator days
WAB.MX,2023-07,21,"undefined features: rs_last,rs_mean,rs_std"
WAB.MX,2023-08,23,"undefined features: rs_last,rs_mean,rs_std"
WAB.MX,2023-09,21,"undefined features: rs_last,rs_mean,rs_std,so_last"
WAB.MX,2023-10,22,"undefined features: rs_last,rs_mean,rs_std,so_last"
WAB.MX,2023-11,20,"undefined features: rs_last,rs_mean,rs_std,so_last"
WAB.MX,2023-12,19,"undefined features: rs_last,rs_mean,rs_std"
WAB.MX,2024-01,22,"undefined features: rs_last,rs_mean,rs_std"
WAB.MX,2024-02,20,"undefined features: rs_last,rs_mean,rs_std"
WAB.MX,2024-03,18,"undefined features: rs_last,rs_mean,rs_std,so_last"
WAB.MX,2024-04,22,"undefined features: rs_last,rs_mean,rs_std"
WAB.MX,2024-05,22,"undefined features: rs_last,rs_mean,rs_std"
WAB.MX,2024-06,20,"undefined features: rs_last,rs_mean,rs_std"
WAB.MX,2024-10,22,"undefined features: rs_last,rs_mean,rs_std"
WAB.MX,2024-11,20,"undefined features: rs_last,rs_mean,rs_std"
WAB.MX,2024-12,20,undefined features: rs_std
WAB.MX,2025-04,20,"undefined features: rs_last,rs_mean,rs_std"
WAB.MX,2025-05,21,"undefined features: rs_last,rs_mean,rs_std"
WAB.MX,2025-06,21,"undefined features: rs_last,rs_mean,rs_std"
WAB.MX,2025-09,21,"undefined features: rs_last,rs_mean,rs_std,so_last"
WAB.MX,2025-11,19,"undefined features: rs_last,rs_mean,rs_std"
WAB.MX,2025-12,21,"undefined features: rs_last,rs_mean,rs_std"
WAB.MX,2026-01,21,"undefined features: rs_last,rs_mean,rs_std"
WAB.MX,2026-02,19,"undefined features: rs_last,rs_mean,rs_std,so_last"
WAB.MX,2026-05,20,undefined features: rs_std
WAB.MX,2023-04,0,rejected by data-quality gates
WAB.MX,2023-05,0,rejected by data-quality gates
WAB.MX,2023-06,0,rejected by data-quality gates
WAB.MX,2024-07,0,rejected by data-quality gates
WAB.MX,2024-08,0,rejected by data-quality gates
WAB.MX,2024-09,0,rejected by data-quality gates
WAB.MX,2025-01,0,rejected by data-quality gates
WAB.MX,2025-02,0,rejected by data-quality gates
WAB.MX,2025-03,0,rejected by data-quality gates
WAB.MX,2025-07,0,rejected by data-quality gates
WAB.MX,2025-08,0,rejected by data-quality gates
WAB.MX,2025-10,0,rejected by data-quality gates
WAB.MX,2026-03,0,rejected by data-quality gates
WAB.MX,2026-04,0,rejected by data-quality gates
WAB.MX,2026-06,0,rejected by data-quality gates
WALMEX.MX,2023-03,3,sessions=3<15 complete-indicator days
WAT.MX,2023-03,3,sessions=3<15 complete-indicator days
WAT.MX,2023-05,22,"undefined features: rs_last,rs_mean,rs_std,so_last"
WAT.MX,2023-06,22,"undefined features: rs_last,rs_mean,rs_std,so_last"
WAT.MX,2023-09,21,"undefined features: rs_last,rs_mean,rs_std,so_last"
WAT.MX,2023-10,22,"undefined features: rs_last,rs_mean,rs_std"
WAT.MX,2024-08,22,"undefined features: rs_last,rs_mean,rs_std"
WAT.MX,2026-06,22,"undefined features: rs_last,rs_mean,rs_std"
WAT.MX,2023-04,0,rejected by data-quality gates
WAT.MX,2023-07,0,rejected by data-quality gates
WAT.MX,2023-08,0,rejected by data-quality gates
WAT.MX,2023-11,0,rejected by data-quality gates
WAT.MX,2023-12,0,rejected by data-quality gates
WAT.MX,2024-01,0,rejected by data-quality gates
WAT.MX,2024-02,0,rejected by data-quality gates
WAT.MX,2024-03,0,rejected by data-quality gates
WAT.MX,2024-04,0,rejected by data-quality gates
WAT.MX,2024-05,0,rejected by data-quality gates
WAT.MX,2024-06,0,rejected by data-quality gates
WAT.MX,2024-07,0,rejected by data-quality gates
WAT.MX,2024-09,0,rejected by data-quality gates
WAT.MX,2024-10,0,rejected by data-quality gates
WAT.MX,2024-11,0,rejected by data-quality gates
WAT.MX,2024-12,0,rejected by data-quality gates
WAT.MX,2025-01,0,rejected by data-quality gates
WAT.MX,2025-02,0,rejected by data-quality gates
WAT.MX,2025-03,0,rejected by data-quality gates
WAT.MX,2025-04,0,rejected by data-quality gates
WAT.MX,2025-05,0,rejected by data-quality gates
WAT.MX,2025-06,0,rejected by data-quality gates
WAT.MX,2025-07,0,rejected by data-quality gates
WAT.MX,2025-08,0,rejected by data-quality gates
WAT.MX,2025-09,0,rejected by data-quality gates
WAT.MX,2025-10,0,rejected by data-quality gates
WAT.MX,2025-11,0,rejected by data-quality gates
WAT.MX,2025-12,0,rejected by data-quality gates
WAT.MX,2026-01,0,rejected by data-quality gates
WAT.MX,2026-02,0,rejected by data-quality gates
WAT.MX,2026-03,0,rejected by data-quality gates
WAT.MX,2026-04,0,rejected by data-quality gates
WAT.MX,2026-05,0,rejected by data-quality gates
WBD.MX,2024-10,2,sessions=2<15 complete-indicator days
WBD.MX,2026-03,0,rejected by data-quality gates
WBD.MX,2026-04,0,rejected by data-quality gates
WBD.MX,2026-06,0,rejected by data-quality gates
WDAY.MX,2023-03,3,sessions=3<15 complete-indicator days
WDAY.MX,2023-08,23,"undefined features: rs_last,rs_mean,rs_std"
WDAY.MX,2023-09,21,"undefined features: rs_last,rs_mean,rs_std"
WDAY.MX,2023-12,19,"undefined features: rs_last,rs_mean,rs_std"
WDAY.MX,2024-01,22,"undefined features: rs_last,rs_mean,rs_std"
WDAY.MX,2024-07,23,"undefined features: rs_last,rs_mean,rs_std"
WDAY.MX,2024-08,22,"undefined features: rs_last,rs_mean,rs_std"
WDAY.MX,2024-09,20,"undefined features: rs_last,rs_mean,rs_std"
WDAY.MX,2023-04,0,rejected by data-quality gates
WDAY.MX,2023-05,0,rejected by data-quality gates
WDAY.MX,2023-06,0,rejected by data-quality gates
WDAY.MX,2023-07,0,rejected by data-quality gates
WDAY.MX,2023-10,0,rejected by data-quality gates
WDAY.MX,2023-11,0,rejected by data-quality gates
WDAY.MX,2024-02,0,rejected by data-quality gates
WDAY.MX,2024-03,0,rejected by data-quality gates
WDAY.MX,2024-04,0,rejected by data-quality gates
WDAY.MX,2024-05,0,rejected by data-quality gates
WDAY.MX,2024-06,0,rejected by data-quality gates
WDAY.MX,2024-10,0,rejected by data-quality gates
WDAY.MX,2024-11,0,rejected by data-quality gates
WDAY.MX,2024-12,0,rejected by data-quality gates
WDAY.MX,2025-01,0,rejected by data-quality gates
WDAY.MX,2025-02,0,rejected by data-quality gates
WDAY.MX,2025-03,0,rejected by data-quality gates
WDAY.MX,2025-04,0,rejected by data-quality gates
WDAY.MX,2025-05,0,rejected by data-quality gates
WDAY.MX,2025-06,0,rejected by data-quality gates
WDAY.MX,2025-07,0,rejected by data-quality gates
WDAY.MX,2025-08,0,rejected by data-quality gates
WDAY.MX,2025-09,0,rejected by data-quality gates
WDAY.MX,2025-10,0,rejected by data-quality gates
WDAY.MX,2025-11,0,rejected by data-quality gates
WDAY.MX,2025-12,0,rejected by data-quality gates
WDAY.MX,2026-01,0,rejected by data-quality gates
WDAY.MX,2026-02,0,rejected by data-quality gates
WDAY.MX,2026-03,0,rejected by data-quality gates
WDAY.MX,2026-04,0,rejected by data-quality gates
WDAY.MX,2026-05,0,rejected by data-quality gates
WDAY.MX,2026-06,0,rejected by data-quality gates
WDC.MX,2023-03,3,sessions=3<15 complete-indicator days
WDC.MX,2023-07,21,"undefined features: rs_last,rs_mean,rs_std,so_last"
WDC.MX,2023-08,23,"undefined features: rs_last,rs_mean,rs_std"
WDC.MX,2023-10,22,undefined features: rs_std
WDC.MX,2025-06,21,"undefined features: rs_last,rs_mean,rs_std"
WDC.MX,2023-04,0,rejected by data-quality gates
WDC.MX,2023-05,0,rejected by data-quality gates
WDC.MX,2023-06,0,rejected by data-quality gates
WDC.MX,2023-09,0,rejected by data-quality gates
WDC.MX,2023-11,0,rejected by data-quality gates
WDC.MX,2023-12,0,rejected by data-quality gates
WDC.MX,2024-01,0,rejected by data-quality gates
WDC.MX,2024-02,0,rejected by data-quality gates
WDC.MX,2024-03,0,rejected by data-quality gates
WDC.MX,2024-04,0,rejected by data-quality gates
WDC.MX,2024-05,0,rejected by data-quality gates
WDC.MX,2024-06,0,rejected by data-quality gates
WDC.MX,2024-07,0,rejected by data-quality gates
WDC.MX,2024-08,0,rejected by data-quality gates
WDC.MX,2024-09,0,rejected by data-quality gates
WDC.MX,2024-11,0,rejected by data-quality gates
WDC.MX,2024-12,0,rejected by data-quality gates
WDC.MX,2025-01,0,rejected by data-quality gates
WDC.MX,2025-03,0,rejected by data-quality gates
WDC.MX,2025-04,0,rejected by data-quality gates
WDC.MX,2025-05,0,rejected by data-quality gates
WDC.MX,2025-07,0,rejected by data-quality gates
WDC.MX,2025-08,0,rejected by data-quality gates
WDC.MX,2025-09,0,rejected by data-quality gates
WELL.MX,2023-03,3,sessions=3<15 complete-indicator days
WELL.MX,2023-04,18,"undefined features: rs_last,rs_mean,rs_std,so_last"
WELL.MX,2023-05,22,"undefined features: rs_last,rs_mean,rs_std,so_last"
WELL.MX,2023-06,22,"undefined features: rs_last,rs_mean,rs_std,so_last"
WELL.MX,2023-08,23,undefined features: so_std
WELL.MX,2023-09,21,"undefined features: rs_last,rs_mean,rs_std,so_last"
WELL.MX,2023-10,22,"undefined features: rs_last,rs_mean,rs_std,so_last"
WELL.MX,2023-11,20,"undefined features: rs_last,rs_mean,rs_std"
WELL.MX,2023-12,19,"undefined features: rs_last,rs_mean,rs_std"
WELL.MX,2024-01,22,"undefined features: rs_last,rs_mean,rs_std,so_last"
WELL.MX,2024-02,20,"undefined features: rs_last,rs_mean,rs_std,so_last"
WELL.MX,2024-03,18,"undefined features: rs_last,rs_mean,rs_std"
WELL.MX,2024-04,22,"undefined features: rs_last,rs_mean,rs_std,so_last"
WELL.MX,2024-05,22,"undefined features: rs_last,rs_mean,rs_std,so_last"
WELL.MX,2024-06,20,"undefined features: rs_last,rs_mean,rs_std"
WELL.MX,2024-08,22,"undefined features: rs_last,rs_mean,rs_std"
WELL.MX,2024-09,20,"undefined features: rs_last,rs_mean,rs_std"
WELL.MX,2024-10,22,"undefined features: rs_last,rs_mean,rs_std"
WELL.MX,2024-12,20,undefined features: so_std
WELL.MX,2025-02,19,"undefined features: rs_last,rs_mean,rs_std"
WELL.MX,2025-11,19,"undefined features: rs_last,rs_mean,rs_std"
WELL.MX,2025-12,21,"undefined features: rs_last,rs_mean,rs_std"
WELL.MX,2026-03,21,"undefined features: rs_last,rs_mean,rs_std,so_last"
WELL.MX,2026-04,19,"undefined features: rs_last,rs_mean,rs_std,so_last"
WELL.MX,2023-07,0,rejected by data-quality gates
WELL.MX,2024-07,0,rejected by data-quality gates
WELL.MX,2024-11,0,rejected by data-quality gates
WELL.MX,2025-01,0,rejected by data-quality gates
WELL.MX,2025-03,0,rejected by data-quality gates
WELL.MX,2025-04,0,rejected by data-quality gates
WELL.MX,2025-05,0,rejected by data-quality gates
WELL.MX,2025-06,0,rejected by data-quality gates
WELL.MX,2025-07,0,rejected by data-quality gates
WELL.MX,2025-08,0,rejected by data-quality gates
WELL.MX,2025-09,0,rejected by data-quality gates
WELL.MX,2025-10,0,rejected by data-quality gates
WELL.MX,2026-01,0,rejected by data-quality gates
WELL.MX,2026-02,0,rejected by data-quality gates
WELL.MX,2026-05,0,rejected by data-quality gates
WELL.MX,2026-06,0,rejected by data-quality gates
WFC.MX,2023-03,3,sessions=3<15 complete-indicator days
WMB.MX,2023-03,3,sessions=3<15 complete-indicator days
WMB.MX,2023-07,21,"undefined features: rs_last,rs_mean,rs_std,so_last"
WMB.MX,2023-11,20,"undefined features: rs_last,rs_mean,rs_std"
WMB.MX,2023-12,19,"undefined features: rs_last,rs_mean,rs_std"
WMB.MX,2024-02,20,undefined features: so_std
WMB.MX,2024-03,18,"undefined features: rs_last,rs_mean,rs_std,so_last"
WMB.MX,2024-04,22,"undefined features: rs_last,rs_mean,rs_std,so_last"
WMB.MX,2024-05,22,"undefined features: rs_last,rs_mean,rs_std,so_last"
WMB.MX,2024-06,20,"undefined features: rs_last,rs_mean,rs_std,so_last"
WMB.MX,2024-07,23,"undefined features: rs_last,rs_mean,rs_std,so_last"
WMB.MX,2024-08,22,"undefined features: rs_last,rs_mean,rs_std,so_last"
WMB.MX,2024-09,20,"undefined features: rs_last,rs_mean,rs_std,so_last"
WMB.MX,2024-10,22,"undefined features: rs_last,rs_mean,rs_std,so_last"
WMB.MX,2024-11,20,"undefined features: rs_last,rs_mean,rs_std,so_last"
WMB.MX,2024-12,20,"undefined features: rs_last,rs_mean,rs_std,so_last"
WMB.MX,2025-01,22,"undefined features: rs_last,rs_mean,rs_std"
WMB.MX,2025-04,20,"undefined features: rs_last,rs_mean,rs_std,so_last"
WMB.MX,2025-05,21,"undefined features: rs_last,rs_mean,rs_std,so_last"
WMB.MX,2025-06,21,"undefined features: rs_last,rs_mean,rs_std,so_last"
WMB.MX,2025-09,21,"undefined features: rs_last,rs_mean,rs_std,so_last"
WMB.MX,2025-10,23,"undefined features: rs_last,rs_mean,rs_std,so_last"
WMB.MX,2025-12,21,"undefined features: rs_last,rs_mean,rs_std"
WMB.MX,2026-02,19,"undefined features: rs_last,rs_mean,rs_std,so_last"
WMB.MX,2026-03,21,"undefined features: rs_last,rs_mean,rs_std,so_last"
WMB.MX,2026-04,19,"undefined features: rs_last,rs_mean,rs_std,so_last"
WMB.MX,2026-05,20,"undefined features: rs_last,rs_mean,rs_std,so_last"
WMB.MX,2026-06,22,"undefined features: rs_last,rs_mean,rs_std"
WMB.MX,2023-04,0,rejected by data-quality gates
WMB.MX,2023-05,0,rejected by data-quality gates
WMB.MX,2023-06,0,rejected by data-quality gates
WMB.MX,2023-08,0,rejected by data-quality gates
WMB.MX,2023-09,0,rejected by data-quality gates
WMB.MX,2023-10,0,rejected by data-quality gates
WMB.MX,2024-01,0,rejected by data-quality gates
WMB.MX,2025-02,0,rejected by data-quality gates
WMB.MX,2025-03,0,rejected by data-quality gates
WMB.MX,2025-07,0,rejected by data-quality gates
WMB.MX,2025-08,0,rejected by data-quality gates
WMB.MX,2025-11,0,rejected by data-quality gates
WMB.MX,2026-01,0,rejected by data-quality gates
WMI.MX,2023-03,3,sessions=3<15 complete-indicator days
WMI.MX,2023-04,0,rejected by data-quality gates
WMI.MX,2023-05,0,rejected by data-quality gates
WMI.MX,2023-06,0,rejected by data-quality gates
WMI.MX,2023-07,0,rejected by data-quality gates
WMI.MX,2023-08,0,rejected by data-quality gates
WMI.MX,2023-09,0,rejected by data-quality gates
WMI.MX,2023-10,0,rejected by data-quality gates
WMI.MX,2023-12,0,rejected by data-quality gates
WMI.MX,2024-01,0,rejected by data-quality gates
WMI.MX,2024-02,0,rejected by data-quality gates
WMI.MX,2024-03,0,rejected by data-quality gates
WMI.MX,2024-04,0,rejected by data-quality gates
WMI.MX,2024-05,0,rejected by data-quality gates
WMI.MX,2024-06,0,rejected by data-quality gates
WMI.MX,2024-07,0,rejected by data-quality gates
WMI.MX,2024-08,0,rejected by data-quality gates
WMI.MX,2024-09,0,rejected by data-quality gates
WMI.MX,2024-10,0,rejected by data-quality gates
WMI.MX,2024-11,0,rejected by data-quality gates
WMI.MX,2024-12,0,rejected by data-quality gates
WMI.MX,2025-01,0,rejected by data-quality gates
WMI.MX,2025-02,0,rejected by data-quality gates
WMI.MX,2025-03,0,rejected by data-quality gates
WMI.MX,2025-04,0,rejected by data-quality gates
WMI.MX,2025-05,0,rejected by data-quality gates
WMI.MX,2025-06,0,rejected by data-quality gates
WMI.MX,2025-07,0,rejected by data-quality gates
WMI.MX,2025-08,0,rejected by data-quality gates
WMI.MX,2025-09,0,rejected by data-quality gates
WMI.MX,2025-10,0,rejected by data-quality gates
WMI.MX,2025-12,0,rejected by data-quality gates
WMI.MX,2026-02,0,rejected by data-quality gates
WMI.MX,2026-03,0,rejected by data-quality gates
WMI.MX,2026-04,0,rejected by data-quality gates
WMS.MX,2024-12,5,sessions=5<15 complete-indicator days
WMS.MX,2025-01,22,"undefined features: rs_last,rs_mean,rs_std,so_last"
WMS.MX,2025-02,19,"undefined features: rs_last,rs_mean,rs_std,so_last"
WMS.MX,2025-03,20,"undefined features: rs_last,rs_mean,rs_std,so_last"
WMS.MX,2025-04,20,"undefined features: rs_last,rs_mean,rs_std,so_last"
WMS.MX,2025-05,21,"undefined features: rs_last,rs_mean,rs_std,so_last"
WMS.MX,2025-06,21,"undefined features: rs_last,rs_mean,rs_std,so_last"
WMS.MX,2025-07,23,"undefined features: rs_last,rs_mean,rs_std,so_last"
WMS.MX,2025-08,21,"undefined features: rs_last,rs_mean,rs_std,so_last"
WMS.MX,2025-11,19,"undefined features: rs_last,rs_mean,rs_std,so_last"
WMS.MX,2025-12,21,"undefined features: rs_last,rs_mean,rs_std,so_last"
WMS.MX,2026-01,21,"undefined features: rs_last,rs_mean,rs_std,so_last"
WMS.MX,2026-02,19,"undefined features: rs_last,rs_mean,rs_std,so_last"
WMS.MX,2026-03,21,"undefined features: rs_last,rs_mean,rs_std,so_last"
WMS.MX,2026-04,19,"undefined features: rs_last,rs_mean,rs_std,so_last"
WMS.MX,2026-05,20,"undefined features: rs_last,rs_mean,rs_std,so_last"
WMS.MX,2025-09,0,rejected by data-quality gates
WMS.MX,2025-10,0,rejected by data-quality gates
WMS.MX,2026-06,0,rejected by data-quality gates
WMT.MX,2023-03,3,sessions=3<15 complete-indicator days
WPC.MX,2023-03,3,sessions=3<15 complete-indicator days
WPC.MX,2023-10,22,"undefined features: rs_last,rs_mean,rs_std,so_last"
WPC.MX,2023-11,20,"undefined features: rs_last,rs_mean,rs_std,so_last"
WPC.MX,2023-12,19,"undefined features: rs_std,so_std"
WPC.MX,2024-05,22,undefined features: so_std
WPC.MX,2024-06,20,"undefined features: rs_last,rs_mean,rs_std"
WPC.MX,2024-07,23,"undefined features: rs_last,rs_mean,rs_std,so_last"
WPC.MX,2024-08,22,"undefined features: rs_last,rs_mean,rs_std,so_last"
WPC.MX,2024-09,20,"undefined features: rs_last,rs_mean,rs_std,so_last"
WPC.MX,2024-10,22,"undefined features: rs_last,rs_mean,rs_std"
WPC.MX,2024-11,20,"undefined features: rs_last,rs_mean,rs_std,so_last"
WPC.MX,2024-12,20,"undefined features: rs_last,rs_mean,rs_std,so_last"
WPC.MX,2025-01,22,"undefined features: rs_last,rs_mean,rs_std,so_last"
WPC.MX,2025-02,19,"undefined features: rs_last,rs_mean,rs_std,so_last"
WPC.MX,2025-03,20,"undefined features: rs_last,rs_mean,rs_std,so_last"
WPC.MX,2025-04,20,"undefined features: rs_last,rs_mean,rs_std"
WPC.MX,2025-05,21,"undefined features: rs_last,rs_mean,rs_std,so_last"
WPC.MX,2025-06,21,"undefined features: rs_last,rs_mean,rs_std"
WPC.MX,2025-07,23,"undefined features: rs_last,rs_mean,rs_std"
WPC.MX,2025-08,21,"undefined features: rs_last,rs_mean,rs_std,so_last"
WPC.MX,2025-09,21,"undefined features: rs_last,rs_mean,rs_std,so_last"
WPC.MX,2025-10,23,"undefined features: rs_last,rs_mean,rs_std,so_last"
WPC.MX,2025-11,19,"undefined features: rs_last,rs_mean,rs_std,so_std"
WPC.MX,2025-12,21,"undefined features: rs_last,rs_mean,rs_std"
WPC.MX,2026-01,21,"undefined features: rs_last,rs_mean,rs_std,so_last"
WPC.MX,2026-02,19,"undefined features: rs_last,rs_mean,rs_std,so_last"
WPC.MX,2026-03,21,"undefined features: rs_last,rs_mean,rs_std,so_last"
WPC.MX,2026-04,19,"undefined features: rs_last,rs_mean,rs_std,so_last"
WPC.MX,2026-05,20,"undefined features: rs_last,rs_mean,rs_std,so_last"
WPC.MX,2026-06,22,"undefined features: rs_last,rs_mean,rs_std,so_last"
WPC.MX,2023-04,0,rejected by data-quality gates
WPC.MX,2023-05,0,rejected by data-quality gates
WPC.MX,2023-06,0,rejected by data-quality gates
WPC.MX,2023-07,0,rejected by data-quality gates
WPC.MX,2023-08,0,rejected by data-quality gates
WPC.MX,2023-09,0,rejected by data-quality gates
WPC.MX,2024-01,0,rejected by data-quality gates
WPC.MX,2024-02,0,rejected by data-quality gates
WPC.MX,2024-03,0,rejected by data-quality gates
WPC.MX,2024-04,0,rejected by data-quality gates
WRB.MX,2023-03,3,sessions=3<15 complete-indicator days
WRB.MX,2023-04,18,"undefined features: rs_last,rs_mean,rs_std,so_last"
WRB.MX,2023-05,22,"undefined features: rs_last,rs_mean,rs_std,so_last"
WRB.MX,2023-08,23,"undefined features: rs_last,rs_mean,rs_std,so_last"
WRB.MX,2023-09,21,"undefined features: rs_last,rs_mean,rs_std,so_last"
WRB.MX,2023-10,22,"undefined features: rs_last,rs_mean,rs_std,so_last"
WRB.MX,2023-11,20,"undefined features: rs_last,rs_mean,rs_std,so_last"
WRB.MX,2023-12,19,"undefined features: rs_last,rs_mean,rs_std,so_last"
WRB.MX,2024-01,22,"undefined features: rs_last,rs_mean,rs_std,so_last"
WRB.MX,2024-02,20,"undefined features: rs_last,rs_mean,rs_std,so_last"
WRB.MX,2024-03,18,"undefined features: rs_last,rs_mean,rs_std,so_last"
WRB.MX,2024-04,22,"undefined features: rs_last,rs_mean,rs_std"
WRB.MX,2024-05,22,"undefined features: rs_last,rs_mean,rs_std,so_std"
WRB.MX,2024-06,20,"undefined features: rs_last,rs_mean,rs_std,so_last"
WRB.MX,2024-07,23,"undefined features: rs_last,rs_mean,rs_std,so_last"
WRB.MX,2024-08,22,"undefined features: rs_last,rs_mean,rs_std,so_last"
WRB.MX,2024-09,20,"undefined features: rs_last,rs_mean,rs_std,so_last"
WRB.MX,2024-10,22,"undefined features: rs_last,rs_mean,rs_std,so_last"
WRB.MX,2024-11,20,"undefined features: rs_last,rs_mean,rs_std,so_last"
WRB.MX,2024-12,20,"undefined features: rs_last,rs_mean,rs_std,so_last"
WRB.MX,2025-01,22,"undefined features: rs_last,rs_mean,rs_std,so_last"
WRB.MX,2025-02,19,"undefined features: rs_last,rs_mean,rs_std,so_last"
WRB.MX,2025-03,20,"undefined features: rs_last,rs_mean,rs_std,so_last"
WRB.MX,2025-04,20,"undefined features: rs_last,rs_mean,rs_std"
WRB.MX,2025-05,21,"undefined features: rs_last,rs_mean,rs_std"
WRB.MX,2025-06,21,"undefined features: rs_last,rs_mean,rs_std,so_last"
WRB.MX,2025-09,21,"undefined features: rs_last,rs_mean,rs_std,so_last"
WRB.MX,2025-10,23,"undefined features: rs_last,rs_mean,rs_std,so_last"
WRB.MX,2025-11,19,"undefined features: rs_last,rs_mean,rs_std,so_last"
WRB.MX,2025-12,21,"undefined features: rs_last,rs_mean,rs_std,so_last"
WRB.MX,2026-01,21,"undefined features: rs_last,rs_mean,rs_std,so_last"
WRB.MX,2026-02,19,"undefined features: rs_last,rs_mean,rs_std,so_last"
WRB.MX,2026-03,21,"undefined features: rs_last,rs_mean,rs_std,so_last"
WRB.MX,2026-04,19,"undefined features: rs_last,rs_mean,rs_std,so_last"
WRB.MX,2026-05,20,"undefined features: rs_last,rs_mean,rs_std,so_last"
WRB.MX,2026-06,22,"undefined features: rs_last,rs_mean,rs_std,so_last"
WRB.MX,2023-06,0,rejected by data-quality gates
WRB.MX,2023-07,0,rejected by data-quality gates
WRB.MX,2025-07,0,rejected by data-quality gates
WRB.MX,2025-08,0,rejected by data-quality gates
WSM.MX,2023-03,3,sessions=3<15 complete-indicator days
WSM.MX,2023-11,20,"undefined features: rs_last,rs_mean,rs_std"
WSM.MX,2023-12,19,undefined features: rs_std
WSM.MX,2024-03,18,"undefined features: rs_last,rs_mean,rs_std"
WSM.MX,2024-04,22,"undefined features: rs_last,rs_mean,rs_std"
WSM.MX,2024-12,20,"undefined features: rs_last,rs_mean,rs_std,so_last"
WSM.MX,2025-01,22,"undefined features: rs_last,rs_mean,rs_std"
WSM.MX,2025-04,20,"undefined features: rs_last,rs_mean,rs_std,so_last"
WSM.MX,2025-05,21,"undefined features: rs_last,rs_mean,rs_std,so_last"
WSM.MX,2025-06,21,"undefined features: rs_last,rs_mean,rs_std,so_last"
WSM.MX,2025-07,23,"undefined features: rs_last,rs_mean,rs_std,so_last"
WSM.MX,2025-08,21,"undefined features: rs_last,rs_mean,rs_std,so_last"
WSM.MX,2025-09,21,"undefined features: rs_last,rs_mean,rs_std,so_last"
WSM.MX,2025-11,19,"undefined features: rs_last,rs_mean,rs_std,so_last"
WSM.MX,2025-12,21,"undefined features: rs_last,rs_mean,rs_std,so_last"
WSM.MX,2026-01,21,"undefined features: rs_last,rs_mean,rs_std,so_last"
WSM.MX,2026-02,19,"undefined features: rs_last,rs_mean,rs_std,so_last"
WSM.MX,2026-03,21,"undefined features: rs_last,rs_mean,rs_std,so_last"
WSM.MX,2026-04,19,"undefined features: rs_last,rs_mean,rs_std,so_last"
WSM.MX,2023-04,0,rejected by data-quality gates
WSM.MX,2023-05,0,rejected by data-quality gates
WSM.MX,2023-06,0,rejected by data-quality gates
WSM.MX,2023-07,0,rejected by data-quality gates
WSM.MX,2023-08,0,rejected by data-quality gates
WSM.MX,2023-09,0,rejected by data-quality gates
WSM.MX,2023-10,0,rejected by data-quality gates
WSM.MX,2024-01,0,rejected by data-quality gates
WSM.MX,2024-02,0,rejected by data-quality gates
WSM.MX,2024-05,0,rejected by data-quality gates
WSM.MX,2024-06,0,rejected by data-quality gates
WSM.MX,2024-07,0,rejected by data-quality gates
WSM.MX,2024-08,0,rejected by data-quality gates
WSM.MX,2024-09,0,rejected by data-quality gates
WSM.MX,2024-10,0,rejected by data-quality gates
WSM.MX,2024-11,0,rejected by data-quality gates
WSM.MX,2025-02,0,rejected by data-quality gates
WSM.MX,2025-03,0,rejected by data-quality gates
WSM.MX,2025-10,0,rejected by data-quality gates
WSM.MX,2026-05,0,rejected by data-quality gates
WSM.MX,2026-06,0,rejected by data-quality gates
WST.MX,2023-03,3,sessions=3<15 complete-indicator days
WST.MX,2023-04,18,"undefined features: rs_last,rs_mean,rs_std"
WST.MX,2023-05,22,"undefined features: rs_last,rs_mean,rs_std,so_std"
WST.MX,2023-10,22,"undefined features: rs_last,rs_mean,rs_std,so_last"
WST.MX,2023-11,20,"undefined features: rs_last,rs_mean,rs_std,so_last"
WST.MX,2023-12,19,"undefined features: rs_last,rs_mean,rs_std,so_last"
WST.MX,2024-03,18,"undefined features: rs_last,rs_mean,rs_std,so_last"
WST.MX,2024-04,22,"undefined features: rs_last,rs_mean,rs_std,so_last"
WST.MX,2024-09,20,"undefined features: rs_last,rs_mean,rs_std"
WST.MX,2024-10,22,"undefined features: rs_last,rs_mean,rs_std,so_last"
WST.MX,2024-11,20,"undefined features: rs_last,rs_mean,rs_std"
WST.MX,2024-12,20,"undefined features: rs_last,rs_mean,rs_std,so_last"
WST.MX,2025-01,22,undefined features: rs_std
WST.MX,2025-04,20,"undefined features: rs_last,rs_mean,rs_std,so_last"
WST.MX,2025-08,21,"undefined features: rs_last,rs_mean,rs_std"
WST.MX,2025-09,21,"undefined features: rs_last,rs_mean,rs_std,so_last"
WST.MX,2025-10,23,"undefined features: rs_last,rs_mean,rs_std,so_last"
WST.MX,2025-11,19,"undefined features: rs_last,rs_mean,rs_std,so_last"
WST.MX,2025-12,21,"undefined features: rs_last,rs_mean,rs_std"
WST.MX,2026-01,21,"undefined features: rs_last,rs_mean,rs_std,so_last"
WST.MX,2026-02,19,"undefined features: rs_last,rs_mean,rs_std,so_last"
WST.MX,2026-03,21,"undefined features: rs_last,rs_mean,rs_std,so_last"
WST.MX,2026-04,19,"undefined features: rs_last,rs_mean,rs_std,so_last"
WST.MX,2026-05,20,"undefined features: rs_last,rs_mean,rs_std,so_last"
WST.MX,2026-06,22,"undefined features: rs_last,rs_mean,rs_std,so_last"
WST.MX,2023-06,0,rejected by data-quality gates
WST.MX,2023-07,0,rejected by data-quality gates
WST.MX,2023-08,0,rejected by data-quality gates
WST.MX,2023-09,0,rejected by data-quality gates
WST.MX,2024-01,0,rejected by data-quality gates
WST.MX,2024-02,0,rejected by data-quality gates
WST.MX,2024-05,0,rejected by data-quality gates
WST.MX,2024-06,0,rejected by data-quality gates
WST.MX,2024-07,0,rejected by data-quality gates
WST.MX,2024-08,0,rejected by data-quality gates
WST.MX,2025-02,0,rejected by data-quality gates
WST.MX,2025-03,0,rejected by data-quality gates
WST.MX,2025-05,0,rejected by data-quality gates
WST.MX,2025-06,0,rejected by data-quality gates
WST.MX,2025-07,0,rejected by data-quality gates
WTS.MX,2023-03,3,sessions=3<15 complete-indicator days
WTS.MX,2023-04,18,"undefined features: rs_last,rs_mean,rs_std,so_last"
WTS.MX,2023-05,22,"undefined features: rs_last,rs_mean,rs_std,so_last"
WTS.MX,2023-06,22,"undefined features: rs_last,rs_mean,rs_std,so_last"
WTS.MX,2023-07,21,"undefined features: rs_last,rs_mean,rs_std"
WTS.MX,2023-08,23,"undefined features: rs_last,rs_mean,rs_std"
WTS.MX,2023-09,21,"undefined features: rs_last,rs_mean,rs_std,so_last"
WTS.MX,2023-10,22,"undefined features: rs_last,rs_mean,rs_std,so_last"
WTS.MX,2023-11,20,"undefined features: rs_last,rs_mean,rs_std"
WTS.MX,2023-12,19,"undefined features: rs_last,rs_mean,rs_std"
WTS.MX,2024-01,22,"undefined features: rs_last,rs_mean,rs_std,so_last"
WTS.MX,2024-02,20,"undefined features: rs_last,rs_mean,rs_std,so_last"
WTS.MX,2024-03,18,"undefined features: rs_last,rs_mean,rs_std,so_last"
WTS.MX,2024-04,22,"undefined features: rs_last,rs_mean,rs_std,so_last"
WTS.MX,2024-05,22,"undefined features: rs_last,rs_mean,rs_std"
WTS.MX,2024-06,20,"undefined features: rs_last,rs_mean,rs_std,so_std"
WTS.MX,2024-07,23,"undefined features: rs_last,rs_mean,rs_std,so_last"
WTS.MX,2024-08,22,"undefined features: rs_last,rs_mean,rs_std,so_last"
WTS.MX,2024-09,20,"undefined features: rs_last,rs_mean,rs_std,so_last"
WTS.MX,2024-10,22,"undefined features: rs_last,rs_mean,rs_std,so_last"
WTS.MX,2024-11,20,"undefined features: rs_last,rs_mean,rs_std,so_last"
WTS.MX,2024-12,20,"undefined features: rs_last,rs_mean,rs_std"
WTS.MX,2025-02,19,"undefined features: rs_last,rs_mean,rs_std"
WTS.MX,2025-03,20,"undefined features: rs_last,rs_mean,rs_std,so_last"
WTS.MX,2025-04,20,"undefined features: rs_last,rs_mean,rs_std,so_last"
WTS.MX,2025-05,21,"undefined features: rs_last,rs_mean,rs_std,so_last"
WTS.MX,2025-06,21,"undefined features: rs_last,rs_mean,rs_std,so_last"
WTS.MX,2025-07,23,"undefined features: rs_last,rs_mean,rs_std"
WTS.MX,2025-08,21,"undefined features: rs_last,rs_mean,rs_std,so_last"
WTS.MX,2025-09,21,"undefined features: rs_last,rs_mean,rs_std,so_last"
WTS.MX,2025-10,23,"undefined features: rs_last,rs_mean,rs_std,so_last"
WTS.MX,2025-11,19,"undefined features: rs_last,rs_mean,rs_std"
WTS.MX,2025-12,21,"undefined features: rs_last,rs_mean,rs_std,so_last"
WTS.MX,2026-01,21,"undefined features: rs_last,rs_mean,rs_std,so_last"
WTS.MX,2026-02,19,"undefined features: rs_last,rs_mean,rs_std"
WTS.MX,2026-05,20,"undefined features: rs_last,rs_mean,rs_std,so_last"
WTS.MX,2026-06,22,"undefined features: rs_last,rs_mean,rs_std,so_last"
WTS.MX,2025-01,0,rejected by data-quality gates
WTS.MX,2026-03,0,rejected by data-quality gates
WTS.MX,2026-04,0,rejected by data-quality gates
WY.MX,2023-03,3,sessions=3<15 complete-indicator days
WY.MX,2023-04,18,"undefined features: rs_last,rs_mean,rs_std,so_last"
WY.MX,2023-05,22,"undefined features: rs_last,rs_mean,rs_std,so_last"
WY.MX,2023-06,22,"undefined features: rs_last,rs_mean,rs_std,so_last"
WY.MX,2023-07,21,"undefined features: rs_last,rs_mean,rs_std,so_last"
WY.MX,2023-08,23,"undefined features: rs_last,rs_mean,rs_std,so_last"
WY.MX,2023-09,21,"undefined features: rs_last,rs_mean,rs_std,so_last"
WY.MX,2023-10,22,"undefined features: rs_last,rs_mean,rs_std,so_last"
WY.MX,2024-01,22,"undefined features: rs_last,rs_mean,rs_std,so_last"
WY.MX,2024-02,20,"undefined features: rs_last,rs_mean,rs_std,so_last"
WY.MX,2024-03,18,"undefined features: rs_last,rs_mean,rs_std,so_last"
WY.MX,2024-04,22,"undefined features: rs_last,rs_mean,rs_std,so_last"
WY.MX,2024-05,22,"undefined features: rs_last,rs_mean,rs_std,so_last"
WY.MX,2024-06,20,"undefined features: rs_last,rs_mean,rs_std,so_last"
WY.MX,2024-07,23,"undefined features: rs_last,rs_mean,rs_std,so_last"
WY.MX,2024-08,22,"undefined features: rs_last,rs_mean,rs_std,so_last"
WY.MX,2024-09,20,"undefined features: rs_last,rs_mean,rs_std,so_last"
WY.MX,2024-10,22,"undefined features: rs_last,rs_mean,rs_std,so_last"
WY.MX,2024-11,20,"undefined features: rs_last,rs_mean,rs_std,so_last"
WY.MX,2024-12,20,"undefined features: rs_last,rs_mean,rs_std,so_last"
WY.MX,2025-01,22,"undefined features: rs_last,rs_mean,rs_std"
WY.MX,2025-02,19,"undefined features: rs_last,rs_mean,rs_std"
WY.MX,2025-03,20,"undefined features: rs_last,rs_mean,rs_std,so_last"
WY.MX,2025-04,20,"undefined features: rs_last,rs_mean,rs_std,so_last"
WY.MX,2025-05,21,"undefined features: rs_last,rs_mean,rs_std,so_last"
WY.MX,2025-06,21,"undefined features: rs_last,rs_mean,rs_std,so_last"
WY.MX,2025-07,23,"undefined features: rs_last,rs_mean,rs_std,so_last"
WY.MX,2025-08,21,"undefined features: rs_last,rs_mean,rs_std,so_last"
WY.MX,2025-10,23,"undefined features: rs_last,rs_mean,rs_std,so_last"
WY.MX,2025-11,19,"undefined features: rs_last,rs_mean,rs_std,so_last"
WY.MX,2026-02,19,"undefined features: rs_last,rs_mean,rs_std,so_last"
WY.MX,2026-03,21,"undefined features: rs_last,rs_mean,rs_std,so_last"
WY.MX,2026-04,19,"undefined features: rs_last,rs_mean,rs_std,so_last"
WY.MX,2026-05,20,"undefined features: rs_last,rs_mean,rs_std,so_last"
WY.MX,2026-06,22,"undefined features: rs_last,rs_mean,rs_std,so_last"
WY.MX,2023-11,0,rejected by data-quality gates
WY.MX,2023-12,0,rejected by data-quality gates
WY.MX,2025-09,0,rejected by data-quality gates
WY.MX,2025-12,0,rejected by data-quality gates
WY.MX,2026-01,0,rejected by data-quality gates
XEL.MX,2023-03,3,sessions=3<15 complete-indicator days
XEL.MX,2023-07,21,"undefined features: rs_last,rs_mean,rs_std,so_last"
XEL.MX,2023-08,23,"undefined features: rs_last,rs_mean,rs_std,so_last"
XEL.MX,2023-09,21,"undefined features: rs_last,rs_mean,rs_std,so_last"
XEL.MX,2023-10,22,"undefined features: rs_last,rs_mean,rs_std,so_last"
XEL.MX,2023-11,20,"undefined features: rs_last,rs_mean,rs_std,so_last"
XEL.MX,2023-12,19,"undefined features: rs_last,rs_mean,rs_std,so_last"
XEL.MX,2024-01,22,"undefined features: rs_last,rs_mean,rs_std,so_last"
XEL.MX,2024-02,20,"undefined features: rs_last,rs_mean,rs_std,so_last"
XEL.MX,2024-04,22,"undefined features: rs_last,rs_mean,rs_std"
XEL.MX,2024-05,22,"undefined features: rs_last,rs_mean,rs_std"
XEL.MX,2024-06,20,"undefined features: rs_last,rs_mean,rs_std,so_last"
XEL.MX,2024-07,23,"undefined features: rs_last,rs_mean,rs_std,so_last"
XEL.MX,2024-08,22,"undefined features: rs_last,rs_mean,rs_std"
XEL.MX,2024-09,20,"undefined features: rs_last,rs_mean,rs_std,so_std"
XEL.MX,2024-10,22,"undefined features: rs_last,rs_mean,rs_std"
XEL.MX,2024-11,20,"undefined features: rs_last,rs_mean,rs_std,so_last"
XEL.MX,2024-12,20,"undefined features: rs_last,rs_mean,rs_std,so_last"
XEL.MX,2025-01,22,"undefined features: rs_last,rs_mean,rs_std,so_last"
XEL.MX,2025-02,19,"undefined features: rs_last,rs_mean,rs_std,so_last"
XEL.MX,2025-03,20,"undefined features: rs_last,rs_mean,rs_std"
XEL.MX,2025-04,20,"undefined features: rs_last,rs_mean,rs_std"
XEL.MX,2025-05,21,"undefined features: rs_last,rs_mean,rs_std"
XEL.MX,2025-06,21,"undefined features: rs_last,rs_mean,rs_std,so_last"
XEL.MX,2025-07,23,"undefined features: rs_last,rs_mean,rs_std,so_last"
XEL.MX,2025-08,21,"undefined features: rs_last,rs_mean,rs_std,so_last"
XEL.MX,2025-09,21,"undefined features: rs_last,rs_mean,rs_std,so_last"
XEL.MX,2025-10,23,"undefined features: rs_last,rs_mean,rs_std"
XEL.MX,2026-03,21,"undefined features: rs_last,rs_mean,rs_std"
XEL.MX,2026-04,19,"undefined features: rs_last,rs_mean,rs_std,so_last"
XEL.MX,2026-06,22,undefined features: rs_std
XEL.MX,2023-04,0,rejected by data-quality gates
XEL.MX,2023-05,0,rejected by data-quality gates
XEL.MX,2023-06,0,rejected by data-quality gates
XEL.MX,2024-03,0,rejected by data-quality gates
XEL.MX,2025-11,0,rejected by data-quality gates
XEL.MX,2025-12,0,rejected by data-quality gates
XEL.MX,2026-01,0,rejected by data-quality gates
XEL.MX,2026-02,0,rejected by data-quality gates
XEL.MX,2026-05,0,rejected by data-quality gates
XOM.MX,2023-03,3,sessions=3<15 complete-indicator days
XPO.MX,2023-03,3,sessions=3<15 complete-indicator days
XPO.MX,2023-05,22,"undefined features: rs_last,rs_mean,rs_std,so_last"
XPO.MX,2023-06,22,"undefined features: rs_last,rs_mean,rs_std,so_last"
XPO.MX,2023-09,21,"undefined features: rs_last,rs_mean,rs_std,so_last"
XPO.MX,2023-10,22,"undefined features: rs_last,rs_mean,rs_std,so_last"
XPO.MX,2023-11,20,"undefined features: rs_last,rs_mean,rs_std,so_last"
XPO.MX,2023-12,19,undefined features: rs_std
XPO.MX,2024-03,18,"undefined features: rs_last,rs_mean,rs_std,so_last"
XPO.MX,2024-04,22,"undefined features: rs_last,rs_mean,rs_std,so_last"
XPO.MX,2024-05,22,"undefined features: rs_last,rs_mean,rs_std,so_last"
XPO.MX,2024-06,20,"undefined features: rs_last,rs_mean,rs_std,so_last"
XPO.MX,2024-07,23,"undefined features: rs_last,rs_mean,rs_std,so_last"
XPO.MX,2024-08,22,"undefined features: rs_last,rs_mean,rs_std,so_last"
XPO.MX,2024-09,20,"undefined features: rs_last,rs_mean,rs_std,so_last"
XPO.MX,2024-10,22,"undefined features: rs_last,rs_mean,rs_std,so_last"
XPO.MX,2024-11,20,"undefined features: rs_last,rs_mean,rs_std,so_last"
XPO.MX,2024-12,20,"undefined features: rs_last,rs_mean,rs_std,so_last"
XPO.MX,2025-01,22,"undefined features: rs_last,rs_mean,rs_std,so_last"
XPO.MX,2025-02,19,"undefined features: rs_last,rs_mean,rs_std,so_last"
XPO.MX,2025-03,20,"undefined features: rs_last,rs_mean,rs_std,so_last"
XPO.MX,2025-04,20,"undefined features: rs_last,rs_mean,rs_std,so_last"
XPO.MX,2025-05,21,"undefined features: rs_last,rs_mean,rs_std,so_last"
XPO.MX,2025-06,21,"undefined features: rs_last,rs_mean,rs_std,so_last"
XPO.MX,2025-07,23,"undefined features: rs_last,rs_mean,rs_std,so_last"
XPO.MX,2025-08,21,"undefined features: rs_last,rs_mean,rs_std,so_last"
XPO.MX,2025-09,21,"undefined features: rs_last,rs_mean,rs_std,so_last"
XPO.MX,2025-10,23,"undefined features: rs_last,rs_mean,rs_std,so_last"
XPO.MX,2025-11,19,"undefined features: rs_last,rs_mean,rs_std,so_last"
XPO.MX,2025-12,21,"undefined features: rs_last,rs_mean,rs_std,so_last"
XPO.MX,2026-01,21,"undefined features: rs_last,rs_mean,rs_std"
XPO.MX,2026-02,19,"undefined features: rs_last,rs_mean,rs_std"
XPO.MX,2026-03,21,"undefined features: rs_last,rs_mean,rs_std"
XPO.MX,2026-04,19,"undefined features: rs_last,rs_mean,rs_std,so_last"
XPO.MX,2023-04,0,rejected by data-quality gates
XPO.MX,2023-07,0,rejected by data-quality gates
XPO.MX,2023-08,0,rejected by data-quality gates
XPO.MX,2024-01,0,rejected by data-quality gates
XPO.MX,2024-02,0,rejected by data-quality gates
XPO.MX,2026-05,0,rejected by data-quality gates
XPO.MX,2026-06,0,rejected by data-quality gates
XYL.MX,2023-03,3,sessions=3<15 complete-indicator days
XYL.MX,2023-06,22,"undefined features: rs_last,rs_mean,rs_std,so_last"
XYL.MX,2023-09,21,"undefined features: rs_last,rs_mean,rs_std"
XYL.MX,2023-10,22,"undefined features: rs_last,rs_mean,rs_std,so_last"
XYL.MX,2023-11,20,"undefined features: rs_last,rs_mean,rs_std,so_last"
XYL.MX,2023-12,19,"undefined features: rs_last,rs_mean,rs_std,so_last"
XYL.MX,2024-01,22,"undefined features: rs_last,rs_mean,rs_std,so_last"
XYL.MX,2024-02,20,"undefined features: rs_last,rs_mean,rs_std"
XYL.MX,2024-03,18,"undefined features: rs_last,rs_mean,rs_std,so_last"
XYL.MX,2024-04,22,"undefined features: rs_last,rs_mean,rs_std,so_last"
XYL.MX,2024-05,22,"undefined features: rs_last,rs_mean,rs_std"
XYL.MX,2024-06,20,"undefined features: rs_last,rs_mean,rs_std,so_std"
XYL.MX,2024-07,23,"undefined features: rs_last,rs_mean,rs_std,so_last"
XYL.MX,2024-08,22,"undefined features: rs_last,rs_mean,rs_std,so_last"
XYL.MX,2024-09,20,"undefined features: rs_last,rs_mean,rs_std,so_last"
XYL.MX,2024-10,22,"undefined features: rs_last,rs_mean,rs_std,so_last"
XYL.MX,2024-11,20,"undefined features: rs_last,rs_mean,rs_std,so_last"
XYL.MX,2025-01,22,"undefined features: rs_last,rs_mean,rs_std,so_last"
XYL.MX,2025-02,19,"undefined features: rs_last,rs_mean,rs_std,so_last"
XYL.MX,2025-03,20,"undefined features: rs_last,rs_mean,rs_std,so_last"
XYL.MX,2025-04,20,"undefined features: rs_last,rs_mean,rs_std,so_last"
XYL.MX,2025-05,21,"undefined features: rs_last,rs_mean,rs_std,so_last"
XYL.MX,2025-06,21,"undefined features: rs_last,rs_mean,rs_std,so_last"
XYL.MX,2025-07,23,"undefined features: rs_last,rs_mean,rs_std,so_last"
XYL.MX,2025-08,21,"undefined features: rs_last,rs_mean,rs_std,so_last"
XYL.MX,2025-10,23,"undefined features: rs_last,rs_mean,rs_std,so_last"
XYL.MX,2025-11,19,"undefined features: rs_last,rs_mean,rs_std,so_last"
XYL.MX,2026-01,21,undefined features: so_std
XYL.MX,2026-02,19,"undefined features: rs_last,rs_mean,rs_std,so_last"
XYL.MX,2026-04,19,"undefined features: rs_last,rs_mean,rs_std,so_last"
XYL.MX,2023-04,0,rejected by data-quality gates
XYL.MX,2023-05,0,rejected by data-quality gates
XYL.MX,2023-07,0,rejected by data-quality gates
XYL.MX,2023-08,0,rejected by data-quality gates
XYL.MX,2024-12,0,rejected by data-quality gates
XYL.MX,2025-09,0,rejected by data-quality gates
XYL.MX,2025-12,0,rejected by data-quality gates
XYL.MX,2026-03,0,rejected by data-quality gates
XYL.MX,2026-05,0,rejected by data-quality gates
XYL.MX,2026-06,0,rejected by data-quality gates
XYZ.MX,2023-03,3,sessions=3<15 complete-indicator days
YUM.MX,2023-03,3,sessions=3<15 complete-indicator days
YUM.MX,2023-04,18,"undefined features: rs_last,rs_mean,rs_std"
YUM.MX,2023-12,19,"undefined features: rs_last,rs_mean,rs_std"
YUM.MX,2024-01,22,"undefined features: rs_last,rs_mean,rs_std"
YUM.MX,2024-03,18,"undefined features: rs_last,rs_mean,rs_std"
YUM.MX,2024-04,22,"undefined features: rs_last,rs_mean,rs_std"
YUM.MX,2024-05,22,"undefined features: rs_last,rs_mean,rs_std,so_last"
YUM.MX,2024-06,20,"undefined features: rs_last,rs_mean,rs_std"
YUM.MX,2025-03,20,"undefined features: rs_last,rs_mean,rs_std"
YUM.MX,2025-09,21,"undefined features: rs_last,rs_mean,rs_std"
YUM.MX,2025-11,19,"undefined features: rs_last,rs_mean,rs_std"
YUM.MX,2025-12,21,"undefined features: rs_last,rs_mean,rs_std"
YUM.MX,2026-01,21,"undefined features: rs_last,rs_mean,rs_std"
YUM.MX,2026-04,19,"undefined features: rs_last,rs_mean,rs_std,so_last"
YUM.MX,2023-05,0,rejected by data-quality gates
YUM.MX,2023-06,0,rejected by data-quality gates
YUM.MX,2023-07,0,rejected by data-quality gates
YUM.MX,2023-08,0,rejected by data-quality gates
YUM.MX,2023-09,0,rejected by data-quality gates
YUM.MX,2023-10,0,rejected by data-quality gates
YUM.MX,2023-11,0,rejected by data-quality gates
YUM.MX,2024-02,0,rejected by data-quality gates
YUM.MX,2024-07,0,rejected by data-quality gates
YUM.MX,2024-08,0,rejected by data-quality gates
YUM.MX,2024-09,0,rejected by data-quality gates
YUM.MX,2024-10,0,rejected by data-quality gates
YUM.MX,2024-11,0,rejected by data-quality gates
YUM.MX,2024-12,0,rejected by data-quality gates
YUM.MX,2025-01,0,rejected by data-quality gates
YUM.MX,2025-02,0,rejected by data-quality gates
YUM.MX,2025-04,0,rejected by data-quality gates
YUM.MX,2025-05,0,rejected by data-quality gates
YUM.MX,2025-06,0,rejected by data-quality gates
YUM.MX,2025-07,0,rejected by data-quality gates
YUM.MX,2025-08,0,rejected by data-quality gates
YUM.MX,2025-10,0,rejected by data-quality gates
YUM.MX,2026-02,0,rejected by data-quality gates
YUM.MX,2026-03,0,rejected by data-quality gates
YUM.MX,2026-05,0,rejected by data-quality gates
YUM.MX,2026-06,0,rejected by data-quality gates
YUMC.MX,2023-03,3,sessions=3<15 complete-indicator days
YUMC.MX,2023-04,18,"undefined features: rs_last,rs_mean,rs_std,so_last"
YUMC.MX,2023-08,23,"undefined features: rs_last,rs_mean,rs_std,so_last"
YUMC.MX,2023-10,22,"undefined features: rs_last,rs_mean,rs_std"
YUMC.MX,2023-11,20,"undefined features: rs_last,rs_mean,rs_std,so_std"
YUMC.MX,2023-12,19,"undefined features: rs_last,rs_mean,rs_std,so_last"
YUMC.MX,2024-01,22,"undefined features: rs_last,rs_mean,rs_std,so_last"
YUMC.MX,2024-11,20,"undefined features: rs_last,rs_mean,rs_std"
YUMC.MX,2025-02,19,"undefined features: rs_std,so_last,so_mean,so_std"
YUMC.MX,2025-03,20,"undefined features: rs_last,rs_mean,rs_std,so_std"
YUMC.MX,2026-06,22,"undefined features: rs_last,rs_mean,rs_std,so_last"
YUMC.MX,2023-05,0,rejected by data-quality gates
YUMC.MX,2023-06,0,rejected by data-quality gates
YUMC.MX,2023-07,0,rejected by data-quality gates
YUMC.MX,2023-09,0,rejected by data-quality gates
YUMC.MX,2024-02,0,rejected by data-quality gates
YUMC.MX,2024-03,0,rejected by data-quality gates
YUMC.MX,2024-04,0,rejected by data-quality gates
YUMC.MX,2024-05,0,rejected by data-quality gates
YUMC.MX,2024-06,0,rejected by data-quality gates
YUMC.MX,2024-07,0,rejected by data-quality gates
YUMC.MX,2024-08,0,rejected by data-quality gates
YUMC.MX,2024-09,0,rejected by data-quality gates
YUMC.MX,2024-10,0,rejected by data-quality gates
YUMC.MX,2024-12,0,rejected by data-quality gates
YUMC.MX,2025-01,0,rejected by data-quality gates
YUMC.MX,2025-04,0,rejected by data-quality gates
YUMC.MX,2025-05,0,rejected by data-quality gates
YUMC.MX,2025-06,0,rejected by data-quality gates
YUMC.MX,2025-07,0,rejected by data-quality gates
YUMC.MX,2025-08,0,rejected by data-quality gates
YUMC.MX,2025-09,0,rejected by data-quality gates
YUMC.MX,2025-10,0,rejected by data-quality gates
YUMC.MX,2025-11,0,rejected by data-quality gates
YUMC.MX,2025-12,0,rejected by data-quality gates
YUMC.MX,2026-01,0,rejected by data-quality gates
YUMC.MX,2026-02,0,rejected by data-quality gates
YUMC.MX,2026-03,0,rejected by data-quality gates
YUMC.MX,2026-04,0,rejected by data-quality gates
YUMC.MX,2026-05,0,rejected by data-quality gates
ZBH.MX,2023-03,3,sessions=3<15 complete-indicator days
ZBH.MX,2023-12,19,"undefined features: rs_last,rs_mean,rs_std,so_last"
ZBH.MX,2024-01,22,"undefined features: rs_last,rs_mean,rs_std,so_last"
ZBH.MX,2024-02,20,"undefined features: rs_last,rs_mean,rs_std"
ZBH.MX,2024-06,20,"undefined features: rs_std,so_last,so_mean,so_std"
ZBH.MX,2024-07,23,"undefined features: rs_last,rs_mean,rs_std,so_last"
ZBH.MX,2024-08,22,"undefined features: rs_last,rs_mean,rs_std,so_last"
ZBH.MX,2024-09,20,"undefined features: rs_last,rs_mean,rs_std,so_last"
ZBH.MX,2024-10,22,"undefined features: rs_last,rs_mean,rs_std,so_last"
ZBH.MX,2024-11,20,"undefined features: rs_last,rs_mean,rs_std"
ZBH.MX,2024-12,20,"undefined features: rs_last,rs_mean,rs_std,so_last"
ZBH.MX,2025-01,22,"undefined features: rs_last,rs_mean,rs_std,so_last"
ZBH.MX,2025-02,19,"undefined features: rs_last,rs_mean,rs_std,so_last"
ZBH.MX,2025-03,20,"undefined features: rs_last,rs_mean,rs_std,so_last"
ZBH.MX,2025-04,20,"undefined features: rs_last,rs_mean,rs_std,so_last"
ZBH.MX,2025-05,21,"undefined features: rs_last,rs_mean,rs_std,so_last"
ZBH.MX,2025-06,21,"undefined features: rs_last,rs_mean,rs_std,so_last"
ZBH.MX,2025-07,23,"undefined features: rs_last,rs_mean,rs_std,so_last"
ZBH.MX,2025-08,21,"undefined features: rs_last,rs_mean,rs_std,so_last"
ZBH.MX,2025-09,21,"undefined features: rs_last,rs_mean,rs_std,so_last"
ZBH.MX,2025-10,23,"undefined features: rs_last,rs_mean,rs_std,so_last"
ZBH.MX,2025-12,21,undefined features: so_std
ZBH.MX,2026-01,21,"undefined features: rs_last,rs_mean,rs_std,so_last"
ZBH.MX,2026-02,19,"undefined features: rs_last,rs_mean,rs_std,so_last"
ZBH.MX,2026-03,21,"undefined features: rs_last,rs_mean,rs_std,so_last"
ZBH.MX,2026-04,19,"undefined features: rs_last,rs_mean,rs_std,so_last"
ZBH.MX,2026-05,20,"undefined features: rs_last,rs_mean,rs_std,so_last"
ZBH.MX,2023-04,0,rejected by data-quality gates
ZBH.MX,2023-05,0,rejected by data-quality gates
ZBH.MX,2023-06,0,rejected by data-quality gates
ZBH.MX,2023-07,0,rejected by data-quality gates
ZBH.MX,2023-08,0,rejected by data-quality gates
ZBH.MX,2023-09,0,rejected by data-quality gates
ZBH.MX,2023-10,0,rejected by data-quality gates
ZBH.MX,2023-11,0,rejected by data-quality gates
ZBH.MX,2024-03,0,rejected by data-quality gates
ZBH.MX,2024-04,0,rejected by data-quality gates
ZBH.MX,2024-05,0,rejected by data-quality gates
ZBH.MX,2025-11,0,rejected by data-quality gates
ZBH.MX,2026-06,0,rejected by data-quality gates
ZBRA.MX,2023-03,3,sessions=3<15 complete-indicator days
ZBRA.MX,2023-04,18,"undefined features: rs_last,rs_mean,rs_std"
ZBRA.MX,2023-05,22,"undefined features: rs_last,rs_mean,rs_std,so_last"
ZBRA.MX,2024-02,20,"undefined features: rs_last,rs_mean,rs_std"
ZBRA.MX,2024-03,18,"undefined features: rs_last,rs_mean,rs_std"
ZBRA.MX,2024-04,22,"undefined features: rs_last,rs_mean,rs_std,so_last"
ZBRA.MX,2024-05,22,"undefined features: rs_last,rs_mean,rs_std,so_last"
ZBRA.MX,2024-06,20,"undefined features: rs_last,rs_mean,rs_std,so_last"
ZBRA.MX,2024-07,23,"undefined features: rs_last,rs_mean,rs_std,so_last"
ZBRA.MX,2024-08,22,"undefined features: rs_last,rs_mean,rs_std,so_last"
ZBRA.MX,2024-09,20,"undefined features: rs_last,rs_mean,rs_std,so_last"
ZBRA.MX,2024-10,22,"undefined features: rs_last,rs_mean,rs_std"
ZBRA.MX,2024-11,20,"undefined features: rs_last,rs_mean,rs_std"
ZBRA.MX,2024-12,20,"undefined features: rs_last,rs_mean,rs_std"
ZBRA.MX,2025-02,19,"undefined features: rs_last,rs_mean,rs_std"
ZBRA.MX,2025-03,20,"undefined features: rs_last,rs_mean,rs_std,so_last"
ZBRA.MX,2025-06,21,"undefined features: rs_last,rs_mean,rs_std"
ZBRA.MX,2025-07,23,"undefined features: rs_last,rs_mean,rs_std"
ZBRA.MX,2025-12,21,"undefined features: rs_last,rs_mean,rs_std,so_last"
ZBRA.MX,2026-03,21,"undefined features: rs_last,rs_mean,rs_std,so_last"
ZBRA.MX,2023-06,0,rejected by data-quality gates
ZBRA.MX,2023-07,0,rejected by data-quality gates
ZBRA.MX,2023-08,0,rejected by data-quality gates
ZBRA.MX,2023-09,0,rejected by data-quality gates
ZBRA.MX,2023-10,0,rejected by data-quality gates
ZBRA.MX,2023-11,0,rejected by data-quality gates
ZBRA.MX,2023-12,0,rejected by data-quality gates
ZBRA.MX,2024-01,0,rejected by data-quality gates
ZBRA.MX,2025-01,0,rejected by data-quality gates
ZBRA.MX,2025-04,0,rejected by data-quality gates
ZBRA.MX,2025-05,0,rejected by data-quality gates
ZBRA.MX,2025-08,0,rejected by data-quality gates
ZBRA.MX,2025-09,0,rejected by data-quality gates
ZBRA.MX,2025-10,0,rejected by data-quality gates
ZBRA.MX,2025-11,0,rejected by data-quality gates
ZBRA.MX,2026-01,0,rejected by data-quality gates
ZBRA.MX,2026-02,0,rejected by data-quality gates
ZBRA.MX,2026-04,0,rejected by data-quality gates
ZBRA.MX,2026-05,0,rejected by data-quality gates
ZBRA.MX,2026-06,0,rejected by data-quality gates
ZM.MX,2023-03,3,sessions=3<15 complete-indicator days
ZM.MX,2025-04,0,rejected by data-quality gates
ZM.MX,2025-05,0,rejected by data-quality gates
ZM.MX,2025-06,0,rejected by data-quality gates
ZM.MX,2026-02,0,rejected by data-quality gates
ZM.MX,2026-03,0,rejected by data-quality gates
ZM.MX,2026-04,0,rejected by data-quality gates
ZS.MX,2023-03,3,sessions=3<15 complete-indicator days
ZS.MX,2023-12,19,"undefined features: rs_last,rs_mean,rs_std"
ZS.MX,2023-04,0,rejected by data-quality gates
ZS.MX,2023-05,0,rejected by data-quality gates
ZS.MX,2023-06,0,rejected by data-quality gates
ZS.MX,2023-07,0,rejected by data-quality gates
ZS.MX,2023-08,0,rejected by data-quality gates
ZS.MX,2023-09,0,rejected by data-quality gates
ZS.MX,2023-10,0,rejected by data-quality gates
ZS.MX,2023-11,0,rejected by data-quality gates
ZS.MX,2024-01,0,rejected by data-quality gates
ZS.MX,2024-05,0,rejected by data-quality gates
ZS.MX,2024-07,0,rejected by data-quality gates
ZS.MX,2024-08,0,rejected by data-quality gates
ZS.MX,2025-01,0,rejected by data-quality gates
ZS.MX,2025-02,0,rejected by data-quality gates
ZS.MX,2025-04,0,rejected by data-quality gates
ZS.MX,2025-05,0,rejected by data-quality gates
ZS.MX,2025-07,0,rejected by data-quality gates
ZS.MX,2025-08,0,rejected by data-quality gates
ZS.MX,2025-10,0,rejected by data-quality gates
ZS.MX,2025-11,0,rejected by data-quality gates
ZS.MX,2025-12,0,rejected by data-quality gates
ZTS.MX,2023-03,3,sessions=3<15 complete-indicator days
ZTS.MX,2023-04,0,rejected by data-quality gates
ZTS.MX,2023-05,0,rejected by data-quality gates
ZTS.MX,2023-06,0,rejected by data-quality gates
ZTS.MX,2023-07,0,rejected by data-quality gates
ZTS.MX,2023-08,0,rejected by data-quality gates
ZTS.MX,2023-09,0,rejected by data-quality gates
ZTS.MX,2023-10,0,rejected by data-quality gates
ZTS.MX,2024-09,0,rejected by data-quality gates
ZTS.MX,2024-10,0,rejected by data-quality gates
ZTS.MX,2025-03,0,rejected by data-quality gates
ZTS.MX,2025-06,0,rejected by data-quality gates
ZTS.MX,2025-08,0,rejected by data-quality gates
ZTS.MX,2026-01,0,rejected by data-quality gates
ZTS.MX,2026-02,0,rejected by data-quality gates
ZTS.MX,2026-03,0,rejected by data-quality gates
ZTS.MX,2026-04,0,rejected by data-quality gates
